# Rhino

mtllib rpi_case_top.mtl
usemtl Default
# - trim loop
vp 8.0195779920000021 161.87387887200001
vp 7.488923800000002 161.87382511999999
cstype bspline
deg 1
curv2 1 2
parm u 0 0 0.53065419567459793 0.53065419567459793
end
vp 7.488923800000002 161.87382511999999
vp 7.3294248090000025 161.71432612999999
cstype bspline
deg 1
curv2 3 4
parm u 0 0 0.22556563554991671 0.22556563554991671
end
vp 7.3294248090000025 161.71432612999999
vp 7.3294248090000025 160.54045625000001
vp 7.3294248090000025 159.36658636999999
vp 7.3294248090000025 158.19271649000001
cstype bspline
deg 3
curv2 5 6 7 8
parm u 0 0 0 0 3.5216096400000003 3.5216096400000003 3.5216096400000003 3.5216096400000003
end
vp 7.3294248090000025 158.19271649000001
vp 8.4969641469999999 158.19271649000001
cstype bspline
deg 1
curv2 9 10
parm u 0 0 1.1675393379999974 1.1675393379999974
end
vp 8.4969641469999999 158.19271649000001
vp 8.4969641469999999 162.39271649
cstype bspline
deg 1
curv2 11 12
parm u 0 0 4.2000000000000002 4.2000000000000002
end
vp 8.4969641469999999 162.39271649
vp 8.0195252230000023 162.39271649
cstype bspline
deg 1
curv2 13 14
parm u 0 0 0.47743892399999766 0.47743892399999766
end
vp 8.0195252230000023 162.39271649
vp 8.0195425696666405 162.21977061699133
vp 8.0195603913332576 162.04682474498264
vp 8.0195779920000021 161.87387887200001
cstype bspline
deg 3
curv2 15 16 17 18
parm u 0 0 0 0 0.51883762165770553 0.51883762165770553 0.51883762165770553 0.51883762165770553
end
v 160.91887122095119 3.4000000000000052 -139.36902573027777
v 159.51758401535119 3.4000000000000052 -139.36902573027777
v 160.91887122095119 3.4000000000000052 -144.40926573027775
v 159.51758401535119 3.4000000000000052 -144.40926573027775
cstype bspline
deg 1 1
surf 7.2125508751999989 8.6138380808000043 157.77259649000001 162.81283649 1 2 3 4
parm u 7.2125508751999989 7.2125508751999989 8.6138380808000043 8.6138380808000043
parm v 157.77259649000001 157.77259649000001 162.81283649 162.81283649
trim 0 0.53065419567459793 1 0 0.22556563554991671 2 0 3.5216096400000003 3 0 1.1675393379999974 4 0 4.2000000000000002 5 0 0.47743892399999766 6 0 0.51883762165770553 7
end
# - trim loop
vp -1.760804819999999 -1.0000000000000002
vp 1.7608048200000017 -1.0000000000000002
cstype bspline
deg 1
curv2 19 20
parm u -1.760804819999999 -1.760804819999999 1.7608048200000017 1.7608048200000017
end
vp 1.7608048200000017 -1.0000000000000002
vp 1.7608048200000017 0.99999999999999989
cstype bspline
deg 1
curv2 21 22
parm u -1.0000000000000002 -1.0000000000000002 0.99999999999999989 0.99999999999999989
end
vp 1.7608048200000017 0.99999999999999989
vp -1.760804819999999 0.99999999999999989
cstype bspline
deg 1
curv2 23 24
parm u -1.760804819999999 -1.760804819999999 1.7608048200000017 1.7608048200000017
end
vp -1.760804819999999 0.99999999999999989
vp -1.760804819999999 -1.0000000000000002
cstype bspline
deg 1
curv2 25 26
parm u -1.0000000000000002 -1.0000000000000002 0.99999999999999989 0.99999999999999989
end
v 160.80199728715121 5.4000000000000048 -139.78914573027774
v 160.80199728715121 5.4000000000000048 -143.31075537027775
v 160.80199728715121 3.4000000000000048 -139.78914573027774
v 160.80199728715121 3.4000000000000048 -143.31075537027775
cstype bspline
deg 1 1
surf -1.760804819999999 1.7608048200000017 -1.0000000000000002 0.99999999999999989 5 6 7 8
parm u -1.760804819999999 -1.760804819999999 1.7608048200000017 1.7608048200000017
parm v -1.0000000000000002 -1.0000000000000002 0.99999999999999989 0.99999999999999989
trim -1.760804819999999 1.7608048200000017 8 -1.0000000000000002 0.99999999999999989 9 -1.760804819999999 1.7608048200000017 10 -1.0000000000000002 0.99999999999999989 11
end
# - trim loop
vp 0.12002818098966998 3.606177365912774E-08
vp 0.11991879214896081 0.33333336751989473
vp 0.11991549122096085 0.66666664958003896
vp 0.12001790590037652 0.99999998317503258
cstype bspline
deg 3
curv2 27 28 29 30
parm u -12.950000217000053 -12.950000217000053 -12.950000217000053 -12.950000217000053 -0 -0 -0 -0
end
vp 0.12001790590037652 0.99999998317503258
vp 0 0.99999999999822609
cstype bspline
deg 1
curv2 31 32
parm u -0.53060856330178363 -0.53060856330178363 -0 -0
end
vp 0 0.99999999999822609
vp -4.6097134230848919E-08 -2.4533824821249715E-06
cstype bspline
deg 1
curv2 33 34
parm u -12.949908929830356 -12.949908929830356 -0 -0
end
vp -4.6097134230848919E-08 -2.4533824821249715E-06
vp 0.040009362931800324 -1.623559764926855E-06
vp 0.080018771960735091 -7.9374501307941499E-07
vp 0.12002818098966998 3.606177365912774E-08
cstype bspline
deg 3
curv2 35 36 37 38
parm u -0.53065419567459793 -0.53065419567459793 -0.53065419567459793 -0.53065419567459793 -0 -0 -0 -0
end
v 160.11184410415981 3.4000317899995545 -143.47030819710804
v 160.64249829258924 3.3999677616946382 -143.47025442628069
v 160.11232805865021 7.7166679283322663 -143.47033126227828
v 160.64298224907964 7.7166453211297652 -143.47025402927778
v 160.11234264183341 12.033304220665727 -143.47033116832873
v 160.64299683226287 12.033322879564881 -143.47025402327685
v 160.11188953072175 16.34994066999996 -143.47031041527779
v 160.64254371915121 16.350000440000002 -143.47025438827777
cstype bspline
deg 1 3
surf -4.6097134230848919E-08 0.120028181 -2.4533824821249715E-06 1 9 10 11 12 13 14 15 16
parm u -4.6097134230848919E-08 -4.6097134230848919E-08 0.120028181 0.120028181
parm v -2.4533824821249715E-06 -2.4533824821249715E-06 -2.4533824821249715E-06 -2.4533824821249715E-06 1 1 1 1
trim -12.950000217000053 -0 12 -0.53060856330178363 -0 13 -12.949908929830356 -0 14 -0.53065419567459793 -0 15
end
# - trim loop
vp 7.3294248090000025 179.66432613000001
vp 7.3294248090000025 178.49991970299999
vp 7.3294248090000025 177.335513276
vp 7.3294248090000025 176.17110685
cstype bspline
deg 3
curv2 39 40 41 42
parm u 0 0 0 0 3.4932192800000008 3.4932192800000008 3.4932192800000008 3.4932192800000008
end
vp 7.3294248090000025 176.17110685
vp 7.5270423970000024 175.97348926199999
cstype bspline
deg 1
curv2 43 44
parm u 0 0 0.27947371261756471 0.27947371261756471
end
vp 7.5270423970000024 175.97348926199999
vp 8.0144164180000033 175.974007857
cstype bspline
deg 1
curv2 45 46
parm u 0 0 0.48737448113842963 0.48737448113842963
end
vp 8.0144164180000033 175.974007857
vp 8.01458750266913 175.81357739834539
vp 8.0147587703345735 175.6531469441727
vp 8.0149296670000041 175.49271648999999
cstype bspline
deg 3
curv2 47 48 49 50
parm u 0 0 0 0 0.48129164414524017 0.48129164414524017 0.48129164414524017 0.48129164414524017
end
vp 8.0149296670000041 175.49271648999999
vp 8.4969641469999999 175.49271648999999
cstype bspline
deg 1
curv2 51 52
parm u 0 0 0.48203447999999582 0.48203447999999582
end
vp 8.4969641469999999 175.49271648999999
vp 8.4969641469999999 180.34271648999999
cstype bspline
deg 1
curv2 53 54
parm u 0 0 4.8500000000000005 4.8500000000000005
end
vp 8.4969641469999999 180.34271648999999
vp 8.0195271509999984 180.34271648999999
cstype bspline
deg 1
curv2 55 56
parm u 0 0 0.47743699600000156 0.47743699600000156
end
vp 8.0195271509999984 180.34271648999999
vp 8.019543961666642 180.17613100100363
vp 8.0195610413332545 180.00954551200724
vp 8.0195779920000021 179.842960022
cstype bspline
deg 3
curv2 57 58 59 60
parm u 0 0 0 0 0.4997564715972731 0.4997564715972731 0.4997564715972731 0.4997564715972731
end
vp 8.0195779920000021 179.842960022
vp 7.5080068840000038 179.84290820499999
cstype bspline
deg 1
curv2 61 62
parm u 0 0 0.51157111161201374 0.51157111161201374
end
vp 7.5080068840000038 179.84290820499999
vp 7.3294248090000025 179.66432613000001
cstype bspline
deg 1
curv2 63 64
parm u 0 0 0.25255319246172986 0.25255319246172986
end
v 160.91887122095119 3.4000000000000052 -156.60402573027775
v 159.51758401535119 3.4000000000000052 -156.60402573027775
v 160.91887122095119 3.4000000000000052 -162.42426573027774
v 159.51758401535119 3.4000000000000052 -162.42426573027774
cstype bspline
deg 1 1
surf 7.2125508751999989 8.6138380808000043 175.00759649 180.82783648999998 17 18 19 20
parm u 7.2125508751999989 7.2125508751999989 8.6138380808000043 8.6138380808000043
parm v 175.00759649 175.00759649 180.82783648999998 180.82783648999998
trim 0 3.4932192800000008 16 0 0.27947371261756471 17 0 0.48737448113842963 18 0 0.48129164414524017 19 0 0.48203447999999582 20 0 4.8500000000000005 21 0 0.47743699600000156 22 0 0.4997564715972731 23 0 0.51157111161201374 24 0 0.25255319246172986 25
end
# - trim loop
vp 0.11023907299977372 1.0002772589227604
vp 0.07349279815417524 1.0002787492331102
vp 0.036746523308581094 1.000280239650575
vp 2.4846299132118757E-07 1.0002817301751767
cstype bspline
deg 3
curv2 65 66 67 68
parm u -0.48737448113842963 -0.48737448113842963 -0.48737448113842963 -0.48737448113842963 -0 -0 -0 -0
end
vp 2.4846299132118757E-07 1.0002817301751767
vp 0 0
cstype bspline
deg 1
curv2 69 70
parm u -12.949463435752701 -12.949463435752701 -0 -0
end
vp 0 0
vp 0.1101206253004052 0
cstype bspline
deg 1
curv2 71 72
parm u -0.48685190901622 -0.48685190901622 -0 -0
end
vp 0.1101206253004052 0
vp 0.10922974723774381 0.33342716113050203
vp 0.1092705102314469 0.66685032158416935
vp 0.11023907299977372 1.0002772589227604
cstype bspline
deg 3
curv2 73 74 75 76
parm u -12.950327238005119 -12.950327238005119 -12.950327238005119 -12.950327238005119 -0 -0 -0 -0
end
v 160.11753045215119 16.349517386000006 -157.57044889927775
v 160.6049055381512 16.349961833000005 -157.56991915927776
v 160.12147018915121 12.034247263000006 -157.57045067427777
v 160.60884555315118 12.034382487000004 -157.56991767827776
v 160.1212917701512 7.7189765010000064 -157.57044799827776
v 160.6086671241512 7.7188031100000041 -157.56991755327775
v 160.1170082021512 3.4037051070000053 -157.57043710727777
v 160.60438326415121 3.4032237110000056 -157.56991850127775
v 160.11700699499312 3.4024893656790751 -157.57043710422937
v 160.6043820569931 3.4020078843244619 -157.56991850127775
v 160.11700578680248 3.4012736253906581 -157.570437101181
v 160.60438084880249 3.4007920566164063 -157.56991850127775
v 160.11700457967768 3.40005788508559 -157.57043709813263
v 160.60437964167767 3.3995762289250013 -157.56991850232691
cstype bspline
deg 1 3
surf 0 0.11023907300000001 0 1.0002817301751767 21 22 23 24 25 26 27 28 29 30 31 32 33 34
parm u 0 0 0.11023907300000001 0.11023907300000001
parm v 0 0 0 0 1 1 1 1.0002817301751767 1.0002817301751767 1.0002817301751767 1.0002817301751767
trim -0.48737448113842963 -0 26 -12.949463435752701 -0 27 -0.48685190901622 -0 28 -12.950327238005119 -0 29
end
# - trim loop
vp -1.7466096396250004 -1
vp 1.7466096403750004 -1
cstype bspline
deg 1
curv2 77 78
parm u -1.7466096396250004 -1.7466096396250004 1.7466096403750004 1.7466096403750004
end
vp 1.7466096403750004 -1
vp 1.7466096403750004 0.99999999999999967
cstype bspline
deg 1
curv2 79 80
parm u -1 -1 0.99999999999999967 0.99999999999999967
end
vp 1.7466096403750004 0.99999999999999967
vp -1.7466096396250004 0.99999999999999967
cstype bspline
deg 1
curv2 81 82
parm u -1.7466096396250004 -1.7466096396250004 1.7466096403750004 1.7466096403750004
end
vp -1.7466096396250004 0.99999999999999967
vp -1.7466096396250004 -1
cstype bspline
deg 1
curv2 83 84
parm u -1 -1 0.99999999999999967 0.99999999999999967
end
v 160.80199728715121 5.4000000000000048 -157.76753609027776
v 160.80199728715121 5.4000000000000048 -161.26075537027776
v 160.80199728715121 3.4000000000000052 -157.76753609027776
v 160.80199728715121 3.4000000000000052 -161.26075537027776
cstype bspline
deg 1 1
surf -1.7466096396250004 1.7466096403750004 -1 0.99999999999999967 35 36 37 38
parm u -1.7466096396250004 -1.7466096396250004 1.7466096403750004 1.7466096403750004
parm v -1 -1 0.99999999999999967 0.99999999999999967
trim -1.7466096396250004 1.7466096403750004 30 -1 0.99999999999999967 31 -1.7466096396250004 1.7466096403750004 32 -1 0.99999999999999967 33
end
# - trim loop
vp 0.11571179404070156 -1.4174714530105597E-07
vp 0.11570025362713798 0.041666533381148244
vp 0.11568605973383851 0.083333207703884846
vp 0.11567568273603014 0.12499988319838891
vp 0.11566530573835107 0.1666665581737464
vp 0.11565658859112989 0.20833323339723092
vp 0.11564953052701846 0.24999990906695765
vp 0.115635414398897 0.33333325980778805
vp 0.11562793460337498 0.41666661035235764
vp 0.11562708500161835 0.49999996228412152
vp 0.11562538579806925 0.6666666696630632
vp 0.11565020736978823 0.83333336677514003
vp 0.11570150060466228 1.0000000662645521
cstype bspline
deg 3
curv2 85 86 87 88 89 90 91 92 93 94 95 96 97
parm u -12.949999143000102 -12.949999143000102 -12.949999143000102 -12.949999143000102 -11.331249240827892 -11.331249240827892 -11.331249240827892 -9.7124993588245214 -9.7124993588245214 -9.7124993588245214 -6.4749996180742775 -6.4749996180742775 -6.4749996180742775 0 0 0 0
end
vp 0.11570150060466228 1.0000000662645521
vp 3.6877484856626424E-10 0.99999999999821654
cstype bspline
deg 1
curv2 98 99
parm u -0.5115253981962633 -0.5115253981962633 -0 -0
end
vp 3.6877484856626424E-10 0.99999999999821654
vp -4.5998028569918285E-08 -2.4529999999706254E-06
cstype bspline
deg 1
curv2 100 101
parm u -12.94990892983035 -12.94990892983035 -0 -0
end
vp -4.5998028569918285E-08 -2.4529999999706254E-06
vp 0.038570567348215831 -1.6826335982498321E-06
vp 0.077141180694457412 -9.1212591569622329E-07
vp 0.11571179404070156 -1.4174714530105597E-07
cstype bspline
deg 3
curv2 102 103 104 105
parm u -0.51157111161201374 -0.51157111161201374 -0.51157111161201374 -0.51157111161201374 -0 -0 -0 -0
end
v 160.1118441041512 3.4000317900000052 -161.43938934827776
v 160.62341520933114 3.3999700649999842 -161.43933751027774
v 160.11184410515119 3.4000423810000053 -161.43938934827776
v 160.62341521033113 3.3999806549999838 -161.43933751027774
v 160.1118441071512 3.4000529710000049 -161.43938934827776
v 160.62341521133115 3.3999912449999838 -161.43933751027774
v 160.11184410815122 3.400063561000005 -161.43938934827776
v 160.62341521233114 3.4000018359999835 -161.43933751027774
v 160.11232805818327 7.7166893950392623 -161.43941241327929
v 160.62389916536324 7.7166676010419017 -161.43933795727776
v 160.11234264115313 12.033315383078543 -161.43941231827773
v 160.62391374733309 12.033333371083824 -161.43933794827774
v 160.11188953006112 16.349941528117846 -161.43939156627363
v 160.62346063524106 16.34999914812574 -161.43933755427767
cstype bspline
deg 1 3
surf -4.6000000000000002E-08 0.11571179404070156 -2.4530000000000001E-06 1.0000000662645521 39 40 41 42 43 44 45 46 47 48 49 50 51 52
parm u -4.6000000000000002E-08 -4.6000000000000002E-08 0.11571179404070156 0.11571179404070156
parm v -2.4530000000000001E-06 -2.4530000000000001E-06 -2.4530000000000001E-06 -2.4530000000000001E-06 0 0 0 1.0000000662645521 1.0000000662645521 1.0000000662645521 1.0000000662645521
trim -12.949999143000102 0 34 -0.5115253981962633 -0 35 -12.94990892983035 -0 36 -0.51157111161201374 -0 37
end
# - trim loop
vp 6.1237611499998978 -2.8480392649999575
vp 6.1237915210645388 -2.5696214687491952
vp 6.1238535004164962 -2.1400256661342856
vp 6.1237837984148689 -1.8616078582197246
vp 6.1237014911135166 -1.5328394171044508
vp 6.1235175654893839 -1.2040710162289761
vp 6.1235271658387003 -0.87530253744838293
vp 6.1235320770168977 -0.70707476743869879
vp 6.1234443015307569 -0.35940742235269124
vp 6.1233206216853047 0.0041924097427618939
cstype bspline
deg 3
curv2 106 107 108 109 110 111 112 113 114 115
parm u -1.6803664238854896 -1.6803664238854896 -1.6803664238854896 -1.6803664238854896 -1.2951060990830077 -1.2951060990830077 -1.2951060990830077 -0.84017314289887912 -0.84017314289887912 -0.84017314289887912 -0.45738619114232687 -0.45738619114232687 -0.45738619114232687 -0.45738619114232687
end
vp 6.1233206216853047 0.0041924097427618939
vp 6.123192793050694 0.37998904752311419
vp 6.1230266108620723 0.77280499752020304
vp 6.1228847654654555 1.0021207136885835
cstype bspline
deg 3
curv2 116 117 118 119
parm u -0.45738619114232687 -0.45738619114232687 -0.45738619114232687 -0.45738619114232687 -0.06175880972335436 -0.06175880972335436 -0.06175880972335436 -0.06175880972335436
end
vp 6.1228847654654555 1.0021207136885835
vp 6.1228626229058847 1.0379176942479742
vp 6.1228410733924541 1.0697304528044815
vp 6.1228203553977103 1.096872297402363
cstype bspline
deg 3
curv2 120 121 122 123
parm u -0.06175880972335436 -0.06175880972335436 -0.06175880972335436 -0.06175880972335436 0 0 0 0
end
vp 6.1228203553977103 1.096872297402363
vp 6.0809676507976329 1.0908717764775802
vp 6.039114935929188 1.0848713271745352
vp 5.9972622165494522 1.0788709093367204
cstype bspline
deg 3
curv2 124 125 126 127
parm u -0.010826465673576448 -0.010826465673576448 -0.010826465673576448 -0.010826465673576448 -0 -0 -0 -0
end
vp 5.9972622165494522 1.0788709093367204
vp 6.0036968370808497 0.61253830254469632
vp 6.0166994050622629 -0.41378996984851785
vp 6.0225420093531774 -0.88013006290941054
vp 6.0266334780873914 -1.2066990772973192
vp 6.0307383419191964 -1.5332679068495958
vp 6.0346948904788 -1.8598386060034253
vp 6.0379130101268803 -2.1254599089148534
vp 6.0431321771558517 -2.5740438230343115
vp 6.0462777599999997 -2.8396659720000001
cstype bspline
deg 3
curv2 128 129 130 131 132 133 134 135 136 137
parm u -1.6691283130698289 -1.6691283130698289 -1.6691283130698289 -1.6691283130698289 -0.83457184689077057 -0.83457184689077057 -0.83457184689077057 -0.37433815480658067 -0.37433815480658067 -0.37433815480658067 0 0 0 0
end
vp 6.0462777599999997 -2.8396659720000001
vp 6.072105378669967 -2.84245871727465
vp 6.097933175488703 -2.8452498125512626
vp 6.1237611499998978 -2.8480392649999575
cstype bspline
deg 3
curv2 138 139 140 141
parm u -0.0059104076809342564 -0.0059104076809342564 -0.0059104076809342564 -0.0059104076809342564 -0 -0 -0 -0
end
v 161.80818097385725 18.346593344452586 -176.03051477882681
v 161.8060773081512 18.348224414000001 -176.03185838627775
v 161.80274950891052 18.350804608720129 -176.03398384334494
v 161.80733906285724 18.345972842452593 -176.0299499418268
v 161.8052353961512 18.347603892000002 -176.03129357127776
v 161.80190759691052 18.350184056699028 -176.03341906437026
v 161.80649715085724 18.345352339452599 -176.0293851038268
v 161.80439348415121 18.346983370000004 -176.03072875627777
v 161.80106568390983 18.349563504677924 -176.03285428439489
v 161.80565523885724 18.344731837452606 -176.02882026682678
v 161.80355157115122 18.346362849000005 -176.03016394127775
v 161.80022377090981 18.348942952656117 -176.03228950542021
v 161.79287696685725 18.335314047452702 -176.02024733882666
v 161.79077329215119 18.336944767000006 -176.02159135527776
v 161.78744548090208 18.33952440833113 -176.02371745980005
v 161.78009869485726 18.325896257452804 -176.01167441182656
v 161.77799501315121 18.327526684000006 -176.01301876927775
v 161.77466719189505 18.330105864006846 -176.01514541417993
v 161.76732042185725 18.316478467452903 -176.00310148382644
v 161.76521673415121 18.318108602000006 -176.00444618327776
v 161.76188890188732 18.320687319681859 -176.00657336855977
v 161.72360938485724 18.28426273645324 -175.97377580182606
v 161.72150567415122 18.285891872000004 -175.97512166927777
v 161.71817780486128 18.288469009571141 -175.97725070385971
v 161.67989834685727 18.252047006453573 -175.94445011882567
v 161.6777946141512 18.253675143000006 -175.94579715627776
v 161.67446670883595 18.256250698459006 -175.94792803915897
v 161.63618730985726 18.219831275453906 -175.91512443682527
v 161.63408355315121 18.221458413000004 -175.91647264227777
v 161.63075561181063 18.224032388348288 -175.91860537445891
v 161.62387892285727 18.210759799453999 -175.90686675482516
v 161.6217751601512 18.212386655000007 -175.90821528927776
v 161.61844720880362 18.21496018503526 -175.9103485428254
v 161.61157053685727 18.201688322454096 -175.89860907282505
v 161.60946676715122 18.203314897000006 -175.89995793727775
v 161.60613880579658 18.205887981722231 -175.90209171019046
v 161.59926214985728 18.192616845454189 -175.89035139182494
v 161.59715837415121 18.194243138000004 -175.89170058427777
v 161.59383040178884 18.196815778409906 -175.89383487855696
v 161.3603211308573 18.016513510456026 -175.73004614882279
v 161.35821722915119 18.018134342000007 -175.73140173127774
v 161.35488905965025 18.020698340335052 -175.73354613166094
v 161.12128511685751 17.840703978457483 -175.56936786682118
v 161.11918060715121 17.842320456000007 -175.57072826727776
v 161.11585147397284 17.844877568494727 -175.57288029101969
v 160.88226828085766 17.659285769466504 -175.41494093281108
v 160.88016335515121 17.660875375000003 -175.41633142527775
v 160.87683356451069 17.663389977612862 -175.41853104947992
v 160.86777296385767 17.648283555467053 -175.40557562081045
v 160.86566801315121 17.649871531000006 -175.40696793727776
v 160.86233818248255 17.652383555800821 -175.40917044951004
v 160.85327764685769 17.637281341467599 -175.39621030780987
v 160.85117267015119 17.638867687000005 -175.39760444927776
v 160.84784279945441 17.641377133988772 -175.39980984853943
v 160.83878232885769 17.626279126468145 -175.38684499580924
v 160.83667732815121 17.627863843000004 -175.38824096227776
v 160.8333474174263 17.630370711176024 -175.39044924756814
v 160.78372269985772 17.584487847470221 -175.35127139380691
v 160.7816176031512 17.586066373000005 -175.35267429227775
v 160.77828754031935 17.588563449292927 -175.35489354227568
v 160.72866307085775 17.542696568472298 -175.31569779180458
v 160.7265578781512 17.544268904000006 -175.31710762227775
v 160.72322766421314 17.54675618740912 -175.31933783798391
v 160.67360344085779 17.500905289474378 -175.28012419080227
v 160.6714981521512 17.502471435000004 -175.28154095227777
v 160.66816778710694 17.504948926526023 -175.28378213369211
v 160.65687159585778 17.488205509475005 -175.26931387480155
v 160.65476627815121 17.489769773000006 -175.27073274227774
v 160.65143586707455 17.492244288434012 -175.27297725603455
v 160.6401397508578 17.475505728475639 -175.25850355880084
v 160.6380344041512 17.477068111000005 -175.25992453327777
v 160.63470394704223 17.479539651342701 -175.26217237837628
v 160.62340790585782 17.462805948476269 -175.24769324280015
v 160.62130253015121 17.464366450000004 -175.24911632327775
v 160.61797202700984 17.466835013249987 -175.25136750171941
v 160.62159734174205 17.461431695521227 -175.24652345032607
v 160.61949196203543 17.462991994043424 -175.24794675980542
v 160.6161614538905 17.46546023606528 -175.25019829850294
v 160.61978677662628 17.4600574435662 -175.24535365885203
v 160.61768139391964 17.461617538086841 -175.24677719533307
v 160.61435088077116 17.46408545787985 -175.24902909428641
v 160.61797621151052 17.458683191611161 -175.24418386637791
v 160.61587082680387 17.460243082130258 -175.24560763186074
v 160.61254030865183 17.462710680695153 -175.24785989106994
cstype bspline
deg 1 3
surf 5.9972622165494522 6.1238156544288076 -2.8480392650000002 1.096872297402363 53 54 55 56 57 58 59 60 61 62 63 64 65 66 67 68 69 70 71 72 73 74 75 76 77 78 79 80 81 82 83 84 85 86 87 88 89 90 91 92 93 94 95 96 97 98 99 100 101 102 103 104 105 106 107 108 109 110 111 112 113 114 115 116 117 118 119 120 121 122 123 124 125 126 127 128 129 130 131 132 133 134 135 136
parm u 5.9972622165494522 5.9972622165494522 6.0462777599999997 6.1238156544288076 6.1238156544288076
parm v -2.8480392650000002 -2.8480392650000002 -2.8480392650000002 -2.8480392650000002 -2.8396659720000001 -2.8396659720000001 -2.8396659720000001 -2.7125787429999999 -2.7125787429999999 -2.7125787429999999 -2.277847468 -2.277847468 -2.277847468 -2.155433521 -2.155433521 -2.155433521 0.22097161500000001 0.22097161500000001 0.22097161500000001 0.36509010800000002 0.36509010800000002 0.36509010800000002 0.91251592100000001 0.91251592100000001 0.91251592100000001 1.078870907 1.078870907 1.078870907 1.096872297402363 1.096872297402363 1.096872297402363 1.096872297402363
trim -1.6803664238854896 -0.45738619114232687 38 -0.45738619114232687 -0.06175880972335436 39 -0.06175880972335436 0 40 -0.010826465673576448 -0 41 -1.6691283130698289 0 42 -0.0059104076809342564 -0 43
end
# - trim loop
vp -0.44999999999999973 72.84821771099999
vp -0.44999999999999973 72.366183231000008
cstype bspline
deg 1
curv2 142 143
parm u -0.48203447999999582 -0.48203447999999582 -0 -0
end
vp -0.44999999999999973 72.366183231000008
vp 1.5499999999999998 72.366183231000008
cstype bspline
deg 1
curv2 144 145
parm u -1.9999999999999996 -1.9999999999999996 -0 -0
end
vp 1.5499999999999998 72.366183231000008
vp 1.5499999999999998 71.266183230999999
cstype bspline
deg 1
curv2 146 147
parm u -1.1000000000000014 -1.1000000000000014 -0 -0
end
vp 1.5499999999999998 71.266183230999999
vp 12.949999999999999 71.266183230999999
cstype bspline
deg 1
curv2 148 149
parm u -11.399999999999999 -11.399999999999999 -0 -0
end
vp 12.949999999999999 71.266183230999999
vp 12.949999999999999 72.848306516999997
cstype bspline
deg 1
curv2 150 151
parm u -1.5821232859999981 -1.5821232859999981 -0 -0
end
vp 12.949999999999999 72.848306516999997
vp 8.4833343889999995 72.852679663000004
vp 4.0166655550000003 72.852645006000003
vp -0.44999999999999973 72.84821771099999
cstype bspline
deg 3
curv2 152 153 154 155
parm u -13.40000433506135 -13.40000433506135 -13.40000433506135 -13.40000433506135 -0 -0 -0 -0
end
v 158.3756883059512 2.059880000000005 -157.08914573027775
v 158.3756883059512 18.140120000000003 -157.08914573027775
v 160.2797240243512 2.059880000000005 -157.08914573027775
v 160.2797240243512 18.140120000000003 -157.08914573027775
cstype bspline
deg 1 1
surf -1.7901199999999999 14.290119999999998 71.107413587799996 73.011449306200007 137 138 139 140
parm u -1.7901199999999999 -1.7901199999999999 14.290119999999998 14.290119999999998
parm v 71.107413587799996 71.107413587799996 73.011449306200007 73.011449306200007
trim -0.48203447999999582 -0 44 -1.9999999999999996 -0 45 -1.1000000000000014 -0 46 -11.399999999999999 -0 47 -1.5821232859999981 -0 48 -13.40000433506135 -0 49
end
# - trim loop
vp 7.3746198239999998 194.100725611
vp 7.5244738669999975 193.94256767900001
cstype bspline
deg 1
curv2 156 157
parm u 0 0 0.21787656962522089 0.21787656962522089
end
vp 7.5244738669999975 193.94256767900001
vp 8.0144164180000033 193.94308900799999
cstype bspline
deg 1
curv2 158 159
parm u 0 0 0.48994288817606946 0.48994288817606946
end
vp 8.0144164180000033 193.94308900799999
vp 8.0145942986690528 193.77629816643389
vp 8.0147728903345197 193.60950732821695
vp 8.0149500010000025 193.44271649000001
cstype bspline
deg 3
curv2 160 161 162 163
parm u 0 0 0 0 0.50037280585012445 0.50037280585012445 0.50037280585012445 0.50037280585012445
end
vp 8.0149500010000025 193.44271649000001
vp 9.6358841859999984 193.44271649000001
cstype bspline
deg 1
curv2 164 165
parm u 0 0 1.6209341849999959 1.6209341849999959
end
vp 9.6358841859999984 193.44271649000001 1
vp 10.054156770927422 196.01684976199999 0.76170436394711238
vp 12.662051335000001 196.016849761 1
cstype rat bspline
deg 2
curv2 166 167 168
parm u 0 0 0 4.3219802929465043 4.3219802929465043 4.3219802929465043
end
vp 12.662051335000001 196.016849761
vp 29.326150204000001 196.016849761
cstype bspline
deg 1
curv2 169 170
parm u 0 0 16.664098869 16.664098869
end
vp 29.326150204000001 196.016849761
vp 37.131220632000002 196.016849761
cstype bspline
deg 1
curv2 171 172
parm u 0 0 7.8050704280000005 7.8050704280000005
end
vp 37.131220632000002 196.016849761
vp 87.325931128000008 196.016849761
cstype bspline
deg 1
curv2 173 174
parm u 0 0 50.194710495999999 50.194710495999999
end
vp 87.325931128000008 196.016849761
vp 91.762718745000001 196.016849761
cstype bspline
deg 1
curv2 175 176
parm u 0 0 4.4367876170000002 4.4367876170000002
end
vp 91.762718745000001 196.016849761 1
vp 94.828575880000002 196.01684976199999 0.70710678107122749
vp 94.828575880000002 192.95099262700001 1
cstype rat bspline
deg 2
curv2 177 178 179
parm u 0 0 0 4.8158371255651291 4.8158371255651291 4.8158371255651291
end
vp 94.828575880000002 192.95099262700001
vp 94.828575880000002 188.49271648999999
cstype bspline
deg 1
curv2 180 181
parm u 0 0 4.4582761369999986 4.4582761369999986
end
vp 94.828575880000002 188.49271648999999
vp 94.828575880000002 160.36686424300001
cstype bspline
deg 1
curv2 182 183
parm u 0 0 28.125852247000001 28.125852247000001
end
vp 94.828575880000002 160.36686424300001
vp 95.632484059000006 160.36686424300001
cstype bspline
deg 1
curv2 184 185
parm u 0 0 0.80390817899999689 0.80390817899999689
end
vp 95.632484059000006 160.36686424300001
vp 95.632484059000006 193.546318834
cstype bspline
deg 1
curv2 186 187
parm u 0 0 33.179454590999995 33.179454590999995
end
vp 95.632484059000006 193.546318834
vp 95.632484059000006 193.76894479999999
vp 95.611285968000004 193.98826777799999
vp 95.568358735000004 194.20420501999999
vp 95.525431502000004 194.42014226200001
vp 95.459713506 194.63462048899999
vp 95.37537226500001 194.838259499
vp 95.291031023000002 195.04189850899999
vp 95.188132803000002 195.23594230699999
vp 95.065444511999999 195.419753302
vp 95.004100366000003 195.51165879999999
vp 94.937409021000008 195.60143638599999
vp 94.867055179000005 195.68692155400001
vp 94.796701335999998 195.77240672299999
vp 94.722568265999996 195.85388981700001
vp 94.644905581000003 195.931635169
vp 94.489580213000011 196.08712587400001
vp 94.320054733999996 196.22757914100001
vp 94.134871766000003 196.35145165699998
vp 93.949688798000011 196.475324172
vp 93.754984071999999 196.57848377299999
vp 93.552045665000009 196.66279079099999
vp 93.450576460999997 196.70494429999999
vp 93.347008637000002 196.742380158
vp 93.241200251999999 196.774779287
vp 93.135391867999999 196.80717841500001
vp 93.026972591000003 196.834566327
vp 92.918292284000003 196.85624010800001
vp 92.809611977999992 196.87791388900001
vp 92.700240741000002 196.89404321800001
vp 92.590194287999992 196.90475421599999
vp 92.535171062000003 196.910109715
vp 92.479979030999999 196.91411063000001
vp 92.424620156999993 196.91677268500001
vp 92.369261281999997 196.919434741
vp 92.31303787600001 196.92075793999999
vp 92.258044952000006 196.92075793999999
cstype bspline
deg 3
curv2 188 189 190 191 192 193 194 195 196 197 198 199 200 201 202 203 204 205 206 207 208 209 210 211 212 213 214 215 216 217 218 219 220 221 222 223 224
parm u 0 0 0 0 0.66313374333583364 0.66313374333583364 0.66313374333583364 1.3280310841589253 1.3280310841589253 1.3280310841589253 1.9890786677488379 1.9890786677488379 1.9890786677488379 2.3221273849788995 2.3221273849788995 2.3221273849788995 2.6528904319755697 2.6528904319755697 2.6528904319755697 3.3156145060042639 3.3156145060042639 3.3156145060042639 3.978506892276708 3.978506892276708 3.978506892276708 4.3091673906551788 4.3091673906551788 4.3091673906551788 4.6424704841455791 4.6424704841455791 4.6424704841455791 4.9744115326362062 4.9744115326362062 4.9744115326362062 5.1404544721807364 5.1404544721807364 5.1404544721807364 5.3071092140637042 5.3071092140637042 5.3071092140637042 5.3071092140637042
end
vp 92.258044952000006 196.92075793999999
vp 10.703863916000003 196.92075793999999
cstype bspline
deg 1
curv2 225 226
parm u 0 0 81.554181035999989 81.554181035999989
end
vp 10.703863916000003 196.92075793999999
vp 10.504558604000003 196.92075793999999
vp 10.307900433 196.90376898700001
vp 10.113949054000003 196.86940824499999
vp 10.016973364999998 196.85222787499998
vp 9.9206743049999986 196.83070499900001
vp 9.8250588470000011 196.80479486499999
vp 9.7294433890000036 196.77888473100001
vp 9.634159977000003 196.74842774699999
vp 9.541184923000003 196.714197187
vp 9.3552348139999992 196.64573606599998
vp 9.1769921060000001 196.56236895999999
vp 9.0067339599999983 196.463559844
vp 8.9216048870000009 196.41415528600001
vp 8.8384856930000026 196.36086365599999
vp 8.7574348770000014 196.30357181799999
vp 8.6763840600000037 196.24627998099999
vp 8.5974103200000016 196.18491964699999
vp 8.5220348070000043 196.12084500099999
vp 8.3712837810000025 195.992695707
vp 8.2328640210000046 195.852901788
vp 8.1067975890000028 195.70144240799999
vp 7.9807311579999975 195.54998302799999
vp 7.8664725610000019 195.38479169499999
vp 7.7691306030000007 195.21283872699999
vp 7.6717886449999995 195.04088576000001
vp 7.5903071319999995 194.86187736299999
vp 7.5240063880000037 194.67611588899999
vp 7.4577056430000042 194.490354414
vp 7.4070182470000034 194.29611571800001
vp 7.3746198239999998 194.100725611
cstype bspline
deg 3
curv2 227 228 229 230 231 232 233 234 235 236 237 238 239 240 241 242 243 244 245 246 247 248 249 250 251 252 253 254 255 256 257
parm u 0 0 0 0 0.59366750832427573 0.59366750832427573 0.59366750832427573 0.88989210027197063 0.88989210027197063 0.88989210027197063 1.1880649422924392 1.1880649422924392 1.1880649422924392 1.779845609898479 1.779845609898479 1.779845609898479 2.0762632532715273 2.0762632532715273 2.0762632532715273 2.374457547865052 2.374457547865052 2.374457547865052 2.9661056637907759 2.9661056637907759 2.9661056637907759 3.5616156792124243 3.5616156792124243 3.5616156792124243 4.1531286871935897 4.1531286871935897 4.1531286871935897 4.7491686884712028 4.7491686884712028 4.7491686884712028 4.7491686884712028
end
v 169.58270869565121 3.4000000000000052 -138.30778411357775
v 63.67303161365119 3.4000000000000052 -138.30778411357775
v 169.58270869565121 3.4000000000000052 -182.17269654997776
v 63.67303161365119 3.4000000000000052 -182.17269654997776
cstype bspline
deg 1 1
surf -1.4512865995000048 104.45839048250001 156.7113548733 200.5762673097 141 142 143 144
parm u -1.4512865995000048 -1.4512865995000048 104.45839048250001 104.45839048250001
parm v 156.7113548733 156.7113548733 200.5762673097 200.5762673097
trim 0 0.21787656962522089 50 0 0.48994288817606946 51 0 0.50037280585012445 52 0 1.6209341849999959 53 0 4.3219802929465043 54 0 16.664098869 55 0 7.8050704280000005 56 0 50.194710495999999 57 0 4.4367876170000002 58 0 4.8158371255651291 59 0 4.4582761369999986 60 0 28.125852247000001 61 0 0.80390817899999689 62 0 33.179454590999995 63 0 5.3071092140637042 64 0 81.554181035999989 65 0 4.7491686884712028 66
end
# - trim loop
vp 0.89512261105833069 0
vp 0.89512261105833124 0.99999999999999978
cstype bspline
deg 1
curv2 258 259
parm u 0 0 1.9999999999999996 1.9999999999999996
end
vp 0.89512261105833124 0.99999999999999978
vp 0 0.99999999999999978
cstype bspline
deg 1
curv2 260 261
parm u 0 0 4.7491686884712028 4.7491686884712028
end
vp 0 0.99999999999999978
vp 0 0
cstype bspline
deg 1
curv2 262 263
parm u 0 0 1.9999999999999996 1.9999999999999996
end
vp 0 0
vp 0.89512261105833069 0
cstype bspline
deg 1
curv2 264 265
parm u 0 0 4.7485615701349726 4.7485615701349726
end
v 157.42755818015121 5.4000000000000048 -178.51718718027774
v 157.76319898515121 5.4000000000000048 -178.51764119327777
v 158.0858110091512 5.4000000000000048 -178.45298894827775
v 158.40861211015121 5.4000000000000048 -178.38926000127776
v 158.71891930615121 5.4000000000000048 -178.26031535327775
v 159.0290348201512 5.4000000000000048 -178.13243252827775
v 159.30234105615119 5.4000000000000048 -177.94924713427775
v 159.57618031515119 5.4000000000000048 -177.76684032427775
v 159.81366164115121 5.4000000000000048 -177.52882216627776
v 160.05123237815121 5.4000000000000048 -177.29199777227777
v 160.23363240015121 5.4000000000000048 -177.01816676827775
v 160.41682282315119 5.4000000000000048 -176.74485110227775
v 160.54514135315119 5.4000000000000048 -176.43407082927774
v 160.6740747761512 5.4000000000000048 -176.12417650427776
v 160.73779905515121 5.4000000000000048 -175.80139074027775
v 160.74820674718137 5.4000000000000048 -175.74945722712721
v 160.75692724720176 5.4000000000000048 -175.69717569697465
v 157.42755818015121 3.4000000000000052 -178.51718718027774
v 157.76319898515121 3.4000000000000052 -178.51764119327777
v 158.0858110091512 3.4000000000000052 -178.45298894827775
v 158.40861211015121 3.4000000000000052 -178.38926000127776
v 158.71891930615121 3.4000000000000052 -178.26031535327775
v 159.0290348201512 3.4000000000000052 -178.13243252827775
v 159.30234105615119 3.4000000000000052 -177.94924713427775
v 159.57618031515119 3.4000000000000052 -177.76684032427775
v 159.81366164115121 3.4000000000000052 -177.52882216627776
v 160.05123237815121 3.4000000000000052 -177.29199777227777
v 160.23363240015121 3.4000000000000052 -177.01816676827775
v 160.41682282315119 3.4000000000000052 -176.74485110227775
v 160.54514135315119 3.4000000000000052 -176.43407082927774
v 160.6740747761512 3.4000000000000052 -176.12417650427776
v 160.73779905515121 3.4000000000000052 -175.80139074027775
v 160.74820674718137 3.4000000000000052 -175.74945722712721
v 160.75692724720176 3.4000000000000052 -175.69717569697465
cstype bspline
deg 2 1
surf -4.8963268661338132E-16 0.89512261105833124 -6.933888800107689E-17 1 145 146 147 148 149 150 151 152 153 154 155 156 157 158 159 160 161 162 163 164 165 166 167 168 169 170 171 172 173 174 175 176 177 178
parm u -4.8963268661338132E-16 -4.8963268661338132E-16 -4.8963268661338132E-16 0.125 0.125 0.25 0.25 0.375 0.375 0.5 0.5 0.625 0.625 0.75 0.75 0.875 0.875 0.89512261105833124 0.89512261105833124 0.89512261105833124
parm v -6.933888800107689E-17 -6.933888800107689E-17 1 1
trim 0 1.9999999999999996 67 0 4.7491686884712028 68 0 1.9999999999999996 69 0 4.7485615701349726 70
end
# - trim loop
vp 274.44030961300001 20.600000000000001
vp 274.44030961300001 -7.5258522470000004
cstype bspline
deg 1
curv2 266 267
parm u -28.125852247000001 -28.125852247000001 -0 -0
end
vp 274.44030961300001 -7.5258522470000004
vp 274.68910729499999 -7.5632643439999994
vp 274.92481055600001 -7.6430758130000003
vp 275.145655444 -7.7624623520000009
vp 275.25607788799999 -7.8221556209999994
vp 275.359824054 -7.8905003440000003
vp 275.45682821299999 -7.9675816960000008
vp 275.553832371 -8.0446630479999985
vp 275.64452816800002 -8.1311977399999993
vp 275.72666750500002 -8.2259903629999993
vp 275.78540999807427 -8.2937819369850967
vp 275.83910521339567 -8.3647753588837812
vp 275.88797125587303 -8.4388322688609581
cstype bspline
deg 3
curv2 268 269 270 271 272 273 274 275 276 277 278 279 280
parm u -5.99442887563597 -5.99442887563597 -5.99442887563597 -5.99442887563597 -5.2429358930233603 -5.2429358930233603 -5.2429358930233603 -4.8692761220864096 -4.8692761220864096 -4.8692761220864096 -4.4945908636680416 -4.4945908636680416 -4.4945908636680416 -4.2272806673616596 -4.2272806673616596 -4.2272806673616596 -4.2272806673616596
end
vp 275.88797125587303 -8.4388322688609581
vp 275.90743435846338 -8.468328769157127
vp 275.92613136617848 -8.4983112579637048
vp 275.94407605999999 -8.5287709929999984
vp 276.00707452400002 -8.6357060329999999
vp 276.06116952899998 -8.7496270759999994
vp 276.10457469400001 -8.866881824
vp 276.14797985900003 -8.9841365719999988
vp 276.18066003900003 -9.1039383569999988
vp 276.20278392099999 -9.22624712
vp 276.22490780300001 -9.3485558829999995
vp 276.23638884100001 -9.4746500979999997
vp 276.23643860200002 -9.599300843
vp 276.23643868337189 -9.5995046827454065
vp 276.2364387349071 -9.5997085194119922
vp 276.23643875660701 -9.5999123529998993
cstype bspline
deg 3
curv2 281 282 283 284 285 286 287 288 289 290 291 292 293 294 295 296
parm u -4.2272806673616596 -4.2272806673616596 -4.2272806673616596 -4.2272806673616596 -4.1208123406795236 -4.1208123406795236 -4.1208123406795236 -3.7455569741532608 -3.7455569741532608 -3.7455569741532608 -3.3720534859140225 -3.3720534859140225 -3.3720534859140225 -2.9964933106322813 -2.9964933106322813 -2.9964933106322813 -2.9958833779547218 -2.9958833779547218 -2.9958833779547218 -2.9958833779547218
end
vp 276.23643875660701 -9.5999123529998993
vp 276.23645200468769 -9.7243554990188663
vp 276.2253448415504 -9.8476511397436202
vp 276.20343262900002 -9.9698318179999994
vp 276.18148452399998 -10.092212623
vp 276.14819287400002 -10.214456757999999
vp 276.10502294399998 -10.331223414
vp 276.06185301400001 -10.447990069999999
vp 276.00883677299998 -10.560126010999999
vp 275.94581288300003 -10.66755536
vp 275.92732468961123 -10.699069990379581
vp 275.9079205562702 -10.730214230995699
vp 275.88767966854817 -10.760867063516253
cstype bspline
deg 3
curv2 297 298 299 300 301 302 303 304 305 306 307 308 309
parm u -2.9958833779547218 -2.9958833779547218 -2.9958833779547218 -2.9958833779547218 -2.6235112775839502 -2.6235112775839502 -2.6235112775839502 -2.2479902482673002 -2.2479902482673002 -2.2479902482673002 -1.8749103503725104 -1.8749103503725104 -1.8749103503725104 -1.7647549852466142 -1.7647549852466142 -1.7647549852466142 -1.7647549852466142
end
vp 275.88767966854817 -10.760867063516253
vp 275.83892195513789 -10.834705822160801
vp 275.78530883580373 -10.905693103917178
vp 275.72794715700002 -10.972137328999999
vp 275.64677280900003 -11.066164679
vp 275.55748290000002 -11.152113433999999
vp 275.46008295199999 -11.229989091999999
vp 275.36268300400002 -11.307864749999998
vp 275.25709040100003 -11.377562662999999
vp 275.14780890899999 -11.436836548999999
vp 275.03852741700001 -11.496110435999999
vp 274.92458794300001 -11.545821422
vp 274.80591589400001 -11.585816372
vp 274.687243846 -11.625811321999999
vp 274.564712654 -11.655665537999999
vp 274.44030961300001 -11.67428054
cstype bspline
deg 3
curv2 310 311 312 313 314 315 316 317 318 319 320 321 322 323 324 325
parm u -1.7647549852466142 -1.7647549852466142 -1.7647549852466142 -1.7647549852466142 -1.4994047794058363 -1.4994047794058363 -1.4994047794058363 -1.126545456242402 -1.126545456242402 -1.126545456242402 -0.75099768913407794 -0.75099768913407794 -0.75099768913407794 -0.37713413704713145 -0.37713413704713145 -0.37713413704713145 -0 -0 -0 -0
end
vp 274.44030961300001 -11.67428054
vp 274.44030961300001 -20.599999999999998
cstype bspline
deg 1
curv2 326 327
parm u -8.9257194599999981 -8.9257194599999981 -0 -0
end
vp 274.44030961300001 -20.599999999999998
vp 291.39132067100002 -20.599999999999998
cstype bspline
deg 1
curv2 328 329
parm u -16.951011057999999 -16.951011057999999 -0 -0
end
vp 291.39132067100002 -20.599999999999998
vp 291.39132067100002 20.600000000000001
cstype bspline
deg 1
curv2 330 331
parm u -41.200000000000003 -41.200000000000003 -0 -0
end
vp 291.39132067100002 20.600000000000001
vp 274.44030961300001 20.600000000000001
cstype bspline
deg 1
curv2 332 333
parm u -16.951011057999999 -16.951011057999999 -0 -0
end
# - hole loop
vp 285.376330999 -17.718593758000004
vp 285.376330999 -9.6469895179999998
cstype bspline
deg 1
curv2 334 335
parm u -8.071604240000001 -8.071604240000001 -0 -0
end
vp 285.376330999 -9.6469895179999998 1
vp 285.376330999 -8.6827916379999994 0.7071067811865468
vp 286.34052887900003 -8.6827916379999994 1
cstype rat bspline
deg 2
curv2 336 337 338
parm u -1.5145584882074261 -1.5145584882074261 -1.5145584882074261 0 0 0
end
vp 286.34052887900003 -8.6827916379999994
vp 286.41213311900003 -8.6827916379999994
cstype bspline
deg 1
curv2 339 340
parm u -0.071604240000000985 -0.071604240000000985 -0 -0
end
vp 286.41213311900003 -8.6827916379999994 1
vp 287.376330999 -8.6827916379999994 0.70710678118654757
vp 287.376330999 -9.6469895179999998 1
cstype rat bspline
deg 2
curv2 341 342 343
parm u -1.5145584882074263 -1.5145584882074263 -1.5145584882074263 0 0 0
end
vp 287.376330999 -9.6469895179999998
vp 287.376330999 -17.718593758000001
cstype bspline
deg 1
curv2 344 345
parm u -8.071604240000001 -8.071604240000001 -0 -0
end
vp 287.376330999 -17.718593758000001 1
vp 287.376330999 -18.682791638000001 0.70710678118654557
vp 286.41213311900003 -18.682791637999998 1
cstype rat bspline
deg 2
curv2 346 347 348
parm u -1.5145584882074241 -1.5145584882074241 -1.5145584882074241 0 0 0
end
vp 286.41213311900003 -18.682791637999998
vp 286.34052887900003 -18.682791637999998
cstype bspline
deg 1
curv2 349 350
parm u -0.071604240000000985 -0.071604240000000985 -0 -0
end
vp 286.34052887900003 -18.682791637999998 1
vp 285.376330999 -18.682791638000005 0.70710678118654557
vp 285.376330999 -17.718593758000004 1
cstype rat bspline
deg 2
curv2 351 352 353
parm u -1.5145584882074268 -1.5145584882074268 -1.5145584882074268 0 0 0
end
# - hole loop
vp 281.80007041499999 -9.6469895179999998 1
vp 281.80007041499999 -8.6827916379999994 0.7071067811865468
vp 282.76426829500002 -8.6827916379999994 1
cstype rat bspline
deg 2
curv2 354 355 356
parm u -1.5145584882074261 -1.5145584882074261 -1.5145584882074261 0 0 0
end
vp 282.76426829500002 -8.6827916379999994
vp 282.83587253500002 -8.6827916379999994
cstype bspline
deg 1
curv2 357 358
parm u -0.071604240000000985 -0.071604240000000985 -0 -0
end
vp 282.83587253500002 -8.6827916379999994 1
vp 283.80007041499999 -8.6827916379999994 0.70710678118654757
vp 283.80007041499999 -9.6469895179999998 1
cstype rat bspline
deg 2
curv2 359 360 361
parm u -1.5145584882074263 -1.5145584882074263 -1.5145584882074263 0 0 0
end
vp 283.80007041499999 -9.6469895179999998
vp 283.80007041499999 -17.718593758000001
cstype bspline
deg 1
curv2 362 363
parm u -8.071604240000001 -8.071604240000001 -0 -0
end
vp 283.80007041499999 -17.718593758000001 1
vp 283.80007041499999 -18.682791638000001 0.70710678118654557
vp 282.83587253500002 -18.682791637999998 1
cstype rat bspline
deg 2
curv2 364 365 366
parm u -1.5145584882074241 -1.5145584882074241 -1.5145584882074241 0 0 0
end
vp 282.83587253500002 -18.682791637999998
vp 282.76426829500002 -18.682791637999998
cstype bspline
deg 1
curv2 367 368
parm u -0.071604240000000985 -0.071604240000000985 -0 -0
end
vp 282.76426829500002 -18.682791637999998 1
vp 281.80007041499999 -18.682791638000005 0.70710678118654557
vp 281.80007041499999 -17.718593758000004 1
cstype rat bspline
deg 2
curv2 369 370 371
parm u -1.5145584882074268 -1.5145584882074268 -1.5145584882074268 0 0 0
end
vp 281.80007041499999 -17.718593758000004
vp 281.80007041499999 -9.6469895179999998
cstype bspline
deg 1
curv2 372 373
parm u -8.071604240000001 -8.071604240000001 -0 -0
end
# - hole loop
vp 278.22380983099998 -9.6469895179999998 1
vp 278.22380983099998 -8.6827916379999994 0.7071067811865468
vp 279.18800771100001 -8.6827916379999994 1
cstype rat bspline
deg 2
curv2 374 375 376
parm u -1.5145584882074261 -1.5145584882074261 -1.5145584882074261 0 0 0
end
vp 279.18800771100001 -8.6827916379999994
vp 279.25961195100001 -8.6827916379999994
cstype bspline
deg 1
curv2 377 378
parm u -0.071604240000000985 -0.071604240000000985 -0 -0
end
vp 279.25961195100001 -8.6827916379999994 1
vp 280.22380983099998 -8.6827916379999994 0.7071067811865468
vp 280.22380983099998 -9.6469895179999998 1
cstype rat bspline
deg 2
curv2 379 380 381
parm u -1.5145584882074261 -1.5145584882074261 -1.5145584882074261 0 0 0
end
vp 280.22380983099998 -9.6469895179999998
vp 280.22380983099998 -17.718593758000001
cstype bspline
deg 1
curv2 382 383
parm u -8.071604240000001 -8.071604240000001 -0 -0
end
vp 280.22380983099998 -17.718593758000001 1
vp 280.22380983099998 -18.682791638000001 0.70710678118654424
vp 279.25961195100001 -18.682791637999998 1
cstype rat bspline
deg 2
curv2 384 385 386
parm u -1.5145584882074221 -1.5145584882074221 -1.5145584882074221 0 0 0
end
vp 279.25961195100001 -18.682791637999998
vp 279.18800771100001 -18.682791637999998
cstype bspline
deg 1
curv2 387 388
parm u -0.071604240000000985 -0.071604240000000985 -0 -0
end
vp 279.18800771100001 -18.682791637999998 1
vp 278.22380983099998 -18.682791638000005 0.70710678118654557
vp 278.22380983099998 -17.718593758000004 1
cstype rat bspline
deg 2
curv2 389 390 391
parm u -1.5145584882074268 -1.5145584882074268 -1.5145584882074268 0 0 0
end
vp 278.22380983099998 -17.718593758000004
vp 278.22380983099998 -9.6469895179999998
cstype bspline
deg 1
curv2 392 393
parm u -8.071604240000001 -8.071604240000001 -0 -0
end
# - hole loop
vp 281.811410169 -4.0232319940000005
vp 281.811410169 4.0483722460000005
cstype bspline
deg 1
curv2 394 395
parm u -8.071604240000001 -8.071604240000001 -0 -0
end
vp 281.811410169 4.0483722460000005 1
vp 281.811410169 5.012570126 0.70710678118654735
vp 282.77560804900003 5.012570126 1
cstype rat bspline
deg 2
curv2 396 397 398
parm u -1.5145584882074261 -1.5145584882074261 -1.5145584882074261 0 0 0
end
vp 282.77560804900003 5.012570126
vp 282.84721228900003 5.012570126
cstype bspline
deg 1
curv2 399 400
parm u -0.071604240000000985 -0.071604240000000985 -0 -0
end
vp 282.84721228900003 5.012570126 1
vp 283.811410169 5.012570126 0.70710678118654757
vp 283.811410169 4.0483722460000005 1
cstype rat bspline
deg 2
curv2 401 402 403
parm u -1.5145584882074263 -1.5145584882074263 -1.5145584882074263 0 0 0
end
vp 283.811410169 4.0483722460000005
vp 283.811410169 -4.0232319940000005
cstype bspline
deg 1
curv2 404 405
parm u -8.071604240000001 -8.071604240000001 -0 -0
end
vp 283.811410169 -4.0232319940000005 1
vp 283.811410169 -4.987429874 0.7071067811865468
vp 282.84721228900003 -4.987429874 1
cstype rat bspline
deg 2
curv2 406 407 408
parm u -1.5145584882074261 -1.5145584882074261 -1.5145584882074261 0 0 0
end
vp 282.84721228900003 -4.987429874
vp 282.77560804900003 -4.987429874
cstype bspline
deg 1
curv2 409 410
parm u -0.071604240000000985 -0.071604240000000985 -0 -0
end
vp 282.77560804900003 -4.987429874 1
vp 281.811410169 -4.9874298740000018 0.70710678118654724
vp 281.811410169 -4.0232319940000005 1
cstype rat bspline
deg 2
curv2 411 412 413
parm u -1.5145584882074266 -1.5145584882074266 -1.5145584882074266 0 0 0
end
# - hole loop
vp 285.399010508 9.6721297700000015
vp 285.399010508 17.743734009000001
cstype bspline
deg 1
curv2 414 415
parm u -8.0716042389999991 -8.0716042389999991 -0 -0
end
vp 285.399010508 17.743734009000001 1
vp 285.399010508 18.707931889000001 0.70710678155322948
vp 286.36320838800003 18.707931890000005 1
cstype rat bspline
deg 2
curv2 416 417 418
parm u -1.5145584887782246 -1.5145584887782246 -1.5145584887782246 0 0 0
end
vp 286.36320838800003 18.707931890000005
vp 286.43481262800003 18.707931890000005
cstype bspline
deg 1
curv2 419 420
parm u -0.071604239999999209 -0.071604239999999209 -0 -0
end
vp 286.43481262800003 18.707931890000005 1
vp 287.399010508 18.707931889000001 0.70710678155322948
vp 287.399010508 17.743734009000001 1
cstype rat bspline
deg 2
curv2 421 422 423
parm u -1.5145584887782246 -1.5145584887782246 -1.5145584887782246 0 0 0
end
vp 287.399010508 17.743734009000001
vp 287.399010508 9.6721297700000015
cstype bspline
deg 1
curv2 424 425
parm u -8.0716042389999991 -8.0716042389999991 -0 -0
end
vp 287.399010508 9.6721297700000015 1
vp 287.399010508 8.7079318900000011 0.70710678118654757
vp 286.43481262800003 8.7079318900000011 1
cstype rat bspline
deg 2
curv2 426 427 428
parm u -1.5145584882074263 -1.5145584882074263 -1.5145584882074263 0 0 0
end
vp 286.43481262800003 8.7079318900000011
vp 286.36320838800003 8.7079318900000011
cstype bspline
deg 1
curv2 429 430
parm u -0.071604239999999209 -0.071604239999999209 -0 -0
end
vp 286.36320838800003 8.7079318900000011 1
vp 285.399010508 8.7079318899999993 0.70710678118654757
vp 285.399010508 9.6721297700000015 1
cstype rat bspline
deg 2
curv2 431 432 433
parm u -1.5145584882074263 -1.5145584882074263 -1.5145584882074263 0 0 0
end
# - hole loop
vp 278.24648933899999 9.6721297700000015
vp 278.24648933899999 17.743734009000001
cstype bspline
deg 1
curv2 434 435
parm u -8.0716042389999991 -8.0716042389999991 -0 -0
end
vp 278.24648933899999 17.743734009000001 1
vp 278.24648933900005 18.707931889000001 0.70710678155322948
vp 279.21068721900002 18.707931890000005 1
cstype rat bspline
deg 2
curv2 436 437 438
parm u -1.5145584887782246 -1.5145584887782246 -1.5145584887782246 0 0 0
end
vp 279.21068721900002 18.707931890000005
vp 279.28229145900002 18.707931890000005
cstype bspline
deg 1
curv2 439 440
parm u -0.071604239999999209 -0.071604239999999209 -0 -0
end
vp 279.28229145900002 18.707931890000005 1
vp 280.24648933899999 18.707931889000001 0.70710678155322948
vp 280.24648933899999 17.743734009000001 1
cstype rat bspline
deg 2
curv2 441 442 443
parm u -1.5145584887782246 -1.5145584887782246 -1.5145584887782246 0 0 0
end
vp 280.24648933899999 17.743734009000001
vp 280.24648933899999 9.6721297700000015
cstype bspline
deg 1
curv2 444 445
parm u -8.0716042389999991 -8.0716042389999991 -0 -0
end
vp 280.24648933899999 9.6721297700000015 1
vp 280.24648933899999 8.7079318900000011 0.70710678118654757
vp 279.28229145900002 8.7079318900000011 1
cstype rat bspline
deg 2
curv2 446 447 448
parm u -1.5145584882074263 -1.5145584882074263 -1.5145584882074263 0 0 0
end
vp 279.28229145900002 8.7079318900000011
vp 279.21068721900002 8.7079318900000011
cstype bspline
deg 1
curv2 449 450
parm u -0.071604239999999209 -0.071604239999999209 -0 -0
end
vp 279.21068721900002 8.7079318900000011 1
vp 278.24648933899999 8.7079318899999993 0.70710678118654757
vp 278.24648933899999 9.6721297700000015 1
cstype rat bspline
deg 2
curv2 451 452 453
parm u -1.5145584882074263 -1.5145584882074263 -1.5145584882074263 0 0 0
end
# - hole loop
vp 288.975271093 17.743734009000001 1
vp 288.975271093 18.707931888999997 0.70710678155322892
vp 289.93946897300003 18.707931890000001 1
cstype rat bspline
deg 2
curv2 454 455 456
parm u -1.5145584887782235 -1.5145584887782235 -1.5145584887782235 0 0 0
end
vp 289.93946897300003 18.707931890000001
vp 290.01107321300003 18.707931890000001
cstype bspline
deg 1
curv2 457 458
parm u -0.071604239999999209 -0.071604239999999209 -0 -0
end
vp 290.01107321300003 18.707931890000001 1
vp 290.975271093 18.707931888999997 0.70710678155322892
vp 290.975271093 17.743734009000001 1
cstype rat bspline
deg 2
curv2 459 460 461
parm u -1.5145584887782235 -1.5145584887782235 -1.5145584887782235 0 0 0
end
vp 290.975271093 17.743734009000001
vp 290.975271093 9.6721297700000015
cstype bspline
deg 1
curv2 462 463
parm u -8.0716042389999991 -8.0716042389999991 -0 -0
end
vp 290.975271093 9.6721297700000015 1
vp 290.975271093 8.7079318900000011 0.70710678118654757
vp 290.01107321300003 8.7079318900000011 1
cstype rat bspline
deg 2
curv2 464 465 466
parm u -1.5145584882074263 -1.5145584882074263 -1.5145584882074263 0 0 0
end
vp 290.01107321300003 8.7079318900000011
vp 289.93946897300003 8.7079318900000011
cstype bspline
deg 1
curv2 467 468
parm u -0.071604239999999209 -0.071604239999999209 -0 -0
end
vp 289.93946897300003 8.7079318900000011 1
vp 288.975271093 8.7079318899999993 0.70710678118654757
vp 288.975271093 9.6721297700000015 1
cstype rat bspline
deg 2
curv2 469 470 471
parm u -1.5145584882074263 -1.5145584882074263 -1.5145584882074263 0 0 0
end
vp 288.975271093 9.6721297700000015
vp 288.975271093 17.743734009000001
cstype bspline
deg 1
curv2 472 473
parm u -8.0716042389999991 -8.0716042389999991 -0 -0
end
# - hole loop
vp 288.96393133800001 4.0483722460000005 1
vp 288.96393133800001 5.012570126 0.70710678118654757
vp 289.92812921799998 5.012570126 1
cstype rat bspline
deg 2
curv2 474 475 476
parm u -1.5145584882074263 -1.5145584882074263 -1.5145584882074263 0 0 0
end
vp 289.92812921799998 5.012570126
vp 289.99973345799998 5.012570126
cstype bspline
deg 1
curv2 477 478
parm u -0.071604239999999209 -0.071604239999999209 -0 -0
end
vp 289.99973345799998 5.012570126 1
vp 290.96393133800001 5.012570126 0.70710678118654757
vp 290.96393133800001 4.0483722460000005 1
cstype rat bspline
deg 2
curv2 479 480 481
parm u -1.5145584882074263 -1.5145584882074263 -1.5145584882074263 0 0 0
end
vp 290.96393133800001 4.0483722460000005
vp 290.96393133800001 -4.0232319940000005
cstype bspline
deg 1
curv2 482 483
parm u -8.071604240000001 -8.071604240000001 -0 -0
end
vp 290.96393133800001 -4.0232319940000005 1
vp 290.96393133800001 -4.9874298740000009 0.70710678118654757
vp 289.99973345799998 -4.987429874 1
cstype rat bspline
deg 2
curv2 484 485 486
parm u -1.514558488207427 -1.514558488207427 -1.514558488207427 0 0 0
end
vp 289.99973345799998 -4.987429874
vp 289.92812921799998 -4.987429874
cstype bspline
deg 1
curv2 487 488
parm u -0.071604239999999209 -0.071604239999999209 -0 -0
end
vp 289.92812921799998 -4.987429874 1
vp 288.96393133800001 -4.9874298740000009 0.70710678118654757
vp 288.96393133800001 -4.0232319940000005 1
cstype rat bspline
deg 2
curv2 489 490 491
parm u -1.514558488207427 -1.514558488207427 -1.514558488207427 0 0 0
end
vp 288.96393133800001 -4.0232319940000005
vp 288.96393133800001 4.0483722460000005
cstype bspline
deg 1
curv2 492 493
parm u -8.071604240000001 -8.071604240000001 -0 -0
end
# - hole loop
vp 288.952591584 -9.6469895179999998 1
vp 288.952591584 -8.6827916379999994 0.70710678118654757
vp 289.91678946400003 -8.6827916379999994 1
cstype rat bspline
deg 2
curv2 494 495 496
parm u -1.5145584882074263 -1.5145584882074263 -1.5145584882074263 0 0 0
end
vp 289.91678946400003 -8.6827916379999994
vp 289.98839370400003 -8.6827916379999994
cstype bspline
deg 1
curv2 497 498
parm u -0.071604239999999209 -0.071604239999999209 -0 -0
end
vp 289.98839370400003 -8.6827916379999994 1
vp 290.952591584 -8.6827916379999994 0.70710678118654757
vp 290.952591584 -9.6469895179999998 1
cstype rat bspline
deg 2
curv2 499 500 501
parm u -1.5145584882074263 -1.5145584882074263 -1.5145584882074263 0 0 0
end
vp 290.952591584 -9.6469895179999998
vp 290.952591584 -17.718593758000001
cstype bspline
deg 1
curv2 502 503
parm u -8.071604240000001 -8.071604240000001 -0 -0
end
vp 290.952591584 -17.718593758000001 1
vp 290.952591584 -18.682791638000001 0.70710678118654491
vp 289.98839370400003 -18.682791637999998 1
cstype rat bspline
deg 2
curv2 504 505 506
parm u -1.514558488207423 -1.514558488207423 -1.514558488207423 0 0 0
end
vp 289.98839370400003 -18.682791637999998
vp 289.91678946400003 -18.682791637999998
cstype bspline
deg 1
curv2 507 508
parm u -0.071604239999999209 -0.071604239999999209 -0 -0
end
vp 289.91678946400003 -18.682791637999998 1
vp 288.952591584 -18.682791638000001 0.70710678118654491
vp 288.952591584 -17.718593758000001 1
cstype rat bspline
deg 2
curv2 509 510 511
parm u -1.514558488207423 -1.514558488207423 -1.514558488207423 0 0 0
end
vp 288.952591584 -17.718593758000001
vp 288.952591584 -9.6469895179999998
cstype bspline
deg 1
curv2 512 513
parm u -8.071604240000001 -8.071604240000001 -0 -0
end
# - hole loop
vp 281.82274992399999 9.6721297700000015
vp 281.82274992399999 17.743734009000001
cstype bspline
deg 1
curv2 514 515
parm u -8.0716042389999991 -8.0716042389999991 -0 -0
end
vp 281.82274992399999 17.743734009000001 1
vp 281.82274992399999 18.707931889000001 0.70710678155322948
vp 282.78694780400002 18.707931890000005 1
cstype rat bspline
deg 2
curv2 516 517 518
parm u -1.5145584887782246 -1.5145584887782246 -1.5145584887782246 0 0 0
end
vp 282.78694780400002 18.707931890000005
vp 282.85855204400002 18.707931890000005
cstype bspline
deg 1
curv2 519 520
parm u -0.071604239999999209 -0.071604239999999209 -0 -0
end
vp 282.85855204400002 18.707931890000005 1
vp 283.82274992399999 18.707931889000001 0.70710678155322948
vp 283.82274992399999 17.743734009000001 1
cstype rat bspline
deg 2
curv2 521 522 523
parm u -1.5145584887782246 -1.5145584887782246 -1.5145584887782246 0 0 0
end
vp 283.82274992399999 17.743734009000001
vp 283.82274992399999 9.6721297700000015
cstype bspline
deg 1
curv2 524 525
parm u -8.0716042389999991 -8.0716042389999991 -0 -0
end
vp 283.82274992399999 9.6721297700000015 1
vp 283.82274992399999 8.7079318900000011 0.70710678118654757
vp 282.85855204400002 8.7079318900000011 1
cstype rat bspline
deg 2
curv2 526 527 528
parm u -1.5145584882074263 -1.5145584882074263 -1.5145584882074263 0 0 0
end
vp 282.85855204400002 8.7079318900000011
vp 282.78694780400002 8.7079318900000011
cstype bspline
deg 1
curv2 529 530
parm u -0.071604239999999209 -0.071604239999999209 -0 -0
end
vp 282.78694780400002 8.7079318900000011 1
vp 281.82274992399999 8.7079318899999993 0.70710678118654757
vp 281.82274992399999 9.6721297700000015 1
cstype rat bspline
deg 2
curv2 531 532 533
parm u -1.5145584882074263 -1.5145584882074263 -1.5145584882074263 0 0 0
end
# - hole loop
vp 278.23514958499999 -4.0232319940000005
vp 278.23514958499999 4.0483722460000005
cstype bspline
deg 1
curv2 534 535
parm u -8.071604240000001 -8.071604240000001 -0 -0
end
vp 278.23514958499999 4.0483722460000005 1
vp 278.23514958499999 5.012570126 0.70710678118654757
vp 279.19934746500002 5.012570126 1
cstype rat bspline
deg 2
curv2 536 537 538
parm u -1.5145584882074263 -1.5145584882074263 -1.5145584882074263 0 0 0
end
vp 279.19934746500002 5.012570126
vp 279.27095170500002 5.012570126
cstype bspline
deg 1
curv2 539 540
parm u -0.071604240000000985 -0.071604240000000985 -0 -0
end
vp 279.27095170500002 5.012570126 1
vp 280.23514958499999 5.012570126 0.70710678118654757
vp 280.23514958499999 4.0483722460000005 1
cstype rat bspline
deg 2
curv2 541 542 543
parm u -1.5145584882074263 -1.5145584882074263 -1.5145584882074263 0 0 0
end
vp 280.23514958499999 4.0483722460000005
vp 280.23514958499999 -4.0232319940000005
cstype bspline
deg 1
curv2 544 545
parm u -8.071604240000001 -8.071604240000001 -0 -0
end
vp 280.23514958499999 -4.0232319940000005 1
vp 280.23514958499999 -4.9874298740000009 0.70710678118654757
vp 279.27095170500002 -4.987429874 1
cstype rat bspline
deg 2
curv2 546 547 548
parm u -1.514558488207427 -1.514558488207427 -1.514558488207427 0 0 0
end
vp 279.27095170500002 -4.987429874
vp 279.19934746500002 -4.987429874
cstype bspline
deg 1
curv2 549 550
parm u -0.071604240000000985 -0.071604240000000985 -0 -0
end
vp 279.19934746500002 -4.987429874 1
vp 278.23514958499999 -4.9874298740000009 0.70710678118654757
vp 278.23514958499999 -4.0232319940000005 1
cstype rat bspline
deg 2
curv2 551 552 553
parm u -1.514558488207427 -1.514558488207427 -1.514558488207427 0 0 0
end
# - hole loop
vp 285.387670754 -4.0232319940000005
vp 285.387670754 4.0483722460000005
cstype bspline
deg 1
curv2 554 555
parm u -8.071604240000001 -8.071604240000001 -0 -0
end
vp 285.387670754 4.0483722460000005 1
vp 285.387670754 5.012570126 0.70710678118654735
vp 286.35186863400003 5.012570126 1
cstype rat bspline
deg 2
curv2 556 557 558
parm u -1.5145584882074261 -1.5145584882074261 -1.5145584882074261 0 0 0
end
vp 286.35186863400003 5.012570126
vp 286.42347287400003 5.012570126
cstype bspline
deg 1
curv2 559 560
parm u -0.071604240000000985 -0.071604240000000985 -0 -0
end
vp 286.42347287400003 5.012570126 1
vp 287.387670754 5.012570126 0.70710678118654757
vp 287.387670754 4.0483722460000005 1
cstype rat bspline
deg 2
curv2 561 562 563
parm u -1.5145584882074263 -1.5145584882074263 -1.5145584882074263 0 0 0
end
vp 287.387670754 4.0483722460000005
vp 287.387670754 -4.0232319940000005
cstype bspline
deg 1
curv2 564 565
parm u -8.071604240000001 -8.071604240000001 -0 -0
end
vp 287.387670754 -4.0232319940000005 1
vp 287.387670754 -4.9874298739999992 0.70710678118654879
vp 286.42347287400003 -4.9874298740000018 1
cstype rat bspline
deg 2
curv2 566 567 568
parm u -1.5145584882074263 -1.5145584882074263 -1.5145584882074263 0 0 0
end
vp 286.42347287400003 -4.9874298740000018
vp 286.35186863400003 -4.987429874
cstype bspline
deg 1
curv2 569 570
parm u -0.071604240000000985 -0.071604240000000985 -0 -0
end
vp 286.35186863400003 -4.987429874 1
vp 285.387670754 -4.9874298740000018 0.70710678118654724
vp 285.387670754 -4.0232319940000005 1
cstype rat bspline
deg 2
curv2 571 572 573
parm u -1.5145584882074266 -1.5145584882074266 -1.5145584882074266 0 0 0
end
v 73.30284621615121 1.7047788941999897 -124.76902573027776
v 73.30284621615121 22.046232163800028 -124.76902573027776
v 73.30284621615121 1.7047788941999897 -174.20926573027776
v 73.30284621615121 22.046232163800028 -174.20926573027776
cstype bspline
deg 1 1
surf 272.74508850719997 293.0865417768 -24.720119999999998 24.720120000000001 179 180 181 182
parm u 272.74508850719997 272.74508850719997 293.0865417768 293.0865417768
parm v -24.720119999999998 -24.720119999999998 24.720120000000001 24.720120000000001
trim -28.125852247000001 -0 71 -5.99442887563597 -4.2272806673616596 72 -4.2272806673616596 -2.9958833779547218 73 -2.9958833779547218 -1.7647549852466142 74 -1.7647549852466142 -0 75 -8.9257194599999981 -0 76 -16.951011057999999 -0 77 -41.200000000000003 -0 78 -16.951011057999999 -0 79
hole -8.071604240000001 -0 80 -1.5145584882074261 0 81 -0.071604240000000985 -0 82 -1.5145584882074263 0 83 -8.071604240000001 -0 84 -1.5145584882074241 0 85 -0.071604240000000985 -0 86 -1.5145584882074268 0 87
hole -1.5145584882074261 0 88 -0.071604240000000985 -0 89 -1.5145584882074263 0 90 -8.071604240000001 -0 91 -1.5145584882074241 0 92 -0.071604240000000985 -0 93 -1.5145584882074268 0 94 -8.071604240000001 -0 95
hole -1.5145584882074261 0 96 -0.071604240000000985 -0 97 -1.5145584882074261 0 98 -8.071604240000001 -0 99 -1.5145584882074221 0 100 -0.071604240000000985 -0 101 -1.5145584882074268 0 102 -8.071604240000001 -0 103
hole -8.071604240000001 -0 104 -1.5145584882074261 0 105 -0.071604240000000985 -0 106 -1.5145584882074263 0 107 -8.071604240000001 -0 108 -1.5145584882074261 0 109 -0.071604240000000985 -0 110 -1.5145584882074266 0 111
hole -8.0716042389999991 -0 112 -1.5145584887782246 0 113 -0.071604239999999209 -0 114 -1.5145584887782246 0 115 -8.0716042389999991 -0 116 -1.5145584882074263 0 117 -0.071604239999999209 -0 118 -1.5145584882074263 0 119
hole -8.0716042389999991 -0 120 -1.5145584887782246 0 121 -0.071604239999999209 -0 122 -1.5145584887782246 0 123 -8.0716042389999991 -0 124 -1.5145584882074263 0 125 -0.071604239999999209 -0 126 -1.5145584882074263 0 127
hole -1.5145584887782235 0 128 -0.071604239999999209 -0 129 -1.5145584887782235 0 130 -8.0716042389999991 -0 131 -1.5145584882074263 0 132 -0.071604239999999209 -0 133 -1.5145584882074263 0 134 -8.0716042389999991 -0 135
hole -1.5145584882074263 0 136 -0.071604239999999209 -0 137 -1.5145584882074263 0 138 -8.071604240000001 -0 139 -1.514558488207427 0 140 -0.071604239999999209 -0 141 -1.514558488207427 0 142 -8.071604240000001 -0 143
hole -1.5145584882074263 0 144 -0.071604239999999209 -0 145 -1.5145584882074263 0 146 -8.071604240000001 -0 147 -1.514558488207423 0 148 -0.071604239999999209 -0 149 -1.514558488207423 0 150 -8.071604240000001 -0 151
hole -8.0716042389999991 -0 152 -1.5145584887782246 0 153 -0.071604239999999209 -0 154 -1.5145584887782246 0 155 -8.0716042389999991 -0 156 -1.5145584882074263 0 157 -0.071604239999999209 -0 158 -1.5145584882074263 0 159
hole -8.071604240000001 -0 160 -1.5145584882074263 0 161 -0.071604240000000985 -0 162 -1.5145584882074263 0 163 -8.071604240000001 -0 164 -1.514558488207427 0 165 -0.071604240000000985 -0 166 -1.514558488207427 0 167
hole -8.071604240000001 -0 168 -1.5145584882074261 0 169 -0.071604240000000985 -0 170 -1.5145584882074263 0 171 -8.071604240000001 -0 172 -1.5145584882074263 0 173 -0.071604240000000985 -0 174 -1.5145584882074266 0 175
end
# - trim loop
vp 293.39132067100002 25.626508170000001
vp 276.44030961300001 25.626508170000001
cstype bspline
deg 1
curv2 574 575
parm u 0 0 16.951011057999999 16.951011057999999
end
vp 276.44030961300001 25.626508170000001
vp 276.44030961300001 -25.529469072999998
cstype bspline
deg 1
curv2 576 577
parm u 0 0 51.155977242999995 51.155977242999995
end
vp 276.44030961300001 -25.529469072999998
vp 293.39132067100002 -25.529469072999998
cstype bspline
deg 1
curv2 578 579
parm u 0 0 16.951011057999999 16.951011057999999
end
vp 293.39132067100002 -25.529469072999998
vp 293.39132067100002 25.626508170000001
cstype bspline
deg 1
curv2 580 581
parm u 0 0 51.155977242999995 51.155977242999995
end
# - hole loop
vp 286.34052887900003 -18.682791637999998 1
vp 285.376330999 -18.682791638000005 0.70710678118654557
vp 285.376330999 -17.718593758000004 1
cstype rat bspline
deg 2
curv2 582 583 584
parm u 0 0 0 1.5145584882074268 1.5145584882074268 1.5145584882074268
end
vp 285.376330999 -17.718593758000004
vp 285.376330999 -9.6469895179999998
cstype bspline
deg 1
curv2 585 586
parm u 0 0 8.071604240000001 8.071604240000001
end
vp 285.376330999 -9.6469895179999998 1
vp 285.376330999 -8.6827916379999994 0.7071067811865468
vp 286.34052887900003 -8.6827916379999994 1
cstype rat bspline
deg 2
curv2 587 588 589
parm u 0 0 0 1.5145584882074261 1.5145584882074261 1.5145584882074261
end
vp 286.34052887900003 -8.6827916379999994
vp 286.41213311900003 -8.6827916379999994
cstype bspline
deg 1
curv2 590 591
parm u 0 0 0.071604240000000985 0.071604240000000985
end
vp 286.41213311900003 -8.6827916379999994 1
vp 287.376330999 -8.6827916379999994 0.70710678118654757
vp 287.376330999 -9.6469895179999998 1
cstype rat bspline
deg 2
curv2 592 593 594
parm u 0 0 0 1.5145584882074263 1.5145584882074263 1.5145584882074263
end
vp 287.376330999 -9.6469895179999998
vp 287.376330999 -17.718593758000001
cstype bspline
deg 1
curv2 595 596
parm u 0 0 8.071604240000001 8.071604240000001
end
vp 287.376330999 -17.718593758000001 1
vp 287.376330999 -18.682791638000001 0.70710678118654557
vp 286.41213311900003 -18.682791637999998 1
cstype rat bspline
deg 2
curv2 597 598 599
parm u 0 0 0 1.5145584882074241 1.5145584882074241 1.5145584882074241
end
vp 286.41213311900003 -18.682791637999998
vp 286.34052887900003 -18.682791637999998
cstype bspline
deg 1
curv2 600 601
parm u 0 0 0.071604240000000985 0.071604240000000985
end
# - hole loop
vp 282.83587253500002 -18.682791637999998
vp 282.76426829500002 -18.682791637999998
cstype bspline
deg 1
curv2 602 603
parm u 0 0 0.071604240000000985 0.071604240000000985
end
vp 282.76426829500002 -18.682791637999998 1
vp 281.80007041499999 -18.682791638000005 0.70710678118654557
vp 281.80007041499999 -17.718593758000004 1
cstype rat bspline
deg 2
curv2 604 605 606
parm u 0 0 0 1.5145584882074268 1.5145584882074268 1.5145584882074268
end
vp 281.80007041499999 -17.718593758000004
vp 281.80007041499999 -9.6469895179999998
cstype bspline
deg 1
curv2 607 608
parm u 0 0 8.071604240000001 8.071604240000001
end
vp 281.80007041499999 -9.6469895179999998 1
vp 281.80007041499999 -8.6827916379999994 0.7071067811865468
vp 282.76426829500002 -8.6827916379999994 1
cstype rat bspline
deg 2
curv2 609 610 611
parm u 0 0 0 1.5145584882074261 1.5145584882074261 1.5145584882074261
end
vp 282.76426829500002 -8.6827916379999994
vp 282.83587253500002 -8.6827916379999994
cstype bspline
deg 1
curv2 612 613
parm u 0 0 0.071604240000000985 0.071604240000000985
end
vp 282.83587253500002 -8.6827916379999994 1
vp 283.80007041499999 -8.6827916379999994 0.70710678118654757
vp 283.80007041499999 -9.6469895179999998 1
cstype rat bspline
deg 2
curv2 614 615 616
parm u 0 0 0 1.5145584882074263 1.5145584882074263 1.5145584882074263
end
vp 283.80007041499999 -9.6469895179999998
vp 283.80007041499999 -17.718593758000001
cstype bspline
deg 1
curv2 617 618
parm u 0 0 8.071604240000001 8.071604240000001
end
vp 283.80007041499999 -17.718593758000001 1
vp 283.80007041499999 -18.682791638000001 0.70710678118654557
vp 282.83587253500002 -18.682791637999998 1
cstype rat bspline
deg 2
curv2 619 620 621
parm u 0 0 0 1.5145584882074241 1.5145584882074241 1.5145584882074241
end
# - hole loop
vp 279.25961195100001 -18.682791637999998
vp 279.18800771100001 -18.682791637999998
cstype bspline
deg 1
curv2 622 623
parm u 0 0 0.071604240000000985 0.071604240000000985
end
vp 279.18800771100001 -18.682791637999998 1
vp 278.22380983099998 -18.682791638000005 0.70710678118654557
vp 278.22380983099998 -17.718593758000004 1
cstype rat bspline
deg 2
curv2 624 625 626
parm u 0 0 0 1.5145584882074268 1.5145584882074268 1.5145584882074268
end
vp 278.22380983099998 -17.718593758000004
vp 278.22380983099998 -9.6469895179999998
cstype bspline
deg 1
curv2 627 628
parm u 0 0 8.071604240000001 8.071604240000001
end
vp 278.22380983099998 -9.6469895179999998 1
vp 278.22380983099998 -8.6827916379999994 0.7071067811865468
vp 279.18800771100001 -8.6827916379999994 1
cstype rat bspline
deg 2
curv2 629 630 631
parm u 0 0 0 1.5145584882074261 1.5145584882074261 1.5145584882074261
end
vp 279.18800771100001 -8.6827916379999994
vp 279.25961195100001 -8.6827916379999994
cstype bspline
deg 1
curv2 632 633
parm u 0 0 0.071604240000000985 0.071604240000000985
end
vp 279.25961195100001 -8.6827916379999994 1
vp 280.22380983099998 -8.6827916379999994 0.7071067811865468
vp 280.22380983099998 -9.6469895179999998 1
cstype rat bspline
deg 2
curv2 634 635 636
parm u 0 0 0 1.5145584882074261 1.5145584882074261 1.5145584882074261
end
vp 280.22380983099998 -9.6469895179999998
vp 280.22380983099998 -17.718593758000001
cstype bspline
deg 1
curv2 637 638
parm u 0 0 8.071604240000001 8.071604240000001
end
vp 280.22380983099998 -17.718593758000001 1
vp 280.22380983099998 -18.682791638000001 0.70710678118654424
vp 279.25961195100001 -18.682791637999998 1
cstype rat bspline
deg 2
curv2 639 640 641
parm u 0 0 0 1.5145584882074221 1.5145584882074221 1.5145584882074221
end
# - hole loop
vp 290.01107321300003 8.7079318900000011
vp 289.93946897300003 8.7079318900000011
cstype bspline
deg 1
curv2 642 643
parm u 0 0 0.071604239999999209 0.071604239999999209
end
vp 289.93946897300003 8.7079318900000011 1
vp 288.975271093 8.7079318899999993 0.70710678118654757
vp 288.975271093 9.6721297700000015 1
cstype rat bspline
deg 2
curv2 644 645 646
parm u 0 0 0 1.5145584882074263 1.5145584882074263 1.5145584882074263
end
vp 288.975271093 9.6721297700000015
vp 288.975271093 17.743734009000001
cstype bspline
deg 1
curv2 647 648
parm u 0 0 8.0716042389999991 8.0716042389999991
end
vp 288.975271093 17.743734009000001 1
vp 288.975271093 18.707931888999997 0.70710678155322892
vp 289.93946897300003 18.707931890000001 1
cstype rat bspline
deg 2
curv2 649 650 651
parm u 0 0 0 1.5145584887782235 1.5145584887782235 1.5145584887782235
end
vp 289.93946897300003 18.707931890000001
vp 290.01107321300003 18.707931890000001
cstype bspline
deg 1
curv2 652 653
parm u 0 0 0.071604239999999209 0.071604239999999209
end
vp 290.01107321300003 18.707931890000001 1
vp 290.975271093 18.707931888999997 0.70710678155322892
vp 290.975271093 17.743734009000001 1
cstype rat bspline
deg 2
curv2 654 655 656
parm u 0 0 0 1.5145584887782235 1.5145584887782235 1.5145584887782235
end
vp 290.975271093 17.743734009000001
vp 290.975271093 9.6721297700000015
cstype bspline
deg 1
curv2 657 658
parm u 0 0 8.0716042389999991 8.0716042389999991
end
vp 290.975271093 9.6721297700000015 1
vp 290.975271093 8.7079318900000011 0.70710678118654757
vp 290.01107321300003 8.7079318900000011 1
cstype rat bspline
deg 2
curv2 659 660 661
parm u 0 0 0 1.5145584882074263 1.5145584882074263 1.5145584882074263
end
# - hole loop
vp 289.99973345799998 -4.987429874
vp 289.92812921799998 -4.987429874
cstype bspline
deg 1
curv2 662 663
parm u 0 0 0.071604239999999209 0.071604239999999209
end
vp 289.92812921799998 -4.987429874 1
vp 288.96393133800001 -4.9874298740000009 0.70710678118654757
vp 288.96393133800001 -4.0232319940000005 1
cstype rat bspline
deg 2
curv2 664 665 666
parm u 0 0 0 1.514558488207427 1.514558488207427 1.514558488207427
end
vp 288.96393133800001 -4.0232319940000005
vp 288.96393133800001 4.0483722460000005
cstype bspline
deg 1
curv2 667 668
parm u 0 0 8.071604240000001 8.071604240000001
end
vp 288.96393133800001 4.0483722460000005 1
vp 288.96393133800001 5.012570126 0.70710678118654757
vp 289.92812921799998 5.012570126 1
cstype rat bspline
deg 2
curv2 669 670 671
parm u 0 0 0 1.5145584882074263 1.5145584882074263 1.5145584882074263
end
vp 289.92812921799998 5.012570126
vp 289.99973345799998 5.012570126
cstype bspline
deg 1
curv2 672 673
parm u 0 0 0.071604239999999209 0.071604239999999209
end
vp 289.99973345799998 5.012570126 1
vp 290.96393133800001 5.012570126 0.70710678118654757
vp 290.96393133800001 4.0483722460000005 1
cstype rat bspline
deg 2
curv2 674 675 676
parm u 0 0 0 1.5145584882074263 1.5145584882074263 1.5145584882074263
end
vp 290.96393133800001 4.0483722460000005
vp 290.96393133800001 -4.0232319940000005
cstype bspline
deg 1
curv2 677 678
parm u 0 0 8.071604240000001 8.071604240000001
end
vp 290.96393133800001 -4.0232319940000005 1
vp 290.96393133800001 -4.9874298740000009 0.70710678118654757
vp 289.99973345799998 -4.987429874 1
cstype rat bspline
deg 2
curv2 679 680 681
parm u 0 0 0 1.514558488207427 1.514558488207427 1.514558488207427
end
# - hole loop
vp 289.98839370400003 -18.682791637999998
vp 289.91678946400003 -18.682791637999998
cstype bspline
deg 1
curv2 682 683
parm u 0 0 0.071604239999999209 0.071604239999999209
end
vp 289.91678946400003 -18.682791637999998 1
vp 288.952591584 -18.682791638000001 0.70710678118654491
vp 288.952591584 -17.718593758000001 1
cstype rat bspline
deg 2
curv2 684 685 686
parm u 0 0 0 1.514558488207423 1.514558488207423 1.514558488207423
end
vp 288.952591584 -17.718593758000001
vp 288.952591584 -9.6469895179999998
cstype bspline
deg 1
curv2 687 688
parm u 0 0 8.071604240000001 8.071604240000001
end
vp 288.952591584 -9.6469895179999998 1
vp 288.952591584 -8.6827916379999994 0.70710678118654757
vp 289.91678946400003 -8.6827916379999994 1
cstype rat bspline
deg 2
curv2 689 690 691
parm u 0 0 0 1.5145584882074263 1.5145584882074263 1.5145584882074263
end
vp 289.91678946400003 -8.6827916379999994
vp 289.98839370400003 -8.6827916379999994
cstype bspline
deg 1
curv2 692 693
parm u 0 0 0.071604239999999209 0.071604239999999209
end
vp 289.98839370400003 -8.6827916379999994 1
vp 290.952591584 -8.6827916379999994 0.70710678118654757
vp 290.952591584 -9.6469895179999998 1
cstype rat bspline
deg 2
curv2 694 695 696
parm u 0 0 0 1.5145584882074263 1.5145584882074263 1.5145584882074263
end
vp 290.952591584 -9.6469895179999998
vp 290.952591584 -17.718593758000001
cstype bspline
deg 1
curv2 697 698
parm u 0 0 8.071604240000001 8.071604240000001
end
vp 290.952591584 -17.718593758000001 1
vp 290.952591584 -18.682791638000001 0.70710678118654491
vp 289.98839370400003 -18.682791637999998 1
cstype rat bspline
deg 2
curv2 699 700 701
parm u 0 0 0 1.514558488207423 1.514558488207423 1.514558488207423
end
# - hole loop
vp 280.24648933899999 9.6721297700000015 1
vp 280.24648933899999 8.7079318900000011 0.70710678118654757
vp 279.28229145900002 8.7079318900000011 1
cstype rat bspline
deg 2
curv2 702 703 704
parm u 0 0 0 1.5145584882074263 1.5145584882074263 1.5145584882074263
end
vp 279.28229145900002 8.7079318900000011
vp 279.21068721900002 8.7079318900000011
cstype bspline
deg 1
curv2 705 706
parm u 0 0 0.071604239999999209 0.071604239999999209
end
vp 279.21068721900002 8.7079318900000011 1
vp 278.24648933899999 8.7079318899999993 0.70710678118654757
vp 278.24648933899999 9.6721297700000015 1
cstype rat bspline
deg 2
curv2 707 708 709
parm u 0 0 0 1.5145584882074263 1.5145584882074263 1.5145584882074263
end
vp 278.24648933899999 9.6721297700000015
vp 278.24648933899999 17.743734009000001
cstype bspline
deg 1
curv2 710 711
parm u 0 0 8.0716042389999991 8.0716042389999991
end
vp 278.24648933899999 17.743734009000001 1
vp 278.24648933900005 18.707931889000001 0.70710678155322948
vp 279.21068721900002 18.707931890000005 1
cstype rat bspline
deg 2
curv2 712 713 714
parm u 0 0 0 1.5145584887782246 1.5145584887782246 1.5145584887782246
end
vp 279.21068721900002 18.707931890000005
vp 279.28229145900002 18.707931890000005
cstype bspline
deg 1
curv2 715 716
parm u 0 0 0.071604239999999209 0.071604239999999209
end
vp 279.28229145900002 18.707931890000005 1
vp 280.24648933899999 18.707931889000001 0.70710678155322948
vp 280.24648933899999 17.743734009000001 1
cstype rat bspline
deg 2
curv2 717 718 719
parm u 0 0 0 1.5145584887782246 1.5145584887782246 1.5145584887782246
end
vp 280.24648933899999 17.743734009000001
vp 280.24648933899999 9.6721297700000015
cstype bspline
deg 1
curv2 720 721
parm u 0 0 8.0716042389999991 8.0716042389999991
end
# - hole loop
vp 283.82274992399999 9.6721297700000015 1
vp 283.82274992399999 8.7079318900000011 0.70710678118654757
vp 282.85855204400002 8.7079318900000011 1
cstype rat bspline
deg 2
curv2 722 723 724
parm u 0 0 0 1.5145584882074263 1.5145584882074263 1.5145584882074263
end
vp 282.85855204400002 8.7079318900000011
vp 282.78694780400002 8.7079318900000011
cstype bspline
deg 1
curv2 725 726
parm u 0 0 0.071604239999999209 0.071604239999999209
end
vp 282.78694780400002 8.7079318900000011 1
vp 281.82274992399999 8.7079318899999993 0.70710678118654757
vp 281.82274992399999 9.6721297700000015 1
cstype rat bspline
deg 2
curv2 727 728 729
parm u 0 0 0 1.5145584882074263 1.5145584882074263 1.5145584882074263
end
vp 281.82274992399999 9.6721297700000015
vp 281.82274992399999 17.743734009000001
cstype bspline
deg 1
curv2 730 731
parm u 0 0 8.0716042389999991 8.0716042389999991
end
vp 281.82274992399999 17.743734009000001 1
vp 281.82274992399999 18.707931889000001 0.70710678155322948
vp 282.78694780400002 18.707931890000005 1
cstype rat bspline
deg 2
curv2 732 733 734
parm u 0 0 0 1.5145584887782246 1.5145584887782246 1.5145584887782246
end
vp 282.78694780400002 18.707931890000005
vp 282.85855204400002 18.707931890000005
cstype bspline
deg 1
curv2 735 736
parm u 0 0 0.071604239999999209 0.071604239999999209
end
vp 282.85855204400002 18.707931890000005 1
vp 283.82274992399999 18.707931889000001 0.70710678155322948
vp 283.82274992399999 17.743734009000001 1
cstype rat bspline
deg 2
curv2 737 738 739
parm u 0 0 0 1.5145584887782246 1.5145584887782246 1.5145584887782246
end
vp 283.82274992399999 17.743734009000001
vp 283.82274992399999 9.6721297700000015
cstype bspline
deg 1
curv2 740 741
parm u 0 0 8.0716042389999991 8.0716042389999991
end
# - hole loop
vp 287.399010508 9.6721297700000015 1
vp 287.399010508 8.7079318900000011 0.70710678118654757
vp 286.43481262800003 8.7079318900000011 1
cstype rat bspline
deg 2
curv2 742 743 744
parm u 0 0 0 1.5145584882074263 1.5145584882074263 1.5145584882074263
end
vp 286.43481262800003 8.7079318900000011
vp 286.36320838800003 8.7079318900000011
cstype bspline
deg 1
curv2 745 746
parm u 0 0 0.071604239999999209 0.071604239999999209
end
vp 286.36320838800003 8.7079318900000011 1
vp 285.399010508 8.7079318899999993 0.70710678118654757
vp 285.399010508 9.6721297700000015 1
cstype rat bspline
deg 2
curv2 747 748 749
parm u 0 0 0 1.5145584882074263 1.5145584882074263 1.5145584882074263
end
vp 285.399010508 9.6721297700000015
vp 285.399010508 17.743734009000001
cstype bspline
deg 1
curv2 750 751
parm u 0 0 8.0716042389999991 8.0716042389999991
end
vp 285.399010508 17.743734009000001 1
vp 285.399010508 18.707931889000001 0.70710678155322948
vp 286.36320838800003 18.707931890000005 1
cstype rat bspline
deg 2
curv2 752 753 754
parm u 0 0 0 1.5145584887782246 1.5145584887782246 1.5145584887782246
end
vp 286.36320838800003 18.707931890000005
vp 286.43481262800003 18.707931890000005
cstype bspline
deg 1
curv2 755 756
parm u 0 0 0.071604239999999209 0.071604239999999209
end
vp 286.43481262800003 18.707931890000005 1
vp 287.399010508 18.707931889000001 0.70710678155322948
vp 287.399010508 17.743734009000001 1
cstype rat bspline
deg 2
curv2 757 758 759
parm u 0 0 0 1.5145584887782246 1.5145584887782246 1.5145584887782246
end
vp 287.399010508 17.743734009000001
vp 287.399010508 9.6721297700000015
cstype bspline
deg 1
curv2 760 761
parm u 0 0 8.0716042389999991 8.0716042389999991
end
# - hole loop
vp 280.23514958499999 -4.0232319940000005 1
vp 280.23514958499999 -4.9874298740000009 0.70710678118654757
vp 279.27095170500002 -4.987429874 1
cstype rat bspline
deg 2
curv2 762 763 764
parm u 0 0 0 1.514558488207427 1.514558488207427 1.514558488207427
end
vp 279.27095170500002 -4.987429874
vp 279.19934746500002 -4.987429874
cstype bspline
deg 1
curv2 765 766
parm u 0 0 0.071604240000000985 0.071604240000000985
end
vp 279.19934746500002 -4.987429874 1
vp 278.23514958499999 -4.9874298740000009 0.70710678118654757
vp 278.23514958499999 -4.0232319940000005 1
cstype rat bspline
deg 2
curv2 767 768 769
parm u 0 0 0 1.514558488207427 1.514558488207427 1.514558488207427
end
vp 278.23514958499999 -4.0232319940000005
vp 278.23514958499999 4.0483722460000005
cstype bspline
deg 1
curv2 770 771
parm u 0 0 8.071604240000001 8.071604240000001
end
vp 278.23514958499999 4.0483722460000005 1
vp 278.23514958499999 5.012570126 0.70710678118654757
vp 279.19934746500002 5.012570126 1
cstype rat bspline
deg 2
curv2 772 773 774
parm u 0 0 0 1.5145584882074263 1.5145584882074263 1.5145584882074263
end
vp 279.19934746500002 5.012570126
vp 279.27095170500002 5.012570126
cstype bspline
deg 1
curv2 775 776
parm u 0 0 0.071604240000000985 0.071604240000000985
end
vp 279.27095170500002 5.012570126 1
vp 280.23514958499999 5.012570126 0.70710678118654757
vp 280.23514958499999 4.0483722460000005 1
cstype rat bspline
deg 2
curv2 777 778 779
parm u 0 0 0 1.5145584882074263 1.5145584882074263 1.5145584882074263
end
vp 280.23514958499999 4.0483722460000005
vp 280.23514958499999 -4.0232319940000005
cstype bspline
deg 1
curv2 780 781
parm u 0 0 8.071604240000001 8.071604240000001
end
# - hole loop
vp 283.811410169 -4.0232319940000005 1
vp 283.811410169 -4.987429874 0.7071067811865468
vp 282.84721228900003 -4.987429874 1
cstype rat bspline
deg 2
curv2 782 783 784
parm u 0 0 0 1.5145584882074261 1.5145584882074261 1.5145584882074261
end
vp 282.84721228900003 -4.987429874
vp 282.77560804900003 -4.987429874
cstype bspline
deg 1
curv2 785 786
parm u 0 0 0.071604240000000985 0.071604240000000985
end
vp 282.77560804900003 -4.987429874 1
vp 281.811410169 -4.9874298740000018 0.70710678118654724
vp 281.811410169 -4.0232319940000005 1
cstype rat bspline
deg 2
curv2 787 788 789
parm u 0 0 0 1.5145584882074266 1.5145584882074266 1.5145584882074266
end
vp 281.811410169 -4.0232319940000005
vp 281.811410169 4.0483722460000005
cstype bspline
deg 1
curv2 790 791
parm u 0 0 8.071604240000001 8.071604240000001
end
vp 281.811410169 4.0483722460000005 1
vp 281.811410169 5.012570126 0.70710678118654735
vp 282.77560804900003 5.012570126 1
cstype rat bspline
deg 2
curv2 792 793 794
parm u 0 0 0 1.5145584882074261 1.5145584882074261 1.5145584882074261
end
vp 282.77560804900003 5.012570126
vp 282.84721228900003 5.012570126
cstype bspline
deg 1
curv2 795 796
parm u 0 0 0.071604240000000985 0.071604240000000985
end
vp 282.84721228900003 5.012570126 1
vp 283.811410169 5.012570126 0.70710678118654757
vp 283.811410169 4.0483722460000005 1
cstype rat bspline
deg 2
curv2 797 798 799
parm u 0 0 0 1.5145584882074263 1.5145584882074263 1.5145584882074263
end
vp 283.811410169 4.0483722460000005
vp 283.811410169 -4.0232319940000005
cstype bspline
deg 1
curv2 800 801
parm u 0 0 8.071604240000001 8.071604240000001
end
# - hole loop
vp 287.387670754 -4.0232319940000005 1
vp 287.387670754 -4.9874298739999992 0.70710678118654879
vp 286.42347287400003 -4.9874298740000018 1
cstype rat bspline
deg 2
curv2 802 803 804
parm u 0 0 0 1.5145584882074263 1.5145584882074263 1.5145584882074263
end
vp 286.42347287400003 -4.9874298740000018
vp 286.35186863400003 -4.987429874
cstype bspline
deg 1
curv2 805 806
parm u 0 0 0.071604240000000985 0.071604240000000985
end
vp 286.35186863400003 -4.987429874 1
vp 285.387670754 -4.9874298740000018 0.70710678118654724
vp 285.387670754 -4.0232319940000005 1
cstype rat bspline
deg 2
curv2 807 808 809
parm u 0 0 0 1.5145584882074266 1.5145584882074266 1.5145584882074266
end
vp 285.387670754 -4.0232319940000005
vp 285.387670754 4.0483722460000005
cstype bspline
deg 1
curv2 810 811
parm u 0 0 8.071604240000001 8.071604240000001
end
vp 285.387670754 4.0483722460000005 1
vp 285.387670754 5.012570126 0.70710678118654735
vp 286.35186863400003 5.012570126 1
cstype rat bspline
deg 2
curv2 812 813 814
parm u 0 0 0 1.5145584882074261 1.5145584882074261 1.5145584882074261
end
vp 286.35186863400003 5.012570126
vp 286.42347287400003 5.012570126
cstype bspline
deg 1
curv2 815 816
parm u 0 0 0.071604240000000985 0.071604240000000985
end
vp 286.42347287400003 5.012570126 1
vp 287.387670754 5.012570126 0.70710678118654757
vp 287.387670754 4.0483722460000005 1
cstype rat bspline
deg 2
curv2 817 818 819
parm u 0 0 0 1.5145584882074263 1.5145584882074263 1.5145584882074263
end
vp 287.387670754 4.0483722460000005
vp 287.387670754 -4.0232319940000005
cstype bspline
deg 1
curv2 820 821
parm u 0 0 8.071604240000001 8.071604240000001
end
v 71.402846216151204 3.7047788941999897 -118.84395893297776
v 71.402846216151204 24.046232163800028 -118.84395893297776
v 71.402846216151204 3.7047788941999897 -180.23137162457775
v 71.402846216151204 24.046232163800028 -180.23137162457775
cstype bspline
deg 1 1
surf 274.74508850719997 295.0865417768 -30.645186797299999 30.742225894300002 183 184 185 186
parm u 274.74508850719997 274.74508850719997 295.0865417768 295.0865417768
parm v -30.645186797299999 -30.645186797299999 30.742225894300002 30.742225894300002
trim 0 16.951011057999999 176 0 51.155977242999995 177 0 16.951011057999999 178 0 51.155977242999995 179
hole 0 1.5145584882074268 180 0 8.071604240000001 181 0 1.5145584882074261 182 0 0.071604240000000985 183 0 1.5145584882074263 184 0 8.071604240000001 185 0 1.5145584882074241 186 0 0.071604240000000985 187
hole 0 0.071604240000000985 188 0 1.5145584882074268 189 0 8.071604240000001 190 0 1.5145584882074261 191 0 0.071604240000000985 192 0 1.5145584882074263 193 0 8.071604240000001 194 0 1.5145584882074241 195
hole 0 0.071604240000000985 196 0 1.5145584882074268 197 0 8.071604240000001 198 0 1.5145584882074261 199 0 0.071604240000000985 200 0 1.5145584882074261 201 0 8.071604240000001 202 0 1.5145584882074221 203
hole 0 0.071604239999999209 204 0 1.5145584882074263 205 0 8.0716042389999991 206 0 1.5145584887782235 207 0 0.071604239999999209 208 0 1.5145584887782235 209 0 8.0716042389999991 210 0 1.5145584882074263 211
hole 0 0.071604239999999209 212 0 1.514558488207427 213 0 8.071604240000001 214 0 1.5145584882074263 215 0 0.071604239999999209 216 0 1.5145584882074263 217 0 8.071604240000001 218 0 1.514558488207427 219
hole 0 0.071604239999999209 220 0 1.514558488207423 221 0 8.071604240000001 222 0 1.5145584882074263 223 0 0.071604239999999209 224 0 1.5145584882074263 225 0 8.071604240000001 226 0 1.514558488207423 227
hole 0 1.5145584882074263 228 0 0.071604239999999209 229 0 1.5145584882074263 230 0 8.0716042389999991 231 0 1.5145584887782246 232 0 0.071604239999999209 233 0 1.5145584887782246 234 0 8.0716042389999991 235
hole 0 1.5145584882074263 236 0 0.071604239999999209 237 0 1.5145584882074263 238 0 8.0716042389999991 239 0 1.5145584887782246 240 0 0.071604239999999209 241 0 1.5145584887782246 242 0 8.0716042389999991 243
hole 0 1.5145584882074263 244 0 0.071604239999999209 245 0 1.5145584882074263 246 0 8.0716042389999991 247 0 1.5145584887782246 248 0 0.071604239999999209 249 0 1.5145584887782246 250 0 8.0716042389999991 251
hole 0 1.514558488207427 252 0 0.071604240000000985 253 0 1.514558488207427 254 0 8.071604240000001 255 0 1.5145584882074263 256 0 0.071604240000000985 257 0 1.5145584882074263 258 0 8.071604240000001 259
hole 0 1.5145584882074261 260 0 0.071604240000000985 261 0 1.5145584882074266 262 0 8.071604240000001 263 0 1.5145584882074261 264 0 0.071604240000000985 265 0 1.5145584882074263 266 0 8.071604240000001 267
hole 0 1.5145584882074263 268 0 0.071604240000000985 269 0 1.5145584882074266 270 0 8.071604240000001 271 0 1.5145584882074261 272 0 0.071604240000000985 273 0 1.5145584882074263 274 0 8.071604240000001 275
end
# - trim loop
vp 0 4.2999999999999998
vp 0 0.099999999999999645
cstype bspline
deg 1
curv2 822 823
parm u -4.2000000000000002 -4.2000000000000002 -0 -0
end
vp 0 0.099999999999999645
vp 1.9999999999999996 0.099999999999999645
cstype bspline
deg 1
curv2 824 825
parm u -1.9999999999999996 -1.9999999999999996 -0 -0
end
vp 1.9999999999999996 0.099999999999999645
vp 1.9999999999999996 4.2999999999999998
cstype bspline
deg 1
curv2 826 827
parm u -4.2000000000000002 -4.2000000000000002 -0 -0
end
vp 1.9999999999999996 4.2999999999999998
vp 0 4.2999999999999998
cstype bspline
deg 1
curv2 828 829
parm u -1.9999999999999996 -1.9999999999999996 -0 -0
end
v 159.6344579491512 5.6001200000000049 -139.36902573027774
v 159.6344579491512 3.1998800000000052 -139.36902573027774
v 159.6344579491512 5.6001200000000049 -144.40926573027775
v 159.6344579491512 3.1998800000000052 -144.40926573027775
cstype bspline
deg 1 1
surf -0.20011999999999974 2.2001199999999996 -0.32012000000000013 4.7201199999999996 187 188 189 190
parm u -0.20011999999999974 -0.20011999999999974 2.2001199999999996 2.2001199999999996
parm v -0.32012000000000013 -0.32012000000000013 4.7201199999999996 4.7201199999999996
trim -4.2000000000000002 -0 276 -1.9999999999999996 -0 277 -4.2000000000000002 -0 278 -1.9999999999999996 -0 279
end
# - trim loop
vp -106.871334897 4.2999999999999998
vp -107.97133489699999 4.2999999999999998
cstype bspline
deg 1
curv2 830 831
parm u -1.1000000000000014 -1.1000000000000014 -0 -0
end
vp -107.97133489699999 4.2999999999999998
vp -107.97133489699999 0.099999999999999645
cstype bspline
deg 1
curv2 832 833
parm u -4.2000000000000002 -4.2000000000000002 -0 -0
end
vp -107.97133489699999 0.099999999999999645
vp -106.871334897 0.099999999999999645
cstype bspline
deg 1
curv2 834 835
parm u -1.1000000000000014 -1.1000000000000014 -0 -0
end
vp -106.871334897 0.099999999999999645
vp -106.871334897 4.2999999999999998
cstype bspline
deg 1
curv2 836 837
parm u -4.2000000000000002 -4.2000000000000002 -0 -0
end
v 158.42433794915115 5.4000000000000048 -139.36902573027774
v 159.74457794915116 5.4000000000000048 -139.36902573027774
v 158.42433794915115 5.4000000000000048 -144.40926573027775
v 159.74457794915116 5.4000000000000048 -144.40926573027775
cstype bspline
deg 1 1
surf -108.081454897 -106.76121489699999 -0.32012000000000013 4.7201199999999996 191 192 193 194
parm u -108.081454897 -108.081454897 -106.76121489699999 -106.76121489699999
parm v -0.32012000000000013 -0.32012000000000013 4.7201199999999996 4.7201199999999996
trim -1.1000000000000014 -0 280 -4.2000000000000002 -0 281 -1.1000000000000014 -0 282 -4.2000000000000002 -0 283
end
# - trim loop
vp 0 4.8500000000000005
vp 0 0
cstype bspline
deg 1
curv2 838 839
parm u -4.8500000000000005 -4.8500000000000005 -0 -0
end
vp 0 0
vp 1.9999999999999996 0
cstype bspline
deg 1
curv2 840 841
parm u -1.9999999999999996 -1.9999999999999996 -0 -0
end
vp 1.9999999999999996 0
vp 1.9999999999999996 4.8500000000000005
cstype bspline
deg 1
curv2 842 843
parm u -4.8500000000000005 -4.8500000000000005 -0 -0
end
vp 1.9999999999999996 4.8500000000000005
vp 0 4.8500000000000005
cstype bspline
deg 1
curv2 844 845
parm u -1.9999999999999996 -1.9999999999999996 -0 -0
end
v 159.6344579491512 5.6001200000000049 -156.60402573027775
v 159.6344579491512 3.1998800000000052 -156.60402573027775
v 159.6344579491512 5.6001200000000049 -162.42426573027774
v 159.6344579491512 3.1998800000000052 -162.42426573027774
cstype bspline
deg 1 1
surf -0.20011999999999974 2.2001199999999996 -0.48511999999999977 5.3351199999999999 195 196 197 198
parm u -0.20011999999999974 -0.20011999999999974 2.2001199999999996 2.2001199999999996
parm v -0.48511999999999977 -0.48511999999999977 5.3351199999999999 5.3351199999999999
trim -4.8500000000000005 -0 284 -1.9999999999999996 -0 285 -4.8500000000000005 -0 286 -1.9999999999999996 -0 287
end
# - trim loop
vp 72.366183231000008 4.8500000000000005
vp 71.266183230999999 4.8500000000000005
cstype bspline
deg 1
curv2 846 847
parm u -1.1000000000000014 -1.1000000000000014 -0 -0
end
vp 71.266183230999999 4.8500000000000005
vp 71.266183230999999 0
cstype bspline
deg 1
curv2 848 849
parm u -4.8500000000000005 -4.8500000000000005 -0 -0
end
vp 71.266183230999999 0
vp 72.366183231000008 0
cstype bspline
deg 1
curv2 850 851
parm u -1.1000000000000014 -1.1000000000000014 -0 -0
end
vp 72.366183231000008 0
vp 72.366183231000008 4.8500000000000005
cstype bspline
deg 1
curv2 852 853
parm u -4.8500000000000005 -4.8500000000000005 -0 -0
end
v 158.42433794915121 5.4000000000000048 -156.60402573027775
v 159.74457794915122 5.4000000000000048 -156.60402573027775
v 158.42433794915121 5.4000000000000048 -162.42426573027774
v 159.74457794915122 5.4000000000000048 -162.42426573027774
cstype bspline
deg 1 1
surf 71.15606323099999 72.476303231000017 -0.48511999999999977 5.3351199999999999 199 200 201 202
parm u 71.15606323099999 71.15606323099999 72.476303231000017 72.476303231000017
parm v -0.48511999999999977 -0.48511999999999977 5.3351199999999999 5.3351199999999999
trim -1.1000000000000014 -0 288 -4.8500000000000005 -0 289 -1.1000000000000014 -0 290 -4.8500000000000005 -0 291
end
# - trim loop
vp -0.10000000000000142 -104.86112648599999
vp -0.10000000000000142 -107.06853192699998
cstype bspline
deg 1
curv2 854 855
parm u -2.2074054409999988 -2.2074054409999988 -0 -0
end
vp -0.10000000000000142 -107.06853192699998
vp -0.10000000000000142 -108.09614266299999
cstype bspline
deg 1
curv2 856 857
parm u -1.0276107359999997 -1.0276107359999997 -0 -0
end
vp -0.10000000000000142 -108.09614266299999
vp 11.899999999999999 -108.09610031999999
cstype bspline
deg 1
curv2 858 859
parm u -12.000000000074706 -12.000000000074706 -0 -0
end
vp 11.899999999999999 -108.09610031999999
vp 11.899999999999999 -107.06853192699998
cstype bspline
deg 1
curv2 860 861
parm u -1.0275683930000028 -1.0275683930000028 -0 -0
end
vp 11.899999999999999 -107.06853192699998
vp 11.899999999999999 -105.72606578399999
cstype bspline
deg 1
curv2 862 863
parm u -1.3424661429999958 -1.3424661429999958 -0 -0
end
vp 11.899999999999999 -105.72606578399999
vp 9.8999999999999986 -105.72606578399999
cstype bspline
deg 1
curv2 864 865
parm u -1.9999999999999996 -1.9999999999999996 -0 -0
end
vp 9.8999999999999986 -105.72606578399999
vp 9.8999999999999986 -104.86112648599999
cstype bspline
deg 1
curv2 866 867
parm u -0.86493929800000302 -0.86493929800000302 -0 -0
end
vp 9.8999999999999986 -104.86112648599999
vp -0.10000000000000142 -104.86112648599999
cstype bspline
deg 1
curv2 868 869
parm u -10 -10 -0 -0
end
v 158.08602856545116 16.600120000000004 -123.58914573027775
v 158.08602856545116 2.1998800000000056 -123.58914573027775
v 161.96828797785116 16.600120000000004 -123.58914573027775
v 161.96828797785116 2.1998800000000056 -123.58914573027775
cstype bspline
deg 1 1
surf -1.3001200000000013 13.100119999999999 -108.41976428069999 -104.53750486829999 203 204 205 206
parm u -1.3001200000000013 -1.3001200000000013 13.100119999999999 13.100119999999999
parm v -108.41976428069999 -108.41976428069999 -104.53750486829999 -104.53750486829999
trim -2.2074054409999988 -0 292 -1.0276107359999997 -0 293 -12.000000000074706 -0 294 -1.0275683930000028 -0 295 -1.3424661429999958 -0 296 -1.9999999999999996 -0 297 -0.86493929800000302 -0 298 -10 -0 299
end
# - trim loop
vp -9.8999999999999986 -104.80885831199998
vp -9.8999999999999986 -105.70379555899999
cstype bspline
deg 1
curv2 870 871
parm u -0.89493724700000143 -0.89493724700000143 -0 -0
end
vp -9.8999999999999986 -105.70379555899999
vp -10.566666717666665 -105.70379555899999
vp -11.233333359333333 -105.70379555899999
vp -11.899999999999999 -105.70379555899999
cstype bspline
deg 3
curv2 872 873 874 875
parm u -1.9999999999999996 -1.9999999999999996 -1.9999999999999996 -1.9999999999999996 -0 -0 -0 -0
end
vp -11.899999999999999 -105.70379555899999
vp -11.899999999999999 -106.871334897
cstype bspline
deg 1
curv2 876 877
parm u -1.1675393379999974 -1.1675393379999974 -0 -0
end
vp -11.899999999999999 -106.871334897
vp -9.8999999999999986 -106.871334897
cstype bspline
deg 1
curv2 878 879
parm u -1.9999999999999996 -1.9999999999999996 -0 -0
end
vp -9.8999999999999986 -106.871334897
vp -9.8999999999999986 -107.97133489699999
cstype bspline
deg 1
curv2 880 881
parm u -1.1000000000000014 -1.1000000000000014 -0 -0
end
vp -9.8999999999999986 -107.97133489699999
vp 0.10000000000000142 -107.97133489699999
cstype bspline
deg 1
curv2 882 883
parm u -10 -10 -0 -0
end
vp 0.10000000000000142 -107.97133489699999
vp 0.10000000000000142 -105.607703738
cstype bspline
deg 1
curv2 884 885
parm u -2.3636311590000005 -2.3636311590000005 -0 -0
end
vp 0.10000000000000142 -105.607703738
vp 0.10000000000000142 -104.80885831199998
cstype bspline
deg 1
curv2 886 887
parm u -0.79884542599999975 -0.79884542599999975 -0 -0
end
vp 0.10000000000000142 -104.80885831199998
vp -9.8999999999999986 -104.80885831199998
cstype bspline
deg 1
curv2 888 889
parm u -10 -10 -0 -0
end
v 158.21809029065116 2.1998800000000056 -139.78914573027777
v 158.21809029065116 16.600120000000004 -139.78914573027777
v 162.01330219265117 2.1998800000000056 -139.78914573027777
v 162.01330219265117 16.600120000000004 -139.78914573027777
cstype bspline
deg 1 1
surf -13.100119999999999 1.3001200000000013 -108.28770255549999 -104.49249065349998 207 208 209 210
parm u -13.100119999999999 -13.100119999999999 1.3001200000000013 1.3001200000000013
parm v -108.28770255549999 -108.28770255549999 -104.49249065349998 -104.49249065349998
trim -0.89493724700000143 -0 300 -1.9999999999999996 -0 301 -1.1675393379999974 -0 302 -1.9999999999999996 -0 303 -1.1000000000000014 -0 304 -10 -0 305 -2.3636311590000005 -0 306 -0.79884542599999975 -0 307 -10 -0 308
end
# - trim loop
vp 24.539912329 22.902425676
vp 28.099999999999998 22.902425676
cstype bspline
deg 1
curv2 890 891
parm u -3.560087670999998 -3.560087670999998 -0 -0
end
vp 28.099999999999998 22.902425676
vp 28.099999999999998 39.565754597999998
cstype bspline
deg 1
curv2 892 893
parm u -16.663328921999998 -16.663328921999998 -0 -0
end
vp 28.099999999999998 39.565754597999998 1
vp 28.100000001000005 42.631611732999993 0.70710678107122749
vp 25.034142866 42.631611733 1
cstype rat bspline
deg 2
curv2 894 895 896
parm u -4.8158371255651291 -4.8158371255651291 -4.8158371255651291 0 0 0
end
vp 25.034142866 42.631611733
vp -25 42.631611733
cstype bspline
deg 1
curv2 897 898
parm u -50.034142865999996 -50.034142865999996 -0 -0
end
vp -25 42.631611733
vp -25 42.632381680000002
cstype bspline
deg 1
curv2 899 900
parm u -0.00076994700000199146 -0.00076994700000199146 -0 -0
end
vp -25 42.632381680000002
vp -25.058276137 42.632381680000002
cstype bspline
deg 1
curv2 901 902
parm u -0.058276137000000006 -0.058276137000000006 -0 -0
end
vp -25.058276137 42.632381680000002 1
vp -28.124133271999998 42.632381680000002 0.70710678107122749
vp -28.124133270999998 39.566524545 1
cstype rat bspline
deg 2
curv2 903 904 905
parm u -4.8158371255651291 -4.8158371255651291 -4.8158371255651291 0 0 0
end
vp -28.124133270999998 39.566524545
vp -28.124133271000002 22.902425676
cstype bspline
deg 1
curv2 906 907
parm u -16.664098869 -16.664098869 -0 -0
end
vp -28.124133271000002 22.902425676
vp -24.548528079 22.902385372000001
cstype bspline
deg 1
curv2 908 909
parm u -3.5756051922271532 -3.5756051922271532 -0 -0
end
vp -24.548528079 22.902385372000001
vp -24.163439561607596 22.907253696673411
vp -23.778771342102974 22.832861700887349
vp -23.400109935790198 22.759631377122069
vp -23.039600342957453 22.613093161301503
vp -22.680300820800902 22.467046808853926
vp -22.356958551112463 22.255481518102521
vp -22.031707536436461 22.042667322247532
vp -21.758791734264531 21.773944664803107
vp -21.483585257615214 21.502966526705002
vp -21.266466405805506 21.179652212951105
vp -21.051798825548936 20.859988116819792
vp -20.903572803600863 20.503557860252371
vp -20.755334005762762 20.147096886573724
vp -20.67866881972067 19.765548443455057
vp -20.601770995189327 19.3828422037857
vp -20.601771960000001 19
cstype bspline
deg 2
curv2 910 911 912 913 914 915 916 917 918 919 920 921 922 923 924 925 926
parm u -6.1928754863239082 -6.1928754863239082 -6.1928754863239082 -5.4159605768946539 -5.4159605768946539 -4.6411293511946736 -4.6411293511946736 -3.866875205230448 -3.866875205230448 -3.0951798311320289 -3.0951798311320289 -2.3195055659930146 -2.3195055659930146 -1.5484279855645449 -1.5484279855645449 -0.77319760761721024 -0.77319760761721024 -0 -0 -0
end
vp -20.601771960000001 19
vp -20.60177196046461 18.618489806464343
vp -20.678583831023882 18.236018379023296
vp -20.754521879576789 17.857897999575886
vp -20.900468282185159 17.504201040183919
vp -21.047312684797273 17.148327803795681
vp -21.26060211644586 16.828916477443897
vp -21.473754402094027 16.509710533091692
vp -21.743983364750356 16.240846542747647
vp -22.014784975408077 15.971412795404996
vp -22.338064502062323 15.757276138058872
vp -22.656532937706835 15.546326292703018
vp -23.010700267317201 15.399096019313035
vp -23.367360508931863 15.250829420927346
vp -23.742644575481595 15.174491618476765
vp -24.121854523301199 15.097355238995275
vp -24.502195299 15.097355248
cstype bspline
deg 2
curv2 927 928 929 930 931 932 933 934 935 936 937 938 939 940 941 942 943
parm u -6.1458579850275026 -6.1458579850275026 -6.1458579850275026 -5.3742395292522378 -5.3742395292522378 -4.6059441914363415 -4.6059441914363415 -3.8368868334392117 -3.8368868334392117 -3.0718582047287124 -3.0718582047287124 -2.3020847165062515 -2.3020847165062515 -1.5365365131084894 -1.5365365131084894 -0.76731649272101832 -0.76731649272101832 -0 -0 -0
end
vp -24.502195299 15.097355248
vp -28.124133271000002 15.097355248
cstype bspline
deg 1
curv2 944 945
parm u -3.6219379720000013 -3.6219379720000013 -0 -0
end
vp -28.124133271000002 15.097355248
vp -28.124133271000002 -35.097355248
cstype bspline
deg 1
curv2 946 947
parm u -50.194710495999999 -50.194710495999999 -0 -0
end
vp -28.124133271000002 -35.097355248
vp -24.500497671000002 -35.097355245999999
cstype bspline
deg 1
curv2 948 949
parm u -3.6236356000000001 -3.6236356000000001 -0 -0
end
vp -24.500497671000002 -35.097355245999999
vp -24.120118296599134 -35.097390150003129
vp -23.740906129106882 -35.174524324715378
vp -23.365619874898986 -35.250859942699527
vp -23.008957183093337 -35.39912413022671
vp -22.654787424935584 -35.546352007392478
vp -22.336316425451532 -35.757299347305981
vp -22.013034298238104 -35.971433458511235
vp -21.74223007857994 -36.240864664279272
vp -21.471998512311263 -36.509726121433772
vp -21.258843663670618 -36.828929582198619
vp -21.045551669413967 -37.148338420348352
vp -20.898704860470044 -37.504209322731739
vp -20.752756065031281 -37.857903966612177
vp -20.676815855521077 -38.236022255300888
vp -20.600001800356953 -38.618491561349494
vp -20.600000000000001 -39
cstype bspline
deg 2
curv2 950 951 952 953 954 955 956 957 958 959 960 961 962 963 964 965 966
parm u -6.145895536333847 -6.145895536333847 -6.145895536333847 -5.3785387076515532 -5.3785387076515532 -4.6093156418695163 -4.6093156418695163 -3.8437653618841305 -3.8437653618841305 -3.0739910547137095 -3.0739910547137095 -2.3089630091032909 -2.3089630091032909 -1.539907536941443 -1.539907536941443 -0.77161505118530216 -0.77161505118530216 -0 -0 -0
end
vp -20.600000000000001 -39
vp -20.600000000000001 -42.600000000000001
cstype bspline
deg 1
curv2 967 968
parm u -3.6000000000000014 -3.6000000000000014 -0 -0
end
vp -20.600000000000001 -42.600000000000001
vp 20.599999999999998 -42.600000000000001
cstype bspline
deg 1
curv2 969 970
parm u -41.200000000000003 -41.200000000000003 -0 -0
end
vp 20.599999999999998 -42.600000000000001
vp 20.599999999999998 -39
cstype bspline
deg 1
curv2 971 972
parm u -3.6000000000000014 -3.6000000000000014 -0 -0
end
vp 20.599999999999998 -39
vp 20.600000000560243 -38.620100019559807
vp 20.67574145223205 -38.240236658231076
vp 20.75124590090175 -37.861561929900247
vp 20.897266727639195 -37.507407440637124
vp 21.043267202376541 -37.153302311373892
vp 21.254844964157567 -36.835105428154293
vp 21.468820809947442 -36.513302005943551
vp 21.740258914746512 -36.242681670741987
vp 22.009294193538508 -35.974456922533371
vp 22.330364658326545 -35.760914304320778
vp 22.649663413110225 -35.548550044103855
vp 23.005120412852506 -35.400392252845542
vp 23.361249721596188 -35.251954236588638
vp 23.736119458261637 -35.175292529253568
vp 24.117226301199558 -35.097355319694103
vp 24.499575896 -35.097355248
cstype bspline
deg 2
curv2 973 974 975 976 977 978 979 980 981 982 983 984 985 986 987 988 989
parm u -6.1451977850011055 -6.1451977850011055 -6.1451977850011055 -5.3779569459088528 -5.3779569459088528 -4.6087517757258327 -4.6087517757258327 -3.843610510624333 -3.843610510624333 -3.0738675192301663 -3.0738675192301663 -2.3083677432432506 -2.3083677432432506 -1.539798474112267 -1.539798474112267 -0.77134398340782284 -0.77134398340782284 -0 -0 -0
end
vp 24.499575896 -35.097355248
vp 28.099999999999998 -35.097355248
cstype bspline
deg 1
curv2 990 991
parm u -3.6004241039999982 -3.6004241039999982 -0 -0
end
vp 28.099999999999998 -35.097355248
vp 28.099999999999998 15.097355248
cstype bspline
deg 1
curv2 992 993
parm u -50.194710495999999 -50.194710495999999 -0 -0
end
vp 28.099999999999998 15.097355248
vp 24.500423339000001 15.097355229
cstype bspline
deg 1
curv2 994 995
parm u -3.5995766609999968 -3.5995766609999968 -0 -0
end
vp 24.500423339000001 15.097355229
vp 24.12008256 15.097355229
vp 23.740872607 15.17449161
vp 23.365588541999998 15.250829413
vp 23.008928300000001 15.399096011999999
vp 22.654760970999998 15.546326285999999
vp 22.336292535999998 15.757276131999999
vp 22.013013009999998 15.97141279
vp 21.742211399999999 16.240846538
vp 21.471982438999998 16.509710528999999
vp 21.258830152999998 16.828916474
vp 21.045540721999998 17.148327801000001
vp 20.898696319999999 17.504201038000001
vp 20.752749918999999 17.857897997999999
vp 20.676811870999998 18.236018378000001
vp 20.599999999999998 18.618489805999999
vp 20.599999999999998 19
cstype bspline
deg 2
curv2 996 997 998 999 1000 1001 1002 1003 1004 1005 1006 1007 1008 1009 1010 1011 1012
parm u -6.145857994206458 -6.145857994206458 -6.145857994206458 -5.3785414928051161 -5.3785414928051161 -4.6093214732351342 -4.6093214732351342 -3.8437732703484233 -3.8437732703484233 -3.0739997823129315 -3.0739997823129315 -2.3089711535798316 -2.3089711535798316 -1.539913795071773 -1.539913795071773 -0.77161845687439667 -0.77161845687439667 -0 -0 -0
end
vp 20.599999999999998 19
vp 20.599999999999998 19.382414248
vp 20.676730429999999 19.764706971999999
vp 20.753227636999998 20.145837714999999
vp 20.901144630000001 20.501963363000002
vp 21.049047602999998 20.858055255
vp 21.263266484999999 21.177506334
vp 21.479930337999999 21.500603443999999
vp 21.754589325999998 21.771529567999998
vp 22.026941122 22.040179855000002
vp 22.351585168 22.253101169000001
vp 22.674341899999998 22.464784668
vp 23.033086406999999 22.611140411000001
vp 23.392963077999998 22.757958038999998
vp 23.771078679999999 22.831690525999999
vp 24.155243326000001 22.906602577000001
vp 24.539912329 22.902425676
cstype bspline
deg 2
curv2 1013 1014 1015 1016 1017 1018 1019 1020 1021 1022 1023 1024 1025 1026 1027 1028 1029
parm u -6.1859421320752226 -6.1859421320752226 -6.1859421320752226 -5.4136108599389008 -5.4136108599389008 -4.6392562297535873 -4.6392562297535873 -3.8690419904723989 -3.8690419904723989 -3.0942280754843736 -3.0942280754843736 -2.3234342388851088 -2.3234342388851088 -1.5500024599778472 -1.5500024599778472 -0.77609210197987832 -0.77609210197987832 -0 -0 -0
end
v 64.779488048151194 20.351011058000005 -183.23581232957775
v 64.779488048151194 20.351011058000005 -115.76661240197775
v 167.0585860641512 20.351011058000005 -183.23581232957775
v 167.0585860641512 20.351011058000005 -115.76661240197775
cstype bspline
deg 1 1
surf -33.746666599299999 33.722533328300003 -51.12335816800001 51.15573984800001 211 212 213 214
parm u -33.746666599299999 -33.746666599299999 33.722533328300003 33.722533328300003
parm v -51.12335816800001 -51.12335816800001 51.15573984800001 51.15573984800001
trim -3.560087670999998 -0 309 -16.663328921999998 -0 310 -4.8158371255651291 0 311 -50.034142865999996 -0 312 -0.00076994700000199146 -0 313 -0.058276137000000006 -0 314 -4.8158371255651291 0 315 -16.664098869 -0 316 -3.5756051922271532 -0 317 -6.1928754863239082 -0 318 -6.1458579850275026 -0 319 -3.6219379720000013 -0 320 -50.194710495999999 -0 321 -3.6236356000000001 -0 322 -6.145895536333847 -0 323 -3.6000000000000014 -0 324 -41.200000000000003 -0 325 -3.6000000000000014 -0 326 -6.1451977850011055 -0 327 -3.6004241039999982 -0 328 -50.194710495999999 -0 329 -3.5995766609999968 -0 330 -6.145857994206458 -0 331 -6.1859421320752226 -0 332
end
# - trim loop
vp 212.23066302400002 -77.597355248
vp 212.23066302400002 -27.402644752
cstype bspline
deg 1
curv2 1030 1031
parm u 0 0 50.194710495999999 50.194710495999999
end
vp 212.23066302400002 -27.402644752
vp 195.27965196600002 -27.402644752
cstype bspline
deg 1
curv2 1032 1033
parm u 0 0 16.951011057999999 16.951011057999999
end
vp 195.27965196600002 -27.402644752
vp 195.27965196600002 -36.691459608999999
cstype bspline
deg 1
curv2 1034 1035
parm u 0 0 9.2888148569999984 9.2888148569999984
end
vp 195.27965196600002 -36.691459608999999
vp 197.27965196600002 -36.691459608999999
cstype bspline
deg 1
curv2 1036 1037
parm u 0 0 1.9999999999999996 1.9999999999999996
end
vp 197.27965196600002 -36.691459608999999
vp 197.27965196600002 -37.024792943000001
vp 197.27965196600002 -37.358126276
vp 197.27965196600002 -37.691459608999999
cstype bspline
deg 3
curv2 1038 1039 1040 1041
parm u 0 0 0 0 1 1 1 1
end
vp 197.27965196600002 -37.691459608999999
vp 196.612985299 -38.500592156000003
vp 195.94631863200001 -39.309724701999997
vp 195.27965196600002 -40.118857249000001
cstype bspline
deg 3
curv2 1042 1043 1044 1045
parm u 0 0 0 0 3.1451962264185624 3.1451962264185624 3.1451962264185624 3.1451962264185624
end
vp 195.27965196600002 -40.118857249000001
vp 195.27965196600002 -42.554733255999999
cstype bspline
deg 1
curv2 1046 1047
parm u 0 0 2.4358760070000001 2.4358760070000001
end
vp 195.27965196600002 -42.554733255999999
vp 195.829651966 -42.554733255999999
cstype bspline
deg 1
curv2 1048 1049
parm u 0 0 0.54999999999999982 0.54999999999999982
end
vp 195.829651966 -42.554733255999999
vp 195.895763716 -42.554733255999999
vp 195.96031575500001 -42.568329605000002
vp 196.02111607500001 -42.593349160999999
vp 196.08191639500001 -42.618368717000003
vp 196.137923774 -42.654806581999999
vp 196.18403430100003 -42.700950616999997
vp 196.276255354 -42.793238688000002
vp 196.329651966 -42.924625988000003
vp 196.329651966 -43.054733255999999
cstype bspline
deg 3
curv2 1050 1051 1052 1053 1054 1055 1056 1057 1058 1059
parm u 0 0 0 0 0.19782704157994896 0.19782704157994896 0.19782704157994896 0.39562503635135426 0.39562503635135426 0.39562503635135426 0.79802316825363806 0.79802316825363806 0.79802316825363806 0.79802316825363806
end
vp 196.329651966 -43.054733255999999
vp 196.329651966 -48.554733255999999
cstype bspline
deg 1
curv2 1060 1061
parm u 0 0 5.5 5.5
end
vp 196.329651966 -48.554733255999999
vp 196.329651966 -48.620845005999996
vp 196.316055616 -48.685397045000002
vp 196.29103606000001 -48.746197365
vp 196.26601650500001 -48.806997684999999
vp 196.22957864 -48.863005065000003
vp 196.18343460400001 -48.909115591000003
vp 196.091146533 -49.001336643999998
vp 195.95975923400002 -49.054733255999999
vp 195.829651966 -49.054733255999999
cstype bspline
deg 3
curv2 1062 1063 1064 1065 1066 1067 1068 1069 1070 1071
parm u 0 0 0 0 0.19782704178605273 0.19782704178605273 0.19782704178605273 0.39562503701564677 0.39562503701564677 0.39562503701564677 0.79802316799151396 0.79802316799151396 0.79802316799151396 0.79802316799151396
end
vp 195.829651966 -49.054733255999999
vp 195.27965196600002 -49.054733255999999
cstype bspline
deg 1
curv2 1072 1073
parm u 0 0 0.54999999999999982 0.54999999999999982
end
vp 195.27965196600002 -49.054733255999999
vp 195.27965196600002 -55.954733255999997
cstype bspline
deg 1
curv2 1074 1075
parm u 0 0 6.9000000000000012 6.9000000000000012
end
vp 195.27965196600002 -55.954733255999997
vp 195.829651966 -55.954733255999997
cstype bspline
deg 1
curv2 1076 1077
parm u 0 0 0.54999999999999982 0.54999999999999982
end
vp 195.829651966 -55.954733255999997
vp 195.895763716 -55.954733255999997
vp 195.96031575500001 -55.968329605000001
vp 196.02111607500001 -55.993349160999998
vp 196.08191639500001 -56.018368717000001
vp 196.137923774 -56.054806581999998
vp 196.18403430100003 -56.100950617000002
vp 196.276255354 -56.193238688000001
vp 196.329651966 -56.324625988000001
vp 196.329651966 -56.454733255999997
cstype bspline
deg 3
curv2 1078 1079 1080 1081 1082 1083 1084 1085 1086 1087
parm u 0 0 0 0 0.19782704157994871 0.19782704157994871 0.19782704157994871 0.39562503635135482 0.39562503635135482 0.39562503635135482 0.79802316825363928 0.79802316825363928 0.79802316825363928 0.79802316825363928
end
vp 196.329651966 -56.454733255999997
vp 196.329651966 -61.954733255999997
cstype bspline
deg 1
curv2 1088 1089
parm u 0 0 5.5 5.5
end
vp 196.329651966 -61.954733255999997
vp 196.329651966 -62.020845006000002
vp 196.316055616 -62.085397045000001
vp 196.29103606000001 -62.146197364999999
vp 196.26601650500001 -62.206997685000005
vp 196.22957864 -62.263005065000002
vp 196.18343460400001 -62.309115591000001
vp 196.091146533 -62.401336643999997
vp 195.95975923400002 -62.454733255999997
vp 195.829651966 -62.454733255999997
cstype bspline
deg 3
curv2 1090 1091 1092 1093 1094 1095 1096 1097 1098 1099
parm u 0 0 0 0 0.19782704178605098 0.19782704178605098 0.19782704178605098 0.39562503701564666 0.39562503701564666 0.39562503701564666 0.79802316799151363 0.79802316799151363 0.79802316799151363 0.79802316799151363
end
vp 195.829651966 -62.454733255999997
vp 195.27965196600002 -62.454733255999997
cstype bspline
deg 1
curv2 1100 1101
parm u 0 0 0.54999999999999982 0.54999999999999982
end
vp 195.27965196600002 -62.454733255999997
vp 195.27965196600002 -69.430000000000007
cstype bspline
deg 1
curv2 1102 1103
parm u 0 0 6.9752667439999989 6.9752667439999989
end
vp 195.27965196600002 -69.430000000000007
vp 195.47965196600001 -69.430000000000007
cstype bspline
deg 1
curv2 1104 1105
parm u 0 0 0.19999999999999973 0.19999999999999973
end
vp 195.47965196600001 -69.430000000000007
vp 195.61188038500001 -69.430000421000003
vp 195.74114389000002 -69.456989096000001
vp 195.86255901600001 -69.507050492000005
vp 195.923266579 -69.53208119
vp 195.98093883200002 -69.562529726999998
vp 196.03551568700001 -69.598503354999991
vp 196.09009254200001 -69.634476984000003
vp 196.14187380800001 -69.676442160999997
vp 196.18795828200001 -69.722614254000007
vp 196.372296175 -69.907302625
vp 196.47965196600001 -70.169784229000001
vp 196.47965196600001 -70.430000000000007
cstype bspline
deg 3
curv2 1106 1107 1108 1109 1110 1111 1112 1113 1114 1115 1116 1117 1118
parm u 0 0 0 0 0.39561011619567832 0.39561011619567832 0.39561011619567832 0.59185825082742649 0.59185825082742649 0.59185825082742649 0.7891108344505936 0.7891108344505936 0.7891108344505936 1.5938551759407384 1.5938551759407384 1.5938551759407384 1.5938551759407384
end
vp 196.47965196600001 -70.430000000000007
vp 196.47965196600001 -77.170000000000002
cstype bspline
deg 1
curv2 1119 1120
parm u 0 0 6.740000000000002 6.740000000000002
end
vp 196.47965196600001 -77.170000000000002
vp 196.47965196600001 -77.244256535000005
vp 196.47096918100002 -77.317288818999998
vp 196.454731506 -77.388681738999992
vp 196.43849383100002 -77.460074657999996
vp 196.41424795600003 -77.530777856
vp 196.38316670900002 -77.597355248
cstype bspline
deg 3
curv2 1121 1122 1123 1124 1125 1126 1127
parm u 0 0 0 0 0.22101934900073239 0.22101934900073239 0.22101934900073239 0.44245559156949116 0.44245559156949116 0.44245559156949116 0.44245559156949116
end
vp 196.38316670900002 -77.597355248
vp 212.23066302400002 -77.597355248
cstype bspline
deg 1
curv2 1128 1129
parm u 0 0 15.847496314999999 15.847496314999999
end
v 75.785899918551195 1.7047788942000182 -121.38914573027776
v 75.785899918551195 22.046232163799999 -121.38914573027776
v 136.01979251375121 1.7047788942000182 -121.38914573027776
v 136.01979251375121 22.046232163799999 -121.38914573027776
cstype bspline
deg 1 1
surf 193.58443086020003 213.92588412980001 -82.616946297600009 -22.383053702399998 215 216 217 218
parm u 193.58443086020003 193.58443086020003 213.92588412980001 213.92588412980001
parm v -82.616946297600009 -82.616946297600009 -22.383053702399998 -22.383053702399998
trim 0 50.194710495999999 333 0 16.951011057999999 334 0 9.2888148569999984 335 0 1.9999999999999996 336 0 1 337 0 3.1451962264185624 338 0 2.4358760070000001 339 0 0.54999999999999982 340 0 0.79802316825363806 341 0 5.5 342 0 0.79802316799151396 343 0 0.54999999999999982 344 0 6.9000000000000012 345 0 0.54999999999999982 346 0 0.79802316825363928 347 0 5.5 348 0 0.79802316799151363 349 0 0.54999999999999982 350 0 6.9752667439999989 351 0 0.19999999999999973 352 0 1.5938551759407384 353 0 6.740000000000002 354 0 0.44245559156949116 355 0 15.847496314999999 356
end
# - trim loop
vp -8.4755055289999994 36.378863652999996
vp -8.4755055289999994 -13.815846842999999
cstype bspline
deg 1
curv2 1130 1131
parm u -50.194710495999999 -50.194710495999999 -0 -0
end
vp -8.4755055289999994 -13.815846842999999
vp 8.4755055289999994 -13.815846842999999
cstype bspline
deg 1
curv2 1132 1133
parm u -16.951011057999999 -16.951011057999999 -0 -0
end
vp 8.4755055289999994 -13.815846842999999
vp 8.4755055289999994 36.378863652999996
cstype bspline
deg 1
curv2 1134 1135
parm u -50.194710495999999 -50.194710495999999 -0 -0
end
vp 8.4755055289999994 36.378863652999996
vp -8.4755055289999994 36.378863652999996
cstype bspline
deg 1
curv2 1136 1137
parm u -16.951011057999999 -16.951011057999999 -0 -0
end
v 136.01979251375121 22.046232163800006 -177.61327900127776
v 136.01979251375121 1.7047788942000057 -177.61327900127776
v 75.785899918551195 22.046232163800006 -177.61327900127776
v 75.785899918551195 1.7047788942000057 -177.61327900127776
cstype bspline
deg 1 1
surf -10.170726634799999 10.170726634799999 -18.835437892599998 41.398454702599999 219 220 221 222
parm u -10.170726634799999 -10.170726634799999 10.170726634799999 10.170726634799999
parm v -18.835437892599998 -18.835437892599998 41.398454702599999 41.398454702599999
trim -50.194710495999999 -0 357 -16.951011057999999 -0 358 -50.194710495999999 -0 359 -16.951011057999999 -0 360
end
# - trim loop
vp 88.715300583000001 137.89271649
vp 88.715300583000001 139.79271649
cstype bspline
deg 1
curv2 1138 1139
parm u 0 0 1.9000000000000021 1.9000000000000021
end
vp 88.715300583000001 139.79271649
vp 87.89857588000001 139.79271649
cstype bspline
deg 1
curv2 1140 1141
parm u 0 0 0.81672470299999844 0.81672470299999844
end
vp 87.89857588000001 139.79271649
vp 87.89857588000001 137.89271649
cstype bspline
deg 1
curv2 1142 1143
parm u 0 0 1.9000000000000021 1.9000000000000021
end
vp 87.89857588000001 137.89271649
vp 88.715300583000001 137.89271649
cstype bspline
deg 1
curv2 1144 1145
parm u 0 0 0.81672470299999844 0.81672470299999844
end
v 80.914638686451184 3.4000000000000052 -119.29902573027775
v 78.734329042851186 3.4000000000000052 -119.29902573027775
v 80.914638686451184 3.4000000000000052 -121.57926573027777
v 78.734329042851186 3.4000000000000052 -121.57926573027777
cstype bspline
deg 1 1
surf 87.216783409700014 89.397093053300011 137.70259648999999 139.98283649000001 223 224 225 226
parm u 87.216783409700014 87.216783409700014 89.397093053300011 89.397093053300011
parm v 137.70259648999999 137.70259648999999 139.98283649000001 139.98283649000001
trim 0 1.9000000000000021 361 0 0.81672470299999844 362 0 1.9000000000000021 363 0 0.81672470299999844 364
end
# - trim loop
vp 52.283309136 139.79271649
vp 49.847433129000002 139.79271649
cstype bspline
deg 1
curv2 1146 1147
parm u 0 0 2.4358760070000001 2.4358760070000001
end
vp 49.847433129000002 139.79271649
vp 49.847433129000002 137.89271649
cstype bspline
deg 1
curv2 1148 1149
parm u 0 0 1.9000000000000021 1.9000000000000021
end
vp 49.847433129000002 137.89271649
vp 52.283309136 137.89271649
cstype bspline
deg 1
curv2 1150 1151
parm u 0 0 2.4358760070000001 2.4358760070000001
end
vp 52.283309136 137.89271649
vp 52.283309136 139.79271649
cstype bspline
deg 1
curv2 1152 1153
parm u 0 0 1.9000000000000021 1.9000000000000021
end
v 118.52769656785119 3.4000000000000052 -119.29902573027775
v 115.60440535945119 3.4000000000000052 -119.29902573027775
v 118.52769656785119 3.4000000000000052 -121.57926573027777
v 115.60440535945119 3.4000000000000052 -121.57926573027777
cstype bspline
deg 1 1
surf 49.603725528299996 52.527016736700006 137.70259648999999 139.98283649000001 227 228 229 230
parm u 49.603725528299996 49.603725528299996 52.527016736700006 52.527016736700006
parm v 137.70259648999999 137.70259648999999 139.98283649000001 139.98283649000001
trim 0 2.4358760070000001 365 0 1.9000000000000021 366 0 2.4358760070000001 367 0 1.9000000000000021 368
end
# - trim loop
vp -0.44644660999999974 7.6310022949999983
vp -0.44644660999999974 5.7310022949999961
cstype bspline
deg 1
curv2 1154 1155
parm u 0 0 1.9000000000000021 1.9000000000000021
end
vp -0.44644660999999974 5.7310022949999961
vp 0.10355339000000008 5.7310022949999961
cstype bspline
deg 1
curv2 1156 1157
parm u 0 0 0.54999999999999982 0.54999999999999982
end
vp 0.10355339000000008 5.7310022949999961
vp 0.10355339000000008 7.6310022949999983
cstype bspline
deg 1
curv2 1158 1159
parm u 0 0 1.9000000000000021 1.9000000000000021
end
vp 0.10355339000000008 7.6310022949999983
vp -0.44644660999999974 7.6310022949999983
cstype bspline
deg 1
curv2 1160 1161
parm u 0 0 0.54999999999999982 0.54999999999999982
end
v 109.3481129601512 4.6051200000000048 -119.29902573027775
v 109.3481129601512 2.7448800000000051 -119.29902573027775
v 109.3481129601512 4.6051200000000048 -121.57926573027775
v 109.3481129601512 2.7448800000000051 -121.57926573027775
cstype bspline
deg 1 1
surf -1.1015666099999999 0.75867339000000034 5.5408822949999958 7.8211222949999986 231 232 233 234
parm u -1.1015666099999999 -1.1015666099999999 0.75867339000000034 0.75867339000000034
parm v 5.5408822949999958 5.5408822949999958 7.8211222949999986 7.8211222949999986
trim 0 1.9000000000000021 369 0 0.54999999999999982 370 0 1.9000000000000021 371 0 0.54999999999999982 372
end
# - trim loop
vp -0.44644660999999974 7.6310022949999983
vp -0.44644660999999974 5.7310022949999961
cstype bspline
deg 1
curv2 1162 1163
parm u 0 0 1.9000000000000021 1.9000000000000021
end
vp -0.44644660999999974 5.7310022949999961
vp 0.10355339000000008 5.7310022949999961
cstype bspline
deg 1
curv2 1164 1165
parm u 0 0 0.54999999999999982 0.54999999999999982
end
vp 0.10355339000000008 5.7310022949999961
vp 0.10355339000000008 7.6310022949999983
cstype bspline
deg 1
curv2 1166 1167
parm u 0 0 1.9000000000000021 1.9000000000000021
end
vp 0.10355339000000008 7.6310022949999983
vp -0.44644660999999974 7.6310022949999983
cstype bspline
deg 1
curv2 1168 1169
parm u 0 0 0.54999999999999982 0.54999999999999982
end
v 95.948112960151207 4.6051200000000048 -119.29902573027775
v 95.948112960151207 2.7448800000000051 -119.29902573027775
v 95.948112960151207 4.6051200000000048 -121.57926573027775
v 95.948112960151207 2.7448800000000051 -121.57926573027775
cstype bspline
deg 1 1
surf -1.1015666099999999 0.75867339000000034 5.5408822949999958 7.8211222949999986 235 236 237 238
parm u -1.1015666099999999 -1.1015666099999999 0.75867339000000034 0.75867339000000034
parm v 5.5408822949999958 5.5408822949999958 7.8211222949999986 7.8211222949999986
trim 0 1.9000000000000021 373 0 0.54999999999999982 374 0 1.9000000000000021 375 0 0.54999999999999982 376
end
# - trim loop
vp -0.47999999999999998 7.6310022949999983
vp -0.47999999999999998 5.7310022949999961
cstype bspline
deg 1
curv2 1170 1171
parm u 0 0 1.9000000000000021 1.9000000000000021
end
vp -0.47999999999999998 5.7310022949999961
vp -0.28000000000000025 5.7310022949999961
cstype bspline
deg 1
curv2 1172 1173
parm u 0 0 0.19999999999999973 0.19999999999999973
end
vp -0.28000000000000025 5.7310022949999961
vp -0.28000000000000025 7.6310022949999983
cstype bspline
deg 1
curv2 1174 1175
parm u 0 0 1.9000000000000021 1.9000000000000021
end
vp -0.28000000000000025 7.6310022949999983
vp -0.47999999999999998 7.6310022949999983
cstype bspline
deg 1
curv2 1176 1177
parm u 0 0 0.19999999999999973 0.19999999999999973
end
v 80.232846216151202 4.220120000000005 -119.29902573027775
v 80.232846216151202 2.7798800000000048 -119.29902573027775
v 80.232846216151202 4.220120000000005 -121.57926573027775
v 80.232846216151202 2.7798800000000048 -121.57926573027775
cstype bspline
deg 1 1
surf -1.1001200000000002 0.34011999999999998 5.5408822949999958 7.8211222949999986 239 240 241 242
parm u -1.1001200000000002 -1.1001200000000002 0.34011999999999998 0.34011999999999998
parm v 5.5408822949999958 5.5408822949999958 7.8211222949999986 7.8211222949999986
trim 0 1.9000000000000021 377 0 0.19999999999999973 378 0 1.9000000000000021 379 0 0.19999999999999973 380
end
# - trim loop
vp 1.5707963267948966 18.646232163800011
vp 1.5707963267948966 15.216850837800015
cstype bspline
deg 1
curv2 1178 1179
parm u 0 0 3.4293813259999979 3.4293813259999979
end
vp 1.5707963267948966 15.216850837800015
vp 1.5979922414403918 15.19226657522468
vp 1.6173079420041343 15.163505160373521
vp 1.6588294823286154 15.09090736159308
vp 1.6772469594332395 15.047811531768296
vp 1.7141058481178066 14.948953332922303
vp 1.7308482184886136 14.893617267463759
vp 1.7631496765343924 14.772696935640461
vp 1.7778638585215578 14.707371393096206
vp 1.7910086376796426 14.641583954800007
cstype bspline
deg 3
curv2 1180 1181 1182 1183 1184 1185 1186 1187 1188 1189
parm u 0 0 0 0 0.19045530503631208 0.19045530503631208 0.44169912983008214 0.44169912983008214 0.7496986323276259 0.7496986323276259 1.1057586604364218 1.1057586604364218 1.1057586604364218 1.1057586604364218
end
vp 1.7910086376796426 14.641583954800007
vp 1.7913089085217695 14.643063930853547
vp 1.7916091500497104 14.6445439128531
vp 1.7919093622657951 14.646023900800008
cstype bspline
deg 3
curv2 1190 1191 1192 1193
parm u 0 0 0 0 0.0059104076809342564 0.0059104076809342564 0.0059104076809342564 0.0059104076809342564
end
vp 1.7919093622657951 14.646023900800008
vp 1.8187738367229929 14.521295959684418
vp 1.8397878743891012 14.395837042503224
vp 1.8769251575803971 14.12762791033834
vp 1.8919099630524845 13.985428724170063
vp 1.9033172833785279 13.842668016450139
cstype bspline
deg 3
curv2 1194 1195 1196 1197 1198 1199
parm u 0 0 0 0 0.41929035159480049 0.41929035159480049 0.89021073466141709 0.89021073466141709 0.89021073466141709 0.89021073466141709
end
vp 1.9033172833785279 13.842668016450139
vp 1.9098559225870557 13.760838039360221
vp 1.9151789282291394 13.678954120793266
vp 1.9193715704984011 13.596971244394444
cstype bspline
deg 3
curv2 1200 1201 1202 1203
parm u 0.89021073466141709 0.89021073466141709 0.89021073466141709 0.89021073466141709 1.1603879468556586 1.1603879468556586 1.1603879468556586 1.1603879468556586
end
vp 1.9193715704984011 13.596971244394444
vp 1.9237228907870254 13.511885579917733
vp 1.9268527365077648 13.42678032113489
vp 1.928802667011549 13.341606155574045
cstype bspline
deg 3
curv2 1204 1205 1206 1207
parm u 1.1603879468556586 1.1603879468556586 1.1603879468556586 1.1603879468556586 1.4407948354892333 1.4407948354892333 1.4407948354892333 1.4407948354892333
end
vp 1.928802667011549 13.341606155574045
vp 1.9307548121419726 13.256335253756879
vp 1.9315350118849206 13.171078524335147
vp 1.931110713723929 13.085786028800014
cstype bspline
deg 3
curv2 1208 1209 1210 1211
parm u 1.4407948354892333 1.4407948354892333 1.4407948354892333 1.4407948354892333 1.721526242856886 1.721526242856886 1.721526242856886 1.721526242856886
end
vp 1.931110713723929 13.085786028800014
vp 1.931118160964256 1.695221105800012
cstype bspline
deg 1
curv2 1212 1213
parm u 0 0 11.390564923049073 11.390564923049073
end
vp 1.931118160964256 1.695221105800012
vp 3.1415926535897931 1.6952211058000113
cstype bspline
deg 1
curv2 1214 1215
parm u 0 0 5.482973015713922 5.482973015713922
end
vp 3.1415926535897931 1.6952211058000113
vp 3.1415926535897931 18.646232163800011
cstype bspline
deg 1
curv2 1216 1217
parm u 0 0 16.951011057999999 16.951011057999999
end
vp 3.1415926535897931 18.646232163800011
vp 1.5707963267948966 18.646232163800011
cstype bspline
deg 1
curv2 1218 1219
parm u 0 0 7.0222935599545853 7.0222935599545853
end
v 157.42755818015121 3.7047788941999933 -170.64512297227776 1
v 161.8980891081512 3.7047788941999933 -170.64512297227776 0.70710678118654757
v 161.8980891081512 3.7047788941999933 -175.11565390027775 1
v 161.8980891081512 3.7047788941999933 -179.58618482827774 0.70710678118654757
v 157.42755818015121 3.7047788941999933 -179.58618482827774 1
v 152.95702725215122 3.7047788941999933 -179.58618482827774 0.70710678118654757
v 152.95702725215122 3.7047788941999933 -175.11565390027775 1
v 152.95702725215122 3.7047788941999933 -170.64512297227776 0.70710678118654757
v 157.42755818015121 3.7047788941999933 -170.64512297227776 1
v 157.42755818015121 24.046232163800031 -170.64512297227776 1
v 161.8980891081512 24.046232163800031 -170.64512297227776 0.70710678118654757
v 161.8980891081512 24.046232163800031 -175.11565390027775 1
v 161.8980891081512 24.046232163800031 -179.58618482827774 0.70710678118654757
v 157.42755818015121 24.046232163800031 -179.58618482827774 1
v 152.95702725215122 24.046232163800031 -179.58618482827774 0.70710678118654757
v 152.95702725215122 24.046232163800031 -175.11565390027775 1
v 152.95702725215122 24.046232163800031 -170.64512297227776 0.70710678118654757
v 157.42755818015121 24.046232163800031 -170.64512297227776 1
cstype rat bspline
deg 2 1
surf 0 6.2831853071795862 0 20.341453269600038 243 244 245 246 247 248 249 250 251 252 253 254 255 256 257 258 259 260
parm u 0 0 0 1.5707963267948966 1.5707963267948966 3.1415926535897931 3.1415926535897931 4.7123889803846897 4.7123889803846897 6.2831853071795862 6.2831853071795862 6.2831853071795862
parm v 0 0 20.341453269600038 20.341453269600038
trim 0 3.4293813259999979 381 0 1.1057586604364218 382 0 0.0059104076809342564 383 0 0.89021073466141709 384 0.89021073466141709 1.1603879468556586 385 1.1603879468556586 1.4407948354892333 386 1.4407948354892333 1.721526242856886 387 0 11.390564923049073 388 0 5.482973015713922 389 0 16.951011057999999 390 0 7.0222935599545853 391
end
# - trim loop
vp 0.038227327999998575 0.6875
vp 0.35803874599999752 0.6875
cstype bspline
deg 1
curv2 1220 1221
parm u 0.038227327999998575 0.038227327999998575 0.35803874599999752 0.35803874599999752
end
vp 0.35803874599999752 0.6875
vp 0.35803874599999691 0.95492050690269825
cstype bspline
deg 1
curv2 1222 1223
parm u 4.2326056409223298 4.2326056409223298 5.9944288756359727 5.9944288756359727
end
vp 0.35803874599999691 0.95492050690269825
vp 0.038227328000000171 0.95492050690269825
cstype bspline
deg 1
curv2 1224 1225
parm u 0 0 0.80390817899999689 0.80390817899999689
end
vp 0.038227328000000171 0.95492050690269825
vp 0.038227327999998575 0.6875
cstype bspline
deg 1
curv2 1226 1227
parm u 0 0 1.7648719304295546 1.7648719304295546
end
v 72.498938037151191 4.8473962630000047 -138.72826136127776
v 73.30284621615121 4.8473962630000047 -138.72826136127776
v 72.498938037151191 4.8087816760000051 -138.67085018527774
v 73.30284621615121 4.8087816760000051 -138.67085018527774
v 72.498938037151191 4.7676018460000051 -138.61476380727777
v 73.30284621615121 4.7676018460000051 -138.61476380727777
v 72.498938037151191 4.723882375000005 -138.56018597327775
v 73.30284621615121 4.723882375000005 -138.56018597327775
v 72.498938037151191 4.7015397240000052 -138.53306757827775
v 73.30284621615121 4.7015397240000052 -138.53306757827775
v 72.498938037151191 4.678551494000005 -138.50634071927774
v 73.30284621615121 4.678551494000005 -138.50634071927774
v 72.498938037151191 4.6549212170000054 -138.48003032927775
v 73.30284621615121 4.6549212170000054 -138.48003032927775
v 72.498938037151191 4.630957849000005 -138.45385244027776
v 73.30284621615121 4.630957849000005 -138.45385244027776
v 72.498938037151191 4.6063463120000048 -138.42810388327774
v 73.30284621615121 4.6063463120000048 -138.42810388327774
v 72.498938037151191 4.5810907570000055 -138.40281099127776
v 73.30284621615121 4.5810907570000055 -138.40281099127776
v 72.498938037151191 4.5553150700000051 -138.37750082427775
v 73.30284621615121 4.5553150700000051 -138.37750082427775
v 72.498938037151191 4.5291255840000053 -138.35290192227777
v 73.30284621615121 4.5291255840000053 -138.35290192227777
v 72.498938037151191 4.5025554110000048 -138.32901211327777
v 73.30284621615121 4.5025554110000048 -138.32901211327777
v 72.498938037151191 4.4759265430000053 -138.30552514427777
v 73.30284621615121 4.4759265430000053 -138.30552514427777
v 72.498938037151191 4.4489279450000048 -138.28272534327775
v 73.30284621615121 4.4489279450000048 -138.28272534327775
v 72.498938037151191 4.4215899220000052 -138.26061076027776
v 73.30284621615121 4.4215899220000052 -138.26061076027776
v 72.498938037151191 4.3667774860000055 -138.21748272627775
v 73.30284621615121 4.3667774860000055 -138.21748272627775
v 72.498938037151191 4.3106364470000047 -138.17697132227775
v 73.30284621615121 4.3106364470000047 -138.17697132227775
v 72.498938037151191 4.2533815460000053 -138.13906997327774
v 73.30284621615121 4.2533815460000053 -138.13906997327774
v 72.498938037151191 4.195957737000005 -138.10241977427776
v 73.30284621615121 4.195957737000005 -138.10241977427776
v 72.498938037151191 4.1374008470000048 -138.06824237827774
v 73.30284621615121 4.1374008470000048 -138.06824237827774
v 72.498938037151191 4.0778980100000055 -138.03654984927775
v 73.30284621615121 4.0778980100000055 -138.03654984927775
v 72.498938037151191 4.0181601640000046 -138.00593281827776
v 73.30284621615121 4.0181601640000046 -138.00593281827776
v 72.498938037151191 3.957410797000005 -137.97770531227775
v 73.30284621615121 3.957410797000005 -137.97770531227775
v 72.498938037151191 3.8958176720000051 -137.95190211327775
v 73.30284621615121 3.8958176720000051 -137.95190211327775
v 72.498938037151191 3.8338650610000049 -137.92706680227775
v 73.30284621615121 3.8338650610000045 -137.92706680227775
v 72.498938037151191 3.7709707010000053 -137.90460882227777
v 73.30284621615121 3.7709707010000053 -137.90460882227777
v 72.498938037151191 3.7072889590000053 -137.88458860327776
v 73.30284621615121 3.7072889590000053 -137.88458860327776
v 72.498938037151191 3.6430829850000053 -137.86550569127775
v 73.30284621615121 3.6430829850000053 -137.86550569127775
v 72.498938037151191 3.5779700940000052 -137.84886821427776
v 73.30284621615121 3.5779700940000052 -137.84886821427776
v 72.498938037151191 3.5120965970000051 -137.83476589727775
v 73.30284621615121 3.5120965970000051 -137.83476589727775
v 72.498938037151206 3.4749775670000052 -137.82745902027776
v 73.30284621615121 3.4749775670000052 -137.82745902027776
v 72.498938037151206 3.4375820070000049 -137.82096204127777
v 73.30284621615121 3.4375820070000049 -137.82096204127777
v 72.498938037151206 3.399935096000005 -137.81529646327775
v 73.30284621615121 3.399935096000005 -137.81529646327775
cstype bspline
deg 1 3
surf 0.038227327999997424 0.35803874600000002 0.6875 0.95492050699999997 261 262 263 264 265 266 267 268 269 270 271 272 273 274 275 276 277 278 279 280 281 282 283 284 285 286 287 288 289 290 291 292 293 294 295 296 297 298 299 300 301 302 303 304 305 306 307 308 309 310 311 312 313 314 315 316 317 318 319 320 321 322 323 324 325 326 327 328
parm u 0.038227327999997424 0.038227327999997424 0.35803874600000002 0.35803874600000002
parm v 0.6875 0.6875 0.6875 0.6875 0.71875 0.71875 0.71875 0.734375 0.734375 0.734375 0.75 0.75 0.75 0.765625 0.765625 0.765625 0.78125 0.78125 0.78125 0.8125 0.8125 0.8125 0.84375 0.84375 0.84375 0.875 0.875 0.875 0.90625 0.90625 0.90625 0.9375 0.9375 0.9375 0.95492050699999997 0.95492050699999997 0.95492050699999997 0.95492050699999997
trim 0.038227327999998575 0.35803874599999752 392 4.2326056409223298 5.9944288756359727 393 0 0.80390817899999689 394 0 1.7648719304295546 395
end
# - trim loop
vp 0.03822732799999852 0.3125
vp 0.038227328000000109 0.045048600068930023
cstype bspline
deg 1
curv2 1228 1229
parm u 1.2119430111205225 1.2119430111205225 2.9898350545078105 2.9898350545078105
end
vp 0.038227328000000109 0.045048600068930023
vp 0.35803874599999902 0.045048600068917269
cstype bspline
deg 1
curv2 1230 1231
parm u 0 0 0.80390817899999689 0.80390817899999689
end
vp 0.35803874599999902 0.045048600068917269
vp 0.35803874599999841 0.3125
cstype bspline
deg 1
curv2 1232 1233
parm u 0 0 1.7620264814583722 1.7620264814583722
end
vp 0.35803874599999841 0.3125
vp 0.03822732799999852 0.3125
cstype bspline
deg 1
curv2 1234 1235
parm u -0.35803874600000002 -0.35803874600000002 -0.038227328000005917 -0.038227328000005917
end
v 72.498938037151191 3.3999347060000051 -141.96286174227777
v 73.302846216151181 3.3999347060000051 -141.96286174227777
v 72.498938037151191 3.4376099360000052 -141.95716399927775
v 73.302846216151181 3.4376099360000052 -141.95716399927775
v 72.498938037151191 3.4750239880000051 -141.95063386927777
v 73.302846216151195 3.4750239880000051 -141.95063386927777
v 72.498938037151191 3.5121519090000053 -141.94329424327776
v 73.30284621615121 3.5121519090000053 -141.94329424327776
v 72.498938037151191 3.5778711760000053 -141.92917229927775
v 73.30284621615121 3.5778711760000053 -141.92917229927775
v 72.498938037151191 3.6428211900000051 -141.91253201827774
v 73.30284621615121 3.6428211900000051 -141.91253201827774
v 72.498938037151191 3.706855908000005 -141.89346705827776
v 73.30284621615121 3.706855908000005 -141.89346705827776
v 72.498938037151191 3.7703399110000051 -141.87348569627775
v 73.30284621615121 3.7703399110000051 -141.87348569627775
v 72.498938037151191 3.8330437060000051 -141.85108829227775
v 73.30284621615121 3.8330437060000047 -141.85108829227775
v 72.498938037151191 3.8948116900000049 -141.82633703927775
v 73.30284621615121 3.8948116900000049 -141.82633703927775
v 72.498938037151191 3.9562150020000053 -141.80063729327776
v 73.30284621615121 3.9562150020000058 -141.80063729327776
v 72.498938037151191 4.0167935510000046 -141.77253391127775
v 73.30284621615121 4.0167935510000046 -141.77253391127775
v 72.498938037151191 4.0763773420000051 -141.74206168827774
v 73.30284621615121 4.0763773420000051 -141.74206168827774
v 72.498938037151191 4.1357392190000049 -141.71052652927776
v 73.30284621615121 4.1357392190000049 -141.71052652927776
v 72.498938037151191 4.1941833580000054 -141.67652080827776
v 73.30284621615121 4.1941833580000054 -141.67652080827776
v 72.498938037151191 4.2515197020000048 -141.64005467527775
v 73.30284621615121 4.2515197020000048 -141.64005467527775
v 72.498938037151191 4.3087163910000053 -141.60233729727776
v 73.30284621615121 4.3087163910000053 -141.60233729727776
v 72.498938037151191 4.3648345290000048 -141.56201152327776
v 73.30284621615121 4.3648345290000048 -141.56201152327776
v 72.498938037151191 4.4196555680000049 -141.51906637627775
v 73.30284621615121 4.4196555680000049 -141.51906637627775
v 72.498938037151191 4.4470136630000052 -141.49703617827777
v 73.30284621615121 4.4470136630000052 -141.49703617827777
v 72.498938037151191 4.4740416780000052 -141.47431712527776
v 73.30284621615121 4.4740416780000052 -141.47431712527776
v 72.498938037151191 4.5007086750000047 -141.45090643827774
v 73.30284621615121 4.5007086750000047 -141.45090643827774
v 72.498938037151191 4.5273288630000055 -141.42708452327776
v 73.30284621615121 4.5273288630000055 -141.42708452327776
v 72.498938037151191 4.5535777260000048 -141.40254661227775
v 73.30284621615121 4.5535777260000048 -141.40254661227775
v 72.498938037151191 4.5794213420000052 -141.37728950427777
v 73.30284621615121 4.5794213420000052 -141.37728950427777
v 72.498938037151191 4.6049082590000054 -141.35188086427775
v 73.30284621615121 4.6049082590000054 -141.35188086427775
v 72.498938037151191 4.6297366510000053 -141.32601092327775
v 73.30284621615121 4.6297366510000053 -141.32601092327775
v 72.498938037151191 4.6539026930000054 -141.29970705627775
v 73.30284621615121 4.6539026930000054 -141.29970705627775
v 72.498938037151191 4.6777255830000053 -141.27326964427775
v 73.30284621615121 4.6777255830000053 -141.27326964427775
v 72.498938037151191 4.700892086000005 -141.24641259127776
v 73.30284621615121 4.700892086000005 -141.24641259127776
v 72.498938037151191 4.7233991480000048 -141.21916181127776
v 73.30284621615121 4.7233991480000048 -141.21916181127776
v 72.498938037151191 4.7674172710000047 -141.16432283227775
v 73.30284621615121 4.7674172710000047 -141.16432283227775
v 72.498938037151191 4.8088412670000054 -141.10797409827777
v 73.30284621615121 4.8088412670000054 -141.10797409827777
v 72.498938037151191 4.8476507310000052 -141.05030626127777
v 73.30284621615121 4.8476507310000052 -141.05030626127777
cstype bspline
deg 1 3
surf 0.038227327999997424 0.35803874600000002 0.045048600000000001 0.3125 329 330 331 332 333 334 335 336 337 338 339 340 341 342 343 344 345 346 347 348 349 350 351 352 353 354 355 356 357 358 359 360 361 362 363 364 365 366 367 368 369 370 371 372 373 374 375 376 377 378 379 380 381 382 383 384 385 386 387 388 389 390 391 392 393 394 395 396
parm u 0.038227327999997424 0.038227327999997424 0.35803874600000002 0.35803874600000002
parm v 0.045048600000000001 0.045048600000000001 0.045048600000000001 0.045048600000000001 0.0625 0.0625 0.0625 0.09375 0.09375 0.09375 0.125 0.125 0.125 0.15625 0.15625 0.15625 0.1875 0.1875 0.1875 0.21875 0.21875 0.21875 0.234375 0.234375 0.234375 0.25 0.25 0.25 0.265625 0.265625 0.265625 0.28125 0.28125 0.28125 0.3125 0.3125 0.3125 0.3125
trim 1.2119430111205225 2.9898350545078105 396 0 0.80390817899999689 397 0 1.7620264814583722 398 -0.35803874600000002 -0.038227328000005917 399
end
# - trim loop
vp 0.038227327999997458 0.5
vp 0.038227327999997424 0.49481439653153275
cstype bspline
deg 1
curv2 1236 1237
parm u 3.0022989811967609 3.0022989811967609 3.0365219537250132 3.0365219537250132
end
vp 0.038227327999997424 0.49481439653153275
vp 0.03822732799999852 0.3125
cstype bspline
deg 1
curv2 1238 1239
parm u 0 0 1.2119430111205225 1.2119430111205225
end
vp 0.03822732799999852 0.3125
vp 0.35803874599999841 0.3125
cstype bspline
deg 1
curv2 1240 1241
parm u 0.038227328000005917 0.038227328000005917 0.35803874600000002 0.35803874600000002
end
vp 0.35803874599999841 0.3125
vp 0.35803874599999796 0.5
cstype bspline
deg 1
curv2 1242 1243
parm u 1.7620264814583722 1.7620264814583722 2.9973162027257785 2.9973162027257785
end
vp 0.35803874599999796 0.5
vp 0.038227327999997458 0.5
cstype bspline
deg 1
curv2 1244 1245
parm u -0.35803874599999796 -0.35803874599999796 -0.038227327999997458 -0.038227327999997458
end
v 72.498938037151191 4.8476507310000052 -141.05030626127777
v 73.30284621615121 4.8476507310000052 -141.05030626127777
v 72.498938037151191 4.8852184590000052 -140.99228518827775
v 73.30284621615121 4.8852184590000052 -140.99228518827775
v 72.498938037151191 4.9202326540000048 -140.93299438927775
v 73.30284621615121 4.9202326540000048 -140.93299438927775
v 72.498938037151191 4.9526709910000051 -140.87260554127775
v 73.30284621615121 4.9526709910000051 -140.87260554127775
v 72.498938037151191 4.9839531420000052 -140.81191108227776
v 73.30284621615121 4.9839531420000052 -140.81191108227776
v 72.498938037151191 5.0127101030000052 -140.75013469527775
v 73.30284621615121 5.0127101030000052 -140.75013469527775
v 72.498938037151191 5.0389117150000047 -140.68743393527777
v 73.30284621615121 5.0389117150000047 -140.68743393527777
v 72.498938037151191 5.0640194330000048 -140.62443286927777
v 73.30284621615121 5.0640194330000048 -140.62443286927777
v 72.498938037151191 5.0866027060000052 -140.56050053227776
v 73.30284621615121 5.0866027060000052 -140.56050053227776
v 72.498938037151191 5.106619863000005 -140.49578561927777
v 73.30284621615121 5.106619863000005 -140.49578561927777
v 72.498938037151191 5.1255710650000053 -140.43074914527776
v 73.30284621615121 5.1255710650000053 -140.43074914527776
v 72.498938037151191 5.1419616680000049 -140.36491086427776
v 73.30284621615121 5.1419616680000049 -140.36491086427776
v 72.498938037151191 5.1557364400000054 -140.29841604327777
v 73.30284621615121 5.1557364400000054 -140.29841604327777
v 72.498938037151191 5.1684326540000054 -140.23156815427777
v 73.30284621615121 5.1684326540000054 -140.23156815427777
v 72.498938037151191 5.1784904190000054 -140.16404329227777
v 73.30284621615121 5.1784904190000054 -140.16404329227777
v 72.498938037151191 5.1858402320000048 -140.09598906027776
v 73.30284621615121 5.1858402320000048 -140.09598906027776
v 72.498938037151191 5.1920562260000054 -140.02755732627776
v 73.30284621615121 5.1920562260000054 -140.02755732627776
v 72.498938037151191 5.1955135200000049 -139.95858666627777
v 73.30284621615121 5.1955135200000049 -139.95858666627777
v 72.498938037151191 5.1961291430000047 -139.88923337727775
v 73.30284621615121 5.1961291430000047 -139.88923337727775
cstype bspline
deg 1 3
surf 0.038227327999997424 0.35803874600000002 0.3125 0.5 397 398 399 400 401 402 403 404 405 406 407 408 409 410 411 412 413 414 415 416 417 418 419 420 421 422 423 424 425 426 427 428 429 430 431 432 433 434
parm u 0.038227327999997424 0.038227327999997424 0.35803874600000002 0.35803874600000002
parm v 0.3125 0.3125 0.3125 0.3125 0.34375 0.34375 0.34375 0.375 0.375 0.375 0.40625 0.40625 0.40625 0.4375 0.4375 0.4375 0.46875 0.46875 0.46875 0.5 0.5 0.5 0.5
trim 3.0022989811967609 3.0365219537250132 400 0 1.2119430111205225 401 0.038227328000005917 0.35803874600000002 402 1.7620264814583722 2.9973162027257785 403 -0.35803874599999796 -0.038227327999997458 404
end
# - trim loop
vp 0.038227327999998575 0.6875
vp 0.038227327999997458 0.5
cstype bspline
deg 1
curv2 1246 1247
parm u 1.7648719304295546 1.7648719304295546 3.0022989811967609 3.0022989811967609
end
vp 0.038227327999997458 0.5
vp 0.35803874599999796 0.5
cstype bspline
deg 1
curv2 1248 1249
parm u 0.038227327999997458 0.038227327999997458 0.35803874599999796 0.35803874599999796
end
vp 0.35803874599999796 0.5
vp 0.35803874599999752 0.6875
cstype bspline
deg 1
curv2 1250 1251
parm u 2.9973162027257785 2.9973162027257785 4.2326056409223298 4.2326056409223298
end
vp 0.35803874599999752 0.6875
vp 0.038227327999998575 0.6875
cstype bspline
deg 1
curv2 1252 1253
parm u -0.35803874599999752 -0.35803874599999752 -0.038227327999998575 -0.038227327999998575
end
v 72.498938037151191 5.1961291430000047 -139.88923337727775
v 73.30284621615121 5.1961291430000047 -139.88923337727775
v 72.498938037151191 5.1955194420000055 -139.81962127727775
v 73.30284621615121 5.1955194420000055 -139.81962127727775
v 72.498938037151191 5.1920402280000051 -139.75042018627775
v 73.30284621615121 5.1920402280000051 -139.75042018627775
v 72.498938037151191 5.1857809420000054 -139.68178715627775
v 73.30284621615121 5.1857809420000054 -139.68178715627775
v 72.498938037151191 5.1783775140000055 -139.61355924827777
v 73.30284621615121 5.1783775140000055 -139.61355924827777
v 72.498938037151191 5.1682506500000054 -139.54589473527776
v 73.30284621615121 5.1682506500000054 -139.54589473527776
v 72.498938037151191 5.1554768990000053 -139.47894060727776
v 73.30284621615121 5.1554768990000053 -139.47894060727776
v 72.498938037151191 5.1416237740000055 -139.41237250127776
v 73.30284621615121 5.1416237740000055 -139.41237250127776
v 72.498938037151191 5.1251530280000051 -139.34649662427776
v 73.30284621615121 5.1251530280000051 -139.34649662427776
v 72.498938037151191 5.1061271600000051 -139.28145638427776
v 73.30284621615121 5.1061271600000051 -139.28145638427776
v 72.498938037151191 5.0860447140000051 -139.21677225027776
v 73.30284621615121 5.0860447140000051 -139.21677225027776
v 72.498938037151191 5.0634084730000053 -139.15290439127776
v 73.30284621615121 5.0634084730000053 -139.15290439127776
v 72.498938037151191 5.0382673590000051 -139.08999846927776
v 73.30284621615121 5.0382673590000051 -139.08999846927776
v 72.498938037151191 5.0120518720000051 -139.02742544027777
v 73.30284621615121 5.0120518720000051 -139.02742544027777
v 72.498938037151191 4.9833071950000054 -138.96580495727775
v 73.30284621615121 4.9833071950000054 -138.96580495727775
v 72.498938037151191 4.952070480000005 -138.90529033027775
v 73.30284621615121 4.952070480000005 -138.90529033027775
v 72.498938037151191 4.919706461000005 -138.84510831727775
v 73.30284621615121 4.919706461000005 -138.84510831727775
v 72.498938037151191 4.8848054870000048 -138.78604328527774
v 73.30284621615121 4.8848054870000048 -138.78604328527774
v 72.498938037151191 4.8473962630000047 -138.72826136127776
v 73.30284621615121 4.8473962630000047 -138.72826136127776
cstype bspline
deg 1 3
surf 0.038227327999997424 0.35803874600000002 0.5 0.6875 435 436 437 438 439 440 441 442 443 444 445 446 447 448 449 450 451 452 453 454 455 456 457 458 459 460 461 462 463 464 465 466 467 468 469 470 471 472
parm u 0.038227327999997424 0.038227327999997424 0.35803874600000002 0.35803874600000002
parm v 0.5 0.5 0.5 0.5 0.53125 0.53125 0.53125 0.5625 0.5625 0.5625 0.59375 0.59375 0.59375 0.625 0.625 0.625 0.65625 0.65625 0.65625 0.6875 0.6875 0.6875 0.6875
trim 1.7648719304295546 3.0022989811967609 405 0.038227327999997458 0.35803874599999796 406 2.9973162027257785 4.2326056409223298 407 -0.35803874599999752 -0.038227327999998575 408
end
# - trim loop
vp 72.183309136000005 139.79271649
vp 72.183309136000005 137.89271649
cstype bspline
deg 1
curv2 1254 1255
parm u 0 0 1.9000000000000021 1.9000000000000021
end
vp 72.183309136000005 137.89271649
vp 79.158575880000001 137.89271649
cstype bspline
deg 1
curv2 1256 1257
parm u 0 0 6.9752667439999989 6.9752667439999989
end
vp 79.158575880000001 137.89271649
vp 79.158575880000001 139.79271649
cstype bspline
deg 1
curv2 1258 1259
parm u 0 0 1.9000000000000021 1.9000000000000021
end
vp 79.158575880000001 139.79271649
vp 72.183309136000005 139.79271649
cstype bspline
deg 1
curv2 1260 1261
parm u 0 0 6.9752667439999989 6.9752667439999989
end
v 96.645759634551197 3.4000000000000052 -119.29902573027775
v 88.275199541751192 3.4000000000000052 -119.29902573027775
v 96.645759634551197 3.4000000000000052 -121.57926573027777
v 88.275199541751192 3.4000000000000052 -121.57926573027777
cstype bspline
deg 1 1
surf 71.4856624616 79.856222554400006 137.70259648999999 139.98283649000001 473 474 475 476
parm u 71.4856624616 71.4856624616 79.856222554400006 79.856222554400006
parm v 137.70259648999999 137.70259648999999 139.98283649000001 139.98283649000001
trim 0 1.9000000000000021 409 0 6.9752667439999989 410 0 1.9000000000000021 411 0 6.9752667439999989 412
end
# - trim loop
vp 7.6310022949999983 2.75
vp 5.7310022949999961 2.75
cstype bspline
deg 1
curv2 1262 1263
parm u 0 0 1.9000000000000021 1.9000000000000021
end
vp 5.7310022949999961 2.75
vp 5.7310022949999961 -2.7499999999999996
cstype bspline
deg 1
curv2 1264 1265
parm u 0 0 5.5 5.5
end
vp 5.7310022949999961 -2.7499999999999996
vp 7.6310022949999983 -2.7499999999999996
cstype bspline
deg 1
curv2 1266 1267
parm u 0 0 1.9000000000000021 1.9000000000000021
end
vp 7.6310022949999983 -2.7499999999999996
vp 7.6310022949999983 2.75
cstype bspline
deg 1
curv2 1268 1269
parm u 0 0 5.5 5.5
end
v 109.29799296015121 4.4500000000000055 -119.29902573027775
v 109.29799296015121 4.4500000000000055 -121.57926573027775
v 115.8982329601512 4.4500000000000055 -119.29902573027775
v 115.8982329601512 4.4500000000000055 -121.57926573027775
cstype bspline
deg 1 1
surf 5.5408822949999958 7.8211222949999986 -3.3001199999999993 3.3001199999999997 477 478 479 480
parm u 5.5408822949999958 5.5408822949999958 7.8211222949999986 7.8211222949999986
parm v -3.3001199999999993 -3.3001199999999993 3.3001199999999997 3.3001199999999997
trim 0 1.9000000000000021 413 0 5.5 414 0 1.9000000000000021 415 0 5.5 416
end
# - trim loop
vp 7.6310022949999983 2.75
vp 5.7310022949999961 2.75
cstype bspline
deg 1
curv2 1270 1271
parm u 0 0 1.9000000000000021 1.9000000000000021
end
vp 5.7310022949999961 2.75
vp 5.7310022949999961 -2.75
cstype bspline
deg 1
curv2 1272 1273
parm u 0 0 5.5 5.5
end
vp 5.7310022949999961 -2.75
vp 7.6310022949999983 -2.75
cstype bspline
deg 1
curv2 1274 1275
parm u 0 0 1.9000000000000021 1.9000000000000021
end
vp 7.6310022949999983 -2.75
vp 7.6310022949999983 2.75
cstype bspline
deg 1
curv2 1276 1277
parm u 0 0 5.5 5.5
end
v 95.897992960151214 4.4500000000000055 -119.29902573027775
v 95.897992960151214 4.4500000000000055 -121.57926573027775
v 102.4982329601512 4.4500000000000055 -119.29902573027775
v 102.4982329601512 4.4500000000000055 -121.57926573027775
cstype bspline
deg 1 1
surf 5.5408822949999958 7.8211222949999986 -3.3001199999999997 3.3001199999999997 481 482 483 484
parm u 5.5408822949999958 5.5408822949999958 7.8211222949999986 7.8211222949999986
parm v -3.3001199999999997 -3.3001199999999997 3.3001199999999997 3.3001199999999997
trim 0 1.9000000000000021 417 0 5.5 418 0 1.9000000000000021 419 0 5.5 420
end
# - trim loop
vp 7.6310022949999983 3.370000000000001
vp 5.7310022949999961 3.370000000000001
cstype bspline
deg 1
curv2 1278 1279
parm u 0 0 1.9000000000000021 1.9000000000000021
end
vp 5.7310022949999961 3.370000000000001
vp 5.7310022949999961 -3.370000000000001
cstype bspline
deg 1
curv2 1280 1281
parm u 0 0 6.740000000000002 6.740000000000002
end
vp 5.7310022949999961 -3.370000000000001
vp 7.6310022949999983 -3.370000000000001
cstype bspline
deg 1
curv2 1282 1283
parm u 0 0 1.9000000000000021 1.9000000000000021
end
vp 7.6310022949999983 -3.370000000000001
vp 7.6310022949999983 3.370000000000001
cstype bspline
deg 1
curv2 1284 1285
parm u 0 0 6.740000000000002 6.740000000000002
end
v 80.5587262161512 4.600000000000005 -119.29902573027775
v 80.5587262161512 4.600000000000005 -121.57926573027775
v 88.646966216151213 4.600000000000005 -119.29902573027775
v 88.646966216151213 4.600000000000005 -121.57926573027775
cstype bspline
deg 1 1
surf 5.5408822949999958 7.8211222949999986 -4.0441200000000048 4.0441200000000013 485 486 487 488
parm u 5.5408822949999958 5.5408822949999958 7.8211222949999986 7.8211222949999986
parm v -4.0441200000000048 -4.0441200000000048 4.0441200000000013 4.0441200000000013
trim 0 1.9000000000000021 421 0 6.740000000000002 422 0 1.9000000000000021 423 0 6.740000000000002 424
end
# - trim loop
vp 0 1.9000000000000026
vp 0 0
cstype bspline
deg 1
curv2 1286 1287
parm u 0 0 1.9000000000000021 1.9000000000000021
end
vp 0 0
vp 1.6555873561509704 0
cstype bspline
deg 1
curv2 1288 1289
parm u 0 0 1.5749339659697053 1.5749339659697053
end
vp 1.6555873561509704 0
vp 1.6555873561509706 1.900000000000003
cstype bspline
deg 1
curv2 1290 1291
parm u 0 0 1.9000000000000021 1.9000000000000021
end
vp 1.6555873561509706 1.900000000000003
vp 0 1.9000000000000026
cstype bspline
deg 1
curv2 1292 1293
parm u 0 0 1.5938551759407384 1.5938551759407384
end
v 88.972846216151197 3.6000000000000041 -119.48914573027776
v 88.972846216151197 3.8596789200000043 -119.48914573027776
v 88.758906136151211 4.3858048060000048 -119.48914573027776
v 88.232208346151197 4.6000000000000041 -119.48914573027776
v 87.972846216151197 4.600000000000005 -119.48914573027776
v 88.972846216151197 3.6000000000000036 -121.38914573027776
v 88.972846216151197 3.8596789200000043 -121.38914573027776
v 88.758906136151211 4.3858048060000048 -121.38914573027776
v 88.232208346151197 4.6000000000000041 -121.38914573027776
v 87.972846216151197 4.600000000000005 -121.38914573027776
cstype bspline
deg 3 1
surf -1.1757946887478234E-15 1.655587356150976 -4.0077012746693432E-15 1.900000000000003 489 490 491 492 493 494 495 496 497 498
parm u -1.1757946887478234E-15 -1.1757946887478234E-15 -1.1757946887478234E-15 -1.1757946887478234E-15 0.82779367807548787 1.655587356150976 1.655587356150976 1.655587356150976 1.655587356150976
parm v -4.0077012746693432E-15 -4.0077012746693432E-15 1.900000000000003 1.900000000000003
trim 0 1.9000000000000021 425 0 1.5749339659697053 426 0 1.9000000000000021 427 0 1.5938551759407384 428
end
# - trim loop
vp 0 1.8999999999999957
vp 0 0
cstype bspline
deg 1
curv2 1294 1295
parm u 0 0 1.9000000000000021 1.9000000000000021
end
vp 0 0
vp 1.6572420811327331 0
cstype bspline
deg 1
curv2 1296 1297
parm u 0 0 1.5751032475203701 1.5751032475203701
end
vp 1.6572420811327331 0
vp 1.6572420811327331 1.8999999999999957
cstype bspline
deg 1
curv2 1298 1299
parm u 0 0 1.9000000000000021 1.9000000000000021
end
vp 1.6572420811327331 1.8999999999999957
vp 0.46743224813298756 1.9000000000000026
cstype bspline
deg 1
curv2 1300 1301
parm u 0 0 1.1329066780328791 1.1329066780328791
end
vp 0.46743224813298756 1.9000000000000026
vp 0 1.8999999999999957
cstype bspline
deg 1
curv2 1302 1303
parm u 0 0 0.44245559156949116 0.44245559156949116
end
v 81.232846216151202 4.600000000000005 -119.48914573027776
v 80.975294785151206 4.600000000000005 -119.48914573027776
v 80.445392608151195 4.3880122720000054 -119.48914573027776
v 80.232846216151202 3.8568363380000048 -119.48914573027776
v 80.232846216151202 3.600000000000005 -119.48914573027776
v 81.232846216151202 4.600000000000005 -121.38914573027776
v 80.975294785151206 4.600000000000005 -121.38914573027776
v 80.445392608151195 4.3880122720000054 -121.38914573027776
v 80.232846216151202 3.8568363380000048 -121.38914573027776
v 80.232846216151202 3.600000000000005 -121.38914573027776
cstype bspline
deg 3 1
surf 0 1.6572420811327331 -4.474994145734072E-15 1.9000000000000026 499 500 501 502 503 504 505 506 507 508
parm u 0 0 0 0 0.82861874189794471 1.6572420811327331 1.6572420811327331 1.6572420811327331 1.6572420811327331
parm v -4.474994145734072E-15 -4.474994145734072E-15 1.9000000000000026 1.9000000000000026
trim 0 1.9000000000000021 429 0 1.5751032475203701 430 0 1.9000000000000021 431 0 1.1329066780328791 432 0 0.44245559156949116 433
end
# - trim loop
vp 0.82862104060213637 0
vp 0.82862104060213582 1.8999999999999986
cstype bspline
deg 1
curv2 1304 1305
parm u -1.9000000000000021 -1.9000000000000021 -0 -0
end
vp 0.82862104060213582 1.8999999999999986
vp 0 1.9000000000000061
cstype bspline
deg 1
curv2 1306 1307
parm u -0.79802316825363928 -0.79802316825363928 -0 -0
end
vp 0 1.9000000000000061
vp 0 0
cstype bspline
deg 1
curv2 1308 1309
parm u -1.9000000000000021 -1.9000000000000021 -0 -0
end
vp 0 0
vp 0.82862104060213637 0
cstype bspline
deg 1
curv2 1310 1311
parm u -0.79815879539720891 -0.79815879539720891 -0 -0
end
v 101.94811296015121 4.4500000000000055 -119.48914573027776
v 102.0768886761512 4.4500000000000055 -119.48914573027776
v 102.3418397641512 4.3440061360000053 -119.48914573027776
v 102.44811296015121 4.0784181690000061 -119.48914573027776
v 102.44811296015121 3.9500000000000051 -119.48914573027776
v 101.94811296015121 4.4500000000000055 -121.38914573027776
v 102.0768886761512 4.4500000000000055 -121.38914573027776
v 102.3418397641512 4.3440061360000053 -121.38914573027776
v 102.44811296015121 4.0784181690000061 -121.38914573027776
v 102.44811296015121 3.9500000000000051 -121.38914573027776
cstype bspline
deg 3 1
surf 0 0.82862104060213637 -4.09096800151623E-15 1.9000000000000061 509 510 511 512 513 514 515 516 517 518
parm u 0 0 0 0 0.4143093709668571 0.82862104060213637 0.82862104060213637 0.82862104060213637 0.82862104060213637
parm v -4.09096800151623E-15 -4.09096800151623E-15 1.9000000000000061 1.9000000000000061
trim -1.9000000000000021 -0 434 -0.79802316825363928 -0 435 -1.9000000000000021 -0 436 -0.79815879539720891 -0 437
end
# - trim loop
vp 0.82862104053059416 0
vp 0.82862104053059393 1.8999999999999988
cstype bspline
deg 1
curv2 1312 1313
parm u -1.9000000000000021 -1.9000000000000021 -0 -0
end
vp 0.82862104053059393 1.8999999999999988
vp 0 1.9000000000000026
cstype bspline
deg 1
curv2 1314 1315
parm u -0.79802316799151374 -0.79802316799151374 -0 -0
end
vp 0 1.9000000000000026
vp 0 0
cstype bspline
deg 1
curv2 1316 1317
parm u -1.9000000000000021 -1.9000000000000021 -0 -0
end
vp 0 0
vp 0.82862104053059416 0
cstype bspline
deg 1
curv2 1318 1319
parm u -0.79815698601683593 -0.79815698601683593 -0 -0
end
v 95.948112960151207 3.9500000000000046 -119.48914573027776
v 95.948112960151207 4.0787757150000052 -119.48914573027776
v 96.054106824151205 4.3437268040000054 -119.48914573027776
v 96.319694791151193 4.4500000000000055 -119.48914573027776
v 96.448112960151207 4.4500000000000055 -119.48914573027776
v 95.948112960151207 3.9500000000000042 -121.38914573027776
v 95.948112960151207 4.0787757150000052 -121.38914573027776
v 96.054106824151205 4.3437268040000054 -121.38914573027776
v 96.319694791151193 4.4500000000000055 -121.38914573027776
v 96.448112960151207 4.4500000000000055 -121.38914573027776
cstype bspline
deg 3 1
surf -3.4239339811624691E-16 0.82862104053059582 0 1.9000000000000026 519 520 521 522 523 524 525 526 527 528
parm u -3.4239339811624691E-16 -3.4239339811624691E-16 -3.4239339811624691E-16 -3.4239339811624691E-16 0.41430937093108716 0.82862104053059582 0.82862104053059582 0.82862104053059582 0.82862104053059582
parm v 0 0 1.9000000000000026 1.9000000000000026
trim -1.9000000000000021 -0 438 -0.79802316799151374 -0 439 -1.9000000000000021 -0 440 -0.79815698601683593 -0 441
end
# - trim loop
vp 0.82862104060213615 0
vp 0.82862104060213571 1.8999999999999986
cstype bspline
deg 1
curv2 1320 1321
parm u -1.9000000000000021 -1.9000000000000021 -0 -0
end
vp 0.82862104060213571 1.8999999999999986
vp 0 1.8999999999999995
cstype bspline
deg 1
curv2 1322 1323
parm u -0.79802316825363806 -0.79802316825363806 -0 -0
end
vp 0 1.8999999999999995
vp 0 0
cstype bspline
deg 1
curv2 1324 1325
parm u -1.9000000000000021 -1.9000000000000021 -0 -0
end
vp 0 0
vp 0.82862104060213615 0
cstype bspline
deg 1
curv2 1326 1327
parm u -0.79815879539720824 -0.79815879539720824 -0 -0
end
v 115.3481129601512 4.4500000000000055 -119.48914573027776
v 115.47688867615121 4.4500000000000055 -119.48914573027776
v 115.74183976415121 4.3440061360000053 -119.48914573027776
v 115.8481129601512 4.0784181690000061 -119.48914573027776
v 115.8481129601512 3.9500000000000051 -119.48914573027776
v 115.3481129601512 4.4500000000000055 -121.38914573027776
v 115.47688867615121 4.4500000000000055 -121.38914573027776
v 115.74183976415121 4.3440061360000053 -121.38914573027776
v 115.8481129601512 4.0784181690000061 -121.38914573027776
v 115.8481129601512 3.9500000000000051 -121.38914573027776
cstype bspline
deg 3 1
surf -2.406849212936919E-16 0.82862104060213637 -3.956742037839049E-15 1.9000000000000021 529 530 531 532 533 534 535 536 537 538
parm u -2.406849212936919E-16 -2.406849212936919E-16 -2.406849212936919E-16 -2.406849212936919E-16 0.4143093709668571 0.82862104060213637 0.82862104060213637 0.82862104060213637 0.82862104060213637
parm v -3.956742037839049E-15 -3.956742037839049E-15 1.9000000000000021 1.9000000000000021
trim -1.9000000000000021 -0 442 -0.79802316825363806 -0 443 -1.9000000000000021 -0 444 -0.79815879539720824 -0 445
end
# - trim loop
vp 0.82862104053059771 0
vp 0.82862104053059771 1.8999999999999957
cstype bspline
deg 1
curv2 1328 1329
parm u -1.9000000000000021 -1.9000000000000021 -0 -0
end
vp 0.82862104053059771 1.8999999999999957
vp 0 1.9000000000000026
cstype bspline
deg 1
curv2 1330 1331
parm u -0.79802316799151385 -0.79802316799151385 -0 -0
end
vp 0 1.9000000000000026
vp 0 0
cstype bspline
deg 1
curv2 1332 1333
parm u -1.9000000000000021 -1.9000000000000021 -0 -0
end
vp 0 0
vp 0.82862104053059771 0
cstype bspline
deg 1
curv2 1334 1335
parm u -0.79814244700263393 -0.79814244700263393 -0 -0
end
v 109.3481129601512 3.9500000000000051 -119.48914573027776
v 109.3481129601512 4.0787757150000052 -119.48914573027776
v 109.45410682415121 4.3437268040000054 -119.48914573027776
v 109.7196947911512 4.4500000000000055 -119.48914573027776
v 109.8481129601512 4.4500000000000055 -119.48914573027776
v 109.3481129601512 3.9500000000000046 -121.38914573027776
v 109.3481129601512 4.0787757150000052 -121.38914573027776
v 109.45410682415121 4.3437268040000054 -121.38914573027776
v 109.7196947911512 4.4500000000000055 -121.38914573027776
v 109.8481129601512 4.4500000000000055 -121.38914573027776
cstype bspline
deg 3 1
surf 0 0.82862104053059771 -7.3620708800639429E-16 1.9000000000000026 539 540 541 542 543 544 545 546 547 548
parm u 0 0 0 0 0.41430937093108794 0.82862104053059771 0.82862104053059771 0.82862104053059771 0.82862104053059771
parm v -7.3620708800639429E-16 -7.3620708800639429E-16 1.9000000000000026 1.9000000000000026
trim -1.9000000000000021 -0 446 -0.79802316799151385 -0 447 -1.9000000000000021 -0 448 -0.79814244700263393 -0 449
end
# - trim loop
vp 58.783309136 139.79271649
vp 58.783309136 137.89271649
cstype bspline
deg 1
curv2 1336 1337
parm u 0 0 1.9000000000000021 1.9000000000000021
end
vp 58.783309136 137.89271649
vp 65.683309136000005 137.89271649
cstype bspline
deg 1
curv2 1338 1339
parm u 0 0 6.9000000000000012 6.9000000000000012
end
vp 65.683309136000005 137.89271649
vp 65.683309136000005 139.79271649
cstype bspline
deg 1
curv2 1340 1341
parm u 0 0 1.9000000000000021 1.9000000000000021
end
vp 65.683309136000005 139.79271649
vp 58.783309136 139.79271649
cstype bspline
deg 1
curv2 1342 1343
parm u 0 0 6.9000000000000012 6.9000000000000012
end
v 110.03823296015119 3.4000000000000052 -119.29902573027775
v 101.7579929601512 3.4000000000000052 -119.29902573027775
v 110.03823296015119 3.4000000000000052 -121.57926573027777
v 101.7579929601512 3.4000000000000052 -121.57926573027777
cstype bspline
deg 1 1
surf 58.093189136000007 66.373429135999999 137.70259648999999 139.98283649000001 549 550 551 552
parm u 58.093189136000007 58.093189136000007 66.373429135999999 66.373429135999999
parm v 137.70259648999999 137.70259648999999 139.98283649000001 139.98283649000001
trim 0 1.9000000000000021 450 0 6.9000000000000012 451 0 1.9000000000000021 452 0 6.9000000000000012 453
end
# - trim loop
vp 95.632484059000006 156.21843594999999
vp 94.828575880000002 156.21843594999999
cstype bspline
deg 1
curv2 1344 1345
parm u 0 0 0.80390817899999689 0.80390817899999689
end
vp 94.828575880000002 156.21843594999999
vp 94.828575880000002 147.29271649
cstype bspline
deg 1
curv2 1346 1347
parm u 0 0 8.9257194599999981 8.9257194599999981
end
vp 94.828575880000002 147.29271649
vp 94.828575880000002 142.858573624
cstype bspline
deg 1
curv2 1348 1349
parm u 0 0 4.434142866000002 4.434142866000002
end
vp 94.828575880000002 142.858573624 1
vp 94.828575880000017 140.25382292305321 0.76208991065605236
vp 92.258044952000006 139.83299402400002 1
cstype rat bspline
deg 2
curv2 1350 1351 1352
parm u 0 0 0 4.3183303482440252 4.3183303482440252 4.3183303482440252
end
vp 92.258044952000006 139.83299402400002
vp 92.258044952000006 138.98883071200001
cstype bspline
deg 1
curv2 1353 1354
parm u 0 0 0.84416331199999917 0.84416331199999917
end
vp 92.258044952000006 138.98883071200001
vp 92.454870947000003 138.993109113
vp 92.651457942000008 139.00595323900001
vp 92.847445808000003 139.04027005099999
vp 93.04343367300001 139.07458686300001
vp 93.24073382200001 139.128686622
vp 93.428728629999995 139.198387868
vp 93.616723438000008 139.268089113
vp 93.797206617000001 139.3538964
vp 93.970185919000002 139.45579310799999
vp 94.143165221999993 139.55768981599999
vp 94.30899138800001 139.676625272
vp 94.460627742 139.80735534499999
vp 94.612264096000004 139.93808541800001
vp 94.751598967000007 140.081400143
vp 94.878407946999999 140.23752909500001
vp 94.94181243700001 140.31559357099999
vp 95.002325863999999 140.39732071200001
vp 95.058572255000001 140.48096992500001
vp 95.114818646999993 140.564619139
vp 95.166952326000001 140.65029691500001
vp 95.215075181999993 140.73795299899999
vp 95.311320893000001 140.91326516800001
vp 95.391678380999991 141.09641407999999
vp 95.456227775000002 141.28736021200001
vp 95.488502471000004 141.38283327900001
vp 95.516807811999996 141.48048958800001
vp 95.540321108000001 141.57803957900001
vp 95.563834404000005 141.67558957
vp 95.58257106100001 141.77355657999999
vp 95.596438575000008 141.87194868699999
vp 95.624173603999992 142.068732901
vp 95.631796757000004 142.26727296199999
vp 95.634195575999996 142.46626913
vp 95.636594395000003 142.66526529800001
vp 95.634174814999994 142.86466875400001
vp 95.633155971000008 143.06397848099999
vp 95.631118283000006 143.462597934
vp 95.632484059000006 143.86121818000001
vp 95.632484059000006 144.259838108
vp 95.632484059000006 145.057077964
vp 95.632484059000006 145.854317821
vp 95.632484059000006 146.651557677
vp 95.632484059000006 149.84051710099999
vp 95.632484059000006 153.029476526
vp 95.632484059000006 156.21843594999999
cstype bspline
deg 3
curv2 1355 1356 1357 1358 1359 1360 1361 1362 1363 1364 1365 1366 1367 1368 1369 1370 1371 1372 1373 1374 1375 1376 1377 1378 1379 1380 1381 1382 1383 1384 1385 1386 1387 1388 1389 1390 1391 1392 1393 1394 1395 1396 1397 1398 1399 1400
parm u 0 0 0 0 0.59284819016922174 0.59284819016922174 0.59284819016922174 1.1969007321985665 1.1969007321985665 1.1969007321985665 1.7980039935271033 1.7980039935271033 1.7980039935271033 2.4030427411460118 2.4030427411460118 2.4030427411460118 3.0042744046007406 3.0042744046007406 3.0042744046007406 3.3073364641360419 3.3073364641360419 3.3073364641360419 3.6084270664989888 3.6084270664989888 3.6084270664989888 4.2099847027759614 4.2099847027759614 4.2099847027759614 4.512784950952172 4.512784950952172 4.512784950952172 4.8122359492202538 4.8122359492202538 4.8122359492202538 5.4086620405291299 5.4086620405291299 5.4086620405291299 6.0064031326464278 6.0064031326464278 6.0064031326464278 7.202270307547205 7.202270307547205 7.202270307547205 9.5939898765472051 9.5939898765472051 9.5939898765472051 19.160868149547206 19.160868149547206 19.160868149547206 19.160868149547206
end
v 76.211352088451193 3.4000000000000052 -118.86217942847776
v 72.156852756851194 3.4000000000000052 -118.86217942847776
v 76.211352088451193 3.4000000000000052 -139.53794571407775
v 72.156852756851194 3.4000000000000052 -139.53794571407775
cstype bspline
deg 1 1
surf 91.920070007700005 95.974569339300004 137.2657501882 157.94151647379999 553 554 555 556
parm u 91.920070007700005 91.920070007700005 95.974569339300004 95.974569339300004
parm v 137.2657501882 137.2657501882 157.94151647379999 157.94151647379999
trim 0 0.80390817899999689 454 0 8.9257194599999981 455 0 4.434142866000002 456 0 4.3183303482440252 457 0 0.84416331199999917 458 0 19.160868149547206 459
end
# - trim loop
vp 46.420035489 138.98880831100001
vp 46.420035489 139.79271649
cstype bspline
deg 1
curv2 1401 1402
parm u 0 0 0.80390817900000044 0.80390817900000044
end
vp 46.420035489 139.79271649
vp 37.131220632000002 139.79271649
cstype bspline
deg 1
curv2 1403 1404
parm u 0 0 9.2888148569999984 9.2888148569999984
end
vp 37.131220632000002 139.79271649
vp 29.326150204000001 139.79271649
cstype bspline
deg 1
curv2 1405 1406
parm u 0 0 7.8050704280000005 7.8050704280000005
end
vp 29.326150204000001 139.79271649
vp 12.662821282000003 139.79271649
cstype bspline
deg 1
curv2 1407 1408
parm u 0 0 16.663328921999998 16.663328921999998
end
vp 12.662821282000003 139.79271649 1
vp 10.369451713184066 139.79271648900001 0.80075980109112677
vp 9.7217295700000008 141.99271648999999 1
cstype rat bspline
deg 2
curv2 1409 1410 1411
parm u 0 0 0 3.9380662635028991 3.9380662635028991 3.9380662635028991
end
vp 9.7217295700000008 141.99271648999999
vp 8.694161176999998 141.99271648999999
cstype bspline
deg 1
curv2 1412 1413
parm u 0 0 1.0275683930000028 1.0275683930000028
end
vp 8.694161176999998 141.99271648999999
vp 7.3516950340000022 141.99271648999999
cstype bspline
deg 1
curv2 1414 1415
parm u 0 0 1.3424661429999958 1.3424661429999958
end
vp 7.3516950340000022 141.99271648999999
vp 7.3640653839999999 141.886780359
vp 7.3786790110000027 141.78087477099999
vp 7.399699953999999 141.676461055
vp 7.420720897999999 141.57204733899999
vp 7.447422478 141.46978625899999
vp 7.4787800980000014 141.369289552
vp 7.5414953370000006 141.168296137
vp 7.6221670770000003 140.97410720900001
vp 7.7210260610000034 140.78681020499999
vp 7.7704555529999979 140.69316170299999
vp 7.8247504480000032 140.60098381200001
vp 7.8827105590000031 140.51249208799999
vp 7.9406706700000029 140.424000363
vp 8.0024762070000008 140.33874070600001
vp 8.0680568820000005 140.25665404
vp 8.1992182330000034 140.092480706
vp 8.3453467430000003 139.94088721899999
vp 8.5068916629999975 139.80225116899999
vp 8.8299815029999991 139.52497907099999
vp 9.1946693909999979 139.31673849699999
vp 9.5969259120000032 139.17643475099999
vp 9.7980541720000005 139.106282878
vp 10.001985529999999 139.05397801999999
vp 10.209514849999998 139.02483812099999
vp 10.417044170000004 138.99569822300001
vp 10.628040669000001 138.988236535
vp 10.839828660000002 138.987049012
vp 11.051616651000003 138.985861489
vp 11.263400679 138.98898707800001
vp 11.475187208999998 138.98938908700001
vp 11.686973739999999 138.989791096
vp 11.898760965999998 138.98943584099999
vp 12.110548110000003 138.98917015000001
vp 12.534122398000001 138.98863876799999
vp 12.957696120000001 138.98880831100001
vp 13.381270037 138.98880831100001
vp 14.228417868999998 138.98880831100001
vp 15.075565701000002 138.98880831100001
vp 15.922713533 138.98880831100001
vp 19.311304861000004 138.98880831100001
vp 22.69989619 138.98880831100001
vp 26.088487518000001 138.98880831100001
vp 32.865670175000005 138.98880831100001
vp 39.642852832000003 138.98880831100001
vp 46.420035489 138.98880831100001
cstype bspline
deg 3
curv2 1416 1417 1418 1419 1420 1421 1422 1423 1424 1425 1426 1427 1428 1429 1430 1431 1432 1433 1434 1435 1436 1437 1438 1439 1440 1441 1442 1443 1444 1445 1446 1447 1448 1449 1450 1451 1452 1453 1454 1455 1456 1457 1458 1459 1460 1461
parm u 0 0 0 0 0.32007372519839011 0.32007372519839011 0.32007372519839011 0.63754738177812742 0.63754738177812742 0.63754738177812742 1.2701629042766571 1.2701629042766571 1.2701629042766571 1.5888193051545507 1.5888193051545507 1.5888193051545507 1.904974674787578 1.904974674787578 1.904974674787578 2.5385423405050691 2.5385423405050691 2.5385423405050691 3.8102736652599813 3.8102736652599813 3.8102736652599813 4.4433824049263348 4.4433824049263348 4.4433824049263348 5.0758672712052153 5.0758672712052153 5.0758672712052153 5.7112525940780667 5.7112525940780667 5.7112525940780667 6.3466143412323968 6.3466143412323968 6.3466143412323968 7.617336635477991 7.617336635477991 7.617336635477991 10.15878013147799 10.15878013147799 10.15878013147799 20.324554116477991 20.324554116477991 20.324554116477991 40.65610208747799 40.65610208747799 40.65610208747799 40.65610208747799
end
v 164.6866811076512 3.4000000000000052 -120.28148522917775
v 117.8044325616512 3.4000000000000052 -120.28148522917775
v 164.6866811076512 3.4000000000000052 -123.88995123037776
v 117.8044325616512 3.4000000000000052 -123.88995123037776
cstype bspline
deg 1 1
surf 3.4447409884999982 50.326989534500001 138.68505598889999 142.2935219901 557 558 559 560
parm u 3.4447409884999982 3.4447409884999982 50.326989534500001 50.326989534500001
parm v 138.68505598889999 138.68505598889999 142.2935219901 142.2935219901
trim 0 0.80390817900000044 460 0 9.2888148569999984 461 0 7.8050704280000005 462 0 16.663328921999998 463 0 3.9380662635028991 464 0 1.0275683930000028 465 0 1.3424661429999958 466 0 40.65610208747799 467
end
# - trim loop
vp -0.10355339000000008 7.6310022949999983
vp -0.10355339000000008 5.7310022949999961
cstype bspline
deg 1
curv2 1462 1463
parm u 0 0 1.9000000000000021 1.9000000000000021
end
vp -0.10355339000000008 5.7310022949999961
vp 0.44644660999999974 5.7310022949999961
cstype bspline
deg 1
curv2 1464 1465
parm u 0 0 0.54999999999999982 0.54999999999999982
end
vp 0.44644660999999974 5.7310022949999961
vp 0.44644660999999974 7.6310022949999983
cstype bspline
deg 1
curv2 1466 1467
parm u 0 0 1.9000000000000021 1.9000000000000021
end
vp 0.44644660999999974 7.6310022949999983
vp -0.10355339000000008 7.6310022949999983
cstype bspline
deg 1
curv2 1468 1469
parm u 0 0 0.54999999999999982 0.54999999999999982
end
v 115.8481129601512 2.7448800000000051 -119.29902573027775
v 115.8481129601512 4.6051200000000048 -119.29902573027775
v 115.8481129601512 2.7448800000000051 -121.57926573027775
v 115.8481129601512 4.6051200000000048 -121.57926573027775
cstype bspline
deg 1 1
surf -0.75867339000000034 1.1015666099999999 5.5408822949999958 7.8211222949999986 561 562 563 564
parm u -0.75867339000000034 -0.75867339000000034 1.1015666099999999 1.1015666099999999
parm v 5.5408822949999958 5.5408822949999958 7.8211222949999986 7.8211222949999986
trim 0 1.9000000000000021 468 0 0.54999999999999982 469 0 1.9000000000000021 470 0 0.54999999999999982 471
end
# - trim loop
vp -0.10355339000000008 7.6310022949999983
vp -0.10355339000000008 5.7310022949999961
cstype bspline
deg 1
curv2 1470 1471
parm u 0 0 1.9000000000000021 1.9000000000000021
end
vp -0.10355339000000008 5.7310022949999961
vp 0.44644660999999974 5.7310022949999961
cstype bspline
deg 1
curv2 1472 1473
parm u 0 0 0.54999999999999982 0.54999999999999982
end
vp 0.44644660999999974 5.7310022949999961
vp 0.44644660999999974 7.6310022949999983
cstype bspline
deg 1
curv2 1474 1475
parm u 0 0 1.9000000000000021 1.9000000000000021
end
vp 0.44644660999999974 7.6310022949999983
vp -0.10355339000000008 7.6310022949999983
cstype bspline
deg 1
curv2 1476 1477
parm u 0 0 0.54999999999999982 0.54999999999999982
end
v 102.44811296015121 2.7448800000000051 -119.29902573027775
v 102.44811296015121 4.6051200000000048 -119.29902573027775
v 102.44811296015121 2.7448800000000051 -121.57926573027775
v 102.44811296015121 4.6051200000000048 -121.57926573027775
cstype bspline
deg 1 1
surf -0.75867339000000034 1.1015666099999999 5.5408822949999958 7.8211222949999986 565 566 567 568
parm u -0.75867339000000034 -0.75867339000000034 1.1015666099999999 1.1015666099999999
parm v 5.5408822949999958 5.5408822949999958 7.8211222949999986 7.8211222949999986
trim 0 1.9000000000000021 472 0 0.54999999999999982 473 0 1.9000000000000021 474 0 0.54999999999999982 475
end
# - trim loop
vp 0.28000000000000025 7.6310022949999983
vp 0.28000000000000025 5.7310022949999961
cstype bspline
deg 1
curv2 1478 1479
parm u 0 0 1.9000000000000021 1.9000000000000021
end
vp 0.28000000000000025 5.7310022949999961
vp 0.47999999999999998 5.7310022949999961
cstype bspline
deg 1
curv2 1480 1481
parm u 0 0 0.19999999999999973 0.19999999999999973
end
vp 0.47999999999999998 5.7310022949999961
vp 0.47999999999999998 7.6310022949999983
cstype bspline
deg 1
curv2 1482 1483
parm u 0 0 1.9000000000000021 1.9000000000000021
end
vp 0.47999999999999998 7.6310022949999983
vp 0.28000000000000025 7.6310022949999983
cstype bspline
deg 1
curv2 1484 1485
parm u 0 0 0.19999999999999973 0.19999999999999973
end
v 88.972846216151197 2.7798800000000048 -119.29902573027775
v 88.972846216151197 4.220120000000005 -119.29902573027775
v 88.972846216151197 2.7798800000000048 -121.57926573027775
v 88.972846216151197 4.220120000000005 -121.57926573027775
cstype bspline
deg 1 1
surf -0.34011999999999998 1.1001200000000002 5.5408822949999958 7.8211222949999986 569 570 571 572
parm u -0.34011999999999998 -0.34011999999999998 1.1001200000000002 1.1001200000000002
parm v 5.5408822949999958 5.5408822949999958 7.8211222949999986 7.8211222949999986
trim 0 1.9000000000000021 476 0 0.19999999999999973 477 0 1.9000000000000021 478 0 0.19999999999999973 479
end
# - trim loop
vp 4.7498564839999986 -25.529469072999998
vp 4.7498564839999986 -9.498845425999999
cstype bspline
deg 1
curv2 1486 1487
parm u 0 0 16.030623646999999 16.030623646999999
end
vp 4.7498564839999986 -9.498845425999999
vp 14.951011057999999 -9.498845425999999
cstype bspline
deg 1
curv2 1488 1489
parm u 0 0 10.201154574 10.201154574
end
vp 14.951011057999999 -9.498845425999999
vp 14.951011057999999 -7.2744821810000007
cstype bspline
deg 1
curv2 1490 1491
parm u 0 0 2.2243632449999993 2.2243632449999993
end
vp 14.951011057999999 -7.2744821810000007
vp 4.0010110579999996 -7.2744821810000007
cstype bspline
deg 1
curv2 1492 1493
parm u 0 0 10.949999999999999 10.949999999999999
end
vp 4.0010110579999996 -7.2744821810000007
vp 3.5510110580000003 -7.2744821810000007
cstype bspline
deg 1
curv2 1494 1495
parm u 0 0 0.44999999999999929 0.44999999999999929
end
vp 3.5510110580000003 -7.2744821810000007 1
vp 1.3765288769999999 -7.2744821810000015 0.70710678118654779
vp 1.3765288769999984 -5.1000000000000005 1
cstype rat bspline
deg 2
curv2 1496 1497 1498
parm u 0 0 0 3.4156686225957569 3.4156686225957569 3.4156686225957569
end
vp 1.3765288769999984 -5.1000000000000005
vp 1.3765288769999984 7.2000000000000002
cstype bspline
deg 1
curv2 1499 1500
parm u 0 0 12.300000000000001 12.300000000000001
end
vp 1.3765288769999984 7.2000000000000002 1
vp 1.3765288769999999 9.3744821809999994 0.70710678118654779
vp 3.5510110580000003 9.3744821810000012 1
cstype rat bspline
deg 2
curv2 1501 1502 1503
parm u 0 0 0 3.4156686225957569 3.4156686225957569 3.4156686225957569
end
vp 3.5510110580000003 9.3744821810000012
vp 4.0010110579999996 9.3744821810000012
cstype bspline
deg 1
curv2 1504 1505
parm u 0 0 0.44999999999999929 0.44999999999999929
end
vp 4.0010110579999996 9.3744821810000012
vp 14.951011057999999 9.3744821810000012
cstype bspline
deg 1
curv2 1506 1507
parm u 0 0 10.949999999999999 10.949999999999999
end
vp 14.951011057999999 9.3744821810000012
vp 14.951011057999999 10.675517819000001
cstype bspline
deg 1
curv2 1508 1509
parm u 0 0 1.3010356380000001 1.3010356380000001
end
vp 14.951011057999999 10.675517819000001
vp 4.0010110579999996 10.675517819000001
cstype bspline
deg 1
curv2 1510 1511
parm u 0 0 10.949999999999999 10.949999999999999
end
vp 4.0010110579999996 10.675517819000001
vp 3.5510110580000003 10.675517819000001
cstype bspline
deg 1
curv2 1512 1513
parm u 0 0 0.44999999999999929 0.44999999999999929
end
vp 3.5510110580000003 10.675517819000001 1
vp 1.3765288769999988 10.675517819000001 0.70710678118654757
vp 1.3765288770000002 12.850000000000001 1
cstype rat bspline
deg 2
curv2 1514 1515 1516
parm u 0 0 0 3.4156686225957555 3.4156686225957555 3.4156686225957555
end
vp 1.3765288770000002 12.850000000000001
vp 1.3765288769999984 24.650000000000002
cstype bspline
deg 1
curv2 1517 1518
parm u 0 0 11.800000000000001 11.800000000000001
end
vp 1.3765288769999984 24.650000000000002
vp 1.3765288769999984 25.150000000000002
cstype bspline
deg 1
curv2 1519 1520
parm u 0 0 0.5 0.5
end
vp 1.3765288769999984 25.150000000000002 1
vp 1.3765288769999962 25.391185179933057 0.99390498459848087
vp 1.4293813259999979 25.626508170000001 1
cstype rat bspline
deg 2
curv2 1521 1522 1523
parm u 0 0 0 0.4804067310724463 0.4804067310724463 0.4804067310724463
end
vp 1.4293813259999979 25.626508170000001
vp -2 25.626508170000001
cstype bspline
deg 1
curv2 1524 1525
parm u 0 0 3.4293813259999979 3.4293813259999979
end
vp -2 25.626508170000001
vp -2 -25.529469072999998
cstype bspline
deg 1
curv2 1526 1527
parm u 0 0 51.155977242999995 51.155977242999995
end
vp -2 -25.529469072999998
vp 4.7498564839999986 -25.529469072999998
cstype bspline
deg 1
curv2 1528 1529
parm u 0 0 6.7498564839999986 6.7498564839999986
end
v 161.8980891081512 24.046232163800006 -118.84395893297776
v 161.8980891081512 3.7047788942000075 -118.84395893297776
v 161.8980891081512 24.046232163800006 -180.23137162457775
v 161.8980891081512 3.7047788942000075 -180.23137162457775
cstype bspline
deg 1 1
surf -3.6952211058 16.646232163799997 -30.645186797299999 30.742225894300002 573 574 575 576
parm u -3.6952211058 -3.6952211058 16.646232163799997 16.646232163799997
parm v -30.645186797299999 -30.645186797299999 30.742225894300002 30.742225894300002
trim 0 16.030623646999999 480 0 10.201154574 481 0 2.2243632449999993 482 0 10.949999999999999 483 0 0.44999999999999929 484 0 3.4156686225957569 485 0 12.300000000000001 486 0 3.4156686225957569 487 0 0.44999999999999929 488 0 10.949999999999999 489 0 1.3010356380000001 490 0 10.949999999999999 491 0 0.44999999999999929 492 0 3.4156686225957555 493 0 11.800000000000001 494 0 0.5 495 0 0.4804067310724463 496 0 3.4293813259999979 497 0 51.155977242999995 498 0 6.7498564839999986 499
end
# - trim loop
vp -2 -40.029469071999998
vp 14.951011057999999 -40.029469071999998
cstype bspline
deg 1
curv2 1530 1531
parm u 0 0 16.951011057999999 16.951011057999999
end
vp 14.951011057999999 -40.029469071999998
vp 14.951011057999999 -38.914122341999999
cstype bspline
deg 1
curv2 1532 1533
parm u 0 0 1.1153467299999988 1.1153467299999988
end
vp 14.951011057999999 -38.914122341999999
vp 16.951011057999999 -36.486724703
cstype bspline
deg 1
curv2 1534 1535
parm u 0 0 3.1451962256467825 3.1451962256467825
end
vp 16.951011057999999 -36.486724703
vp 16.951011057999999 -35.670000000000002
cstype bspline
deg 1
curv2 1536 1537
parm u 0 0 0.81672470299999844 0.81672470299999844
end
vp 16.951011057999999 -35.670000000000002
vp 16.751011058 -35.670000000000002
cstype bspline
deg 1
curv2 1538 1539
parm u 0 0 0.19999999999999973 0.19999999999999973
end
vp 16.751011058 -35.670000000000002
vp 16.618968531 -35.669999771000001
vp 16.488175688999998 -35.642255351999999
vp 16.367612721 -35.592574599999999
vp 16.307331237 -35.567734223999999
vp 16.248744008999999 -35.536931101999997
vp 16.194000363000001 -35.500899175999997
vp 16.139256716999999 -35.464867249999998
vp 16.088695256000001 -35.423995230999999
vp 16.042616442 -35.377935389999998
vp 15.996537627999999 -35.331875547999999
vp 15.954679866999999 -35.280024449000003
vp 15.918864337999999 -35.225446492000003
vp 15.883048808 -35.170868534
vp 15.852767350000001 -35.113218770000003
vp 15.827866063999998 -35.052582622999999
vp 15.802964777 -34.991946476000003
vp 15.783707940999999 -34.928581471999998
vp 15.770792166 -34.864766430000003
vp 15.75787639 -34.800951388999998
vp 15.751011058 -34.736076812
vp 15.751011058 -34.670000000000002
cstype bspline
deg 3
curv2 1540 1541 1542 1543 1544 1545 1546 1547 1548 1549 1550 1551 1552 1553 1554 1555 1556 1557 1558 1559 1560 1561
parm u 0 0 0 0 0.39614350924237973 0.39614350924237973 0.39614350924237973 0.59307132338408042 0.59307132338408042 0.59307132338408042 0.78877596625049629 0.78877596625049629 0.78877596625049629 0.98584593552499322 0.98584593552499322 0.98584593552499322 1.1817950800633461 1.1817950800633461 1.1817950800633461 1.3786806486528709 1.3786806486528709 1.3786806486528709 1.5751032475203699 1.5751032475203699 1.5751032475203699 1.5751032475203699
end
vp 15.751011058 -34.670000000000002
vp 15.751011058 -27.93
cstype bspline
deg 1
curv2 1562 1563
parm u 0 0 6.740000000000002 6.740000000000002
end
vp 15.751011058 -27.93
vp 15.751011117999999 -27.797970930999998
vp 15.778586681 -27.667128414
vp 15.828348929000001 -27.546651573999998
vp 15.853230052999999 -27.486413153000001
vp 15.884104246 -27.427902155000002
vp 15.920229288 -27.373202014
vp 15.956354329 -27.318501872999999
vp 15.997311580999998 -27.267999763999999
vp 16.043380200000001 -27.221938206000001
vp 16.089448818999998 -27.175876648999999
vp 16.14123537 -27.133980936
vp 16.195769058 -27.098093887000001
vp 16.250302746999999 -27.062206838000002
vp 16.307901408999999 -27.031843749
vp 16.368499964999998 -27.006887329000001
vp 16.429098522 -26.981930907999999
vp 16.492460631 -26.962642327000001
vp 16.556268682999999 -26.949732432000001
vp 16.620076735999998 -26.936822536000001
vp 16.684948141 -26.930000486000001
vp 16.751011058 -26.93
cstype bspline
deg 3
curv2 1564 1565 1566 1567 1568 1569 1570 1571 1572 1573 1574 1575 1576 1577 1578 1579 1580 1581 1582 1583 1584 1585
parm u 0 0 0 0 0.39609518352778839 0.39609518352778839 0.39609518352778839 0.59297933758757693 0.59297933758757693 0.59297933758757693 0.7887004245013618 0.7887004245013618 0.7887004245013618 0.98574032900729014 0.98574032900729014 0.98574032900729014 1.1816707487028371 1.1816707487028371 1.1816707487028371 1.3785409727812306 1.3785409727812306 1.3785409727812306 1.5749339659697055 1.5749339659697055 1.5749339659697055 1.5749339659697055
end
vp 16.751011058 -26.93
vp 16.951011057999999 -26.93
cstype bspline
deg 1
curv2 1586 1587
parm u 0 0 0.19999999999999973 0.19999999999999973
end
vp 16.951011057999999 -26.93
vp 16.951011057999999 -19.954733256000001
cstype bspline
deg 1
curv2 1588 1589
parm u 0 0 6.9752667439999989 6.9752667439999989
end
vp 16.951011057999999 -19.954733256000001
vp 16.401011057999998 -19.954733256000001
cstype bspline
deg 1
curv2 1590 1591
parm u 0 0 0.54999999999999982 0.54999999999999982
end
vp 16.401011057999998 -19.954733256000001
vp 16.268971307000001 -19.954733095000002
vp 16.138913854999998 -19.900944367000001
vp 16.046857228 -19.808744245
vp 16.000828915 -19.762644184999999
vp 15.964468791 -19.706634599000001
vp 15.939547494999999 -19.646004136999998
vp 15.914626198000001 -19.585373674
vp 15.90101237 -19.520816525000001
vp 15.901011057999998 -19.454733256000001
cstype bspline
deg 3
curv2 1592 1593 1594 1595 1596 1597 1598 1599 1600 1601
parm u 0 0 0 0 0.40307048101976695 0.40307048101976695 0.40307048101976695 0.60054428473665866 0.60054428473665866 0.60054428473665866 0.79815698601683593 0.79815698601683593 0.79815698601683593 0.79815698601683593
end
vp 15.901011057999998 -19.454733256000001
vp 15.901011057999998 -13.954733256000001
cstype bspline
deg 1
curv2 1602 1603
parm u 0 0 5.5 5.5
end
vp 15.901011057999998 -13.954733256000001
vp 15.901011216000001 -13.82269265
vp 15.954792074 -13.692642325
vp 16.047002875 -13.600576624
vp 16.093108275999999 -13.554543773000001
vp 16.149109592999999 -13.518190509
vp 16.209743791999998 -13.493268206
vp 16.270377992 -13.468345904
vp 16.334926662000001 -13.454733256000001
vp 16.401011057999998 -13.454733256000001
cstype bspline
deg 3
curv2 1604 1605 1606 1607 1608 1609 1610 1611 1612 1613
parm u 0 0 0 0 0.4030757107218777 0.4030757107218777 0.4030757107218777 0.60054966865788129 0.60054966865788129 0.60054966865788129 0.79815879539720902 0.79815879539720902 0.79815879539720902 0.79815879539720902
end
vp 16.401011057999998 -13.454733256000001
vp 16.951011057999999 -13.454733256000001
cstype bspline
deg 1
curv2 1614 1615
parm u 0 0 0.54999999999999982 0.54999999999999982
end
vp 16.951011057999999 -13.454733256000001
vp 16.951011057999999 -6.5547332559999996
cstype bspline
deg 1
curv2 1616 1617
parm u 0 0 6.9000000000000012 6.9000000000000012
end
vp 16.951011057999999 -6.5547332559999996
vp 16.401011057999998 -6.5547332559999996
cstype bspline
deg 1
curv2 1618 1619
parm u 0 0 0.54999999999999982 0.54999999999999982
end
vp 16.401011057999998 -6.5547332559999996
vp 16.268978183999998 -6.5547330529999996
vp 16.138852854 -6.5008685919999998
vp 16.04688311 -6.408770165
vp 16.000898237999998 -6.362720951
vp 15.964474217999999 -6.3066347440000001
vp 15.939562534 -6.2460407230000001
vp 15.914650849999999 -6.185446701
vp 15.90101237 -6.1208075040000001
vp 15.901011057999998 -6.0547332559999996
cstype bspline
deg 3
curv2 1620 1621 1622 1623 1624 1625 1626 1627 1628 1629
parm u 0 0 0 0 0.40302192734586972 0.40302192734586972 0.40302192734586972 0.60049075652087103 0.60049075652087103 0.60049075652087103 0.79814244700263404 0.79814244700263404 0.79814244700263404 0.79814244700263404
end
vp 15.901011057999998 -6.0547332559999996
vp 15.901011057999998 -0.55473325600000001
cstype bspline
deg 1
curv2 1630 1631
parm u 0 0 5.5 5.5
end
vp 15.901011057999998 -0.55473325600000001
vp 15.901011216000001 -0.42269265
vp 15.954792074 -0.29264232499999998
vp 16.047002875 -0.20057662400000001
vp 16.093108275999999 -0.154543773
vp 16.149109592999999 -0.118190509
vp 16.209743791999998 -0.093268206000000006
vp 16.270377992 -0.068345903999999999
vp 16.334926662000001 -0.054733256000000001
vp 16.401011057999998 -0.054733256000000001
cstype bspline
deg 3
curv2 1632 1633 1634 1635 1636 1637 1638 1639 1640 1641
parm u 0 0 0 0 0.40307571072187709 0.40307571072187709 0.40307571072187709 0.6005496686578804 0.6005496686578804 0.6005496686578804 0.79815879539720824 0.79815879539720824 0.79815879539720824 0.79815879539720824
end
vp 16.401011057999998 -0.054733256000000001
vp 16.951011057999999 -0.054733256000000001
cstype bspline
deg 1
curv2 1642 1643
parm u 0 0 0.54999999999999982 0.54999999999999982
end
vp 16.951011057999999 -0.054733256000000001
vp 16.951011057999999 2.3811427510000001
cstype bspline
deg 1
curv2 1644 1645
parm u 0 0 2.4358760070000001 2.4358760070000001
end
vp 16.951011057999999 2.3811427510000001
vp 14.951011057999999 4.8085403910000002
cstype bspline
deg 1
curv2 1646 1647
parm u 0 0 3.1451962264185629 3.1451962264185629
end
vp 14.951011057999999 4.8085403910000002
vp 14.951011057999999 41.524711963999998
cstype bspline
deg 1
curv2 1648 1649
parm u 0 0 36.716171572999997 36.716171572999997
end
vp 14.951011057999999 41.524711963999998
vp -2 41.524711963999998
cstype bspline
deg 1
curv2 1650 1651
parm u 0 0 16.951011057999999 16.951011057999999
end
vp -2 41.524711963999998
vp -2 -40.029469071999998
cstype bspline
deg 1
curv2 1652 1653
parm u 0 0 81.554181035999989 81.554181035999989
end
v 67.717839040551212 24.246232163800006 -119.48914573027776
v 67.717839040551212 1.5047788942000047 -119.48914573027776
v 165.58309628375122 24.246232163800006 -119.48914573027776
v 165.58309628375122 1.5047788942000047 -119.48914573027776
cstype bspline
deg 1 1
surf -3.8952211057999997 18.8462321638 -48.185007175599999 49.680250067599999 577 578 579 580
parm u -3.8952211057999997 -3.8952211057999997 18.8462321638 18.8462321638
parm v -48.185007175599999 -48.185007175599999 49.680250067599999 49.680250067599999
trim 0 16.951011057999999 500 0 1.1153467299999988 501 0 3.1451962256467825 502 0 0.81672470299999844 503 0 0.19999999999999973 504 0 1.5751032475203699 505 0 6.740000000000002 506 0 1.5749339659697055 507 0 0.19999999999999973 508 0 6.9752667439999989 509 0 0.54999999999999982 510 0 0.79815698601683593 511 0 5.5 512 0 0.79815879539720902 513 0 0.54999999999999982 514 0 6.9000000000000012 515 0 0.54999999999999982 516 0 0.79814244700263404 517 0 5.5 518 0 0.79815879539720824 519 0 0.54999999999999982 520 0 2.4358760070000001 521 0 3.1451962264185629 522 0 36.716171572999997 523 0 16.951011057999999 524 0 81.554181035999989 525
end
# - trim loop
vp -41.524711963999998 2
vp -41.524711963999998 -14.951011057999999
cstype bspline
deg 1
curv2 1654 1655
parm u 0 0 16.951011057999999 16.951011057999999
end
vp -41.524711963999998 -14.951011057999999
vp 40.029469071999998 -14.951011057999999
cstype bspline
deg 1
curv2 1656 1657
parm u 0 0 81.554181035999989 81.554181035999989
end
vp 40.029469071999998 -14.951011057999999
vp 40.029469071999998 2
cstype bspline
deg 1
curv2 1658 1659
parm u 0 0 16.951011057999999 16.951011057999999
end
vp 40.029469071999998 2
vp -41.524711963999998 2
cstype bspline
deg 1
curv2 1660 1661
parm u 0 0 81.554181035999989 81.554181035999989
end
v 165.58309628375122 3.7047788942000075 -179.58618482727775
v 67.717839040551212 3.7047788942000075 -179.58618482727775
v 165.58309628375122 24.046232163800006 -179.58618482727775
v 67.717839040551212 24.046232163800006 -179.58618482727775
cstype bspline
deg 1 1
surf -49.680250067599999 48.185007175599999 -16.646232163799997 3.6952211058 581 582 583 584
parm u -49.680250067599999 -49.680250067599999 48.185007175599999 48.185007175599999
parm v -16.646232163799997 -16.646232163799997 3.6952211058 3.6952211058
trim 0 16.951011057999999 526 0 81.554181035999989 527 0 16.951011057999999 528 0 81.554181035999989 529
end
# - trim loop
vp 3.1415926535897931 1.6952211058000113
vp 4.7123889803846897 1.6952211058000113
cstype bspline
deg 1
curv2 1662 1663
parm u 0 0 7.0222935599545853 7.0222935599545853
end
vp 4.7123889803846897 1.6952211058000113
vp 4.7123889803846897 18.646232163800011
cstype bspline
deg 1
curv2 1664 1665
parm u 0 0 16.951011057999999 16.951011057999999
end
vp 4.7123889803846897 18.646232163800011
vp 3.1415926535897931 18.646232163800011
cstype bspline
deg 1
curv2 1666 1667
parm u 0 0 7.0222935599545853 7.0222935599545853
end
vp 3.1415926535897931 18.646232163800011
vp 3.1415926535897931 1.6952211058000113
cstype bspline
deg 1
curv2 1668 1669
parm u 0 0 16.951011057999999 16.951011057999999
end
v 75.873377144151206 3.7047788941999933 -170.64512297227776 1
v 80.343908072151194 3.7047788941999933 -170.64512297227776 0.70710678118654757
v 80.343908072151194 3.7047788941999933 -175.11565390027775 1
v 80.343908072151194 3.7047788941999933 -179.58618482827774 0.70710678118654757
v 75.873377144151206 3.7047788941999933 -179.58618482827774 1
v 71.402846216151218 3.7047788941999933 -179.58618482827774 0.70710678118654757
v 71.402846216151218 3.7047788941999933 -175.11565390027775 1
v 71.402846216151218 3.7047788941999933 -170.64512297227776 0.70710678118654757
v 75.873377144151206 3.7047788941999933 -170.64512297227776 1
v 75.873377144151206 24.046232163800031 -170.64512297227776 1
v 80.343908072151194 24.046232163800031 -170.64512297227776 0.70710678118654757
v 80.343908072151194 24.046232163800031 -175.11565390027775 1
v 80.343908072151194 24.046232163800031 -179.58618482827774 0.70710678118654757
v 75.873377144151206 24.046232163800031 -179.58618482827774 1
v 71.402846216151218 24.046232163800031 -179.58618482827774 0.70710678118654757
v 71.402846216151218 24.046232163800031 -175.11565390027775 1
v 71.402846216151218 24.046232163800031 -170.64512297227776 0.70710678118654757
v 75.873377144151206 24.046232163800031 -170.64512297227776 1
cstype rat bspline
deg 2 1
surf 0 6.2831853071795862 0 20.341453269600038 585 586 587 588 589 590 591 592 593 594 595 596 597 598 599 600 601 602
parm u 0 0 0 1.5707963267948966 1.5707963267948966 3.1415926535897931 3.1415926535897931 4.7123889803846897 4.7123889803846897 6.2831853071795862 6.2831853071795862 6.2831853071795862
parm v 0 0 20.341453269600038 20.341453269600038
trim 0 7.0222935599545853 530 0 16.951011057999999 531 0 7.0222935599545853 532 0 16.951011057999999 533
end
# - trim loop
vp 3.1415926535897931 1.7352854398000022
vp 3.1415926535897931 0.15786341880000521
cstype bspline
deg 1
curv2 1670 1671
parm u -1.5774220209999967 -1.5774220209999967 0 0
end
vp 3.1415926535897931 0.15786341880000521
vp 4.7123889803846897 0.15786341880000521
cstype bspline
deg 1
curv2 1672 1673
parm u -0.62831853071796018 -0.62831853071796018 0 0
end
vp 4.7123889803846897 0.15786341880000521
vp 4.7123889803846897 1.7352976068000032
cstype bspline
deg 1
curv2 1674 1675
parm u -1.577434187999998 -1.577434187999998 0 0
end
vp 4.7123889803846897 1.7352976068000032
vp 3.1415926535897931 1.7352854398000022
cstype bspline
deg 1
curv2 1676 1677
parm u -0.63830893616551665 -0.63830893616551665 0 0
end
v 158.37659453035121 16.400000000000006 -162.33914573027775 1
v 158.37659453035121 16.400000000000006 -162.73914573027776 0.70710678118654757
v 158.37659453035121 16.800000000000004 -162.73914573027776 1
v 158.37659453035121 17.200000000000003 -162.73914573027776 0.70710678118654757
v 158.37659453035121 17.200000000000003 -162.33914573027775 1
v 158.37659453035121 17.200000000000003 -161.93914573027774 0.70710678118654757
v 158.37659453035121 16.800000000000004 -161.93914573027774 1
v 158.37659453035121 16.400000000000006 -161.93914573027774 0.70710678118654757
v 158.37659453035121 16.400000000000006 -162.33914573027775 1
v 160.26975555595121 16.400000000000006 -162.33914573027775 1
v 160.26975555595121 16.400000000000006 -162.73914573027776 0.70710678118654757
v 160.26975555595121 16.800000000000004 -162.73914573027776 1
v 160.26975555595121 17.200000000000003 -162.73914573027776 0.70710678118654757
v 160.26975555595121 17.200000000000003 -162.33914573027775 1
v 160.26975555595121 17.200000000000003 -161.93914573027774 0.70710678118654757
v 160.26975555595121 16.800000000000004 -161.93914573027774 1
v 160.26975555595121 16.400000000000006 -161.93914573027774 0.70710678118654757
v 160.26975555595121 16.400000000000006 -162.33914573027775 1
cstype rat bspline
deg 2 1
surf 0 6.2831853071795862 0 1.8931610256000084 603 604 605 606 607 608 609 610 611 612 613 614 615 616 617 618 619 620
parm u 0 0 0 1.5707963267948966 1.5707963267948966 3.1415926535897931 3.1415926535897931 4.7123889803846897 4.7123889803846897 6.2831853071795862 6.2831853071795862 6.2831853071795862
parm v 0 0 1.8931610256000084 1.8931610256000084
trim -1.5774220209999967 0 534 -0.62831853071796018 0 535 -1.577434187999998 0 536 -0.63830893616551665 0 537
end
# - trim loop
vp 101.35558559500001 11.300000000000001
vp 99.774786335000002 11.300000000000001
cstype bspline
deg 1
curv2 1678 1679
parm u -1.5807992599999992 -1.5807992599999992 -0 -0
end
vp 99.774786335000002 11.300000000000001
vp 99.774786335000002 -0.5
cstype bspline
deg 1
curv2 1680 1681
parm u -11.800000000000001 -11.800000000000001 -0 -0
end
vp 99.774786335000002 -0.5
vp 101.35220835600001 -0.5
cstype bspline
deg 1
curv2 1682 1683
parm u -1.5774220209999967 -1.5774220209999967 -0 -0
end
vp 101.35220835600001 -0.5
vp 101.35252639800001 3.433333631
vp 101.351979331 7.3666679439999996
vp 101.35558559500001 11.300000000000001
cstype bspline
deg 3
curv2 1684 1685 1686 1687
parm u -11.800001704098449 -11.800001704098449 -11.800001704098449 -11.800001704098449 -0 -0 -0 -0
end
v 158.37625802315119 17.200000000000006 -161.15902573027776
v 160.2734571351512 17.200000000000006 -161.15902573027776
v 158.37625802315119 17.200000000000006 -175.31926573027775
v 160.2734571351512 17.200000000000006 -175.31926573027775
cstype bspline
deg 1 1
surf 99.616586408999993 101.51378552100002 -1.6801199999999998 12.480120000000001 621 622 623 624
parm u 99.616586408999993 99.616586408999993 101.51378552100002 101.51378552100002
parm v -1.6801199999999998 -1.6801199999999998 12.480120000000001 12.480120000000001
trim -1.5807992599999992 -0 538 -11.800000000000001 -0 539 -1.5774220209999967 -0 540 -11.800001704098449 -0 541
end
# - trim loop
vp 3.1415926535897931 1.7352871685000082
vp 3.1415926535897931 0.15786361150000519
cstype bspline
deg 1
curv2 1688 1689
parm u -1.577423557000003 -1.577423557000003 0 0
end
vp 3.1415926535897931 0.15786361150000519
vp 4.7123889803846897 0.15786361150000519
cstype bspline
deg 1
curv2 1690 1691
parm u -0.6283185307179574 -0.6283185307179574 0 0
end
vp 4.7123889803846897 0.15786361150000519
vp 4.7123889803846897 1.735299726500003
cstype bspline
deg 1
curv2 1692 1693
parm u -1.5774361149999976 -1.5774361149999976 0 0
end
vp 4.7123889803846897 1.735299726500003
vp 3.1415926535897931 1.7352871685000082
cstype bspline
deg 1
curv2 1694 1695
parm u -0.63830893616529538 -0.63830893616529538 0 0
end
v 158.3765943376512 16.400000000000006 -144.38914573027776 1
v 158.3765943376512 16.400000000000006 -144.78914573027777 0.70710678118654757
v 158.3765943376512 16.800000000000004 -144.78914573027777 1
v 158.3765943376512 17.200000000000003 -144.78914573027777 0.70710678118654757
v 158.3765943376512 17.200000000000003 -144.38914573027776 1
v 158.3765943376512 17.200000000000003 -143.98914573027776 0.70710678118654757
v 158.3765943376512 16.800000000000004 -143.98914573027776 1
v 158.3765943376512 16.400000000000006 -143.98914573027776 0.70710678118654757
v 158.3765943376512 16.400000000000006 -144.38914573027776 1
v 160.26975767565119 16.400000000000006 -144.38914573027776 1
v 160.26975767565119 16.400000000000006 -144.78914573027777 0.70710678118654757
v 160.26975767565119 16.800000000000004 -144.78914573027777 1
v 160.26975767565119 17.200000000000003 -144.78914573027777 0.70710678118654757
v 160.26975767565119 17.200000000000003 -144.38914573027776 1
v 160.26975767565119 17.200000000000003 -143.98914573027776 0.70710678118654757
v 160.26975767565119 16.800000000000004 -143.98914573027776 1
v 160.26975767565119 16.400000000000006 -143.98914573027776 0.70710678118654757
v 160.26975767565119 16.400000000000006 -144.38914573027776 1
cstype rat bspline
deg 2 1
surf 0 6.2831853071795862 0 1.8931633380000079 625 626 627 628 629 630 631 632 633 634 635 636 637 638 639 640 641 642
parm u 0 0 0 1.5707963267948966 1.5707963267948966 3.1415926535897931 3.1415926535897931 4.7123889803846897 4.7123889803846897 6.2831853071795862 6.2831853071795862 6.2831853071795862
parm v 0 0 1.8931633380000079 1.8931633380000079
trim -1.577423557000003 0 542 -0.6283185307179574 0 543 -1.5774361149999976 0 544 -0.63830893616529538 0 545
end
# - trim loop
vp 72.847482947000003 11.800000000000001
vp 71.266183230999999 11.800000000000001
cstype bspline
deg 1
curv2 1696 1697
parm u -1.5812997160000037 -1.5812997160000037 -0 -0
end
vp 71.266183230999999 11.800000000000001
vp 71.266183230999999 -0.5
cstype bspline
deg 1
curv2 1698 1699
parm u -12.300000000000001 -12.300000000000001 -0 -0
end
vp 71.266183230999999 -0.5
vp 72.843606788000002 -0.5
cstype bspline
deg 1
curv2 1700 1701
parm u -1.577423557000003 -1.577423557000003 -0 -0
end
vp 72.843606788000002 -0.5
vp 72.843935404000007 3.6000003780000003
vp 72.843332860000004 7.7000016300000009
vp 72.847482947000003 11.800000000000001
cstype bspline
deg 3
curv2 1702 1703 1704 1705
parm u -12.300002157838071 -12.300002157838071 -12.300002157838071 -12.300002157838071 -0 -0 -0 -0
end
v 158.37620797755119 17.200000000000006 -143.15902573027776
v 160.27400763675121 17.200000000000006 -143.15902573027776
v 158.37620797755119 17.200000000000006 -157.91926573027777
v 160.27400763675121 17.200000000000006 -157.91926573027777
cstype bspline
deg 1 1
surf 71.107933259399999 73.005732918600003 -1.7301199999999999 13.03012 643 644 645 646
parm u 71.107933259399999 71.107933259399999 73.005732918600003 73.005732918600003
parm v -1.7301199999999999 -1.7301199999999999 13.03012 13.03012
trim -1.5812997160000037 -0 546 -12.300000000000001 -0 547 -1.577423557000003 -0 548 -12.300002157838071 -0 549
end
# - trim loop
vp 1.5707963267948966 1.7404556145999948
vp 1.5707963267948966 0.15833232859999669
cstype bspline
deg 1
curv2 1706 1707
parm u -1.5821232859999981 -1.5821232859999981 0 0
end
vp 1.5707963267948966 0.15833232859999669
vp 3.1415926535897931 0.15833232859999669
cstype bspline
deg 1
curv2 1708 1709
parm u -0.62831853071796107 -0.62831853071796107 0 0
end
vp 3.1415926535897931 0.15833232859999669
vp 3.1415926535897931 1.7396320446000004
cstype bspline
deg 1
curv2 1710 1711
parm u -1.5812997160000037 -1.5812997160000037 0 0
end
vp 3.1415926535897931 1.7396320446000004
vp 1.5707963267948966 1.7404556145999948
cstype bspline
deg 1
curv2 1712 1713
parm u -0.63830947814554051 -0.63830947814554051 0 0
end
v 158.37612562055119 16.400000000000006 -156.68914573027774 1
v 158.37612562055119 16.400000000000006 -157.08914573027775 0.70710678118654757
v 158.37612562055119 16.800000000000004 -157.08914573027775 1
v 158.37612562055119 17.200000000000003 -157.08914573027775 0.70710678118654757
v 158.37612562055119 17.200000000000003 -156.68914573027774 1
v 158.37612562055119 17.200000000000003 -156.28914573027774 0.70710678118654757
v 158.37612562055119 16.800000000000004 -156.28914573027774 1
v 158.37612562055119 16.400000000000006 -156.28914573027774 0.70710678118654757
v 158.37612562055119 16.400000000000006 -156.68914573027774 1
v 160.27491356375123 16.400000000000006 -156.68914573027774 1
v 160.27491356375123 16.400000000000006 -157.08914573027775 0.70710678118654757
v 160.27491356375123 16.800000000000004 -157.08914573027775 1
v 160.27491356375123 17.200000000000003 -157.08914573027775 0.70710678118654757
v 160.27491356375123 17.200000000000003 -156.68914573027774 1
v 160.27491356375123 17.200000000000003 -156.28914573027774 0.70710678118654757
v 160.27491356375123 16.800000000000004 -156.28914573027774 1
v 160.27491356375123 16.400000000000006 -156.28914573027774 0.70710678118654757
v 160.27491356375123 16.400000000000006 -156.68914573027774 1
cstype rat bspline
deg 2 1
surf 0 6.2831853071795862 0 1.8987879432000057 647 648 649 650 651 652 653 654 655 656 657 658 659 660 661 662 663 664
parm u 0 0 0 1.5707963267948966 1.5707963267948966 3.1415926535897931 3.1415926535897931 4.7123889803846897 4.7123889803846897 6.2831853071795862 6.2831853071795862 6.2831853071795862
parm v 0 0 1.8987879432000057 1.8987879432000057
trim -1.5821232859999981 0 550 -0.62831853071796107 0 551 -1.5812997160000037 0 552 -0.63830947814554051 0 553
end
# - trim loop
vp 101.356066771 0
vp 99.774183883999996 0
cstype bspline
deg 1
curv2 1714 1715
parm u -1.581882886999999 -1.581882886999999 -0 -0
end
vp 99.774183883999996 0 1
vp 99.775556282000011 -0.045851664399333122 0.99988808389894468
vp 99.775556281999997 -0.091723863000002126 1
cstype rat bspline
deg 2
curv2 1716 1717 1718
parm u -0.091737551854688432 -0.091737551854688432 -0.091737551854688432 0 0 0
end
vp 99.775556281999997 -0.091723863000002126
vp 99.775556281999997 -0.15000000000000213
cstype bspline
deg 1
curv2 1719 1720
parm u -0.058276137000000006 -0.058276137000000006 -0 -0
end
vp 99.775556281999997 -0.15000000000000213
vp 99.774786335000002 -0.15000000000000213
cstype bspline
deg 1
curv2 1721 1722
parm u -0.00076994700000199146 -0.00076994700000199146 -0 -0
end
vp 99.774786335000002 -0.15000000000000213
vp 99.774786335000002 -0.5
cstype bspline
deg 1
curv2 1723 1724
parm u -0.34999999999999787 -0.34999999999999787 -0 -0
end
vp 99.774786335000002 -0.5
vp 101.35558559500001 -0.5
cstype bspline
deg 1
curv2 1725 1726
parm u -1.5807992599999992 -1.5807992599999992 -0 -0
end
vp 101.35558559500001 -0.5
vp 101.355738402 -0.33333332600000176
vp 101.35589866700001 -0.16666666000000063
vp 101.356066771 0
cstype bspline
deg 3
curv2 1727 1728 1729 1730
parm u -0.50000023188135945 -0.50000023188135945 -0.50000023188135945 -0.50000023188135945 -0 -0 -0 -0
end
v 158.37554720945121 17.200000000000006 -173.48902573027777
v 160.27404667385122 17.200000000000006 -173.48902573027777
v 158.37554720945121 17.200000000000006 -175.28926573027775
v 160.27404667385122 17.200000000000006 -175.28926573027775
cstype bspline
deg 1 1
surf 99.615875595299997 101.5143750597 -1.1501199999999998 0.6501199999999997 665 666 667 668
parm u 99.615875595299997 99.615875595299997 101.5143750597 101.5143750597
parm v -1.1501199999999998 -1.1501199999999998 0.6501199999999997 0.6501199999999997
trim -1.581882886999999 -0 554 -0.091737551854688432 0 555 -0.058276137000000006 -0 556 -0.00076994700000199146 -0 557 -0.34999999999999787 -0 558 -1.5807992599999992 -0 559 -0.50000023188135945 -0 560
end
# - trim loop
vp 1.5707963267948966 1.7832448248000006
vp 1.5707963267948966 0.1622222567999998
cstype bspline
deg 1
curv2 1731 1732
parm u -1.6210225680000008 -1.6210225680000008 0 0
end
vp 1.5707963267948966 0.1622222567999998
vp 2.09486234109337 0.16222225680000538
vp 2.6177715319910599 0.19489355990060736
vp 3.1415926535897931 0.20053984479999801
cstype bspline
deg 3
curv2 1733 1734 1735 1736
parm u -0.63977132954655225 -0.63977132954655225 -0.63977132954655225 -0.63977132954655225 0 0 0 0
end
vp 3.1415926535897931 0.20053984479999801
vp 3.1415926535897931 1.7824227317999972
cstype bspline
deg 1
curv2 1737 1738
parm u -1.581882886999999 -1.581882886999999 0 0
end
vp 3.1415926535897931 1.7824227317999972
vp 1.5707963267948966 1.7832448248000006
cstype bspline
deg 1
curv2 1739 1740
parm u -0.64422893451200447 -0.64422893451200447 0 0
end
v 158.33331565335121 16.400000000000006 -174.63914573027776 1
v 158.33331565335121 16.400000000000006 -175.03914573027777 0.70710678118654757
v 158.33331565335121 16.800000000000004 -175.03914573027777 1
v 158.33331565335121 17.200000000000003 -175.03914573027777 0.70710678118654757
v 158.33331565335121 17.200000000000003 -174.63914573027776 1
v 158.33331565335121 17.200000000000003 -174.23914573027776 0.70710678118654757
v 158.33331565335121 16.800000000000004 -174.23914573027776 1
v 158.33331565335121 16.400000000000006 -174.23914573027776 0.70710678118654757
v 158.33331565335121 16.400000000000006 -174.63914573027776 1
v 160.27878273495122 16.400000000000006 -174.63914573027776 1
v 160.27878273495122 16.400000000000006 -175.03914573027777 0.70710678118654757
v 160.27878273495122 16.800000000000004 -175.03914573027777 1
v 160.27878273495122 17.200000000000003 -175.03914573027777 0.70710678118654757
v 160.27878273495122 17.200000000000003 -174.63914573027776 1
v 160.27878273495122 17.200000000000003 -174.23914573027776 0.70710678118654757
v 160.27878273495122 16.800000000000004 -174.23914573027776 1
v 160.27878273495122 16.400000000000006 -174.23914573027776 0.70710678118654757
v 160.27878273495122 16.400000000000006 -174.63914573027776 1
cstype rat bspline
deg 2 1
surf 0 6.2831853071795862 0 1.9454670816000146 669 670 671 672 673 674 675 676 677 678 679 680 681 682 683 684 685 686
parm u 0 0 0 1.5707963267948966 1.5707963267948966 3.1415926535897931 3.1415926535897931 4.7123889803846897 4.7123889803846897 6.2831853071795862 6.2831853071795862 6.2831853071795862
parm v 0 0 1.9454670816000146 1.9454670816000146
trim -1.6210225680000008 0 561 -0.63977132954655225 0 562 -1.581882886999999 0 563 -0.64422893451200447 0 564
end
# - trim loop
vp 7.7294690729999971 -104.80885831199998
vp -8.1000000000000014 -104.80885831199998
cstype bspline
deg 1
curv2 1741 1742
parm u -15.829469072999999 -15.829469072999999 -0 -0
end
vp -8.1000000000000014 -104.80885831199998
vp -8.1000000000000014 -105.607703738
cstype bspline
deg 1
curv2 1743 1744
parm u -0.79884542599999975 -0.79884542599999975 -0 -0
end
vp -8.1000000000000014 -105.607703738
vp -8.1000000000000014 -107.97133489699999
cstype bspline
deg 1
curv2 1745 1746
parm u -2.3636311590000005 -2.3636311590000005 -0 -0
end
vp -8.1000000000000014 -107.97133489699999
vp 7.2341428659999991 -107.97133489699999
cstype bspline
deg 1
curv2 1747 1748
parm u -15.334142866000001 -15.334142866000001 -0 -0
end
vp 7.2341428659999991 -107.97133489699999 1
vp 7.6760665534663222 -107.97133489699999 0.98977044533742486
vp 8.0999999999999979 -108.09614266299999 1
cstype rat bspline
deg 2
curv2 1749 1750 1751
parm u -0.87780122802073968 -0.87780122802073968 -0.87780122802073968 0 0 0
end
vp 8.0999999999999979 -108.09614266299999
vp 8.0999999999999979 -107.06853192699998
cstype bspline
deg 1
curv2 1752 1753
parm u -1.0276107359999997 -1.0276107359999997 -0 -0
end
vp 8.0999999999999979 -107.06853192699998
vp 8.0999999999999979 -104.86112648599999
cstype bspline
deg 1
curv2 1754 1755
parm u -2.2074054409999988 -2.2074054409999988 -0 -0
end
vp 8.0999999999999979 -104.86112648599999
vp 8.1375606569999981 -104.82840693899999
cstype bspline
deg 1
curv2 1756 1757
parm u -0.049813368789480852 -0.049813368789480852 -0 -0
end
vp 8.1375606569999981 -104.82840693899999 1
vp 7.9339830794810968 -104.80885831299999 0.99885464391623735
vp 7.7294690729999971 -104.80885831199998 1
cstype rat bspline
deg 2
curv2 1758 1759 1760
parm u -0.40871558378406297 -0.40871558378406297 -0.40871558378406297 0 0 0
end
v 158.08080174805116 15.400000000000006 -141.41302179597776
v 158.08080174805116 15.400000000000006 -121.92770900757775
v 162.02578296925117 15.400000000000006 -141.41302179597776
v 162.02578296925117 15.400000000000006 -121.92770900757775
cstype bspline
deg 1 1
surf -9.7238760657000007 9.7614367226999974 -108.42499109809999 -104.48000987689998 687 688 689 690
parm u -9.7238760657000007 -9.7238760657000007 9.7614367226999974 9.7614367226999974
parm v -108.42499109809999 -108.42499109809999 -104.48000987689998 -104.48000987689998
trim -15.829469072999999 -0 565 -0.79884542599999975 -0 566 -2.3636311590000005 -0 567 -15.334142866000001 -0 568 -0.87780122802073968 0 569 -1.0276107359999997 -0 570 -2.2074054409999988 -0 571 -0.049813368789480852 -0 572 -0.40871558378406297 0 573
end
# - trim loop
vp -8.4755055289999994 -21.620917271
vp -8.4755055289999994 -38.285016140000003
cstype bspline
deg 1
curv2 1761 1762
parm u -16.664098869 -16.664098869 -0 -0
end
vp -8.4755055289999994 -38.285016140000003
vp 8.4755055289999994 -38.285016140000003
cstype bspline
deg 1
curv2 1763 1764
parm u -16.951011057999999 -16.951011057999999 -0 -0
end
vp 8.4755055289999994 -38.285016140000003
vp 8.4755055289999994 -21.620917271
cstype bspline
deg 1
curv2 1765 1766
parm u -16.664098869 -16.664098869 -0 -0
end
vp 8.4755055289999994 -21.620917271
vp -8.4755055289999994 -21.620917271
cstype bspline
deg 1
curv2 1767 1768
parm u -16.951011057999999 -16.951011057999999 -0 -0
end
v 157.13590064805121 22.046232163800006 -177.61327900127776
v 157.13590064805121 1.7047788942000057 -177.61327900127776
v 137.1387420052512 22.046232163800006 -177.61327900127776
v 137.1387420052512 1.7047788942000057 -177.61327900127776
cstype bspline
deg 1 1
surf -10.170726634799999 10.170726634799999 -39.951546026900004 -19.954387384099999 691 692 693 694
parm u -10.170726634799999 -10.170726634799999 10.170726634799999 10.170726634799999
parm v -39.951546026900004 -39.951546026900004 -19.954387384099999 -19.954387384099999
trim -16.664098869 -0 574 -16.951011057999999 -0 575 -16.664098869 -0 576 -16.951011057999999 -0 577
end
# - trim loop
vp 3.1510110579999981 -1.3628612119999985
vp 0 -1.3628612119999985
cstype bspline
deg 1
curv2 1769 1770
parm u -3.1510110579999981 -3.1510110579999981 -0 -0
end
vp 0 -1.3628612119999985
vp 0 -1.3636311590000005
cstype bspline
deg 1
curv2 1771 1772
parm u -0.00076994700000199146 -0.00076994700000199146 -0 -0
end
vp 0 -1.3636311590000005
vp 3.1510110579999981 -1.3636311590000005
cstype bspline
deg 1
curv2 1773 1774
parm u -3.1510110579999981 -3.1510110579999981 -0 -0
end
vp 3.1510110579999981 -1.3636311590000005
vp 3.1510110579999981 -1.3628612119999985
cstype bspline
deg 1
curv2 1775 1776
parm u -0.00076994700000199146 -0.00076994700000199146 -0 -0
end
v 157.93426095445119 20.666232163800004 -174.48914573027776
v 157.93426095445119 16.884778894200007 -174.48914573027776
v 159.1354248908512 20.666232163800004 -174.48914573027776
v 159.1354248908512 16.884778894200007 -174.48914573027776
cstype bspline
deg 1 1
surf -0.31522110579999957 3.4662321637999978 -1.9638281537000046 -0.76266421729999434 695 696 697 698
parm u -0.31522110579999957 -0.31522110579999957 3.4662321637999978 3.4662321637999978
parm v -1.9638281537000046 -1.9638281537000046 -0.76266421729999434 -0.76266421729999434
trim -3.1510110579999981 -0 578 -0.00076994700000199146 -0 579 -3.1510110579999981 -0 580 -0.00076994700000199146 -0 581
end
# - trim loop
vp 0 101.352220523
vp 0 99.774786335000002
cstype bspline
deg 1
curv2 1777 1778
parm u -1.577434187999998 -1.577434187999998 -0 -0
end
vp 0 99.774786335000002
vp 0.44999999999999929 99.774786335000002
cstype bspline
deg 1
curv2 1779 1780
parm u -0.44999999999999929 -0.44999999999999929 -0 -0
end
vp 0.44999999999999929 99.774786335000002
vp 11.399999999999999 99.774786335000002
cstype bspline
deg 1
curv2 1781 1782
parm u -10.949999999999999 -10.949999999999999 -0 -0
end
vp 11.399999999999999 99.774786335000002
vp 11.399999999999999 100.87478633500001
cstype bspline
deg 1
curv2 1783 1784
parm u -1.1000000000000014 -1.1000000000000014 -0 -0
end
vp 11.399999999999999 100.87478633500001
vp 13.399999999999999 100.87478633500001
cstype bspline
deg 1
curv2 1785 1786
parm u -1.9999999999999996 -1.9999999999999996 -0 -0
end
vp 13.399999999999999 100.87478633500001
vp 13.399999999999999 101.352223331
cstype bspline
deg 1
curv2 1787 1788
parm u -0.47743699600000156 -0.47743699600000156 -0 -0
end
vp 13.399999999999999 101.352223331
vp 8.933333348999998 101.35273941
vp 4.4666666519999989 101.35273766
vp 0 101.352220523
cstype bspline
deg 3
curv2 1789 1790 1791 1792
parm u -13.400000059750512 -13.400000059750512 -13.400000059750512 -13.400000059750512 -0 -0 -0 -0
end
v 158.37654264165121 18.140120000000003 -161.93914573027774
v 158.37654264165121 2.0598800000000068 -161.93914573027774
v 160.27032633165121 18.140120000000003 -161.93914573027774
v 160.27032633165121 2.0598800000000068 -161.93914573027774
cstype bspline
deg 1 1
surf -1.3401199999999998 14.740119999999997 99.616871027499997 101.5106547175 699 700 701 702
parm u -1.3401199999999998 -1.3401199999999998 14.740119999999997 14.740119999999997
parm v 99.616871027499997 99.616871027499997 101.5106547175 101.5106547175
trim -1.577434187999998 -0 582 -0.44999999999999929 -0 583 -10.949999999999999 -0 584 -1.1000000000000014 -0 585 -1.9999999999999996 -0 586 -0.47743699600000156 -0 587 -13.400000059750512 -0 588
end
# - trim loop
vp 0 72.843619345999997
vp 0 71.266183230999999
cstype bspline
deg 1
curv2 1793 1794
parm u -1.5774361149999976 -1.5774361149999976 -0 -0
end
vp 0 71.266183230999999
vp 0.44999999999999929 71.266183230999999
cstype bspline
deg 1
curv2 1795 1796
parm u -0.44999999999999929 -0.44999999999999929 -0 -0
end
vp 0.44999999999999929 71.266183230999999
vp 11.399999999999999 71.266183230999999
cstype bspline
deg 1
curv2 1797 1798
parm u -10.949999999999999 -10.949999999999999 -0 -0
end
vp 11.399999999999999 71.266183230999999
vp 11.399999999999999 72.366183231000008
cstype bspline
deg 1
curv2 1799 1800
parm u -1.1000000000000014 -1.1000000000000014 -0 -0
end
vp 11.399999999999999 72.366183231000008
vp 13.399999999999999 72.366183231000008
cstype bspline
deg 1
curv2 1801 1802
parm u -1.9999999999999996 -1.9999999999999996 -0 -0
end
vp 13.399999999999999 72.366183231000008
vp 13.399999999999999 72.843622154999991
cstype bspline
deg 1
curv2 1803 1804
parm u -0.47743892399999766 -0.47743892399999766 -0 -0
end
vp 13.399999999999999 72.843622154999991
vp 8.933333348999998 72.844139127999995
vp 4.4666666519999989 72.844137343999989
vp 0 72.843619345999997
cstype bspline
deg 3
curv2 1805 1806 1807 1808
parm u -13.400000059953676 -13.400000059953676 -13.400000059953676 -13.400000059953676 -0 -0 -0 -0
end
v 158.37654235945121 18.140120000000003 -143.98914573027776
v 158.37654235945121 2.0598800000000068 -143.98914573027776
v 160.27032943585118 18.140120000000003 -143.98914573027776
v 160.27032943585118 2.0598800000000068 -143.98914573027776
cstype bspline
deg 1 1
surf -1.3401199999999998 14.740119999999997 71.108267641299989 73.002054717699991 703 704 705 706
parm u -1.3401199999999998 -1.3401199999999998 14.740119999999997 14.740119999999997
parm v 71.108267641299989 71.108267641299989 73.002054717699991 73.002054717699991
trim -1.5774361149999976 -0 589 -0.44999999999999929 -0 590 -10.949999999999999 -0 591 -1.1000000000000014 -0 592 -1.9999999999999996 -0 593 -0.47743892399999766 -0 594 -13.400000059953676 -0 595
end
# - trim loop
vp -12.949999999999999 101.35680048099999
vp -12.949999999999999 99.735866296000012
cstype bspline
deg 1
curv2 1809 1810
parm u -1.6209341849999959 -1.6209341849999959 -0 -0
end
vp -12.949999999999999 99.735866296000012
vp 0 99.735866296000012
cstype bspline
deg 1
curv2 1811 1812
parm u -12.949999999999999 -12.949999999999999 -0 -0
end
vp 0 99.735866296000012
vp 0.44999999999999929 99.735866296000012
cstype bspline
deg 1
curv2 1813 1814
parm u -0.44999999999999929 -0.44999999999999929 -0 -0
end
vp 0.44999999999999929 99.735866296000012
vp 0.44999999999999929 101.35688886400001
cstype bspline
deg 1
curv2 1815 1816
parm u -1.6210225680000008 -1.6210225680000008 -0 -0
end
vp 0.44999999999999929 101.35688886400001
vp -4.0166656110000005 101.361261883
vp -8.4833344440000005 101.361227317
vp -12.949999999999999 101.35680048099999
cstype bspline
deg 3
curv2 1817 1818 1819 1820
parm u -13.400004334481373 -13.400004334481373 -13.400004334481373 -13.400004334481373 -0 -0 -0 -0
end
v 158.3328783514512 2.0598800000000068 -175.03914573027777
v 158.3328783514512 18.140120000000003 -175.03914573027777
v 160.28359305585121 2.0598800000000068 -175.03914573027777
v 160.28359305585121 18.140120000000003 -175.03914573027777
cstype bspline
deg 1 1
surf -14.290119999999998 1.790119999999999 99.573206737300012 101.5239214417 707 708 709 710
parm u -14.290119999999998 -14.290119999999998 1.790119999999999 1.790119999999999
parm v 99.573206737300012 99.573206737300012 101.5239214417 101.5239214417
trim -1.6209341849999959 -0 596 -12.949999999999999 -0 597 -0.44999999999999929 -0 598 -1.6210225680000008 -0 599 -13.400004334481373 -0 600
end
# - trim loop
vp 30 41.524711963999998 1
vp 30.000000001 45.995242891999993 0.7071067811074625
vp 25.529469072999998 45.995242892 1
cstype rat bspline
deg 2
curv2 1821 1822 1823
parm u 0 0 0 7.0222935599545897 7.0222935599545897 7.0222935599545897
end
vp 25.529469072999998 45.995242892
vp -25.626508170000001 45.995242892
cstype bspline
deg 1
curv2 1824 1825
parm u 0 0 51.155977242999995 51.155977242999995
end
vp -25.626508170000001 45.995242892 1
vp -30.097039098 45.995242891999993 0.70710678110746183
vp -30.097039097 41.524711963999998 1
cstype rat bspline
deg 2
curv2 1826 1827 1828
parm u 0 0 0 7.0222935599545853 7.0222935599545853 7.0222935599545853
end
vp -30.097039097 41.524711963999998
vp -30.097039097 -40.029469071999998
cstype bspline
deg 1
curv2 1829 1830
parm u 0 0 81.554181035999989 81.554181035999989
end
vp -30.097039097 -40.029469071999998 1
vp -30.097039098 -44.499999999999993 0.70710678110746183
vp -25.626508170000001 -44.5 1
cstype rat bspline
deg 2
curv2 1831 1832 1833
parm u 0 0 0 7.0222935599545853 7.0222935599545853 7.0222935599545853
end
vp -25.626508170000001 -44.5
vp 25.529469072999998 -44.5
cstype bspline
deg 1
curv2 1834 1835
parm u 0 0 51.155977242999995 51.155977242999995
end
vp 25.529469072999998 -44.5 1
vp 30.000000001 -44.499999999999993 0.7071067811074625
vp 30 -40.029469071999998 1
cstype rat bspline
deg 2
curv2 1836 1837 1838
parm u 0 0 0 7.0222935599545897 7.0222935599545897 7.0222935599545897
end
vp 30 -40.029469071999998
vp 30 41.524711963999998
cstype bspline
deg 1
curv2 1839 1840
parm u 0 0 81.554181035999989 81.554181035999989
end
v 62.353201926951201 22.351011058000005 -185.59600873817777
v 62.353201926951201 22.351011058000005 -113.47932181937776
v 170.94773339735121 22.351011058000005 -185.59600873817777
v 170.94773339735121 22.351011058000005 -113.47932181937776
cstype bspline
deg 1 1
surf -36.106863007900003 36.009823910899996 -53.549644289200003 55.044887181200004 711 712 713 714
parm u -36.106863007900003 -36.106863007900003 36.009823910899996 36.009823910899996
parm v -53.549644289200003 -53.549644289200003 55.044887181200004 55.044887181200004
trim 0 7.0222935599545897 601 0 51.155977242999995 602 0 7.0222935599545853 603 0 81.554181035999989 604 0 7.0222935599545853 605 0 51.155977242999995 606 0 7.0222935599545897 607 0 81.554181035999989 608
end
# - trim loop
vp -227.63349379600001 67.762144259999999
vp -227.63349379600001 67.703868123000007
cstype bspline
deg 1
curv2 1841 1842
parm u -0.058276137000000006 -0.058276137000000006 -0 -0
end
vp -227.63349379600001 67.703868123000007
vp -224.48248273799999 67.703868123000007
cstype bspline
deg 1
curv2 1843 1844
parm u -3.1510110579999981 -3.1510110579999981 -0 -0
end
vp -224.48248273799999 67.703868123000007
vp -224.48248273799999 67.762144259999999
cstype bspline
deg 1
curv2 1845 1846
parm u -0.058276137000000006 -0.058276137000000006 -0 -0
end
vp -224.48248273799999 67.762144259999999
vp -227.63349379600001 67.762144259999999
cstype bspline
deg 1
curv2 1847 1848
parm u -3.1510110579999981 -3.1510110579999981 -0 -0
end
v 158.53522789615121 20.666232163800004 -173.88319811657774
v 158.53522789615121 16.884778894200025 -173.88319811657774
v 158.53522789615121 20.666232163800004 -175.15336948097774
v 158.53522789615121 16.884778894200025 -175.15336948097774
cstype bspline
deg 1 1
surf -227.9487149018 -224.16726163220002 67.097920509299996 68.368091873699996 715 716 717 718
parm u -227.9487149018 -227.9487149018 -224.16726163220002 -224.16726163220002
parm v 67.097920509299996 67.097920509299996 68.368091873699996 68.368091873699996
trim -0.058276137000000006 -0 609 -3.1510110579999981 -0 610 -0.058276137000000006 -0 611 -3.1510110579999981 -0 612
end
# - trim loop
vp 203.37717993000001 18.300000000000001
vp 203.37717993000001 2.9658571340000002
cstype bspline
deg 1
curv2 1849 1850
parm u 0 0 15.334142866000001 15.334142866000001
end
vp 203.37717993000001 2.9658571340000002
vp 208.32819098800002 2.9658571340000002
cstype bspline
deg 1
curv2 1851 1852
parm u 0 0 4.9510110579999989 4.9510110579999989
end
vp 208.32819098800002 2.9658571340000002
vp 208.32819098800002 53
cstype bspline
deg 1
curv2 1853 1854
parm u 0 0 50.034142865999996 50.034142865999996
end
vp 208.32819098800002 53
vp 205.17717993000002 53
cstype bspline
deg 1
curv2 1855 1856
parm u 0 0 3.1510110579999981 3.1510110579999981
end
vp 205.17717993000002 53
vp 205.17717993000002 52.650000000000006
cstype bspline
deg 1
curv2 1857 1858
parm u 0 0 0.34999999999999787 0.34999999999999787
end
vp 205.17717993000002 52.650000000000006
vp 205.17717993000002 40.850000000000001
cstype bspline
deg 1
curv2 1859 1860
parm u 0 0 11.800000000000001 11.800000000000001
end
vp 205.17717993000002 40.850000000000001 1
vp 205.17717992999999 40.449999999999996 0.70710678118654913
vp 204.77717993000002 40.450000000000003 1
cstype rat bspline
deg 2
curv2 1861 1862 1863
parm u 0 0 0 0.62831853071796018 0.62831853071796018 0.62831853071796018
end
vp 204.77717993000002 40.450000000000003
vp 204.32717993 40.450000000000003
cstype bspline
deg 1
curv2 1864 1865
parm u 0 0 0.44999999999999929 0.44999999999999929
end
vp 204.32717993 40.450000000000003
vp 193.37717993000001 40.450000000000003
cstype bspline
deg 1
curv2 1866 1867
parm u 0 0 10.949999999999999 10.949999999999999
end
vp 193.37717993000001 40.450000000000003
vp 193.37717993000001 35.600000000000001
cstype bspline
deg 1
curv2 1868 1869
parm u 0 0 4.8500000000000005 4.8500000000000005
end
vp 193.37717993000001 35.600000000000001
vp 204.77717993000002 35.600000000000001
cstype bspline
deg 1
curv2 1870 1871
parm u 0 0 11.399999999999999 11.399999999999999
end
vp 204.77717993000002 35.600000000000001 1
vp 205.17717992999999 35.600000000000001 0.70710678118654835
vp 205.17717993000002 35.200000000000003 1
cstype rat bspline
deg 2
curv2 1872 1873 1874
parm u 0 0 0 0.62831853071796107 0.62831853071796107 0.62831853071796107
end
vp 205.17717993000002 35.200000000000003
vp 205.17717993000002 22.899999999999999
cstype bspline
deg 1
curv2 1875 1876
parm u 0 0 12.300000000000001 12.300000000000001
end
vp 205.17717993000002 22.899999999999999 1
vp 205.17717992999999 22.5 0.70710678118654913
vp 204.77717993000002 22.5 1
cstype rat bspline
deg 2
curv2 1877 1878 1879
parm u 0 0 0 0.6283185307179574 0.6283185307179574 0.6283185307179574
end
vp 204.77717993000002 22.5
vp 204.32717993 22.5
cstype bspline
deg 1
curv2 1880 1881
parm u 0 0 0.44999999999999929 0.44999999999999929
end
vp 204.32717993 22.5
vp 193.37717993000001 22.5
cstype bspline
deg 1
curv2 1882 1883
parm u 0 0 10.949999999999999 10.949999999999999
end
vp 193.37717993000001 22.5
vp 193.37717993000001 18.300000000000001
cstype bspline
deg 1
curv2 1884 1885
parm u 0 0 4.2000000000000002 4.2000000000000002
end
vp 193.37717993000001 18.300000000000001
vp 203.37717993000001 18.300000000000001
cstype bspline
deg 1
curv2 1886 1887
parm u 0 0 10 10
end
v 158.5344579491512 3.9047788942000068 -119.45146857767776
v 158.5344579491512 21.846232163799982 -119.45146857767776
v 158.5344579491512 3.9047788942000068 -179.49268001687776
v 158.5344579491512 21.846232163799982 -179.49268001687776
cstype bspline
deg 1 1
surf 191.88195882420001 209.82341209379999 -2.0376771526000006 58.003534286600001 719 720 721 722
parm u 191.88195882420001 191.88195882420001 209.82341209379999 209.82341209379999
parm v -2.0376771526000006 -2.0376771526000006 58.003534286600001 58.003534286600001
trim 0 15.334142866000001 613 0 4.9510110579999989 614 0 50.034142865999996 615 0 3.1510110579999981 616 0 0.34999999999999787 617 0 11.800000000000001 618 0 0.62831853071796018 619 0 0.44999999999999929 620 0 10.949999999999999 621 0 4.8500000000000005 622 0 11.399999999999999 623 0 0.62831853071796107 624 0 12.300000000000001 625 0 0.6283185307179574 626 0 0.44999999999999929 627 0 10.949999999999999 628 0 4.2000000000000002 629 0 10 630
end
# - trim loop
vp 195.27965196600002 -19.597574324
vp 212.23066302400002 -19.597574324
cstype bspline
deg 1
curv2 1888 1889
parm u 0 0 16.951011057999999 16.951011057999999
end
vp 212.23066302400002 -19.597574324
vp 212.23066302400002 -2.9342454020000019
cstype bspline
deg 1
curv2 1890 1891
parm u 0 0 16.663328921999998 16.663328921999998
end
vp 212.23066302400002 -2.9342454020000019
vp 195.27965196600002 -2.9342454020000019
cstype bspline
deg 1
curv2 1892 1893
parm u 0 0 16.951011057999999 16.951011057999999
end
vp 195.27965196600002 -2.9342454020000019
vp 195.27965196600002 -19.597574324
cstype bspline
deg 1
curv2 1894 1895
parm u 0 0 16.663328921999998 16.663328921999998
end
v 137.13881899995121 1.7047788942000182 -121.38914573027776
v 137.13881899995121 22.046232163799999 -121.38914573027776
v 157.13505370635121 1.7047788942000182 -121.38914573027776
v 157.13505370635121 22.046232163799999 -121.38914573027776
cstype bspline
deg 1 1
surf 193.58443086020003 213.92588412980001 -21.264027216199999 -1.2677925097999985 723 724 725 726
parm u 193.58443086020003 193.58443086020003 213.92588412980001 213.92588412980001
parm v -21.264027216199999 -21.264027216199999 -1.2677925097999985 -1.2677925097999985
trim 0 16.951011057999999 631 0 16.663328921999998 632 0 16.951011057999999 633 0 16.663328921999998 634
end
# - trim loop
vp 1.5707963267948966 18.646232163800011
vp 1.5707963267948966 1.6952211058000113
cstype bspline
deg 1
curv2 1896 1897
parm u 0 0 16.951011057999999 16.951011057999999
end
vp 1.5707963267948966 1.6952211058000113
vp 3.1415926535897931 1.6952211058000113
cstype bspline
deg 1
curv2 1898 1899
parm u 0 0 7.0222935599545897 7.0222935599545897
end
vp 3.1415926535897931 1.6952211058000113
vp 3.1415926535897931 18.646232163800011
cstype bspline
deg 1
curv2 1900 1901
parm u 0 0 16.951011057999999 16.951011057999999
end
vp 3.1415926535897931 18.646232163800011
vp 1.5707963267948966 18.646232163800011
cstype bspline
deg 1
curv2 1902 1903
parm u 0 0 7.0222935599545897 7.0222935599545897
end
v 75.873377144151206 3.7047788941999933 -128.43020758527774 1
v 71.402846216151218 3.7047788941999933 -128.43020758527774 0.70710678118654757
v 71.402846216151218 3.7047788941999933 -123.95967665727775 1
v 71.402846216151218 3.7047788941999933 -119.48914572927777 0.70710678118654757
v 75.873377144151206 3.7047788941999933 -119.48914572927777 1
v 80.343908072151194 3.7047788941999933 -119.48914572927777 0.70710678118654757
v 80.343908072151194 3.7047788941999933 -123.95967665727775 1
v 80.343908072151194 3.7047788941999933 -128.43020758527774 0.70710678118654757
v 75.873377144151206 3.7047788941999933 -128.43020758527774 1
v 75.873377144151206 24.046232163800031 -128.43020758527774 1
v 71.402846216151218 24.046232163800031 -128.43020758527774 0.70710678118654757
v 71.402846216151218 24.046232163800031 -123.95967665727775 1
v 71.402846216151218 24.046232163800031 -119.48914572927777 0.70710678118654757
v 75.873377144151206 24.046232163800031 -119.48914572927777 1
v 80.343908072151194 24.046232163800031 -119.48914572927777 0.70710678118654757
v 80.343908072151194 24.046232163800031 -123.95967665727775 1
v 80.343908072151194 24.046232163800031 -128.43020758527774 0.70710678118654757
v 75.873377144151206 24.046232163800031 -128.43020758527774 1
cstype rat bspline
deg 2 1
surf 0 6.2831853071795862 0 20.341453269600038 727 728 729 730 731 732 733 734 735 736 737 738 739 740 741 742 743 744
parm u 0 0 0 1.5707963267948966 1.5707963267948966 3.1415926535897931 3.1415926535897931 4.7123889803846897 4.7123889803846897 6.2831853071795862 6.2831853071795862 6.2831853071795862
parm v 0 0 20.341453269600038 20.341453269600038
trim 0 16.951011057999999 635 0 7.0222935599545897 636 0 16.951011057999999 637 0 7.0222935599545897 638
end
# - trim loop
vp 3.1415926535897931 1.6952211058000113
vp 4.563614365413561 1.6952211058000113
cstype bspline
deg 1
curv2 1904 1905
parm u 0 0 6.4073779801127539 6.4073779801127539
end
vp 4.563614365413561 1.6952211058000113
vp 4.563614365413561 11.896375679800014
cstype bspline
deg 1
curv2 1906 1907
parm u 0 0 10.201154574 10.201154574
end
vp 4.563614365413561 11.896375679800014
vp 4.7123889803846897 11.896375679800014
cstype bspline
deg 1
curv2 1908 1909
parm u 0 0 0.6149155800755165 0.6149155800755165
end
vp 4.7123889803846897 11.896375679800014
vp 4.7123889803846897 18.646232163800011
cstype bspline
deg 1
curv2 1910 1911
parm u 0 0 6.7498564839999986 6.7498564839999986
end
vp 4.7123889803846897 18.646232163800011
vp 3.1415926535897931 18.646232163800011
cstype bspline
deg 1
curv2 1912 1913
parm u 0 0 7.0222935599545897 7.0222935599545897
end
vp 3.1415926535897931 18.646232163800011
vp 3.1415926535897931 1.6952211058000113
cstype bspline
deg 1
curv2 1914 1915
parm u 0 0 16.951011057999999 16.951011057999999
end
v 157.42755818015121 3.7047788941999933 -128.43020758527774 1
v 152.95702725215122 3.7047788941999933 -128.43020758527774 0.70710678118654757
v 152.95702725215122 3.7047788941999933 -123.95967665727775 1
v 152.95702725215122 3.7047788941999933 -119.48914572927777 0.70710678118654757
v 157.42755818015121 3.7047788941999933 -119.48914572927777 1
v 161.8980891081512 3.7047788941999933 -119.48914572927777 0.70710678118654757
v 161.8980891081512 3.7047788941999933 -123.95967665727775 1
v 161.8980891081512 3.7047788941999933 -128.43020758527774 0.70710678118654757
v 157.42755818015121 3.7047788941999933 -128.43020758527774 1
v 157.42755818015121 24.046232163800031 -128.43020758527774 1
v 152.95702725215122 24.046232163800031 -128.43020758527774 0.70710678118654757
v 152.95702725215122 24.046232163800031 -123.95967665727775 1
v 152.95702725215122 24.046232163800031 -119.48914572927777 0.70710678118654757
v 157.42755818015121 24.046232163800031 -119.48914572927777 1
v 161.8980891081512 24.046232163800031 -119.48914572927777 0.70710678118654757
v 161.8980891081512 24.046232163800031 -123.95967665727775 1
v 161.8980891081512 24.046232163800031 -128.43020758527774 0.70710678118654757
v 157.42755818015121 24.046232163800031 -128.43020758527774 1
cstype rat bspline
deg 2 1
surf 0 6.2831853071795862 0 20.341453269600038 745 746 747 748 749 750 751 752 753 754 755 756 757 758 759 760 761 762
parm u 0 0 0 1.5707963267948966 1.5707963267948966 3.1415926535897931 3.1415926535897931 4.7123889803846897 4.7123889803846897 6.2831853071795862 6.2831853071795862 6.2831853071795862
parm v 0 0 20.341453269600038 20.341453269600038
trim 0 6.4073779801127539 639 0 10.201154574 640 0 0.6149155800755165 641 0 6.7498564839999986 642 0 7.0222935599545897 643 0 16.951011057999999 644
end
# - trim loop
vp 4.7123889803846897 18.646232163800011
vp 3.1415926535897931 18.646232163800011
cstype bspline
deg 1
curv2 1916 1917
parm u -4.8158371255651291 -4.8158371255651291 0 0
end
vp 3.1415926535897931 18.646232163800011
vp 3.1415926535897931 15.495221105800015
cstype bspline
deg 1
curv2 1918 1919
parm u -3.1510110579999981 -3.1510110579999981 0 0
end
vp 3.1415926535897931 15.495221105800015
vp 3.1746257473430108 15.49522110580001
cstype bspline
deg 1
curv2 1920 1921
parm u -0.091737551854688432 -0.091737551854688432 0 0
end
vp 3.1746257473430108 15.49522110580001
vp 3.1850787248544279 15.49522110580001
vp 3.1938181943180521 15.492446220126167
vp 3.2076806369065007 15.484575389357731
vp 3.212122543391255 15.481315076715928
vp 3.218659570278418 15.475636640905915
vp 3.2208586126221128 15.473544195383457
vp 3.2240962097226391 15.470222442717079
vp 3.2251844652749178 15.469060784826864
vp 3.2267987209352245 15.467274159803651
vp 3.2273393923701152 15.466664533986231
vp 3.2284186430738409 15.465425816720835
vp 3.2289568697612965 15.464796848986836
vp 3.2392719032424258 15.452528098732081
vp 3.2469884665746496 15.439903961004754
vp 3.2623621951585071 15.410187828911345
vp 3.2691738886418298 15.393386663499756
vp 3.3046076508443218 15.290182470521765
vp 3.315097627478532 15.184666303088157
vp 3.315097627478532 15.095221105800011
cstype bspline
deg 3
curv2 1922 1923 1924 1925 1926 1927 1928 1929 1930 1931 1932 1933 1934 1935 1936 1937 1938 1939 1940 1941
parm u -0.63977132954655225 -0.63977132954655225 -0.63977132954655225 -0.63977132954655225 -0.5950788020148573 -0.5950788020148573 -0.57070859494628268 -0.57070859494628268 -0.55748181793397256 -0.55748181793397256 -0.55056388262849265 -0.55056388262849265 -0.54702444403096384 -0.54702444403096384 -0.54342865278732644 -0.54342865278732644 -0.47741126142207713 -0.47741126142207713 -0.39731035343922805 -0.39731035343922805 -0 -0 -0 -0
end
vp 3.315097627478532 15.095221105800011
vp 3.315097627478532 14.645221105800012
cstype bspline
deg 1
curv2 1942 1943
parm u -0.44999999999999929 -0.44999999999999929 0 0
end
vp 3.315097627478532 14.645221105800012
vp 3.315097627478532 1.6952211058000122
cstype bspline
deg 1
curv2 1944 1945
parm u -12.949999999999999 -12.949999999999999 0 0
end
vp 3.315097627478532 1.6952211058000122
vp 4.7123889803846897 1.6952211058000122
cstype bspline
deg 1
curv2 1946 1947
parm u -4.3219802929465043 -4.3219802929465043 0 0
end
vp 4.7123889803846897 1.6952211058000122
vp 4.7123889803846897 18.646232163800011
cstype bspline
deg 1
curv2 1948 1949
parm u -16.951011057999999 -16.951011057999999 0 0
end
v 152.40351362615121 1.7047788941999933 -174.54742186727776 1
v 152.40351362615121 1.7047788941999935 -171.48156473227777 0.70710678118654757
v 155.4693707611512 1.7047788941999933 -171.48156473227777 1
v 158.53522789615118 1.7047788941999935 -171.48156473227777 0.70710678118654757
v 158.53522789615118 1.7047788941999933 -174.54742186727776 1
v 158.53522789615118 1.7047788941999935 -177.61327900227775 0.70710678118654757
v 155.4693707611512 1.7047788941999933 -177.61327900227775 1
v 152.40351362615121 1.7047788941999935 -177.61327900227775 0.70710678118654757
v 152.40351362615121 1.7047788941999933 -174.54742186727776 1
v 152.40351362615121 22.046232163800031 -174.54742186727776 1
v 152.40351362615121 22.046232163800031 -171.48156473227777 0.70710678118654757
v 155.4693707611512 22.046232163800031 -171.48156473227777 1
v 158.53522789615118 22.046232163800031 -171.48156473227777 0.70710678118654757
v 158.53522789615118 22.046232163800031 -174.54742186727776 1
v 158.53522789615118 22.046232163800031 -177.61327900227775 0.70710678118654757
v 155.4693707611512 22.046232163800031 -177.61327900227775 1
v 152.40351362615121 22.046232163800031 -177.61327900227775 0.70710678118654757
v 152.40351362615121 22.046232163800031 -174.54742186727776 1
cstype rat bspline
deg 2 1
surf 0 6.2831853071795862 0 20.341453269600038 763 764 765 766 767 768 769 770 771 772 773 774 775 776 777 778 779 780
parm u 0 0 0 1.5707963267948966 1.5707963267948966 3.1415926535897931 3.1415926535897931 4.7123889803846897 4.7123889803846897 6.2831853071795862 6.2831853071795862 6.2831853071795862
parm v 0 0 20.341453269600038 20.341453269600038
trim -4.8158371255651291 0 645 -3.1510110579999981 0 646 -0.091737551854688432 0 647 -0.63977132954655225 -0 648 -0.44999999999999929 0 649 -12.949999999999999 0 650 -4.3219802929465043 0 651 -16.951011057999999 0 652
end
# - trim loop
vp 3.1415926535897931 18.646232163799997
vp 1.8729578023699343 18.646232163799997
cstype bspline
deg 1
curv2 1950 1951
parm u -3.9380662635028991 -3.9380662635028991 0 0
end
vp 1.8729578023699343 18.646232163799997
vp 1.8729617404399796 6.646232163799997
cstype bspline
deg 1
curv2 1952 1953
parm u -12.000000000074706 -12.000000000074706 0 0
end
vp 1.8729617404399796 6.646232163799997
vp 1.5707963267948966 6.646232163799997
cstype bspline
deg 1
curv2 1954 1955
parm u -0.87780122802073968 -0.87780122802073968 0 0
end
vp 1.5707963267948966 6.646232163799997
vp 1.5707963267948966 1.6952211057999984
cstype bspline
deg 1
curv2 1956 1957
parm u -4.9510110579999989 -4.9510110579999989 0 0
end
vp 1.5707963267948966 1.6952211057999984
vp 3.1415926535897931 1.6952211057999984
cstype bspline
deg 1
curv2 1958 1959
parm u -4.8158371255651291 -4.8158371255651291 0 0
end
vp 3.1415926535897931 1.6952211057999984
vp 3.1415926535897931 18.646232163799997
cstype bspline
deg 1
curv2 1960 1961
parm u -16.951011057999999 -16.951011057999999 0 0
end
v 155.46860081415122 22.046232163800003 -127.52085999927775 1
v 158.5344579491512 22.046232163800003 -127.52085999927775 0.70710678118654757
v 158.5344579491512 22.046232163800003 -124.45500286427776 1
v 158.5344579491512 22.046232163800003 -121.38914572927777 0.70710678118654757
v 155.46860081415122 22.046232163800003 -121.38914572927777 1
v 152.40274367915123 22.046232163800003 -121.38914572927777 0.70710678118654757
v 152.40274367915123 22.046232163800003 -124.45500286427776 1
v 152.40274367915123 22.046232163800003 -127.52085999927775 0.70710678118654757
v 155.46860081415122 22.046232163800003 -127.52085999927775 1
v 155.46860081415122 1.7047788942000217 -127.52085999927775 1
v 158.5344579491512 1.7047788942000217 -127.52085999927775 0.70710678118654757
v 158.5344579491512 1.7047788942000217 -124.45500286427776 1
v 158.5344579491512 1.7047788942000217 -121.38914572927777 0.70710678118654757
v 155.46860081415122 1.7047788942000217 -121.38914572927777 1
v 152.40274367915123 1.7047788942000217 -121.38914572927777 0.70710678118654757
v 152.40274367915123 1.7047788942000217 -124.45500286427776 1
v 152.40274367915123 1.7047788942000217 -127.52085999927775 0.70710678118654757
v 155.46860081415122 1.7047788942000217 -127.52085999927775 1
cstype rat bspline
deg 2 1
surf 0 6.2831853071795862 0 20.341453269599981 781 782 783 784 785 786 787 788 789 790 791 792 793 794 795 796 797 798
parm u 0 0 0 1.5707963267948966 1.5707963267948966 3.1415926535897931 3.1415926535897931 4.7123889803846897 4.7123889803846897 6.2831853071795862 6.2831853071795862 6.2831853071795862
parm v 0 0 20.341453269599981 20.341453269599981
trim -3.9380662635028991 0 653 -12.000000000074706 0 654 -0.87780122802073968 0 655 -4.9510110579999989 0 656 -4.8158371255651291 0 657 -16.951011057999999 0 658
end
# - trim loop
vp 7.3294248090000025 158.19271649000001
vp 7.3294248090000025 159.36658636999999
vp 7.3294248090000025 160.54045625000001
vp 7.3294248090000025 161.71432612999999
cstype bspline
deg 3
curv2 1962 1963 1964 1965
parm u 0 0 0 0 3.5216096400000003 3.5216096400000003 3.5216096400000003 3.5216096400000003
end
vp 7.3294248090000025 161.71432612999999
vp 6.2333329880000008 160.618234309
cstype bspline
deg 1
curv2 1966 1967
parm u 0 0 1.5501079188644247 1.5501079188644247
end
vp 6.2333329880000008 160.618234309
vp 6.2333329880000008 158.393871064
cstype bspline
deg 1
curv2 1968 1969
parm u 0 0 2.2243632449999993 2.2243632449999993
end
vp 6.2333329880000008 158.393871064
vp 6.434487562000001 158.19271649000001
cstype bspline
deg 1
curv2 1970 1971
parm u 0 0 0.28447552668418274 0.28447552668418274
end
vp 6.434487562000001 158.19271649000001
vp 7.3294248090000025 158.19271649000001
cstype bspline
deg 1
curv2 1972 1973
parm u 0 0 0.89493724700000143 0.89493724700000143
end
v 162.00781829025121 5.4000000000000048 -139.43686476627778
v 160.6922681050512 5.4000000000000048 -139.43686476627778
v 162.00781829025121 5.4000000000000048 -143.66303633427776
v 160.6922681050512 5.4000000000000048 -143.66303633427776
cstype bspline
deg 1 1
surf 6.1236038058999966 7.4391539911000066 157.84043552600002 162.06660709400001 799 800 801 802
parm u 6.1236038058999966 6.1236038058999966 7.4391539911000066 7.4391539911000066
parm v 157.84043552600002 157.84043552600002 162.06660709400001 162.06660709400001
trim 0 3.5216096400000003 659 0 1.5501079188644247 660 0 2.2243632449999993 661 0 0.28447552668418274 662 0 0.89493724700000143 663
end
# - trim loop
vp 6.2333329880000008 177.26719867099999
vp 7.3294248090000025 176.17110685
cstype bspline
deg 1
curv2 1974 1975
parm u 0 0 1.5501079188644247 1.5501079188644247
end
vp 7.3294248090000025 176.17110685
vp 7.3294248090000025 177.335513276
vp 7.3294248090000025 178.49991970299999
vp 7.3294248090000025 179.66432613000001
cstype bspline
deg 3
curv2 1976 1977 1978 1979
parm u 0 0 0 0 3.4932192800000008 3.4932192800000008 3.4932192800000008 3.4932192800000008
end
vp 7.3294248090000025 179.66432613000001
vp 6.2333329880000008 178.56823430899999
cstype bspline
deg 1
curv2 1980 1981
parm u 0 0 1.5501079188644238 1.5501079188644238
end
vp 6.2333329880000008 178.56823430899999
vp 6.2333329880000008 177.26719867099999
cstype bspline
deg 1
curv2 1982 1983
parm u 0 0 1.3010356380000001 1.3010356380000001
end
v 162.00781829025121 5.4000000000000048 -157.41809416227775
v 160.6922681050512 5.4000000000000048 -157.41809416227775
v 162.00781829025121 5.4000000000000048 -161.61019729827777
v 160.6922681050512 5.4000000000000048 -161.61019729827777
cstype bspline
deg 1 1
surf 6.1236038058999966 7.4391539911000066 175.821664922 180.01376805800001 803 804 805 806
parm u 6.1236038058999966 6.1236038058999966 7.4391539911000066 7.4391539911000066
parm v 175.821664922 175.821664922 180.01376805800001 180.01376805800001
trim 0 1.5501079188644247 664 0 3.4932192800000008 665 0 1.5501079188644238 666 0 1.3010356380000001 667
end
# - trim loop
vp 6.4957390950000011 195.02830791399998
vp 7.3746198239999998 194.100725611
cstype bspline
deg 1
curv2 1984 1985
parm u 0 0 1.2778263828260712 1.2778263828260712
end
vp 7.3746198239999998 194.100725611
vp 7.4067540209999976 194.29452221
vp 7.4560105509999985 194.484810536
vp 7.5224833370000042 194.671839621
vp 7.5557197299999999 194.765354164
vp 7.5935080040000003 194.85863230199999
vp 7.6348567140000014 194.949308239
vp 7.6762054249999991 195.03998417599999
vp 7.7211517060000006 195.12815387399999
vp 7.7697026640000004 195.21384885399999
vp 7.8668045820000003 195.385238816
vp 7.9783180980000026 195.54673606099999
vp 8.104399628000003 195.69855816199998
vp 8.2304811569999998 195.85038026300001
vp 8.3727480370000009 195.99409598599999
vp 8.5235871440000039 196.12216379500001
vp 8.6744262520000035 196.25023160500001
vp 8.8347533100000035 196.363595336
vp 9.0047762680000005 196.462422809
vp 9.0897877470000026 196.51183654499999
vp 9.177224914 196.55761460400001
vp 9.2671192930000004 196.59976600600001
vp 9.3570136730000044 196.64191740799998
vp 9.4499051350000016 196.68065988000001
vp 9.5433142790000005 196.71498035400001
vp 9.7301325680000019 196.78362129999999
vp 9.9200894260000041 196.83503179499999
vp 10.113427152 196.86931574100001
vp 10.210096014999998 196.88645771500001
vp 10.307611456000004 196.899316137
vp 10.406006826999999 196.90789121500001
vp 10.455204512999998 196.912178754
vp 10.504622169999998 196.91539531399999
vp 10.554263747 196.91754011199998
vp 10.579084535 196.91861251
vp 10.603961300000002 196.919416961
vp 10.628894508999998 196.91995331800001
vp 10.653827716999999 196.920489675
vp 10.678131227999998 196.92075793999999
vp 10.703863916000003 196.92075793999999
cstype bspline
deg 3
curv2 1986 1987 1988 1989 1990 1991 1992 1993 1994 1995 1996 1997 1998 1999 2000 2001 2002 2003 2004 2005 2006 2007 2008 2009 2010 2011 2012 2013 2014 2015 2016 2017 2018 2019 2020 2021 2022 2023 2024 2025
parm u 0 0 0 0 0.59149331241627801 0.59149331241627801 0.59149331241627801 0.89103899059811553 0.89103899059811553 0.89103899059811553 1.1881553446073139 1.1881553446073139 1.1881553446073139 1.7787460907118948 1.7787460907118948 1.7787460907118948 2.3761907972221596 2.3761907972221596 2.3761907972221596 2.9670798452198093 2.9670798452198093 2.9670798452198093 3.2633913287517591 3.2633913287517591 3.2633913287517591 3.5628390415138624 3.5628390415138624 3.5628390415138624 4.1550131166793163 4.1550131166793163 4.1550131166793163 4.4503179467206539 4.4503179467206539 4.4503179467206539 4.5989122244006122 4.5989122244006122 4.5989122244006122 4.6735849142875541 4.6735849142875541 4.6735849142875541 4.7485615701349726 4.7485615701349726 4.7485615701349726 4.7485615701349726
end
vp 10.703863916000003 196.92075793999999
vp 92.258045766999999 196.92075793999999
cstype bspline
deg 1
curv2 2026 2027
parm u 0 0 81.554181850999996 81.554181850999996
end
vp 92.258045766999999 196.92075793999999
vp 92.258044952000006 197.98975558699999
cstype bspline
deg 1
curv2 2028 2029
parm u 0 0 1.0689976470003104 1.0689976470003104
end
vp 92.258044952000006 197.98975558699999
vp 10.703863916000003 197.98975558699999
cstype bspline
deg 1
curv2 2030 2031
parm u 0 0 81.554181035999989 81.554181035999989
end
vp 10.703863916000003 197.98975558699999 1
vp 7.5577492020519337 197.98975558800001 0.81779044475785334
vp 6.4957390950000011 195.02830791399998 1
cstype rat bspline
deg 2
curv2 2032 2033 2034
parm u 0 0 0 5.482973015713922 5.482973015713922 5.482973015713922
end
v 170.21203366835121 5.4000000000000048 -175.30813185357775
v 67.297025661951196 5.4000000000000048 -175.30813185357775
v 170.21203366835121 5.4000000000000048 -179.97520782597778
v 67.297025661951196 5.4000000000000048 -179.97520782597778
cstype bspline
deg 1 1
surf -2.0806115722000058 100.8343964342 193.71170261329999 198.37877858570002 807 808 809 810
parm u -2.0806115722000058 -2.0806115722000058 100.8343964342 100.8343964342
parm v 193.71170261329999 193.71170261329999 198.37877858570002 198.37877858570002
trim 0 1.2778263828260712 668 0 4.7485615701349726 669 0 81.554181850999996 670 0 1.0689976470003104 671 0 81.554181035999989 672 0 5.482973015713922 673
end
# - trim loop
vp 92.258044952000006 197.98975558699999
vp 92.258045766999999 196.92075793999999
cstype bspline
deg 1
curv2 2035 2036
parm u 0 0 1.0689976470003104 1.0689976470003104
end
vp 92.258045766999999 196.92075793999999
vp 92.368620375000006 196.920757915
vp 92.479119483000005 196.915543388
vp 92.589538798999996 196.90481795099998
vp 92.699958115000001 196.894092513
vp 92.810549936000001 196.877749174
vp 92.918936719000001 196.85611152300001
vp 93.135710283000009 196.81283622199999
vp 93.345714911000002 196.74831052499999
vp 93.549384059999994 196.66389522899999
vp 93.753053209000001 196.57947993299999
vp 93.951208390000005 196.47424924000001
vp 94.134266165 196.35185665899999
vp 94.317323939999994 196.22946407800001
vp 94.487406475 196.08928724800001
vp 94.644785363000011 195.93175550999999
vp 94.802164250999994 195.77422377100001
vp 94.943966367999991 195.60184488799999
vp 95.065879697 195.41910114199999
vp 95.187793026999998 195.23635739599999
vp 95.290967713000001 195.04226071299999
vp 95.375857934999999 194.83708626200001
vp 95.545638381000003 194.42673736
vp 95.632484059000006 193.99126990400001
vp 95.632484059000006 193.546318834
cstype bspline
deg 3
curv2 2037 2038 2039 2040 2041 2042 2043 2044 2045 2046 2047 2048 2049 2050 2051 2052 2053 2054 2055 2056 2057 2058 2059 2060 2061
parm u 0 0 0 0 0.33213567988581955 0.33213567988581955 0.33213567988581955 0.66539307195084896 0.66539307195084896 0.66539307195084896 1.3266082638878194 1.3266082638878194 1.3266082638878194 1.99164651145462 1.99164651145462 1.99164651145462 2.6549299329780101 2.6549299329780101 2.6549299329780101 3.3204918842597984 3.3204918842597984 3.3204918842597984 3.9820265877307532 3.9820265877307532 3.9820265877307532 5.3151056860526147 5.3151056860526147 5.3151056860526147 5.3151056860526147
end
vp 95.632484059000006 193.546318834
vp 95.632484059000006 158.327302769
cstype bspline
deg 1
curv2 2062 2063
parm u 0 0 35.219016064999998 35.219016064999998
end
vp 95.632484059000006 158.327302769
vp 95.632484059000006 154.77890336499999
vp 95.632484059000006 151.23050395999999
vp 95.632484059000006 147.682104555
vp 95.632484059000006 146.79500470400001
vp 95.632484059000006 145.90790485299999
vp 95.632484059000006 145.020805002
vp 95.632484059000006 144.577255076
vp 95.632484059000006 144.13370515099999
vp 95.632484059000006 143.69015522500001
vp 95.632484059000006 143.46838026200001
vp 95.632081736999993 143.246611777
vp 95.633370643999996 143.02481606200001
vp 95.634659550000009 142.803020347
vp 95.637434576000004 142.58120070499999
vp 95.632375872000011 142.35950718999999
vp 95.629846521000005 142.248660433
vp 95.624947576000011 142.13785182800001
vp 95.614569054 142.02713144800001
vp 95.604190533000008 141.916411068
vp 95.588484876999999 141.80622990199998
vp 95.566849657000006 141.698210657
vp 95.523579214999998 141.482172166
vp 95.458650947999999 141.272496413
vp 95.373917825000007 141.06863902200001
vp 95.331551263999998 140.966710326
vp 95.283753504999993 140.86578130499998
vp 95.23152085000001 140.76827735099999
vp 95.179288194999998 140.670773397
vp 95.122571203000007 140.57646070600001
vp 95.061461541 140.48527404699999
vp 94.939242215000007 140.30290072700001
vp 94.799499806 140.13284297300001
vp 94.642056298 139.97569357899999
vp 94.48461279 139.81854418500001
vp 94.314463133000004 139.679257845
vp 94.131953277000008 139.55734819899999
vp 94.040698348999996 139.49639337600001
vp 93.946343720000002 139.439796296
vp 93.848837774999993 139.38762951999999
vp 93.751331831000002 139.335462745
vp 93.650392656999998 139.287672964
vp 93.548456637000001 139.24539423300001
vp 93.344584595000001 139.16083677
vp 93.134838016999993 139.09668853299999
vp 92.919009594000002 139.05366975300001
vp 92.811095381999991 139.03216036399999
vp 92.701187774999994 139.016441523
vp 92.590418255000003 139.00626491099999
vp 92.479648736000001 138.99608829900001
vp 92.368852876000005 138.99123947699999
vp 92.258044952000006 138.98883071200001
cstype bspline
deg 3
curv2 2064 2065 2066 2067 2068 2069 2070 2071 2072 2073 2074 2075 2076 2077 2078 2079 2080 2081 2082 2083 2084 2085 2086 2087 2088 2089 2090 2091 2092 2093 2094 2095 2096 2097 2098 2099 2100 2101 2102 2103 2104 2105 2106 2107 2108 2109 2110 2111 2112 2113 2114 2115
parm u 0 0 0 0 10.645198214000001 10.645198214000001 10.645198214000001 13.306497767 13.306497767 13.306497767 14.637147544000001 14.637147544000001 14.637147544000001 15.30249081697562 15.30249081697562 15.30249081697562 15.967878499906529 15.967878499906529 15.967878499906529 16.300876694990915 16.300876694990915 16.300876694990915 16.633541947538987 16.633541947538987 16.633541947538987 17.294135478647188 17.294135478647188 17.294135478647188 17.626806482666286 17.626806482666286 17.626806482666286 17.957242564117447 17.957242564117447 17.957242564117447 18.619341045457361 18.619341045457361 18.619341045457361 19.281162639500362 19.281162639500362 19.281162639500362 19.611514233317919 19.611514233317919 19.611514233317919 19.944134744544588 19.944134744544588 19.944134744544588 20.604257400758428 20.604257400758428 20.604257400758428 20.936556324918438 20.936556324918438 20.936556324918438 21.269528346382693 21.269528346382693 21.269528346382693 21.269528346382693
end
vp 92.258044952000006 138.98883071200001
vp 92.258044952000006 139.83299402399999
cstype bspline
deg 1
curv2 2116 2117
parm u 0 0 0.84416331199999917 0.84416331199999917
end
vp 92.258044952000006 139.83299402399999 1
vp 92.012019435813926 139.79271648899999 0.99671022676876553
vp 91.762718745000001 139.79271649 1
cstype rat bspline
deg 2
curv2 2118 2119 2120
parm u 0 0 0 0.49750677738777083 0.49750677738777083 0.49750677738777083
end
vp 91.762718745000001 139.79271649
vp 91.142698222000007 139.79271649
cstype bspline
deg 1
curv2 2121 2122
parm u 0 0 0.62002052300000088 0.62002052300000088
end
vp 91.142698222000007 139.79271649
vp 91.142698222000007 137.89271649
cstype bspline
deg 1
curv2 2123 2124
parm u 0 0 1.9000000000000021 1.9000000000000021
end
vp 91.142698222000007 137.89271649
vp 92.258044952000006 137.89271649
cstype bspline
deg 1
curv2 2125 2126
parm u 0 0 1.1153467299999988 1.1153467299999988
end
vp 92.258044952000006 137.89271649 1
vp 96.72857587999998 137.89271648899998 0.7071067811074625
vp 96.728575879999994 142.363247417 1
cstype rat bspline
deg 2
curv2 2127 2128 2129
parm u 0 0 0 7.0222935599545897 7.0222935599545897 7.0222935599545897
end
vp 96.728575879999994 142.363247417
vp 96.728575879999994 193.51922465999999
cstype bspline
deg 1
curv2 2130 2131
parm u 0 0 51.155977242999995 51.155977242999995
end
vp 96.728575879999994 193.51922465999999 1
vp 96.728575879999994 197.98975558800001 0.70710678110746183
vp 92.258044952000006 197.98975558699999 1
cstype rat bspline
deg 2
curv2 2132 2133 2134
parm u 0 0 0 7.0222935599545853 7.0222935599545853 7.0222935599545853
end
v 77.547431639951199 5.4000000000000048 -113.47932181937776
v 70.844138450351196 5.4000000000000048 -113.47932181937776
v 77.547431639951199 5.4000000000000048 -185.59600873817777
v 70.844138450351196 5.4000000000000048 -185.59600873817777
cstype bspline
deg 1 1
surf 90.583990456199999 97.287283645800002 131.8828925791 203.99957949790002 811 812 813 814
parm u 90.583990456199999 90.583990456199999 97.287283645800002 97.287283645800002
parm v 131.8828925791 131.8828925791 203.99957949790002 203.99957949790002
trim 0 1.0689976470003104 674 0 5.3151056860526147 675 0 35.219016064999998 676 0 21.269528346382693 677 0 0.84416331199999917 678 0 0.49750677738777083 679 0 0.62002052300000088 680 0 1.9000000000000021 681 0 1.1153467299999988 682 0 7.0222935599545897 683 0 51.155977242999995 684 0 7.0222935599545853 685
end
# - trim loop
vp 14.951011057999999 -1.9402775339999998
vp 16.951011057999999 -1.9402775339999998
cstype bspline
deg 1
curv2 2135 2136
parm u -1.9999999999999996 -1.9999999999999996 -0 -0
end
vp 16.951011057999999 -1.9402775339999998
vp 16.951011057999999 -1.0961142220000006
cstype bspline
deg 1
curv2 2137 2138
parm u -0.84416331199999917 -0.84416331199999917 -0 -0
end
vp 16.951011057999999 -1.0961142220000006
vp 14.951011057999999 -1.0961142220000006
cstype bspline
deg 1
curv2 2139 2140
parm u -1.9999999999999996 -1.9999999999999996 -0 -0
end
vp 14.951011057999999 -1.0961142220000006
vp 14.951011057999999 -1.9402775339999998
cstype bspline
deg 1
curv2 2141 2142
parm u -0.84416331199999917 -0.84416331199999917 -0 -0
end
v 75.873377144151206 5.6001200000000058 -122.11395959547775
v 75.873377144151206 3.1998800000000074 -122.11395959547775
v 75.873377144151206 5.6001200000000058 -119.90072362107776
v 75.873377144151206 3.1998800000000074 -119.90072362107776
cstype bspline
deg 1 1
surf 14.750891057999999 17.151131057999997 -2.6248138651999993 -0.41157789080000096 815 816 817 818
parm u 14.750891057999999 14.750891057999999 17.151131057999997 17.151131057999997
parm v -2.6248138651999993 -2.6248138651999993 -0.41157789080000096 -0.41157789080000096
trim -1.9999999999999996 -0 686 -0.84416331199999917 -0 687 -1.9999999999999996 -0 688 -0.84416331199999917 -0 689
end
# - trim loop
vp 0 0
vp 21.266921026234051 0
cstype bspline
deg 1
curv2 2143 2144
parm u -21.2695283463827 -21.2695283463827 -0 -0
end
vp 21.266921026234051 0
vp 21.266921026234066 2
cstype bspline
deg 1
curv2 2145 2146
parm u -1.9999999999999996 -1.9999999999999996 -0 -0
end
vp 21.266921026234066 2
vp 2.095392602432582 1.9999999999999998
cstype bspline
deg 1
curv2 2147 2148
parm u -19.160868149547198 -19.160868149547198 -0 -0
end
vp 2.095392602432582 1.9999999999999998
vp 2.0585613469517012 1.7522692056649767
vp 1.9762615748712338 1.5079597219727152
vp 1.8569827116645399 1.2879067289120798
vp 1.7379325046100467 1.0682755748036341
vp 1.5780124997172016 0.86698443785786872
vp 1.3880732815716319 0.70402071636366148
vp 1.3247924738366674 0.64972715851745755
vp 1.2576184080155457 0.59900461933240912
vp 1.1878162482157386 0.55262836351429945
cstype bspline
deg 3
curv2 2149 2150 2151 2152 2153 2154 2155 2156 2157 2158
parm u -3.0365219537250132 -3.0365219537250132 -3.0365219537250132 -3.0365219537250132 -2.2776343707477023 -2.2776343707477023 -2.2776343707477023 -1.5202015661779946 -1.5202015661779946 -1.5202015661779946 -1.267852629786163 -1.267852629786163 -1.267852629786163 -1.267852629786163
end
vp 1.1878162482157386 0.55262836351429945
vp 1.1526997161340971 0.52929709009906689
vp 1.1169180236131531 0.50706584422361534
vp 1.0806322630867069 0.48603333978407626
vp 0.97161678159807963 0.42284412822774342
vp 0.85772347141190308 0.36996114269163527
vp 0.73915898667564373 0.32732708144382366
vp 0.62150926172606713 0.28502195448741668
vp 0.49838953994508112 0.25283356620562819
vp 0.37506990756172331 0.23222574371811705
vp 0.26219818994907995 0.21336386199282134
vp 0.14857663008606495 0.20385313338757374
vp 0.034278209097686085 0.20387012999399012
cstype bspline
deg 3
curv2 2159 2160 2161 2162 2163 2164 2165 2166 2167 2168 2169 2170 2171
parm u -1.267852629786163 -1.267852629786163 -1.267852629786163 -1.267852629786163 -1.1408992583434028 -1.1408992583434028 -1.1408992583434028 -0.75948564833100907 -0.75948564833100907 -0.75948564833100907 -0.38101475622700876 -0.38101475622700876 -0.38101475622700876 -0.034608763664766062 -0.034608763664766062 -0.034608763664766062 -0.034608763664766062
end
vp 0.034278209097686085 0.20387012999399012
vp 0.022858871314342253 0.20387182809260043
vp 0.011432777355079629 0.203968628399365
vp 0 0.20416070700000002
cstype bspline
deg 3
curv2 2172 2173 2174 2175
parm u -0.034608763664766062 -0.034608763664766062 -0.034608763664766062 -0.034608763664766062 0 0 0 0
end
vp 0 0.20416070700000002
vp 0 0
cstype bspline
deg 1
curv2 2176 2177
parm u -0.20416070699999977 -0.20416070699999977 -0 -0
end
v 72.498938037151206 5.4000000000000048 -139.92373200927776
v 72.498938037151206 5.4000000000000048 -139.59504428827776
v 72.498938037151206 5.4000000000000048 -139.26635656727777
v 72.498938037151206 5.4000000000000048 -138.93766884627775
v 72.498938037151206 5.4000000000000048 -134.30825278527774
v 72.498938037151206 5.4000000000000048 -129.67883672527776
v 72.498938037151206 5.4000000000000048 -125.04942066527775
v 72.498938025151205 5.4000000000000048 -124.92828963627775
v 72.498937842151207 5.4000000000000048 -124.80706186927776
v 72.498388626151211 5.4000000000000048 -124.68577216227776
v 72.497885015151212 5.4000000000000048 -124.57464972227775
v 72.496921689151208 5.4000000000000048 -124.46374311027776
v 72.496467404151204 5.4000000000000048 -124.35297767027775
v 72.496012898151207 5.4000000000000048 -124.24241853727776
v 72.496063518151203 5.4000000000000048 -124.13204008927775
v 72.497791339151206 5.4000000000000048 -124.02183409127775
v 72.499500521151205 5.4000000000000048 -123.91203871227776
v 72.502850572151203 5.4000000000000048 -123.80278709227775
v 72.510903496151201 5.4000000000000048 -123.69454032127776
v 72.518850895151203 5.4000000000000048 -123.58670301927776
v 72.531462596151201 5.4000000000000048 -123.47949360727776
v 72.54986593315121 5.4000000000000048 -123.37342639427776
v 72.566485629151202 5.4000000000000048 -123.27703900927776
v 72.587936802151205 5.4000000000000048 -123.18128011027775
v 72.61360276415121 5.4000000000000048 -123.08645793327776
v 72.636500117151201 5.4000000000000048 -123.00159646327776
v 72.662757025151194 5.4000000000000048 -122.91755835127776
v 72.692228880151205 5.4000000000000048 -122.83462679527776
v 72.721809837151199 5.4000000000000048 -122.75119907327776
v 72.754637148151204 5.4000000000000048 -122.66890691627776
v 72.790627692151205 5.4000000000000048 -122.58805173427776
v 72.830906969151201 5.4000000000000048 -122.49737273027776
v 72.875161419151198 5.4000000000000048 -122.40849861027776
v 72.923263874151203 5.4000000000000048 -122.32184650727775
v 72.971288425151201 5.4000000000000048 -122.23516203827776
v 73.0231711151512 5.4000000000000048 -122.15067797127776
v 73.078723386151211 5.4000000000000048 -122.06869361327776
v 73.134208105151203 5.4000000000000048 -121.98665912627776
v 73.193371081151213 5.4000000000000048 -121.90711267427776
v 73.255971189151211 5.4000000000000048 -121.83032275127775
v 73.31851145115121 5.4000000000000048 -121.75347512427776
v 73.384492739151199 5.4000000000000048 -121.67938111027776
v 73.453618936151202 5.4000000000000048 -121.60834196827776
v 73.59169875815121 5.4000000000000048 -121.46608837227775
v 73.742361451151197 5.4000000000000048 -121.33605159527775
v 73.903332795151201 5.4000000000000048 -121.22043820427776
v 73.994580099151207 5.4000000000000048 -121.15471995427775
v 74.089170508151199 5.4000000000000048 -121.09362722127776
v 74.186616656151202 5.4000000000000048 -121.03741948727776
v 74.356644128151203 5.4000000000000048 -120.93905299727776
v 74.535382624151197 5.4000000000000048 -120.85557951427776
v 74.720043790151209 5.4000000000000048 -120.78843839627775
v 74.786337543151205 5.4000000000000048 -120.76425009927776
v 74.853412330151201 5.4000000000000048 -120.74216242827775
v 74.921091758151206 5.4000000000000048 -120.72219214827776
v 74.954927460151197 5.4000000000000048 -120.71219215427776
v 74.988908203151198 5.4000000000000048 -120.70272334727775
v 75.023016717151194 5.4000000000000048 -120.69379716327776
v 75.057115704151201 5.4000000000000048 -120.68486262427776
v 75.091336990151206 5.4000000000000048 -120.67647167927775
v 75.125665544151204 5.4000000000000048 -120.66864457627776
v 75.194277186151197 5.4000000000000048 -120.65296604627775
v 75.26330079115121 5.4000000000000048 -120.63954155527776
v 75.332622844151203 5.4000000000000048 -120.62858676827776
v 75.401952608151205 5.4000000000000048 -120.61757954827776
v 75.471732431151196 5.4000000000000048 -120.60902020427775
v 75.5418258701512 5.4000000000000048 -120.60261872927776
v 75.612079880151214 5.4000000000000048 -120.59616350927776
v 75.68279595615121 5.4000000000000048 -120.59187199027775
v 75.753804502151212 5.4000000000000048 -120.58896372227775
v 75.793593882213571 5.4000000000000057 -120.58732460427518
v 75.833456328276156 5.4000000000000066 -120.58612326027398
v 75.873377064338911 5.4000000000000066 -120.58525627727367
v 72.498938037151206 3.4000000000000052 -139.92373200927776
v 72.498938037151206 3.4000000000000052 -139.59504428827776
v 72.498938037151206 3.4000000000000052 -139.26635656727777
v 72.498938037151206 3.4000000000000048 -138.93766884627775
v 72.498938037151206 3.4000000000000048 -134.30825278527774
v 72.498938037151206 3.4000000000000048 -129.67883672527776
v 72.498938037151206 3.4000000000000048 -125.04942066527775
v 72.498938025151205 3.4000000000000048 -124.92828963627775
v 72.498937842151207 3.4000000000000048 -124.80706186927776
v 72.498388626151211 3.4000000000000048 -124.68577216227776
v 72.497885015151212 3.4000000000000048 -124.57464972227775
v 72.496921689151208 3.4000000000000048 -124.46374311027776
v 72.496467404151204 3.4000000000000048 -124.35297767027775
v 72.496012898151207 3.4000000000000048 -124.24241853727776
v 72.496063518151203 3.4000000000000048 -124.13204008927775
v 72.497791339151206 3.4000000000000048 -124.02183409127775
v 72.499500521151205 3.4000000000000048 -123.91203871227776
v 72.502850572151203 3.4000000000000048 -123.80278709227775
v 72.510903496151201 3.4000000000000048 -123.69454032127776
v 72.518850895151203 3.4000000000000048 -123.58670301927776
v 72.531462596151201 3.4000000000000048 -123.47949360727776
v 72.54986593315121 3.4000000000000048 -123.37342639427776
v 72.566485629151202 3.4000000000000048 -123.27703900927776
v 72.587936802151205 3.4000000000000048 -123.18128011027775
v 72.61360276415121 3.4000000000000048 -123.08645793327776
v 72.636500117151201 3.4000000000000048 -123.00159646327776
v 72.662757025151194 3.4000000000000048 -122.91755835127776
v 72.692228880151205 3.4000000000000048 -122.83462679527776
v 72.721809837151199 3.4000000000000048 -122.75119907327776
v 72.754637148151204 3.4000000000000048 -122.66890691627776
v 72.790627692151205 3.4000000000000048 -122.58805173427776
v 72.830906969151201 3.4000000000000048 -122.49737273027776
v 72.875161419151198 3.4000000000000048 -122.40849861027776
v 72.923263874151203 3.4000000000000048 -122.32184650727775
v 72.971288425151201 3.4000000000000048 -122.23516203827776
v 73.0231711151512 3.4000000000000048 -122.15067797127776
v 73.078723386151211 3.4000000000000048 -122.06869361327776
v 73.134208105151203 3.4000000000000048 -121.98665912627776
v 73.193371081151213 3.4000000000000048 -121.90711267427776
v 73.255971189151211 3.4000000000000048 -121.83032275127775
v 73.31851145115121 3.4000000000000048 -121.75347512427776
v 73.384492739151199 3.4000000000000048 -121.67938111027776
v 73.453618936151202 3.4000000000000048 -121.60834196827776
v 73.59169875815121 3.4000000000000048 -121.46608837227775
v 73.742361451151197 3.4000000000000048 -121.33605159527775
v 73.903332795151201 3.4000000000000048 -121.22043820427776
v 73.994580099151207 3.4000000000000048 -121.15471995427777
v 74.089170508151199 3.4000000000000048 -121.09362722127776
v 74.186616656151202 3.4000000000000048 -121.03741948727776
v 74.356644128151203 3.4000000000000048 -120.93905299727776
v 74.535382624151197 3.4000000000000048 -120.85557951427775
v 74.720043790151209 3.4000000000000048 -120.78843839627775
v 74.786337543151205 3.4000000000000048 -120.76425009927776
v 74.853412330151201 3.4000000000000048 -120.74216242827777
v 74.921091758151206 3.4000000000000048 -120.72219214827776
v 74.954927460151197 3.4000000000000048 -120.71219215427776
v 74.988908203151198 3.4000000000000048 -120.70272334727775
v 75.023016717151194 3.4000000000000048 -120.69379716327775
v 75.057115704151201 3.4000000000000048 -120.68486262427776
v 75.091336990151206 3.4000000000000048 -120.67647167927775
v 75.125665544151204 3.4000000000000048 -120.66864457627776
v 75.194277186151197 3.4000000000000048 -120.65296604627775
v 75.26330079115121 3.4000000000000048 -120.63954155527776
v 75.332622844151203 3.4000000000000048 -120.62858676827776
v 75.401952608151205 3.4000000000000048 -120.61757954827776
v 75.471732431151196 3.4000000000000048 -120.60902020427775
v 75.5418258701512 3.4000000000000048 -120.60261872927776
v 75.612079880151214 3.4000000000000048 -120.59616350927776
v 75.68279595615121 3.4000000000000048 -120.59187199027775
v 75.753804502151212 3.4000000000000048 -120.58896372227775
v 75.793593882213571 3.4000000000000048 -120.58732460427518
v 75.833456328276156 3.4000000000000048 -120.58612326027399
v 75.873377064338911 3.4000000000000048 -120.58525627727369
cstype bspline
deg 3 1
surf -6.4417696164515212E-15 21.266921026234066 -8.8171728570435581E-17 2 819 820 821 822 823 824 825 826 827 828 829 830 831 832 833 834 835 836 837 838 839 840 841 842 843 844 845 846 847 848 849 850 851 852 853 854 855 856 857 858 859 860 861 862 863 864 865 866 867 868 869 870 871 872 873 874 875 876 877 878 879 880 881 882 883 884 885 886 887 888 889 890 891 892 893 894 895 896 897 898 899 900 901 902 903 904 905 906 907 908 909 910 911 912 913 914 915 916 917 918 919 920 921 922 923 924 925 926 927 928 929 930 931 932 933 934 935 936 937 938 939 940 941 942 943 944 945 946 947 948 949 950 951 952 953 954 955 956 957 958 959 960 961 962 963 964
parm u -6.4417696164515212E-15 -6.4417696164515212E-15 -6.4417696164515212E-15 -6.4417696164515212E-15 0.97976288958087598 0.97976288958087598 0.97976288958087598 14.779274718165659 14.779274718165659 14.779274718165659 15.140201816604998 15.140201816604998 15.140201816604998 15.471019138770174 15.471019138770174 15.471019138770174 15.801836485556263 15.801836485556263 15.801836485556263 16.132653807721443 16.132653807721443 16.132653807721443 16.463471154507531 16.463471154507531 16.463471154507531 16.764178725019462 16.764178725019462 16.764178725019462 17.033056108338474 17.033056108338474 17.033056108338474 17.303463853748578 17.303463853748578 17.303463853748578 17.606660229253965 17.606660229253965 17.606660229253965 17.909856580138438 17.909856580138438 17.909856580138438 18.213052955643825 18.213052955643825 18.213052955643825 18.516249306528298 18.516249306528298 18.516249306528298 19.122642032918161 19.122642032918161 19.122642032918161 19.466725595441201 19.466725595441201 19.466725595441201 20.06750401503324 20.06750401503324 20.06750401503324 20.283275837035216 20.283275837035216 20.283275837035216 20.3911617480362 20.3911617480362 20.3911617480362 20.499047659037188 20.499047659037188 20.499047659037188 20.714819481039164 20.714819481039164 20.714819481039164 20.93059130304114 20.93059130304114 20.93059130304114 21.146363100422203 21.146363100422203 21.146363100422203 21.266921026234066 21.266921026234066 21.266921026234066 21.266921026234066
parm v -8.8171728570435581E-17 -8.8171728570435581E-17 2 2
trim -21.2695283463827 -0 690 -1.9999999999999996 -0 691 -19.160868149547198 -0 692 -3.0365219537250132 -1.267852629786163 693 -1.267852629786163 -0.034608763664766062 694 -0.034608763664766062 0 695 -0.20416070699999977 -0 696
end
# - trim loop
vp -1.9999999999999996 193.546318834
vp -1.9999999999999996 160.36686424300001
cstype bspline
deg 1
curv2 2178 2179
parm u 0 0 33.179454590999995 33.179454590999995
end
vp -1.9999999999999996 160.36686424300001
vp -1.8790806089999998 160.348681406
vp -1.7588053249999995 160.31968890799999
vp -1.6411491099999997 160.28039586
vp -1.5234928949999995 160.24110281200001
vp -1.4109648289999996 160.19247442
vp -1.303338299 160.13492321300001
vp -1.19571177 160.077372005
vp -1.0929872229999997 160.010897172
vp -0.99560590099999935 159.93469546700001
vp -0.89822457899999986 159.85849376199999
vp -0.80718859799999976 159.772900319
vp -0.72535556799999945 159.68012440300001
vp -0.66239399899727192 159.60874348094117
vp -0.60467547589283965 159.53304178611938
vp -0.55245378662793121 159.4538081350278
cstype bspline
deg 3
curv2 2180 2181 2182 2183 2184 2185 2186 2187 2188 2189 2190 2191 2192 2193 2194 2195
parm u 0 0 0 0 0.37004318362122796 0.37004318362122796 0.37004318362122796 0.73872065265039399 0.73872065265039399 0.73872065265039399 1.1067772514417245 1.1067772514417245 1.1067772514417245 1.4790938102903533 1.4790938102903533 1.4790938102903533 1.7696813585618194 1.7696813585618194 1.7696813585618194 1.7696813585618194
end
vp -0.55245378662793121 159.4538081350278
vp -0.3331791220934559 159.12111241975086
vp -0.21081871826143986 158.72614505124233
vp -0.20416070699999977 158.327302769
cstype bspline
deg 3
curv2 2196 2197 2198 2199
parm u 1.7696813585618194 1.7696813585618194 1.7696813585618194 1.7696813585618194 2.9898350545078105 2.9898350545078105 2.9898350545078105 2.9898350545078105
end
vp -0.20416070699999977 158.327302769
vp -0.13610713799999985 158.327302769
vp -0.068053568999999925 158.327302769
vp 0 158.327302769
cstype bspline
deg 3
curv2 2200 2201 2202 2203
parm u 0 0 0 0 0.20416070699999977 0.20416070699999977 0.20416070699999977 0.20416070699999977
end
vp 0 158.327302769
vp 0 193.546318834
cstype bspline
deg 1
curv2 2204 2205
parm u 0 0 35.219016064999998 35.219016064999998
end
vp 0 193.546318834
vp -1.9999999999999996 193.546318834
cstype bspline
deg 1
curv2 2206 2207
parm u 0 0 1.9999999999999996 1.9999999999999996
end
v 72.498938037151206 3.1998800000000052 -136.40171040277775
v 72.498938037151206 5.6001200000000049 -136.40171040277775
v 72.498938037151206 3.1998800000000052 -178.66476968077777
v 72.498938037151206 5.6001200000000049 -178.66476968077777
cstype bspline
deg 1 1
surf -2.2001199999999996 0.20011999999999974 154.80528116249999 197.06834044050001 965 966 967 968
parm u -2.2001199999999996 -2.2001199999999996 0.20011999999999974 0.20011999999999974
parm v 154.80528116249999 154.80528116249999 197.06834044050001 197.06834044050001
trim 0 33.179454590999995 697 0 1.7696813585618194 698 1.7696813585618194 2.9898350545078105 699 0 0.20416070699999977 700 0 35.219016064999998 701 0 1.9999999999999996 702
end
# - trim loop
vp 2.284394602145611 0
vp -0.86080162350117184 0
cstype bspline
deg 1
curv2 2208 2209
parm u -3.1451962256467825 -3.1451962256467825 -0 -0
end
vp -0.86080162350117184 0
vp -0.86080162350117184 -1.9000000000000021
cstype bspline
deg 1
curv2 2210 2211
parm u -1.9000000000000021 -1.9000000000000021 -0 -0
end
vp -0.86080162350117184 -1.9000000000000021
vp 2.284394602145611 -1.9000000000000021
cstype bspline
deg 1
curv2 2212 2213
parm u -3.1451962256467825 -3.1451962256467825 -0 -0
end
vp 2.284394602145611 -1.9000000000000021
vp 2.284394602145611 0
cstype bspline
deg 1
curv2 2214 2215
parm u -1.9000000000000021 -1.9000000000000021 -0 -0
end
v 79.658991646170151 3.1998925849874174 -121.57926573027775
v 76.745853740908515 5.600107414741017 -121.57926573027775
v 79.658991646170151 3.1998925849874174 -119.29902573027776
v 76.745853740908515 5.600107414741017 -119.29902573027776
cstype bspline
deg 1 1
surf -1.1754901664379269 2.5990831450823655 -2.090120000000002 0.19011999999999996 969 970 971 972
parm u -1.1754901664379269 -1.1754901664379269 2.5990831450823655 2.5990831450823655
parm v -2.090120000000002 -2.090120000000002 0.19011999999999996 0.19011999999999996
trim -3.1451962256467825 -0 703 -1.9000000000000021 -0 704 -3.1451962256467825 -0 705 -1.9000000000000021 -0 706
end
# - trim loop
vp 0.99999999999999933 1
vp 0 1
cstype bspline
deg 1
curv2 2216 2217
parm u 0 0 5.3071092140637042 5.3071092140637042
end
vp 0 1
vp 0 0
cstype bspline
deg 1
curv2 2218 2219
parm u 0 0 1.9999999999999996 1.9999999999999996
end
vp 0 0
vp 0.99999984841679324 0
cstype bspline
deg 1
curv2 2220 2221
parm u 0 0 5.3151056860526138 5.3151056860526138
end
vp 0.99999984841679324 0
vp 0.99999999999999933 1
cstype bspline
deg 1
curv2 2222 2223
parm u 0 0 2.0000000000001656 2.0000000000001656
end
v 72.498938037151206 5.4000000000000048 -175.14274807427776
v 72.498484024151196 5.4000000000000048 -175.47838887827777
v 72.563136269151201 5.4000000000000048 -175.80100090227776
v 72.626865216151202 5.4000000000000048 -176.12380200427776
v 72.755809864151203 5.4000000000000048 -176.43410919927777
v 72.883692689151204 5.4000000000000048 -176.74422471327776
v 73.066878083151209 5.4000000000000048 -177.01753094927776
v 73.249284893151213 5.4000000000000048 -177.29137020927774
v 73.487303051151201 5.4000000000000048 -177.52885153427775
v 73.724127445151197 5.4000000000000048 -177.76642227127775
v 73.997958449151213 5.4000000000000048 -177.94882229427776
v 74.271274116151204 5.4000000000000048 -178.13201271627776
v 74.582054388151207 5.4000000000000048 -178.26033124727775
v 74.891948714151198 5.4000000000000048 -178.38926467027775
v 75.2147344781512 5.4000000000000048 -178.45298894827775
v 75.537341183151199 5.4000000000000048 -178.51764067427777
v 75.873377144151206 5.4000000000000048 -178.51718718027774
v 72.498938037151206 3.4000000000000052 -175.14274807427776
v 72.498484024151196 3.4000000000000052 -175.47838887827777
v 72.563136269151201 3.4000000000000052 -175.80100090227776
v 72.626865216151202 3.4000000000000052 -176.12380200427776
v 72.755809864151203 3.4000000000000052 -176.43410919927777
v 72.883692689151204 3.4000000000000052 -176.74422471327776
v 73.066878083151209 3.4000000000000052 -177.01753094927776
v 73.249284893151213 3.4000000000000052 -177.29137020927774
v 73.487303051151201 3.4000000000000052 -177.52885153427775
v 73.724127445151197 3.4000000000000052 -177.76642227127775
v 73.997958449151213 3.4000000000000052 -177.94882229427776
v 74.271274116151204 3.4000000000000052 -178.13201271627776
v 74.582054388151207 3.4000000000000052 -178.26033124727775
v 74.891948714151198 3.4000000000000052 -178.38926467027775
v 75.2147344781512 3.4000000000000052 -178.45298894827775
v 75.537341183151199 3.4000000000000052 -178.51764067427777
v 75.873377144151206 3.4000000000000052 -178.51718718027774
cstype bspline
deg 2 1
surf -6.640483958504602E-16 1 -9.5429129079768068E-17 1 973 974 975 976 977 978 979 980 981 982 983 984 985 986 987 988 989 990 991 992 993 994 995 996 997 998 999 1000 1001 1002 1003 1004 1005 1006
parm u -6.640483958504602E-16 -6.640483958504602E-16 -6.640483958504602E-16 0.125 0.125 0.25 0.25 0.375 0.375 0.5 0.5 0.625 0.625 0.75 0.75 0.875 0.875 1 1 1
parm v -9.5429129079768068E-17 -9.5429129079768068E-17 1 1
trim 0 5.3071092140637042 707 0 1.9999999999999996 708 0 5.3151056860526138 709 0 2.0000000000001656 710
end
# - trim loop
vp -1.9999999999999996 -10.703863916000003
vp -1.9999999999999996 -92.258044952000006
cstype bspline
deg 1
curv2 2224 2225
parm u 0 0 81.554181035999989 81.554181035999989
end
vp -1.9999999999999996 -92.258044952000006
vp 0 -92.258045766999999
cstype bspline
deg 1
curv2 2226 2227
parm u 0 0 2.0000000000001656 2.0000000000001656
end
vp 0 -92.258045766999999
vp 0 -10.703863916000003
cstype bspline
deg 1
curv2 2228 2229
parm u 0 0 81.554181850999996 81.554181850999996
end
vp 0 -10.703863916000003
vp -1.9999999999999996 -10.703863916000003
cstype bspline
deg 1
curv2 2230 2231
parm u 0 0 1.9999999999999996 1.9999999999999996
end
v 67.7178381440512 3.1998800000000052 -178.51718718027774
v 67.7178381440512 5.6001200000000049 -178.51718718027774
v 165.58309636525121 3.1998800000000052 -178.51718718027774
v 165.58309636525121 5.6001200000000049 -178.51718718027774
cstype bspline
deg 1 1
surf -2.2001199999999996 0.20011999999999974 -100.4135839521 -2.5483257308999985 1007 1008 1009 1010
parm u -2.2001199999999996 -2.2001199999999996 0.20011999999999974 0.20011999999999974
parm v -100.4135839521 -100.4135839521 -2.5483257308999985 -2.5483257308999985
trim 0 81.554181035999989 711 0 2.0000000000001656 712 0 81.554181850999996 713 0 1.9999999999999996 714
end
# - trim loop
vp 0.97501499999999997 0.32892317900000023
vp -1.0249849999999996 0.32892317900000023
cstype bspline
deg 1
curv2 2232 2233
parm u -1.9999999999999996 -1.9999999999999996 -0 -0
end
vp -1.0249849999999996 0.32892317900000023
vp -1.0249849999999996 -0.47498500000000021
cstype bspline
deg 1
curv2 2234 2235
parm u -0.80390817900000044 -0.80390817900000044 -0 -0
end
vp -1.0249849999999996 -0.47498500000000021
vp 0.97501499999999997 -0.47498500000000021
cstype bspline
deg 1
curv2 2236 2237
parm u -1.9999999999999996 -1.9999999999999996 -0 -0
end
vp 0.97501499999999997 -0.47498500000000021
vp 0.97501499999999997 0.32892317900000023
cstype bspline
deg 1
curv2 2238 2239
parm u -0.80390817900000044 -0.80390817900000044 -0 -0
end
v 121.7113866071512 3.1998800000000052 -122.06965654817776
v 121.7113866071512 5.600120000000004 -122.06965654817776
v 121.7113866071512 3.1998800000000052 -119.90472673337776
v 121.7113866071512 5.600120000000004 -119.90472673337776
cstype bspline
deg 1 1
surf -1.2251049999999997 1.1751349999999996 -1.1554958178999999 1.0094339968999999 1011 1012 1013 1014
parm u -1.2251049999999997 -1.2251049999999997 1.1751349999999996 1.1751349999999996
parm v -1.1554958178999999 -1.1554958178999999 1.0094339968999999 1.0094339968999999
trim -1.9999999999999996 -0 715 -0.80390817900000044 -0 716 -1.9999999999999996 -0 717 -0.80390817900000044 -0 718
end
# - trim loop
vp 3.1451962264185629 0
vp 0 0
cstype bspline
deg 1
curv2 2240 2241
parm u 0 0 3.1451962264185629 3.1451962264185629
end
vp 0 0
vp 0 -1.9000000000000021
cstype bspline
deg 1
curv2 2242 2243
parm u 0 0 1.9000000000000021 1.9000000000000021
end
vp 0 -1.9000000000000021
vp 1.0483987419728535 -1.9000000000000021
vp 2.0967974838098185 -1.9000000000000021
vp 3.1451962264185629 -1.9000000000000021
cstype bspline
deg 3
curv2 2244 2245 2246 2247
parm u 0 0 0 0 3.1451962264185624 3.1451962264185624 3.1451962264185624 3.1451962264185624
end
vp 3.1451962264185629 -1.9000000000000021
vp 3.1451962264185629 0
cstype bspline
deg 1
curv2 2248 2249
parm u 0 0 1.9000000000000021 1.9000000000000021
end
v 118.04111883393442 3.1998925851061699 -121.57926573027775
v 120.95425673991083 5.6001074154486883 -121.57926573027775
v 118.04111883393442 3.1998925851061699 -119.29902573027776
v 120.95425673991083 5.6001074154486883 -119.29902573027776
cstype bspline
deg 1 1
surf -0.3146885430139304 3.4598847694324935 -2.090120000000002 0.19011999999999996 1015 1016 1017 1018
parm u -0.3146885430139304 -0.3146885430139304 3.4598847694324935 3.4598847694324935
parm v -2.090120000000002 -2.090120000000002 0.19011999999999996 0.19011999999999996
trim 0 3.1451962264185629 719 0 1.9000000000000021 720 0 3.1451962264185624 721 0 1.9000000000000021 722
end
# - trim loop
vp 0 1.9999999999999996
vp 0 0
cstype bspline
deg 1
curv2 2250 2251
parm u -1.9999999999999996 -1.9999999999999996 -0 -0
end
vp 0 0
vp 40.649034016587962 0
cstype bspline
deg 1
curv2 2252 2253
parm u -40.656360273902763 -40.656360273902763 -0 -0
end
vp 40.649034016587962 0
vp 40.649034016587969 1.9999999999999991
cstype bspline
deg 1
curv2 2254 2255
parm u -1.9999999999999996 -1.9999999999999996 -0 -0
end
vp 40.649034016587969 1.9999999999999991
vp 0 1.9999999999999996
cstype bspline
deg 1
curv2 2256 2257
parm u -40.65610208747799 -40.65610208747799 -0 -0
end
v 121.7113866071512 5.4000000000000048 -120.58523755127776
v 132.87391429015122 5.4000000000000048 -120.58523755127776
v 144.03644197415119 5.4000000000000048 -120.58523755127776
v 155.1989696571512 5.4000000000000048 -120.58523755127776
v 155.4465790471512 5.4000000000000048 -120.58523755027775
v 155.69416529515121 5.4000000000000048 -120.58523754027776
v 155.94127452515119 5.4000000000000048 -120.58550547427775
v 156.28527727315119 5.4000000000000048 -120.58587844127776
v 156.6286269061512 5.4000000000000048 -120.58677035127775
v 156.9746154871512 5.4000000000000048 -120.58454148227776
v 157.31871904015119 5.4000000000000048 -120.58231314827776
v 157.66122467215121 5.4000000000000048 -120.57676808027776
v 157.99157767715121 5.4000000000000048 -120.63190994127775
v 158.08411514915122 5.4000000000000048 -120.64716978427776
v 158.1762067991512 5.4000000000000048 -120.66724742827776
v 158.26752144915122 5.4000000000000048 -120.69127661427775
v 158.31089181615121 5.4000000000000048 -120.70266078627776
v 158.35408160415119 5.4000000000000048 -120.71493722127775
v 158.39706108015122 5.4000000000000048 -120.72802289427776
v 158.46187754615121 5.4000000000000048 -120.74772780727776
v 158.5261173361512 5.4000000000000048 -120.76924348627776
v 158.58964140215119 5.4000000000000048 -120.79261428127776
v 158.65316048415121 5.4000000000000048 -120.81594493727775
v 158.71598238915121 5.4000000000000048 -120.84113523527776
v 158.77797080615119 5.4000000000000048 -120.86816461227775
v 158.9019676171512 5.4000000000000048 -120.92210940527775
v 159.02264718715119 5.4000000000000048 -120.98341045827776
v 159.13903915215121 5.4000000000000048 -121.05184150127775
v 159.25549938215121 5.4000000000000048 -121.12012991127776
v 159.36773539015121 5.4000000000000048 -121.19558185927775
v 159.4750453811512 5.4000000000000048 -121.27762093327776
v 159.58246023615121 5.4000000000000048 -121.35954477327775
v 159.6849569871512 5.4000000000000048 -121.44806561627776
v 159.78173717615121 5.4000000000000048 -121.54243499327775
v 159.87862284415121 5.4000000000000048 -121.63669289527776
v 159.96979205615122 5.4000000000000048 -121.73679874927775
v 160.0544876451512 5.4000000000000048 -121.84201943727776
v 160.1393003381512 5.4000000000000048 -121.94713730227775
v 160.21766062015121 5.4000000000000048 -122.05739406227775
v 160.2890681171512 5.4000000000000048 -122.17206336227775
v 160.36061730215121 5.4000000000000048 -122.28666730227775
v 160.42523565315122 5.4000000000000048 -122.40572754927776
v 160.4826050711512 5.4000000000000048 -122.52823965227776
v 160.51134401115121 5.4000000000000048 -122.58948041527776
v 160.53826993615121 5.4000000000000048 -122.65158523227775
v 160.56334679915119 5.4000000000000048 -122.71442720727775
v 160.58845718515121 5.4000000000000048 -122.77725497527776
v 160.61171480915121 5.4000000000000048 -122.84081038327776
v 160.63305198215119 5.4000000000000048 -122.90496977027776
v 160.6757924921512 5.4000000000000048 -123.03311820027776
v 160.7108109391512 5.4000000000000048 -123.16345055527776
v 160.73612389415121 5.4000000000000048 -123.29522091927775
v 160.74248263915121 5.4000000000000048 -123.32814977427776
v 160.74824963015121 5.4000000000000048 -123.36124291427775
v 160.7535140861512 5.4000000000000048 -123.39447894427775
v 160.75880121115119 5.4000000000000048 -123.42779558227775
v 160.76358894715122 5.4000000000000048 -123.46130647827775
v 160.76804800415121 5.4000000000000048 -123.49498226827775
v 160.77219428315715 5.4000000000000048 -123.52625367132265
v 160.77605231116229 5.4000000000000048 -123.55764739636788
v 160.77972985316705 5.4000000000000048 -123.5891454044134
v 121.7113866071512 3.4000000000000052 -120.58523755127776
v 132.87391429015119 3.4000000000000052 -120.58523755127776
v 144.03644197415119 3.4000000000000052 -120.58523755127776
v 155.1989696571512 3.4000000000000052 -120.58523755127776
v 155.4465790471512 3.4000000000000052 -120.58523755027775
v 155.69416529515121 3.4000000000000052 -120.58523754027776
v 155.94127452515119 3.4000000000000052 -120.58550547427777
v 156.28527727315119 3.4000000000000052 -120.58587844127776
v 156.6286269061512 3.4000000000000052 -120.58677035127776
v 156.9746154871512 3.4000000000000052 -120.58454148227776
v 157.31871904015119 3.4000000000000052 -120.58231314827776
v 157.66122467215121 3.4000000000000052 -120.57676808027776
v 157.99157767715121 3.4000000000000052 -120.63190994127775
v 158.08411514915122 3.4000000000000052 -120.64716978427775
v 158.1762067991512 3.4000000000000052 -120.66724742827776
v 158.26752144915122 3.4000000000000052 -120.69127661427775
v 158.31089181615121 3.4000000000000052 -120.70266078627776
v 158.35408160415119 3.4000000000000052 -120.71493722127775
v 158.39706108015122 3.4000000000000052 -120.72802289427776
v 158.46187754615121 3.4000000000000052 -120.74772780727776
v 158.5261173361512 3.4000000000000052 -120.76924348627776
v 158.58964140215119 3.4000000000000052 -120.79261428127775
v 158.65316048415121 3.4000000000000052 -120.81594493727775
v 158.71598238915121 3.4000000000000052 -120.84113523527776
v 158.77797080615119 3.4000000000000052 -120.86816461227775
v 158.9019676171512 3.4000000000000052 -120.92210940527775
v 159.02264718715119 3.4000000000000052 -120.98341045827775
v 159.13903915215121 3.4000000000000052 -121.05184150127776
v 159.25549938215121 3.4000000000000052 -121.12012991127776
v 159.36773539015121 3.4000000000000052 -121.19558185927775
v 159.4750453811512 3.4000000000000052 -121.27762093327776
v 159.58246023615121 3.4000000000000052 -121.35954477327775
v 159.6849569871512 3.4000000000000052 -121.44806561627776
v 159.78173717615121 3.4000000000000052 -121.54243499327775
v 159.87862284415121 3.4000000000000052 -121.63669289527776
v 159.96979205615122 3.4000000000000052 -121.73679874927775
v 160.0544876451512 3.4000000000000052 -121.84201943727776
v 160.1393003381512 3.4000000000000052 -121.94713730227775
v 160.21766062015121 3.4000000000000052 -122.05739406227775
v 160.2890681171512 3.4000000000000052 -122.17206336227775
v 160.36061730215121 3.4000000000000052 -122.28666730227775
v 160.42523565315122 3.4000000000000052 -122.40572754927776
v 160.4826050711512 3.4000000000000052 -122.52823965227776
v 160.51134401115121 3.4000000000000052 -122.58948041527776
v 160.53826993615121 3.4000000000000052 -122.65158523227775
v 160.56334679915119 3.4000000000000052 -122.71442720727775
v 160.58845718515121 3.4000000000000052 -122.77725497527776
v 160.61171480915121 3.4000000000000052 -122.84081038327776
v 160.63305198215119 3.4000000000000052 -122.90496977027776
v 160.6757924921512 3.4000000000000052 -123.03311820027776
v 160.7108109391512 3.4000000000000052 -123.16345055527776
v 160.73612389415121 3.4000000000000052 -123.29522091927775
v 160.74248263915121 3.4000000000000052 -123.32814977427776
v 160.74824963015121 3.4000000000000052 -123.36124291427775
v 160.7535140861512 3.4000000000000052 -123.39447894427775
v 160.75880121115119 3.4000000000000052 -123.42779558227775
v 160.76358894715122 3.4000000000000052 -123.46130647827775
v 160.76804800415121 3.4000000000000052 -123.49498226827775
v 160.77219428315715 3.4000000000000052 -123.52625367132265
v 160.77605231116229 3.4000000000000052 -123.55764739636788
v 160.77972985316705 3.4000000000000052 -123.5891454044134
cstype bspline
deg 3 1
surf -5.113461539034042E-15 40.649034016587969 0 1.9999999999999996 1019 1020 1021 1022 1023 1024 1025 1026 1027 1028 1029 1030 1031 1032 1033 1034 1035 1036 1037 1038 1039 1040 1041 1042 1043 1044 1045 1046 1047 1048 1049 1050 1051 1052 1053 1054 1055 1056 1057 1058 1059 1060 1061 1062 1063 1064 1065 1066 1067 1068 1069 1070 1071 1072 1073 1074 1075 1076 1077 1078 1079 1080 1081 1082 1083 1084 1085 1086 1087 1088 1089 1090 1091 1092 1093 1094 1095 1096 1097 1098 1099 1100 1101 1102 1103 1104 1105 1106 1107 1108 1109 1110 1111 1112 1113 1114 1115 1116 1117 1118 1119 1120 1121 1122 1123 1124 1125 1126 1127 1128 1129 1130 1131 1132 1133 1134 1135 1136 1137 1138 1139 1140
parm u -5.113461539034042E-15 -5.113461539034042E-15 -5.113461539034042E-15 -5.113461539034042E-15 33.382922826195781 33.382922826195781 33.382922826195781 34.123463947557489 34.123463947557489 34.123463947557489 35.154087089476313 35.154087089476313 35.154087089476313 36.184710231395144 36.184710231395144 36.184710231395144 36.474792205271314 36.474792205271314 36.474792205271314 36.612366060374072 36.612366060374072 36.612366060374072 36.819774573665526 36.819774573665526 36.819774573665526 37.027183086956995 37.027183086956995 37.027183086956995 37.442000066858959 37.442000066858959 37.442000066858959 37.856817093441883 37.856817093441883 37.856817093441883 38.271634120024807 38.271634120024807 38.271634120024807 38.68645114660773 38.68645114660773 38.68645114660773 39.101268126509702 39.101268126509702 39.101268126509702 39.516085153092618 39.516085153092618 39.516085153092618 39.72349366638408 39.72349366638408 39.72349366638408 39.930902179675549 39.930902179675549 39.930902179675549 40.345719206258465 40.345719206258465 40.345719206258465 40.4494234629042 40.4494234629042 40.4494234629042 40.553127672868975 40.553127672868975 40.553127672868975 40.649034016587969 40.649034016587969 40.649034016587969 40.649034016587969
parm v 0 0 1.9999999999999996 1.9999999999999996
trim -1.9999999999999996 -0 723 -40.656360273902763 -0 724 -1.9999999999999996 -0 725 -40.65610208747799 -0 726
end
# - trim loop
vp 7.3516950340000022 141.99271648999999
vp 6.4867557359999992 141.99271648999999
cstype bspline
deg 1
curv2 2258 2259
parm u 0 0 0.86493929800000302 0.86493929800000302
end
vp 6.4867557359999992 141.99271648999999
vp 6.2755567630000009 141.750269
cstype bspline
deg 1
curv2 2260 2261
parm u 0 0 0.32153661005172124 0.32153661005172124
end
vp 6.2755567630000009 141.750269 1
vp 6.8095297579609202 137.89271648900001 0.75402763567987519
vp 10.703863916000003 137.89271649 1
cstype rat bspline
deg 2
curv2 2262 2263 2264
parm u 0 0 0 6.4073779801127539 6.4073779801127539 6.4073779801127539
end
vp 10.703863916000003 137.89271649
vp 47.420035489 137.89271649
cstype bspline
deg 1
curv2 2265 2266
parm u 0 0 36.716171572999997 36.716171572999997
end
vp 47.420035489 137.89271649
vp 47.420035489 139.79271649
cstype bspline
deg 1
curv2 2267 2268
parm u 0 0 1.9000000000000021 1.9000000000000021
end
vp 47.420035489 139.79271649
vp 47.086702156000001 139.79271649
vp 46.753368823000002 139.79271649
vp 46.420035489 139.79271649
cstype bspline
deg 3
curv2 2269 2270 2271 2272
parm u 0 0 0 0 1 1 1 1
end
vp 46.420035489 139.79271649
vp 46.420035489 138.98880831100001
cstype bspline
deg 1
curv2 2273 2274
parm u 0 0 0.80390817900000044 0.80390817900000044
end
vp 46.420035489 138.98880831100001
vp 39.672760019999998 138.98880831100001
vp 32.925484550999997 138.98880831100001
vp 26.178209082000002 138.98880831100001
vp 22.804571348 138.98880831100001
vp 19.430933613000001 138.98880831100001
vp 16.057295877999998 138.98880831100001
vp 15.213886445 138.98880831100001
vp 14.370477010999998 138.98880831100001
vp 13.527067578 138.98880831100001
vp 13.105362861000003 138.98880831100001
vp 12.683648380000001 138.98863289499999
vp 12.261964413000001 138.98900567999999
vp 12.051122429000003 138.989192073
vp 11.840295251000001 138.98964448000001
vp 11.629438207 138.989560294
vp 11.418581162999999 138.98947610799999
vp 11.207652240000002 138.988100535
vp 10.996743995000003 138.98709645400001
vp 10.785835749 138.98609237299999
vp 10.575062252999999 138.98750922900001
vp 10.365286729000005 139.00685586899999
vp 10.260398967 139.01652918900001
vp 10.155772693000003 139.03090045299999
vp 10.051495680000002 139.05154661399999
vp 9.9472186670000013 139.07219277499999
vp 9.8432639990000013 139.09863025300001
vp 9.7395843380000002 139.130008562
vp 9.6359046760000027 139.16138687
vp 9.5318741769999988 139.19796940500001
vp 9.4296334109999975 139.23962582499999
vp 9.3273926459999998 139.281282245
vp 9.2278908179999988 139.32752542200001
vp 9.1311148010000025 139.378333373
vp 8.9375627650000027 139.47994927400001
vp 8.7549511440000032 139.599886521
vp 8.5834729569999979 139.73846835399999
vp 8.2405165830000016 140.01563202099999
vp 7.9560309029999985 140.35603943500001
vp 7.7444341329999986 140.74322909599999
vp 7.6386357479999987 140.93682392599999
vp 7.5527483709999998 141.13786407200001
vp 7.4861082110000012 141.34610132500001
vp 7.4527881309999984 141.45021995100001
vp 7.4244281579999978 141.55619330799999
vp 7.402147247000002 141.66443980700001
vp 7.3798663350000027 141.77268630500001
vp 7.3645312300000043 141.882790994
vp 7.3516950340000022 141.99271648999999
cstype bspline
deg 3
curv2 2275 2276 2277 2278 2279 2280 2281 2282 2283 2284 2285 2286 2287 2288 2289 2290 2291 2292 2293 2294 2295 2296 2297 2298 2299 2300 2301 2302 2303 2304 2305 2306 2307 2308 2309 2310 2311 2312 2313 2314 2315 2316 2317 2318 2319 2320 2321 2322 2323
parm u 0 0 0 0 20.241826406999998 20.241826406999998 20.241826406999998 30.362739611000002 30.362739611000002 30.362739611000002 32.892967911 32.892967911 32.892967911 34.158071277261115 34.158071277261115 34.158071277261115 34.790598067858518 34.790598067858518 34.790598067858518 35.42329917209122 35.42329917209122 35.42329917209122 36.055653827504173 36.055653827504173 36.055653827504173 36.37289664179383 36.37289664179383 36.37289664179383 36.694785578633869 36.694785578633869 36.694785578633869 37.023785954429478 37.023785954429478 37.023785954429478 37.353212306728828 37.353212306728828 37.353212306728828 38.010769871856859 38.010769871856859 38.010769871856859 39.33658974033235 39.33658974033235 39.33658974033235 39.994466018687639 39.994466018687639 39.994466018687639 40.324004579552927 40.324004579552927 40.324004579552927 40.656360273902756 40.656360273902756 40.656360273902756 40.656360273902756
end
v 165.97043320575119 5.4000000000000048 -119.07902572917777
v 116.59681873455119 5.4000000000000048 -119.07902572917777
v 165.97043320575119 5.4000000000000048 -123.99926573037774
v 116.59681873455119 5.4000000000000048 -123.99926573037774
cstype bspline
deg 1 1
surf 2.1609888903999925 51.534603361600006 137.48259648890001 142.40283649009999 1141 1142 1143 1144
parm u 2.1609888903999925 2.1609888903999925 51.534603361600006 51.534603361600006
parm v 137.48259648890001 137.48259648890001 142.40283649009999 142.40283649009999
trim 0 0.86493929800000302 727 0 0.32153661005172124 728 0 6.4073779801127539 729 0 36.716171572999997 730 0 1.9000000000000021 731 0 1 732 0 0.80390817900000044 733 0 40.656360273902756 734
end
# - trim loop
vp -16.951011057999999 14.349733801999999
vp -16.951011057999999 22.15480423
cstype bspline
deg 1
curv2 2324 2325
parm u 0 0 7.8050704280000005 7.8050704280000005
end
vp -16.951011057999999 22.15480423
vp -20.351011058000001 22.15480423
cstype bspline
deg 1
curv2 2326 2327
parm u 0 0 3.3999999999999999 3.3999999999999999
end
vp -20.351011058000001 22.15480423
vp -20.351011058000001 14.349733801999999
cstype bspline
deg 1
curv2 2328 2329
parm u 0 0 7.8050704280000005 7.8050704280000005
end
vp -20.351011058000001 14.349733801999999
vp -16.951011057999999 14.349733801999999
cstype bspline
deg 1
curv2 2330 2331
parm u 0 0 3.3999999999999999 3.3999999999999999
end
v 130.21957442135121 -0.34011999999999531 -177.61327900127776
v 130.21957442135121 3.7401200000000046 -177.61327900127776
v 139.58589893495119 -0.34011999999999531 -177.61327900127776
v 139.58589893495119 3.7401200000000046 -177.61327900127776
cstype bspline
deg 1 1
surf -20.691131058 -16.610891058 13.5691067592 22.935431272799999 1145 1146 1147 1148
parm u -20.691131058 -20.691131058 -16.610891058 -16.610891058
parm v 13.5691067592 13.5691067592 22.935431272799999 22.935431272799999
trim 0 7.8050704280000005 735 0 3.3999999999999999 736 0 7.8050704280000005 737 0 3.3999999999999999 738
end
# - trim loop
vp -20.351011058000001 1.8223613110000016
vp -20.351011058000001 -1.7532438809999995
cstype bspline
deg 1
curv2 2332 2333
parm u -3.5756051929085864 -3.5756051929085864 -0 -0
end
vp -20.351011058000001 -1.7532438809999995
vp 0 -1.7532438809999995
cstype bspline
deg 1
curv2 2334 2335
parm u -20.351011058039905 -20.351011058039905 -0 -0
end
vp 0 -1.7532438809999995
vp 0 1.8223613110000016
cstype bspline
deg 1
curv2 2336 2337
parm u -3.5756051922271532 -3.5756051922271532 -0 -0
end
vp 0 1.8223613110000016
vp -16.951011057999999 1.8223613110000016
cstype bspline
deg 1
curv2 2338 2339
parm u -16.951011057999999 -16.951011057999999 -0 -0
end
vp -16.951011057999999 1.8223613110000016
vp -20.351011058000001 1.8223613110000016
cstype bspline
deg 1
curv2 2340 2341
parm u -3.3999999999999999 -3.3999999999999999 -0 -0
end
v 138.80527189215121 -2.035221105799998 -173.67999329007776
v 138.80527189215121 22.386232163800003 -173.67999329007776
v 138.80527189215121 -2.035221105799998 -177.97095952047775
v 138.80527189215121 22.386232163800003 -177.97095952047775
cstype bspline
deg 1 1
surf -22.386232163800003 2.0352211057999998 -2.1109244001999992 2.1800418302000013 1149 1150 1151 1152
parm u -22.386232163800003 -22.386232163800003 2.0352211057999998 2.0352211057999998
parm v -2.1109244001999992 -2.1109244001999992 2.1800418302000013 2.1800418302000013
trim -3.5756051929085864 -0 739 -20.351011058039905 -0 740 -3.5756051922271532 -0 741 -16.951011057999999 -0 742 -3.3999999999999999 -0 743
end
# - trim loop
vp 6.2831853071795862 22.386232163800003
vp 4.7123889803846897 22.386232163800003
cstype bspline
deg 1
curv2 2342 2343
parm u -2.1205750411731126 -2.1205750411731126 0 0
end
vp 4.7123889803846897 22.386232163800003
vp 1.5707963267948966 22.386232163800003
cstype bspline
deg 1
curv2 2344 2345
parm u -4.2411500823462251 -4.2411500823462251 0 0
end
vp 1.5707963267948966 22.386232163800003
vp 0 22.386232163800003
cstype bspline
deg 1
curv2 2346 2347
parm u -4.2411500823462251 -4.2411500823462251 -2.1205750411731126 -2.1205750411731126
end
vp 0 22.386232163800003
vp 0 2.0352211058000025
cstype bspline
deg 1
curv2 2348 2349
parm u 2.0352211057999989 2.0352211057999989 22.386232163799999 22.386232163799999
end
vp 0 2.0352211058000025
vp 1.5707963267948966 2.035221105800002
cstype bspline
deg 1
curv2 2350 2351
parm u -2.1205750411731126 -2.1205750411731126 0 0
end
vp 1.5707963267948966 2.035221105800002
vp 4.7123889803846897 2.035221105800002
cstype bspline
deg 1
curv2 2352 2353
parm u -4.2411500823462251 -4.2411500823462251 0 0
end
vp 4.7123889803846897 2.035221105800002
vp 6.2831853071795862 2.035221105800002
cstype bspline
deg 1
curv2 2354 2355
parm u -4.2411500823462251 -4.2411500823462251 -2.1205750411731126 -2.1205750411731126
end
vp 6.2831853071795862 2.035221105800002
vp 6.2831853071795862 22.386232163800003
cstype bspline
deg 1
curv2 2356 2357
parm u 2.0352211058000025 2.0352211058000025 22.386232163800003 22.386232163800003
end
v 136.2528462161512 22.386232163800006 -173.98914573027776 1
v 136.2528462161512 22.386232163800006 -172.63914573027776 0.70710678118654757
v 134.9028462161512 22.386232163800006 -172.63914573027776 1
v 133.55284621615121 22.386232163800006 -172.63914573027776 0.70710678118654757
v 133.55284621615121 22.386232163800006 -173.98914573027776 1
v 133.55284621615121 22.386232163800006 -175.33914573027775 0.70710678118654757
v 134.9028462161512 22.386232163800006 -175.33914573027775 1
v 136.2528462161512 22.386232163800006 -175.33914573027775 0.70710678118654757
v 136.2528462161512 22.386232163800006 -173.98914573027776 1
v 136.2528462161512 -2.035221105799998 -173.98914573027776 1
v 136.2528462161512 -2.035221105799998 -172.63914573027776 0.70710678118654757
v 134.9028462161512 -2.035221105799998 -172.63914573027776 1
v 133.55284621615121 -2.035221105799998 -172.63914573027776 0.70710678118654757
v 133.55284621615121 -2.035221105799998 -173.98914573027776 1
v 133.55284621615121 -2.035221105799998 -175.33914573027775 0.70710678118654757
v 134.9028462161512 -2.035221105799998 -175.33914573027775 1
v 136.2528462161512 -2.035221105799998 -175.33914573027775 0.70710678118654757
v 136.2528462161512 -2.035221105799998 -173.98914573027776 1
cstype rat bspline
deg 2 1
surf 0 6.2831853071795862 0 24.421453269600004 1153 1154 1155 1156 1157 1158 1159 1160 1161 1162 1163 1164 1165 1166 1167 1168 1169 1170
parm u 0 0 0 1.5707963267948966 1.5707963267948966 3.1415926535897931 3.1415926535897931 4.7123889803846897 4.7123889803846897 6.2831853071795862 6.2831853071795862 6.2831853071795862
parm v 0 0 24.421453269600004 24.421453269600004
trim -2.1205750411731126 0 744 -4.2411500823462251 0 745 -4.2411500823462251 -2.1205750411731126 746 2.0352211057999989 22.386232163799999 747 -2.1205750411731126 0 748 -4.2411500823462251 0 749 -4.2411500823462251 -2.1205750411731126 750 2.0352211058000025 22.386232163800003 751
end
# - trim loop
vp 6.1826994355935261 20.351011057999997
vp 0 20.351011058000001
cstype bspline
deg 1
curv2 2358 2359
parm u -6.2547135937131717 -6.2547135937131717 -0 -0
end
vp 0 20.351011058000001
vp 0 0
cstype bspline
deg 1
curv2 2360 2361
parm u -20.351011057999997 -20.351011057999997 -0 -0
end
vp 0 0
vp 6.1826989275827975 0
cstype bspline
deg 1
curv2 2362 2363
parm u -6.1928754863239082 -6.1928754863239082 -0 -0
end
vp 6.1826989275827975 0
vp 6.1826994355935261 20.351011057999997
cstype bspline
deg 1
curv2 2364 2365
parm u -20.351011058039905 -20.351011058039905 -0 -0
end
v 134.9028462161512 20.351011058000008 -170.09091769027776
v 135.1624233701512 20.351011058000008 -170.09091769027776
v 135.41746060215121 20.351011058000008 -170.11739557927774
v 135.91932441715122 20.351011058000008 -170.21823777127776
v 136.16875858415119 20.351011058000008 -170.29389592127777
v 136.64404034815121 20.351011058000008 -170.49155026227777
v 136.8694020171512 20.351011058000008 -170.61251969127775
v 137.29558030315121 20.351011058000008 -170.89871895527776
v 137.49710550415119 20.351011058000008 -171.06546656827777
v 137.8564561521512 20.351011058000008 -171.43042824127775
v 138.0168552521512 20.351011058000008 -171.62991714527774
v 138.29977457315121 20.351011058000008 -172.06231677327776
v 138.41954368215121 20.351011058000008 -172.29164631427776
v 138.6123040861512 20.351011058000008 -172.76587647027776
v 138.68661729815119 20.351011058000008 -173.01418374527776
v 138.78476261715122 20.351011058000008 -173.52168591427775
v 138.8084859721512 20.351011058000008 -173.77820483827776
v 138.80519128515121 20.351011058000008 -174.03767380927775
v 134.9028462161512 0 -170.09091769027776
v 135.1624233701512 0 -170.09091769027776
v 135.41746060215121 0 -170.11739557927774
v 135.91932441715122 0 -170.21823777127776
v 136.16875858415119 0 -170.29389592127777
v 136.64404034815121 0 -170.49155026227777
v 136.8694020171512 0 -170.61251969127775
v 137.29558030315121 0 -170.89871895527776
v 137.49710550415119 0 -171.06546656827777
v 137.8564561521512 0 -171.43042824127775
v 138.0168552521512 0 -171.62991714527774
v 138.29977457315121 0 -172.06231677327776
v 138.41954368215121 0 -172.29164631427776
v 138.6123040861512 0 -172.76587647027776
v 138.68661729815119 0 -173.01418374527776
v 138.78476261715122 0 -173.52168591427775
v 138.8084859721512 0 -173.77820483827776
v 138.80519128515121 0 -174.03767380927775
cstype bspline
deg 3 1
surf 0 6.1826994355935261 -3.210522833919376E-15 20.351011058000001 1171 1172 1173 1174 1175 1176 1177 1178 1179 1180 1181 1182 1183 1184 1185 1186 1187 1188 1189 1190 1191 1192 1193 1194 1195 1196 1197 1198 1199 1200 1201 1202 1203 1204 1205 1206
parm u 0 0 0 0 0.77283742944919032 0.77283742944919032 1.5456748588983806 1.5456748588983806 2.3185122883475708 2.3185122883475708 3.0913497177967613 3.0913497177967613 3.8641871472459517 3.8641871472459517 4.6370245766951417 4.6370245766951417 5.4098620061443325 5.4098620061443325 6.1826994355935261 6.1826994355935261 6.1826994355935261 6.1826994355935261
parm v -3.210522833919376E-15 -3.210522833919376E-15 20.351011058000001 20.351011058000001
trim -6.2547135937131717 -0 752 -20.351011057999997 -0 753 -6.1928754863239082 -0 754 -20.351011058039905 -0 755
end
# - trim loop
vp 6.1359395132673598 20.351011057999997
vp 0 20.351011058000001
cstype bspline
deg 1
curv2 2366 2367
parm u -6.2062546439631987 -6.2062546439631987 -0 -0
end
vp 0 20.351011058000001
vp 0 0
cstype bspline
deg 1
curv2 2368 2369
parm u -20.351011058000001 -20.351011058000001 -0 -0
end
vp 0 0
vp 6.1359395132673598 0
cstype bspline
deg 1
curv2 2370 2371
parm u -6.1458579850275026 -6.1458579850275026 -0 -0
end
vp 6.1359395132673598 0
vp 6.1359395132673598 20.351011057999997
cstype bspline
deg 1
curv2 2372 2373
parm u -20.351011057999997 -20.351011057999997 -0 -0
end
v 131.00020144515122 20.351011058000005 -173.99134102927792
v 131.00020144515119 20.351011058000005 -173.73367353427784
v 131.02672036615121 20.351011058000005 -173.48063065327781
v 131.12795528615121 20.351011058000005 -172.98294994127775
v 131.20383361815121 20.351011058000005 -172.73584951927776
v 131.40005083715121 20.351011058000005 -172.26384246127776
v 131.5194247171512 20.351011058000005 -172.03961974027777
v 131.80081997915121 20.351011058000005 -171.61480071127775
v 131.9644572701512 20.351011058000005 -171.41327451727776
v 132.32292823715119 20.351011058000005 -171.05298366327776
v 132.5189502041512 20.351011058000005 -170.89185505727775
v 132.94457517515121 20.351011058000005 -170.60764062827775
v 133.17224810915121 20.351011058000005 -170.48649946427776
v 133.64184639915121 20.351011058000005 -170.29272855627775
v 133.88697961415122 20.351011058000005 -170.21831570927776
v 134.39074957415119 20.351011058000005 -170.11714341227776
v 134.64534103615119 20.351011058000005 -170.09091769027776
v 134.9028462161512 20.351011058000005 -170.09091769027776
v 131.00020144515119 0 -173.99134102927792
v 131.00020144515119 0 -173.73367353427784
v 131.02672036615118 0 -173.48063065327781
v 131.12795528615121 0 -172.98294994127775
v 131.20383361815121 0 -172.73584951927776
v 131.40005083715121 0 -172.26384246127776
v 131.5194247171512 0 -172.03961974027777
v 131.80081997915121 0 -171.61480071127775
v 131.9644572701512 0 -171.41327451727776
v 132.32292823715119 0 -171.05298366327776
v 132.5189502041512 0 -170.89185505727775
v 132.94457517515121 0 -170.60764062827775
v 133.17224810915121 0 -170.48649946427776
v 133.64184639915121 0 -170.29272855627775
v 133.88697961415122 0 -170.21831570927776
v 134.39074957415119 0 -170.11714341227776
v 134.64534103615119 0 -170.09091769027776
v 134.9028462161512 0 -170.09091769027776
cstype bspline
deg 3 1
surf -1.5045458335891404E-13 6.1359395132673598 -2.9745180325807985E-16 20.351011058000001 1207 1208 1209 1210 1211 1212 1213 1214 1215 1216 1217 1218 1219 1220 1221 1222 1223 1224 1225 1226 1227 1228 1229 1230 1231 1232 1233 1234 1235 1236 1237 1238 1239 1240 1241 1242
parm u -1.5045458335891404E-13 -1.5045458335891404E-13 -1.5045458335891404E-13 -1.5045458335891404E-13 0.76699243915841997 0.76699243915841997 1.5339848783168399 1.5339848783168399 2.3009773174752599 2.3009773174752599 3.0679697566336799 3.0679697566336799 3.8349621957920998 3.8349621957920998 4.6019546349505198 4.6019546349505198 5.3689470741089398 5.3689470741089398 6.1359395132673598 6.1359395132673598 6.1359395132673598 6.1359395132673598
parm v -2.9745180325807985E-16 -2.9745180325807985E-16 20.351011058000001 20.351011058000001
trim -6.2062546439631987 -0 756 -20.351011058000001 -0 757 -6.1458579850275026 -0 758 -20.351011057999997 -0 759
end
# - trim loop
vp 20.351011058000001 -1.799627473000001
vp 20.351011058000001 1.8223104990000003
cstype bspline
deg 1
curv2 2374 2375
parm u -3.6219379720000013 -3.6219379720000013 -0 -0
end
vp 20.351011058000001 1.8223104990000003
vp 16.951011057999999 1.8223104990000003
cstype bspline
deg 1
curv2 2376 2377
parm u -3.3999999999999999 -3.3999999999999999 -0 -0
end
vp 16.951011057999999 1.8223104990000003
vp 0 1.8223104990000003
cstype bspline
deg 1
curv2 2378 2379
parm u -16.951011057999999 -16.951011057999999 -0 -0
end
vp 0 1.8223104990000003
vp 0 -1.799627473000001
cstype bspline
deg 1
curv2 2380 2381
parm u -3.6219379720000013 -3.6219379720000013 -0 -0
end
vp 0 -1.799627473000001
vp 20.351011058000001 -1.799627473000001
cstype bspline
deg 1
curv2 2382 2383
parm u -20.351011058000001 -20.351011058000001 -0 -0
end
v 131.00020146415119 22.386232163800003 -173.62902723207776
v 131.00020146415119 -2.035221105799998 -173.62902723207776
v 131.00020146415119 22.386232163800003 -177.97559279847778
v 131.00020146415119 -2.035221105799998 -177.97559279847778
cstype bspline
deg 1 1
surf -2.0352211057999998 22.386232163800003 -2.1619412702000007 2.1846242962 1243 1244 1245 1246
parm u -2.0352211057999998 -2.0352211057999998 22.386232163800003 22.386232163800003
parm v -2.1619412702000007 -2.1619412702000007 2.1846242962 2.1846242962
trim -3.6219379720000013 -0 760 -3.3999999999999999 -0 761 -16.951011057999999 -0 762 -3.6219379720000013 -0 763 -20.351011058000001 -0 764
end
# - trim loop
vp 28.122361311000002 -15.097355248
vp 24.500423339000001 -15.097355248
cstype bspline
deg 1
curv2 2384 2385
parm u -3.6219379720000013 -3.6219379720000013 -0 -0
end
vp 24.500423339000001 -15.097355248
vp 23.734775807065038 -15.097355239435204
vp 23.008928307317206 -15.39909601931304
vp 22.286313250071867 -15.699493045068408
vp 21.742211404750357 -16.240846542747651
vp 21.195576542422696 -16.784720261420748
vp 20.89869632218516 -17.504201040183915
vp 20.600000000940053 -18.22808308893952
vp 20.600000000000001 -19
cstype bspline
deg 2
curv2 2386 2387 2388 2389 2390 2391 2392 2393 2394
parm u -6.2062546439631987 -6.2062546439631987 -6.2062546439631987 -4.6545396269282193 -4.6545396269282193 -3.1044374705858147 -3.1044374705858147 -1.555003568357086 -1.555003568357086 -0 -0 -0
end
vp 20.600000000000001 -19
vp 20.600000000000001 -19.777828716999998
vp 20.901805402000001 -20.50355325
vp 21.203432166000002 -21.228848230000001
vp 21.757029714000002 -21.773934612000001
vp 22.307972087000003 -22.31640664
vp 23.037843702 -22.613077667999999
vp 23.773652041000002 -22.912161797
vp 24.546756119000001 -22.902345068999999
cstype bspline
deg 2
curv2 2395 2396 2397 2398 2399 2400 2401 2402 2403
parm u -6.2547135937131717 -6.2547135937131717 -6.2547135937131717 -4.690906124790164 -4.690906124790164 -3.1284824224546024 -3.1284824224546024 -1.5674366496517922 -1.5674366496517922 -0 -0 -0
end
vp 24.546756119000001 -22.902345068999999
vp 28.122361311000002 -22.902425676
cstype bspline
deg 1
curv2 2404 2405
parm u -3.5756051929085864 -3.5756051929085864 -0 -0
end
vp 28.122361311000002 -22.902425676
vp 28.122361311000002 -15.097355248
cstype bspline
deg 1
curv2 2406 2407
parm u -7.8050704280000005 -7.8050704280000005 -0 -0
end
# - hole loop
vp 25.848228040000002 -19 1
vp 25.848228040000002 -20.349999999999998 0.70710678118654757
vp 24.498228040000001 -20.350000000000001 1
cstype rat bspline
deg 2
curv2 2408 2409 2410
parm u -4.2411500823462251 -4.2411500823462251 -4.2411500823462251 -2.1205750411731126 -2.1205750411731126 -2.1205750411731126
end
vp 24.498228040000001 -20.350000000000001 1
vp 23.148228039999999 -20.349999999999998 0.70710678118654757
vp 23.148228039999999 -19 1
cstype rat bspline
deg 2
curv2 2411 2412 2413
parm u -2.1205750411731126 -2.1205750411731126 -2.1205750411731126 0 0 0
end
vp 23.148228039999999 -19 1
vp 23.148228039999999 -17.649999999999999 0.70710678118654757
vp 24.498228040000001 -17.649999999999999 1
vp 25.848228040000002 -17.649999999999999 0.70710678118654757
vp 25.848228040000002 -19 1
cstype rat bspline
deg 2
curv2 2414 2415 2416 2417 2418
parm u -4.2411500823462251 -4.2411500823462251 -4.2411500823462251 -2.1205750411731126 -2.1205750411731126 0 0 0
end
v 139.59660866890769 0 -169.33856155917778
v 139.59660866890769 0 -178.36563513237778
v 130.21860079982991 0 -169.33856155917778
v 130.21860079982991 0 -178.36563513237778
cstype bspline
deg 1 1
surf 19.847643868900001 28.874717442100003 -23.693762452756477 -14.315754583678725 1247 1248 1249 1250
parm u 19.847643868900001 19.847643868900001 28.874717442100003 28.874717442100003
parm v -23.693762452756477 -23.693762452756477 -14.315754583678725 -14.315754583678725
trim -3.6219379720000013 -0 765 -6.2062546439631987 -0 766 -6.2547135937131717 -0 767 -3.5756051929085864 -0 768 -7.8050704280000005 -0 769
hole -4.2411500823462251 -2.1205750411731126 770 -2.1205750411731126 0 771 -4.2411500823462251 0 772
end
# - trim loop
vp -25.850000000000001 19 1
vp -25.849999999999998 17.649999999999999 0.70710678118654757
vp -24.5 17.649999999999999 1
vp -23.149999999999999 17.649999999999999 0.70710678118654757
vp -23.149999999999999 19 1
cstype rat bspline
deg 2
curv2 2419 2420 2421 2422 2423
parm u -4.2411500823462251 -4.2411500823462251 -4.2411500823462251 -2.1205750411731126 -2.1205750411731126 0 0 0
end
vp -23.149999999999999 19 1
vp -23.149999999999999 20.349999999999998 0.70710678118654757
vp -24.5 20.350000000000001 1
cstype rat bspline
deg 2
curv2 2424 2425 2426
parm u -4.2411500823462251 -4.2411500823462251 -4.2411500823462251 -2.1205750411731126 -2.1205750411731126 -2.1205750411731126
end
vp -24.5 20.350000000000001 1
vp -25.849999999999998 20.349999999999998 0.70710678118654757
vp -25.850000000000001 19 1
cstype rat bspline
deg 2
curv2 2427 2428 2429
parm u -2.1205750411731126 -2.1205750411731126 -2.1205750411731126 0 0 0
end
v 133.28272621615122 20.351011058000005 -175.60926573027774
v 133.28272621615122 20.351011058000005 -172.36902573027777
v 136.52296621615119 20.351011058000005 -175.60926573027774
v 136.52296621615119 20.351011058000005 -172.36902573027777
cstype bspline
deg 1 1
surf -26.12012 -22.87988 17.37988 20.62012 1251 1252 1253 1254
parm u -26.12012 -26.12012 -22.87988 -22.87988
parm v 17.37988 17.37988 20.62012 20.62012
trim -4.2411500823462251 0 773 -4.2411500823462251 -2.1205750411731126 774 -2.1205750411731126 0 775
end
# - trim loop
vp 3.1415926535897931 5.9401200000000003
vp 3.1415926535897931 0.54012000000000082
cstype bspline
deg 1
curv2 2430 2431
parm u 0 0 5.3999999999999995 5.3999999999999995
end
vp 3.1415926535897931 0.54012000000000082
vp 3.3163436072192414 0.54012000000000082
cstype bspline
deg 1
curv2 2432 2433
parm u 0 0 0.49750677738777083 0.49750677738777083
end
vp 3.3163436072192414 0.54012000000000082
vp 3.3163436072192414 2.5401199999999999
cstype bspline
deg 1
curv2 2434 2435
parm u 0 0 1.9999999999999996 1.9999999999999996
end
vp 3.3163436072192414 2.5401199999999999
vp 4.7123889803846897 2.5401199999999999
cstype bspline
deg 1
curv2 2436 2437
parm u 0 0 4.3183303482440252 4.3183303482440252
end
vp 4.7123889803846897 2.5401199999999999
vp 4.7123889803846897 5.9401200000000003
cstype bspline
deg 1
curv2 2438 2439
parm u 0 0 3.3999999999999999 3.3999999999999999
end
vp 4.7123889803846897 5.9401200000000003
vp 3.1415926535897931 5.9401200000000003
cstype bspline
deg 1
curv2 2440 2441
parm u 0 0 4.8158371255651291 4.8158371255651291
end
v 76.368703351151197 5.9401200000000056 -127.52085999927775 1
v 79.434560486151184 5.9401200000000056 -127.52085999927775 0.70710678118654757
v 79.434560486151184 5.9401200000000056 -124.45500286427776 1
v 79.434560486151184 5.9401200000000056 -121.38914572927777 0.70710678118654757
v 76.368703351151197 5.9401200000000056 -121.38914572927777 1
v 73.30284621615121 5.9401200000000056 -121.38914572927777 0.70710678118654757
v 73.30284621615121 5.9401200000000056 -124.45500286427776 1
v 73.30284621615121 5.9401200000000056 -127.52085999927775 0.70710678118654757
v 76.368703351151197 5.9401200000000056 -127.52085999927775 1
v 76.368703351151197 -0.5401199999999946 -127.52085999927775 1
v 79.434560486151184 -0.5401199999999946 -127.52085999927775 0.70710678118654757
v 79.434560486151184 -0.5401199999999946 -124.45500286427776 1
v 79.434560486151184 -0.5401199999999946 -121.38914572927777 0.70710678118654757
v 76.368703351151197 -0.5401199999999946 -121.38914572927777 1
v 73.30284621615121 -0.5401199999999946 -121.38914572927777 0.70710678118654757
v 73.30284621615121 -0.5401199999999946 -124.45500286427776 1
v 73.30284621615121 -0.5401199999999946 -127.52085999927775 0.70710678118654757
v 76.368703351151197 -0.5401199999999946 -127.52085999927775 1
cstype rat bspline
deg 2 1
surf 0 6.2831853071795862 0 6.4802400000000002 1255 1256 1257 1258 1259 1260 1261 1262 1263 1264 1265 1266 1267 1268 1269 1270 1271 1272
parm u 0 0 0 1.5707963267948966 1.5707963267948966 3.1415926535897931 3.1415926535897931 4.7123889803846897 4.7123889803846897 6.2831853071795862 6.2831853071795862 6.2831853071795862
parm v 0 0 6.4802400000000002 6.4802400000000002
trim 0 5.3999999999999995 776 0 0.49750677738777083 777 0 1.9999999999999996 778 0 4.3183303482440252 779 0 3.3999999999999999 780 0 4.8158371255651291 781
end
# - trim loop
vp -14.951011057999999 -82.034142865000007
vp -14.951011057999999 -81.414122341999999
cstype bspline
deg 1
curv2 2442 2443
parm u -0.62002052300000088 -0.62002052300000088 -0 -0
end
vp -14.951011057999999 -81.414122341999999
vp -16.951011057999999 -78.986724702999993
cstype bspline
deg 1
curv2 2444 2445
parm u -3.1451962256467825 -3.1451962256467825 -0 -0
end
vp -16.951011057999999 -78.986724702999993
vp -16.951011057999999 -78.170000000000002
cstype bspline
deg 1
curv2 2446 2447
parm u -0.81672470299999844 -0.81672470299999844 -0 -0
end
vp -16.951011057999999 -78.170000000000002
vp -16.751011058 -78.170000000000002
cstype bspline
deg 1
curv2 2448 2449
parm u -0.19999999999999973 -0.19999999999999973 -0 -0
end
vp -16.751011058 -78.170000000000002
vp -16.657443978 -78.170000000000002
vp -16.563357524000001 -78.155914007000007
vp -16.472815370999999 -78.129489079999999
vp -16.382273218999998 -78.103064152000002
vp -16.296274187000002 -78.064912004999996
vp -16.215709048000001 -78.014792184000001
vp -16.135143909 -77.964672362000002
vp -16.063339895999999 -77.904537919999996
vp -16.00103111 -77.833549723999994
vp -15.938722324 -77.762561527000003
vp -15.887300929999999 -77.682618477000005
vp -15.847496314999999 -77.597355248
cstype bspline
deg 3
curv2 2450 2451 2452 2453 2454 2455 2456 2457 2458 2459 2460 2461 2462
parm u -1.1329066780328789 -1.1329066780328789 -1.1329066780328789 -1.1329066780328789 -0.8498851092193036 -0.8498851092193036 -0.8498851092193036 -0.56660091783179056 -0.56660091783179056 -0.56660091783179056 -0.28360457833806862 -0.28360457833806862 -0.28360457833806862 -0 -0 -0 -0
end
vp -15.847496314999999 -77.597355248
vp -20.351011058000001 -77.597355248
cstype bspline
deg 1
curv2 2463 2464
parm u -4.5035147430000002 -4.5035147430000002 -0 -0
end
vp -20.351011058000001 -77.597355248
vp -20.351011058000001 -82.034142865000007
cstype bspline
deg 1
curv2 2465 2466
parm u -4.4367876170000002 -4.4367876170000002 -0 -0
end
vp -20.351011058000001 -82.034142865000007
vp -14.951011057999999 -82.034142865000007
cstype bspline
deg 1
curv2 2467 2468
parm u -5.3999999999999995 -5.3999999999999995 -0 -0
end
v 75.924904589451188 -0.5401199999999946 -121.38914573027776
v 75.924904589451188 5.9401200000000056 -121.38914573027776
v 81.249289729851213 -0.5401199999999946 -121.38914573027776
v 81.249289729851213 5.9401200000000056 -121.38914573027776
cstype bspline
deg 1 1
surf -20.891131057999999 -14.410891057999999 -82.477941626700016 -77.153556486299991 1273 1274 1275 1276
parm u -20.891131057999999 -20.891131057999999 -14.410891057999999 -14.410891057999999
parm v -82.477941626700016 -82.477941626700016 -77.153556486299991 -77.153556486299991
trim -0.62002052300000088 -0 782 -3.1451962256467825 -0 783 -0.81672470299999844 -0 784 -0.19999999999999973 -0 785 -1.1329066780328789 -0 786 -4.5035147430000002 -0 787 -4.4367876170000002 -0 788 -5.3999999999999995 -0 789
end
# - trim loop
vp -20.351011058000001 -24.499575896
vp -20.351011058000001 -28.099999999999998
cstype bspline
deg 1
curv2 2469 2470
parm u -3.6004241039999982 -3.6004241039999982 -0 -0
end
vp -20.351011058000001 -28.099999999999998
vp -15.847496314999999 -28.099999999999998
cstype bspline
deg 1
curv2 2471 2472
parm u -4.5035147430000002 -4.5035147430000002 -0 -0
end
vp -15.847496314999999 -28.099999999999998
vp 0 -28.099999999999998
cstype bspline
deg 1
curv2 2473 2474
parm u -15.847496314999999 -15.847496314999999 -0 -0
end
vp 0 -28.099999999999998
vp 0 -24.499575896
cstype bspline
deg 1
curv2 2475 2476
parm u -3.6004241039999982 -3.6004241039999982 -0 -0
end
vp 0 -24.499575896
vp -20.351011058000001 -24.499575896
cstype bspline
deg 1
curv2 2477 2478
parm u -20.351011058000001 -20.351011058000001 -0 -0
end
v 80.805490968151204 -2.035221105799998 -121.02898331987775
v 80.805490968151204 22.386232163800003 -121.02898331987775
v 80.805490968151204 -2.035221105799998 -125.34973224467775
v 80.805490968151204 22.386232163800003 -125.34973224467775
cstype bspline
deg 1 1
surf -22.386232163800003 2.0352211057999998 -28.460162410399999 -24.139413485599999 1277 1278 1279 1280
parm u -22.386232163800003 -22.386232163800003 2.0352211057999998 2.0352211057999998
parm v -28.460162410399999 -28.460162410399999 -24.139413485599999 -24.139413485599999
trim -3.6004241039999982 -0 790 -4.5035147430000002 -0 791 -15.847496314999999 -0 792 -3.6004241039999982 -0 793 -20.351011058000001 -0 794
end
# - trim loop
vp 6.1352815531439191 20.351011057999997
vp 0 20.351011057999997
cstype bspline
deg 1
curv2 2479 2480
parm u 0 0 6.1451977850011055 6.1451977850011055
end
vp 0 20.351011057999997
vp 0 0
cstype bspline
deg 1
curv2 2481 2482
parm u 0 0 20.351011058000001 20.351011058000001
end
vp 0 0
vp 6.1352815531439182 0
cstype bspline
deg 1
curv2 2483 2484
parm u 0 0 6.1451977850011055 6.1451977850011055
end
vp 6.1352815531439182 0
vp 6.1352815531439191 20.351011057999997
cstype bspline
deg 1
curv2 2485 2486
parm u 0 0 20.351011058000001 20.351011058000001
end
v 76.902846216151204 20.351011058000005 -128.88914573027776
v 77.160429563151212 20.351011058000005 -128.88914573027776
v 77.413541311151207 20.351011058000005 -128.86306632127776
v 77.911677808151211 20.351011058000005 -128.76374223627775
v 78.159244355151202 20.351011058000005 -128.68926392027777
v 78.631633201151203 20.351011058000005 -128.49449409027775
v 78.855721147151201 20.351011058000005 -128.37527839827777
v 79.279760438151214 20.351011058000005 -128.09332314327776
v 79.480678454151203 20.351011058000005 -127.92891529427776
v 79.839650647151203 20.351011058000005 -127.56885834927776
v 80.000099299151202 20.351011058000005 -127.37203249227775
v 80.283764539151207 20.351011058000005 -126.94552966627776
v 80.404738377151205 20.351011058000005 -126.71846248727775
v 80.600169567151198 20.351011058000005 -126.24958816527776
v 80.676112275151212 20.351011058000005 -126.00457079727775
v 80.778995118417583 20.351011058000005 -125.50148176597519
v 80.805490933425602 20.351011058000005 -125.24705596664279
v 80.805490987151202 20.351011058000005 -124.98956983427776
v 76.902846216151204 0 -128.88914573027776
v 77.160429563151212 0 -128.88914573027776
v 77.413541311151207 0 -128.86306632127776
v 77.911677808151211 0 -128.76374223627775
v 78.159244355151202 0 -128.68926392027777
v 78.631633201151203 0 -128.49449409027775
v 78.855721147151201 0 -128.37527839827777
v 79.279760438151214 0 -128.09332314327776
v 79.480678454151203 0 -127.92891529427776
v 79.839650647151203 0 -127.56885834927776
v 80.000099299151202 0 -127.37203249227775
v 80.283764539151207 0 -126.94552966627776
v 80.404738377151205 0 -126.71846248727775
v 80.600169567151198 0 -126.24958816527776
v 80.676112275151212 0 -126.00457079727775
v 80.778995118417583 0 -125.50148176597519
v 80.805490933425602 0 -125.24705596664279
v 80.805490987151202 0 -124.98956983427776
cstype bspline
deg 3 1
surf 0 6.1352815531439191 0 20.351011058000001 1281 1282 1283 1284 1285 1286 1287 1288 1289 1290 1291 1292 1293 1294 1295 1296 1297 1298 1299 1300 1301 1302 1303 1304 1305 1306 1307 1308 1309 1310 1311 1312 1313 1314 1315 1316
parm u 0 0 0 0 0.76691019364658097 0.76691019364658097 1.5338203872931619 1.5338203872931619 2.3007305809397431 2.3007305809397431 3.0676407745863239 3.0676407745863239 3.8345509682329046 3.8345509682329046 4.6014611618794863 4.6014611618794863 5.368371355526067 5.368371355526067 6.1352815531439191 6.1352815531439191 6.1352815531439191 6.1352815531439191
parm v 0 0 20.351011058000001 20.351011058000001
trim 0 6.1451977850011055 795 0 20.351011058000001 796 0 6.1451977850011055 797 0 20.351011058000001 798
end
# - trim loop
vp 20.351011058000001 -42.600000000000001
vp 20.351011058000001 -39
cstype bspline
deg 1
curv2 2487 2488
parm u -3.6000000000000014 -3.6000000000000014 -0 -0
end
vp 20.351011058000001 -39
vp 0 -39
cstype bspline
deg 1
curv2 2489 2490
parm u -20.351011058000001 -20.351011058000001 -0 -0
end
vp 0 -39
vp 0 -42.600000000000001
cstype bspline
deg 1
curv2 2491 2492
parm u -3.6000000000000014 -3.6000000000000014 -0 -0
end
vp 0 -42.600000000000001
vp 16.951011057999999 -42.600000000000001
cstype bspline
deg 1
curv2 2493 2494
parm u -16.951011057999999 -16.951011057999999 -0 -0
end
vp 16.951011057999999 -42.600000000000001
vp 20.351011058000001 -42.600000000000001
cstype bspline
deg 1
curv2 2495 2496
parm u -3.3999999999999999 -3.3999999999999999 -0 -0
end
v 72.9427262161512 22.386232163800003 -128.88914573027776
v 72.9427262161512 -2.035221105799998 -128.88914573027776
v 77.262966216151199 22.386232163800003 -128.88914573027776
v 77.262966216151199 -2.035221105799998 -128.88914573027776
cstype bspline
deg 1 1
surf -2.0352211057999998 22.386232163800003 -42.960120000000003 -38.639879999999998 1317 1318 1319 1320
parm u -2.0352211057999998 -2.0352211057999998 22.386232163800003 22.386232163800003
parm v -42.960120000000003 -42.960120000000003 -38.639879999999998 -38.639879999999998
trim -3.6000000000000014 -0 799 -20.351011058000001 -0 800 -3.6000000000000014 -0 801 -16.951011057999999 -0 802 -3.3999999999999999 -0 803
end
# - trim loop
vp -20.351011058000001 -25.034142866
vp -16.951011057999999 -25.034142866
cstype bspline
deg 1
curv2 2497 2498
parm u 0 0 3.3999999999999999 3.3999999999999999
end
vp -16.951011057999999 -25.034142866
vp -16.951011057999999 -20.599999999999998
cstype bspline
deg 1
curv2 2499 2500
parm u 0 0 4.434142866000002 4.434142866000002
end
vp -16.951011057999999 -20.599999999999998
vp -20.351011058000001 -20.599999999999998
cstype bspline
deg 1
curv2 2501 2502
parm u 0 0 3.3999999999999999 3.3999999999999999
end
vp -20.351011058000001 -20.599999999999998
vp -20.351011058000001 -25.034142866
cstype bspline
deg 1
curv2 2503 2504
parm u 0 0 4.434142866000002 4.434142866000002
end
v 73.30284621615121 -0.34011999999999531 -124.01146857767776
v 73.30284621615121 3.7401200000000046 -124.01146857767776
v 73.30284621615121 -0.34011999999999531 -129.33268001687776
v 73.30284621615121 3.7401200000000046 -129.33268001687776
cstype bspline
deg 1 1
surf -20.691131058 -16.610891058 -25.477677152599998 -20.156465713399999 1321 1322 1323 1324
parm u -20.691131058 -20.691131058 -16.610891058 -16.610891058
parm v -25.477677152599998 -25.477677152599998 -20.156465713399999 -20.156465713399999
trim 0 3.3999999999999999 804 0 4.434142866000002 805 0 3.3999999999999999 806 0 4.434142866000002 807
end
# - trim loop
vp 6.2831853071795862 22.386232163800003
vp 4.7123889803846897 22.386232163800003
cstype bspline
deg 1
curv2 2505 2506
parm u -2.1205750411731126 -2.1205750411731126 0 0
end
vp 4.7123889803846897 22.386232163800003
vp 1.5707963267948966 22.386232163800003
cstype bspline
deg 1
curv2 2507 2508
parm u -4.2411500823462251 -4.2411500823462251 0 0
end
vp 1.5707963267948966 22.386232163800003
vp 0 22.386232163800003
cstype bspline
deg 1
curv2 2509 2510
parm u -4.2411500823462251 -4.2411500823462251 -2.1205750411731126 -2.1205750411731126
end
vp 0 22.386232163800003
vp 0 2.0352211058000025
cstype bspline
deg 1
curv2 2511 2512
parm u 2.0352211057999989 2.0352211057999989 22.386232163799999 22.386232163799999
end
vp 0 2.0352211058000025
vp 1.5707963267948966 2.035221105800002
cstype bspline
deg 1
curv2 2513 2514
parm u -2.1205750411731126 -2.1205750411731126 0 0
end
vp 1.5707963267948966 2.035221105800002
vp 4.7123889803846897 2.035221105800002
cstype bspline
deg 1
curv2 2515 2516
parm u -4.2411500823462251 -4.2411500823462251 0 0
end
vp 4.7123889803846897 2.035221105800002
vp 6.2831853071795862 2.035221105800002
cstype bspline
deg 1
curv2 2517 2518
parm u -4.2411500823462251 -4.2411500823462251 -2.1205750411731126 -2.1205750411731126
end
vp 6.2831853071795862 2.035221105800002
vp 6.2831853071795862 22.386232163800003
cstype bspline
deg 1
curv2 2519 2520
parm u 2.0352211058000025 2.0352211058000025 22.386232163800003 22.386232163800003
end
v 78.252846216151198 22.386232163800006 -124.98914573027776 1
v 78.252846216151198 22.386232163800006 -123.63914573027776 0.70710678118654757
v 76.902846216151204 22.386232163800006 -123.63914573027776 1
v 75.55284621615121 22.386232163800006 -123.63914573027776 0.70710678118654757
v 75.55284621615121 22.386232163800006 -124.98914573027776 1
v 75.55284621615121 22.386232163800006 -126.33914573027775 0.70710678118654757
v 76.902846216151204 22.386232163800006 -126.33914573027775 1
v 78.252846216151198 22.386232163800006 -126.33914573027775 0.70710678118654757
v 78.252846216151198 22.386232163800006 -124.98914573027776 1
v 78.252846216151198 -2.035221105799998 -124.98914573027776 1
v 78.252846216151198 -2.035221105799998 -123.63914573027776 0.70710678118654757
v 76.902846216151204 -2.035221105799998 -123.63914573027776 1
v 75.55284621615121 -2.035221105799998 -123.63914573027776 0.70710678118654757
v 75.55284621615121 -2.035221105799998 -124.98914573027776 1
v 75.55284621615121 -2.035221105799998 -126.33914573027775 0.70710678118654757
v 76.902846216151204 -2.035221105799998 -126.33914573027775 1
v 78.252846216151198 -2.035221105799998 -126.33914573027775 0.70710678118654757
v 78.252846216151198 -2.035221105799998 -124.98914573027776 1
cstype rat bspline
deg 2 1
surf 0 6.2831853071795862 0 24.421453269600004 1325 1326 1327 1328 1329 1330 1331 1332 1333 1334 1335 1336 1337 1338 1339 1340 1341 1342
parm u 0 0 0 1.5707963267948966 1.5707963267948966 3.1415926535897931 3.1415926535897931 4.7123889803846897 4.7123889803846897 6.2831853071795862 6.2831853071795862 6.2831853071795862
parm v 0 0 24.421453269600004 24.421453269600004
trim -2.1205750411731126 0 808 -4.2411500823462251 0 809 -4.2411500823462251 -2.1205750411731126 810 2.0352211057999989 22.386232163799999 811 -2.1205750411731126 0 812 -4.2411500823462251 0 813 -4.2411500823462251 -2.1205750411731126 814 2.0352211058000025 22.386232163800003 815
end
# - trim loop
vp 25.034142866 -42.600000000000001 1
vp 28.100000001000005 -42.599999999999994 0.70710678107122749
vp 28.099999999999998 -39.534142865 1
cstype rat bspline
deg 2
curv2 2521 2522 2523
parm u -4.8158371255651291 -4.8158371255651291 -4.8158371255651291 0 0 0
end
vp 28.099999999999998 -39.534142865
vp 28.099999999999998 -35.097355248
cstype bspline
deg 1
curv2 2524 2525
parm u -4.4367876170000002 -4.4367876170000002 -0 -0
end
vp 28.099999999999998 -35.097355248
vp 24.499575896 -35.097355248
cstype bspline
deg 1
curv2 2526 2527
parm u -3.6004241039999982 -3.6004241039999982 -0 -0
end
vp 24.499575896 -35.097355248
vp 24.117226301199558 -35.097355319694103
vp 23.736119458261637 -35.175292529253568
vp 23.361249721596188 -35.251954236588638
vp 23.005120412852506 -35.400392252845542
vp 22.649663413110225 -35.548550044103855
vp 22.330364658326545 -35.760914304320778
vp 22.009294193538508 -35.974456922533371
vp 21.740258914746512 -36.242681670741987
vp 21.468820809947442 -36.513302005943551
vp 21.254844964157567 -36.835105428154293
vp 21.043267202376541 -37.153302311373892
vp 20.897266727639195 -37.507407440637124
vp 20.75124590090175 -37.861561929900247
vp 20.67574145223205 -38.240236658231076
vp 20.600000000560243 -38.620100019559807
vp 20.599999999999998 -39
cstype bspline
deg 2
curv2 2528 2529 2530 2531 2532 2533 2534 2535 2536 2537 2538 2539 2540 2541 2542 2543 2544
parm u -6.1451977850011055 -6.1451977850011055 -6.1451977850011055 -5.3738538015932829 -5.3738538015932829 -4.6053993108888385 -4.6053993108888385 -3.8368300417578549 -3.8368300417578549 -3.0713302657709391 -3.0713302657709391 -2.301587274376772 -2.301587274376772 -1.5364460092752725 -1.5364460092752725 -0.76724083909225227 -0.76724083909225227 -0 -0 -0
end
vp 20.599999999999998 -39
vp 20.599999999999998 -42.600000000000001
cstype bspline
deg 1
curv2 2545 2546
parm u -3.6000000000000014 -3.6000000000000014 -0 -0
end
vp 20.599999999999998 -42.600000000000001
vp 25.034142866 -42.600000000000001
cstype bspline
deg 1
curv2 2547 2548
parm u -4.434142866000002 -4.434142866000002 -0 -0
end
# - hole loop
vp 25.850000000000001 -39 1
vp 25.849999999999998 -40.350000000000001 0.70710678118654757
vp 24.5 -40.350000000000001 1
vp 23.149999999999999 -40.350000000000001 0.70710678118654757
vp 23.149999999999999 -39 1
cstype rat bspline
deg 2
curv2 2549 2550 2551 2552 2553
parm u -4.2411500823462251 -4.2411500823462251 -4.2411500823462251 -2.1205750411731126 -2.1205750411731126 0 0 0
end
vp 23.149999999999999 -39 1
vp 23.149999999999999 -37.649999999999999 0.70710678118654757
vp 24.5 -37.649999999999999 1
cstype rat bspline
deg 2
curv2 2554 2555 2556
parm u -4.2411500823462251 -4.2411500823462251 -4.2411500823462251 -2.1205750411731126 -2.1205750411731126 -2.1205750411731126
end
vp 24.5 -37.649999999999999 1
vp 25.849999999999998 -37.649999999999999 0.70710678118654757
vp 25.850000000000001 -39 1
cstype rat bspline
deg 2
curv2 2557 2558 2559
parm u -2.1205750411731126 -2.1205750411731126 -2.1205750411731126 0 0 0
end
v 72.552461740951202 0 -129.63926573037776
v 72.552461740951202 0 -120.63902572917775
v 81.555875443351212 0 -129.63926573037776
v 81.555875443351212 0 -120.63902572917775
cstype bspline
deg 1 1
surf 19.849879999899997 28.850120001100002 -43.350384475200002 -34.346970772799992 1343 1344 1345 1346
parm u 19.849879999899997 19.849879999899997 28.850120001100002 28.850120001100002
parm v -43.350384475200002 -43.350384475200002 -34.346970772799992 -34.346970772799992
trim -4.8158371255651291 0 816 -4.4367876170000002 -0 817 -3.6004241039999982 -0 818 -6.1451977850011055 -0 819 -3.6000000000000014 -0 820 -4.434142866000002 -0 821
hole -4.2411500823462251 0 822 -4.2411500823462251 -2.1205750411731126 823 -2.1205750411731126 0 824
end
# - trim loop
vp -20.351011058000001 -40.281764310999996
vp -16.951011057999999 -40.281764310999996
cstype bspline
deg 1
curv2 2560 2561
parm u 0 0 3.3999999999999999 3.3999999999999999
end
vp -16.951011057999999 -40.281764310999996
vp -16.951011057999999 -35.844976693999996
cstype bspline
deg 1
curv2 2562 2563
parm u 0 0 4.4367876170000002 4.4367876170000002
end
vp -16.951011057999999 -35.844976693999996
vp -20.351011058000001 -35.844976693999996
cstype bspline
deg 1
curv2 2564 2565
parm u 0 0 3.3999999999999999 3.3999999999999999
end
vp -20.351011058000001 -35.844976693999996
vp -20.351011058000001 -40.281764310999996
cstype bspline
deg 1
curv2 2566 2567
parm u 0 0 4.4367876170000002 4.4367876170000002
end
v 75.924904589451202 -0.34011999999999531 -177.61327900127776
v 75.924904589451202 3.7401200000000046 -177.61327900127776
v 81.249289729851199 -0.34011999999999531 -177.61327900127776
v 81.249289729851199 3.7401200000000046 -177.61327900127776
cstype bspline
deg 1 1
surf -20.691131058 -16.610891058 -40.725563072699998 -35.401177932299994 1347 1348 1349 1350
parm u -20.691131058 -20.691131058 -16.610891058 -16.610891058
parm v -40.725563072699998 -40.725563072699998 -35.401177932299994 -35.401177932299994
trim 0 3.3999999999999999 825 0 4.4367876170000002 826 0 3.3999999999999999 827 0 4.4367876170000002 828
end
# - trim loop
vp 1.5707963267948966 3.7401199999999988
vp 1.5707963267948966 0.34011999999999926
cstype bspline
deg 1
curv2 2568 2569
parm u 0 0 3.3999999999999999 3.3999999999999999
end
vp 1.5707963267948966 0.34011999999999926
vp 3.1415926535897931 0.34011999999999926
cstype bspline
deg 1
curv2 2570 2571
parm u 0 0 4.8158371255651291 4.8158371255651291
end
vp 3.1415926535897931 0.34011999999999926
vp 3.1415926535897931 3.7401199999999988
cstype bspline
deg 1
curv2 2572 2573
parm u 0 0 3.3999999999999999 3.3999999999999999
end
vp 3.1415926535897931 3.7401199999999988
vp 1.5707963267948966 3.7401199999999988
cstype bspline
deg 1
curv2 2574 2575
parm u 0 0 4.8158371255651291 4.8158371255651291
end
v 76.368703351151197 3.7401200000000046 -171.48156473227775 1
v 73.302846216151181 3.7401200000000046 -171.48156473227775 0.70710678118654757
v 73.302846216151181 3.7401200000000046 -174.54742186727776 1
v 73.302846216151181 3.7401200000000046 -177.61327900227778 0.70710678118654757
v 76.368703351151197 3.7401200000000046 -177.61327900227778 1
v 79.434560486151213 3.7401200000000046 -177.61327900227778 0.70710678118654757
v 79.434560486151213 3.7401200000000046 -174.54742186727776 1
v 79.434560486151213 3.7401200000000046 -171.48156473227775 0.70710678118654757
v 76.368703351151197 3.7401200000000046 -171.48156473227775 1
v 76.368703351151197 -0.34011999999999531 -171.48156473227775 1
v 73.302846216151181 -0.34011999999999531 -171.48156473227775 0.70710678118654757
v 73.302846216151181 -0.34011999999999531 -174.54742186727776 1
v 73.302846216151181 -0.34011999999999531 -177.61327900227778 0.70710678118654757
v 76.368703351151197 -0.34011999999999531 -177.61327900227778 1
v 79.434560486151213 -0.34011999999999531 -177.61327900227778 0.70710678118654757
v 79.434560486151213 -0.34011999999999531 -174.54742186727776 1
v 79.434560486151213 -0.34011999999999531 -171.48156473227775 0.70710678118654757
v 76.368703351151197 -0.34011999999999531 -171.48156473227775 1
cstype rat bspline
deg 2 1
surf 0 6.2831853071795862 0 4.0802399999999999 1351 1352 1353 1354 1355 1356 1357 1358 1359 1360 1361 1362 1363 1364 1365 1366 1367 1368
parm u 0 0 0 1.5707963267948966 1.5707963267948966 3.1415926535897931 3.1415926535897931 4.7123889803846897 4.7123889803846897 6.2831853071795862 6.2831853071795862 6.2831853071795862
parm v 0 0 4.0802399999999999 4.0802399999999999
trim 0 3.3999999999999999 829 0 4.8158371255651291 830 0 3.3999999999999999 831 0 4.8158371255651291 832
end
# - trim loop
vp -20.351011058000001 20.600000000000001
vp -16.951011057999999 20.600000000000001
cstype bspline
deg 1
curv2 2576 2577
parm u 0 0 3.3999999999999999 3.3999999999999999
end
vp -16.951011057999999 20.600000000000001
vp -16.951011057999999 25.058276137
cstype bspline
deg 1
curv2 2578 2579
parm u 0 0 4.4582761369999986 4.4582761369999986
end
vp -16.951011057999999 25.058276137
vp -20.351011058000001 25.058276137
cstype bspline
deg 1
curv2 2580 2581
parm u 0 0 3.3999999999999999 3.3999999999999999
end
vp -20.351011058000001 25.058276137
vp -20.351011058000001 20.600000000000001
cstype bspline
deg 1
curv2 2582 2583
parm u 0 0 4.4582761369999986 4.4582761369999986
end
v 73.30284621615121 -0.34011999999999531 -169.64319811657776
v 73.30284621615121 3.7401200000000046 -169.64319811657776
v 73.30284621615121 -0.34011999999999531 -174.99336948097775
v 73.30284621615121 3.7401200000000046 -174.99336948097775
cstype bspline
deg 1 1
surf -20.691131058 -16.610891058 20.154052386300002 25.5042237507 1369 1370 1371 1372
parm u -20.691131058 -20.691131058 -16.610891058 -16.610891058
parm v 20.154052386300002 20.154052386300002 25.5042237507 25.5042237507
trim 0 3.3999999999999999 833 0 4.4582761369999986 834 0 3.3999999999999999 835 0 4.4582761369999986 836
end
# - trim loop
vp 20.351011058000001 -42.600000000000001
vp 20.351011058000001 -39
cstype bspline
deg 1
curv2 2584 2585
parm u 0 0 3.6000000000000014 3.6000000000000014
end
vp 20.351011058000001 -39
vp 0 -39
cstype bspline
deg 1
curv2 2586 2587
parm u 0 0 20.351011058000001 20.351011058000001
end
vp 0 -39
vp 0 -42.600000000000001
cstype bspline
deg 1
curv2 2588 2589
parm u 0 0 3.6000000000000014 3.6000000000000014
end
vp 0 -42.600000000000001
vp 16.951011057999999 -42.600000000000001
cstype bspline
deg 1
curv2 2590 2591
parm u 0 0 16.951011057999999 16.951011057999999
end
vp 16.951011057999999 -42.600000000000001
vp 20.351011058000001 -42.600000000000001
cstype bspline
deg 1
curv2 2592 2593
parm u 0 0 3.3999999999999999 3.3999999999999999
end
v 72.9427262161512 22.386232163800003 -170.08914573027775
v 72.9427262161512 -2.035221105799998 -170.08914573027775
v 77.262966216151199 22.386232163800003 -170.08914573027775
v 77.262966216151199 -2.035221105799998 -170.08914573027775
cstype bspline
deg 1 1
surf -2.0352211057999998 22.386232163800003 -42.960120000000003 -38.639879999999998 1373 1374 1375 1376
parm u -2.0352211057999998 -2.0352211057999998 22.386232163800003 22.386232163800003
parm v -42.960120000000003 -42.960120000000003 -38.639879999999998 -38.639879999999998
trim 0 3.6000000000000014 837 0 20.351011058000001 838 0 3.6000000000000014 839 0 16.951011057999999 840 0 3.3999999999999999 841
end
# - trim loop
vp 6.1359402822016822 20.351011057999997
vp -0.00014598855205228328 20.351011058000001
cstype bspline
deg 1
curv2 2594 2595
parm u 0 0 6.1459323185265848 6.1459323185265848
end
vp -0.00014598855205228328 20.351011058000001
vp -0.00012165737526474262 13.567340705333338
vp -9.7326156881065657E-05 6.7836703526666664
vp -7.2994896905412691E-05 0
cstype bspline
deg 3
curv2 2596 2597 2598 2599
parm u 0 0 0 0 20.351011058132965 20.351011058132965 20.351011058132965 20.351011058132965
end
vp -7.2994896905412691E-05 0
vp 6.1359402822016813 0
cstype bspline
deg 1
curv2 2600 2601
parm u 0 0 6.145895536333847 6.145895536333847
end
vp 6.1359402822016813 0
vp 6.1359402822016822 20.351011057999997
cstype bspline
deg 1
curv2 2602 2603
parm u 0 0 20.351011058000001 20.351011058000001
end
v 80.805490984238659 20.351011058000005 -173.98971696727821
v 80.805501134428425 20.351011058000005 -173.73199863527549
v 80.778981797618314 20.351011058000005 -173.47890675329688
v 80.677737316151195 20.351011058000005 -172.98117859727776
v 80.601859012151209 20.351011058000005 -172.73407813027777
v 80.405641837151194 20.351011058000005 -172.26207098827774
v 80.286267972151194 20.351011058000005 -172.03784822327776
v 80.004872723151209 20.351011058000005 -171.61302910427776
v 79.841235435151205 20.351011058000005 -171.41150286727776
v 79.482764462151209 20.351011058000005 -171.05121193527776
v 79.286742484151205 20.351011058000005 -170.89008329127776
v 78.861117473151211 20.351011058000005 -170.60586879027775
v 78.633444526151209 20.351011058000005 -170.48472760127777
v 78.163846187151194 20.351011058000005 -170.29095664627775
v 77.918712932151209 20.351011058000005 -170.21654377727776
v 77.414942919151201 20.351011058000005 -170.11537145827776
v 77.160351429151206 20.351011058000005 -170.08914573027775
v 76.902846216151204 20.351011058000005 -170.08914573027775
v 80.805490984238659 0 -173.98971696727821
v 80.805501134428425 0 -173.73199863527549
v 80.778981797618314 0 -173.47890675329688
v 80.677737316151195 0 -172.98117859727776
v 80.601859012151209 0 -172.73407813027777
v 80.405641837151194 0 -172.26207098827774
v 80.286267972151194 0 -172.03784822327776
v 80.004872723151209 0 -171.61302910427776
v 79.841235435151205 0 -171.41150286727776
v 79.482764462151209 0 -171.05121193527776
v 79.286742484151205 0 -170.89008329127776
v 78.861117473151211 0 -170.60586879027775
v 78.633444526151209 0 -170.48472760127777
v 78.163846187151194 0 -170.29095664627775
v 77.918712932151209 0 -170.21654377727776
v 77.414942919151201 0 -170.11537145827776
v 77.160351429151206 0 -170.08914573027775
v 76.902846216151204 0 -170.08914573027775
cstype bspline
deg 3 1
surf -0.00014598855205228328 6.1359402822016822 0 20.351011058000001 1377 1378 1379 1380 1381 1382 1383 1384 1385 1386 1387 1388 1389 1390 1391 1392 1393 1394 1395 1396 1397 1398 1399 1400 1401 1402 1403 1404 1405 1406 1407 1408 1409 1410 1411 1412
parm u -0.00014598855205228328 -0.00014598855205228328 -0.00014598855205228328 -0.00014598855205228328 0.76699253527520916 0.76699253527520916 1.5339850705504183 1.5339850705504183 2.3009776058256275 2.3009776058256275 3.0679701411008367 3.0679701411008367 3.8349626763760458 3.8349626763760458 4.601955211651255 4.601955211651255 5.3689477469264641 5.3689477469264641 6.1359402822016822 6.1359402822016822 6.1359402822016822 6.1359402822016822
parm v 0 0 20.351011058000001 20.351011058000001
trim 0 6.1459323185265848 842 0 20.351011058132965 843 0 6.145895536333847 844 0 20.351011058000001 845
end
# - trim loop
vp 6.2831853071795862 22.386232163800003
vp 4.7123889803846897 22.386232163800003
cstype bspline
deg 1
curv2 2604 2605
parm u -2.1205750411731126 -2.1205750411731126 0 0
end
vp 4.7123889803846897 22.386232163800003
vp 1.5707963267948966 22.386232163800003
cstype bspline
deg 1
curv2 2606 2607
parm u -4.2411500823462251 -4.2411500823462251 0 0
end
vp 1.5707963267948966 22.386232163800003
vp 0 22.386232163800003
cstype bspline
deg 1
curv2 2608 2609
parm u -4.2411500823462251 -4.2411500823462251 -2.1205750411731126 -2.1205750411731126
end
vp 0 22.386232163800003
vp 0 2.0352211058000025
cstype bspline
deg 1
curv2 2610 2611
parm u 2.0352211057999989 2.0352211057999989 22.386232163799999 22.386232163799999
end
vp 0 2.0352211058000025
vp 1.5707963267948966 2.035221105800002
cstype bspline
deg 1
curv2 2612 2613
parm u -2.1205750411731126 -2.1205750411731126 0 0
end
vp 1.5707963267948966 2.035221105800002
vp 4.7123889803846897 2.035221105800002
cstype bspline
deg 1
curv2 2614 2615
parm u -4.2411500823462251 -4.2411500823462251 0 0
end
vp 4.7123889803846897 2.035221105800002
vp 6.2831853071795862 2.035221105800002
cstype bspline
deg 1
curv2 2616 2617
parm u -4.2411500823462251 -4.2411500823462251 -2.1205750411731126 -2.1205750411731126
end
vp 6.2831853071795862 2.035221105800002
vp 6.2831853071795862 22.386232163800003
cstype bspline
deg 1
curv2 2618 2619
parm u 2.0352211058000025 2.0352211058000025 22.386232163800003 22.386232163800003
end
v 78.252846216151198 22.386232163800006 -173.98914573027776 1
v 78.252846216151198 22.386232163800006 -172.63914573027776 0.70710678118654757
v 76.902846216151204 22.386232163800006 -172.63914573027776 1
v 75.55284621615121 22.386232163800006 -172.63914573027776 0.70710678118654757
v 75.55284621615121 22.386232163800006 -173.98914573027776 1
v 75.55284621615121 22.386232163800006 -175.33914573027775 0.70710678118654757
v 76.902846216151204 22.386232163800006 -175.33914573027775 1
v 78.252846216151198 22.386232163800006 -175.33914573027775 0.70710678118654757
v 78.252846216151198 22.386232163800006 -173.98914573027776 1
v 78.252846216151198 -2.035221105799998 -173.98914573027776 1
v 78.252846216151198 -2.035221105799998 -172.63914573027776 0.70710678118654757
v 76.902846216151204 -2.035221105799998 -172.63914573027776 1
v 75.55284621615121 -2.035221105799998 -172.63914573027776 0.70710678118654757
v 75.55284621615121 -2.035221105799998 -173.98914573027776 1
v 75.55284621615121 -2.035221105799998 -175.33914573027775 0.70710678118654757
v 76.902846216151204 -2.035221105799998 -175.33914573027775 1
v 78.252846216151198 -2.035221105799998 -175.33914573027775 0.70710678118654757
v 78.252846216151198 -2.035221105799998 -173.98914573027776 1
cstype rat bspline
deg 2 1
surf 0 6.2831853071795862 0 24.421453269600004 1413 1414 1415 1416 1417 1418 1419 1420 1421 1422 1423 1424 1425 1426 1427 1428 1429 1430
parm u 0 0 0 1.5707963267948966 1.5707963267948966 3.1415926535897931 3.1415926535897931 4.7123889803846897 4.7123889803846897 6.2831853071795862 6.2831853071795862 6.2831853071795862
parm v 0 0 24.421453269600004 24.421453269600004
trim -2.1205750411731126 0 846 -4.2411500823462251 0 847 -4.2411500823462251 -2.1205750411731126 848 2.0352211057999989 22.386232163799999 849 -2.1205750411731126 0 850 -4.2411500823462251 0 851 -4.2411500823462251 -2.1205750411731126 852 2.0352211058000025 22.386232163800003 853
end
# - trim loop
vp 20.351011058000001 24.500571236999999
vp 20.351011058000001 28.124133271000002
cstype bspline
deg 1
curv2 2620 2621
parm u 0 0 3.6235620340000025 3.6235620340000025
end
vp 20.351011058000001 28.124133271000002
vp 16.951011057999999 28.124133271000002
cstype bspline
deg 1
curv2 2622 2623
parm u 0 0 3.3999999999999999 3.3999999999999999
end
vp 16.951011057999999 28.124133271000002
vp 0 28.124133271000002
cstype bspline
deg 1
curv2 2624 2625
parm u 0 0 16.951011057999999 16.951011057999999
end
vp 0 28.124133271000002
vp 0 24.500497671000002
cstype bspline
deg 1
curv2 2626 2627
parm u 0 0 3.6236356000000001 3.6236356000000001
end
vp 0 24.500497671000002
vp 20.351011058000001 24.500571236999999
cstype bspline
deg 1
curv2 2628 2629
parm u 0 0 20.351011058132965 20.351011058132965
end
v 80.805490968151204 22.386232163800003 -173.62715984127775
v 80.805490968151204 -2.035221105799998 -173.62715984127775
v 80.805490968151204 22.386232163800003 -177.97576256127775
v 80.805490968151204 -2.035221105799998 -177.97576256127775
cstype bspline
deg 1 1
surf -2.0352211057999998 22.386232163800003 24.138014111 28.486616831000003 1431 1432 1433 1434
parm u -2.0352211057999998 -2.0352211057999998 22.386232163800003 22.386232163800003
parm v 24.138014111 24.138014111 28.486616831000003 28.486616831000003
trim 0 3.6235620340000025 854 0 3.3999999999999999 855 0 16.951011057999999 856 0 3.6236356000000001 857 0 20.351011058132965 858
end
# - trim loop
vp -28.124133270999998 -39.534142865 1
vp -28.124133271999998 -42.599999999999994 0.70710678107122749
vp -25.058276137 -42.600000000000001 1
cstype rat bspline
deg 2
curv2 2630 2631 2632
parm u -4.8158371255651291 -4.8158371255651291 -4.8158371255651291 0 0 0
end
vp -25.058276137 -42.600000000000001
vp -20.600000000000001 -42.600000000000001
cstype bspline
deg 1
curv2 2633 2634
parm u -4.4582761369999986 -4.4582761369999986 -0 -0
end
vp -20.600000000000001 -42.600000000000001
vp -20.600000000000001 -39
cstype bspline
deg 1
curv2 2635 2636
parm u -3.6000000000000014 -3.6000000000000014 -0 -0
end
vp -20.600000000000001 -39
vp -20.600003600173935 -38.618493360193249
vp -20.676819821852202 -38.236026219487279
vp -20.752762173230021 -37.857910071507987
vp -20.8987133254005 -37.504217783084897
vp -21.045562505576946 -37.148349250651826
vp -21.258857012336467 -36.828942923646359
vp -21.472014371864457 -36.509741972411135
vp -21.742248480639024 -36.240883056387702
vp -22.013055248190952 -35.971454397135687
vp -22.336339909857443 -35.757322819013027
vp -22.654813406076499 -35.54637797448445
vp -23.008985528682629 -35.399152460488516
vp -23.365650601579571 -35.250890652765086
vp -23.740938985356465 -35.174557163198401
vp -24.120153304695389 -35.097425139169239
vp -24.500571236999999 -35.097355243999999
cstype bspline
deg 2
curv2 2637 2638 2639 2640 2641 2642 2643 2644 2645 2646 2647 2648 2649 2650 2651 2652 2653
parm u -6.1459323185265839 -6.1459323185265839 -6.1459323185265839 -5.3743207625165397 -5.3743207625165397 -4.6060312322055674 -4.6060312322055674 -3.8369777393427187 -3.8369777393427187 -3.071950376196078 -3.071950376196078 -2.3021753447164319 -2.3021753447164319 -1.5366230849779297 -1.5366230849779297 -0.76739707139625735 -0.76739707139625735 -0 -0 -0
end
vp -24.500571236999999 -35.097355243999999
vp -28.124133271000002 -35.097355248
cstype bspline
deg 1
curv2 2654 2655
parm u -3.6235620340000025 -3.6235620340000025 -0 -0
end
vp -28.124133271000002 -35.097355248
vp -28.124133270999998 -39.534142865
cstype bspline
deg 1
curv2 2656 2657
parm u -4.4367876170000002 -4.4367876170000002 -0 -0
end
# - hole loop
vp -25.850000000000001 -39 1
vp -25.849999999999998 -37.649999999999999 0.70710678118654757
vp -24.5 -37.649999999999999 1
cstype rat bspline
deg 2
curv2 2658 2659 2660
parm u -4.2411500823462251 -4.2411500823462251 -4.2411500823462251 -2.1205750411731126 -2.1205750411731126 -2.1205750411731126
end
vp -24.5 -37.649999999999999 1
vp -23.149999999999999 -37.649999999999999 0.70710678118654757
vp -23.149999999999999 -39 1
cstype rat bspline
deg 2
curv2 2661 2662 2663
parm u -2.1205750411731126 -2.1205750411731126 -2.1205750411731126 0 0 0
end
vp -23.149999999999999 -39 1
vp -23.149999999999999 -40.350000000000001 0.70710678118654757
vp -24.5 -40.350000000000001 1
vp -25.849999999999998 -40.350000000000001 0.70710678118654757
vp -25.850000000000001 -39 1
cstype rat bspline
deg 2
curv2 2664 2665 2666 2667 2668
parm u -4.2411500823462251 -4.2411500823462251 -4.2411500823462251 -2.1205750411731126 -2.1205750411731126 0 0 0
end
v 72.552461740551195 0 -178.36581232947776
v 72.552461740551195 0 -169.33661240307777
v 81.555875447751205 0 -178.36581232947776
v 81.555875447751205 0 -169.33661240307777
cstype bspline
deg 1 1
surf -28.876666599199996 -19.847466672800003 -43.350384475600009 -34.346970768399999 1435 1436 1437 1438
parm u -28.876666599199996 -28.876666599199996 -19.847466672800003 -19.847466672800003
parm v -43.350384475600009 -43.350384475600009 -34.346970768399999 -34.346970768399999
trim -4.8158371255651291 0 859 -4.4582761369999986 -0 860 -3.6000000000000014 -0 861 -6.1459323185265839 -0 862 -3.6235620340000025 -0 863 -4.4367876170000002 -0 864
hole -4.2411500823462251 -2.1205750411731126 865 -2.1205750411731126 0 866 -4.2411500823462251 0 867
end
# - trim loop
vp 23.149999999999999 -39 1
vp 23.149999999999999 -40.350000000000001 0.70710678118654757
vp 24.5 -40.350000000000001 1
vp 25.849999999999998 -40.350000000000001 0.70710678118654757
vp 25.850000000000001 -39 1
cstype rat bspline
deg 2
curv2 2669 2670 2671 2672 2673
parm u -4.2411500823462251 -4.2411500823462251 -4.2411500823462251 -2.1205750411731126 -2.1205750411731126 0 0 0
end
vp 25.850000000000001 -39 1
vp 25.849999999999998 -37.649999999999999 0.70710678118654757
vp 24.5 -37.649999999999999 1
cstype rat bspline
deg 2
curv2 2674 2675 2676
parm u -4.2411500823462251 -4.2411500823462251 -4.2411500823462251 -2.1205750411731126 -2.1205750411731126 -2.1205750411731126
end
vp 24.5 -37.649999999999999 1
vp 23.149999999999999 -37.649999999999999 0.70710678118654757
vp 23.149999999999999 -39 1
cstype rat bspline
deg 2
curv2 2677 2678 2679
parm u -2.1205750411731126 -2.1205750411731126 -2.1205750411731126 0 0 0
end
v 75.28272621615119 20.351011058000005 -126.60926573027776
v 75.28272621615119 20.351011058000005 -123.36902573027776
v 78.522966216151218 20.351011058000005 -126.60926573027776
v 78.522966216151218 20.351011058000005 -123.36902573027776
cstype bspline
deg 1 1
surf 22.87988 26.12012 -40.620120000000007 -37.379879999999993 1439 1440 1441 1442
parm u 22.87988 22.87988 26.12012 26.12012
parm v -40.620120000000007 -40.620120000000007 -37.379879999999993 -37.379879999999993
trim -4.2411500823462251 0 868 -4.2411500823462251 -2.1205750411731126 869 -2.1205750411731126 0 870
end
# - trim loop
vp -25.850000000000001 -39 1
vp -25.849999999999998 -40.350000000000001 0.70710678118654757
vp -24.5 -40.350000000000001 1
vp -23.149999999999999 -40.350000000000001 0.70710678118654757
vp -23.149999999999999 -39 1
cstype rat bspline
deg 2
curv2 2680 2681 2682 2683 2684
parm u -4.2411500823462251 -4.2411500823462251 -4.2411500823462251 -2.1205750411731126 -2.1205750411731126 0 0 0
end
vp -23.149999999999999 -39 1
vp -23.149999999999999 -37.649999999999999 0.70710678118654757
vp -24.5 -37.649999999999999 1
cstype rat bspline
deg 2
curv2 2685 2686 2687
parm u -4.2411500823462251 -4.2411500823462251 -4.2411500823462251 -2.1205750411731126 -2.1205750411731126 -2.1205750411731126
end
vp -24.5 -37.649999999999999 1
vp -25.849999999999998 -37.649999999999999 0.70710678118654757
vp -25.850000000000001 -39 1
cstype rat bspline
deg 2
curv2 2688 2689 2690
parm u -2.1205750411731126 -2.1205750411731126 -2.1205750411731126 0 0 0
end
v 75.28272621615119 20.351011058000005 -175.60926573027774
v 75.28272621615119 20.351011058000005 -172.36902573027777
v 78.522966216151218 20.351011058000005 -175.60926573027774
v 78.522966216151218 20.351011058000005 -172.36902573027777
cstype bspline
deg 1 1
surf -26.12012 -22.87988 -40.620120000000007 -37.379879999999993 1443 1444 1445 1446
parm u -26.12012 -26.12012 -22.87988 -22.87988
parm v -40.620120000000007 -40.620120000000007 -37.379879999999993 -37.379879999999993
trim -4.2411500823462251 0 871 -4.2411500823462251 -2.1205750411731126 872 -2.1205750411731126 0 873
end
# - trim loop
vp 20.351011058000001 4.3402102420000013
vp 16.951011057999999 4.3402102420000013
cstype bspline
deg 1
curv2 2691 2692
parm u 0 0 3.3999999999999999 3.3999999999999999
end
vp 16.951011057999999 4.3402102420000013
vp 16.951011057999999 -3.4648601859999992
cstype bspline
deg 1
curv2 2693 2694
parm u 0 0 7.8050704280000005 7.8050704280000005
end
vp 16.951011057999999 -3.4648601859999992
vp 20.351011058000001 -3.4648601859999992
cstype bspline
deg 1
curv2 2695 2696
parm u 0 0 3.3999999999999999 3.3999999999999999
end
vp 20.351011058000001 -3.4648601859999992
vp 20.351011058000001 4.3402102420000013
cstype bspline
deg 1
curv2 2697 2698
parm u 0 0 7.8050704280000005 7.8050704280000005
end
v 130.21957442135121 3.7401200000000046 -121.38914573027776
v 130.21957442135121 -0.34011999999999531 -121.38914573027776
v 139.58589893495119 3.7401200000000046 -121.38914573027776
v 139.58589893495119 -0.34011999999999531 -121.38914573027776
cstype bspline
deg 1 1
surf 16.610891058 20.691131058 -4.2454872287999992 5.1208372848000012 1447 1448 1449 1450
parm u 16.610891058 16.610891058 20.691131058 20.691131058
parm v -4.2454872287999992 -4.2454872287999992 5.1208372848000012 5.1208372848000012
trim 0 3.3999999999999999 874 0 7.8050704280000005 875 0 3.3999999999999999 876 0 7.8050704280000005 877
end
# - trim loop
vp 20.351011058000001 -28.099999999999998
vp 20.351011058000001 -24.539912329
cstype bspline
deg 1
curv2 2699 2700
parm u 0 0 3.560087670999998 3.560087670999998
end
vp 20.351011058000001 -24.539912329
vp 0 -24.539912329
cstype bspline
deg 1
curv2 2701 2702
parm u 0 0 20.351011058000001 20.351011058000001
end
vp 0 -24.539912329
vp 0 -28.099999999999998
cstype bspline
deg 1
curv2 2703 2704
parm u 0 0 3.560087670999998 3.560087670999998
end
vp 0 -28.099999999999998
vp 16.951011057999999 -28.099999999999998
cstype bspline
deg 1
curv2 2705 2706
parm u 0 0 16.951011057999999 16.951011057999999
end
vp 16.951011057999999 -28.099999999999998
vp 20.351011058000001 -28.099999999999998
cstype bspline
deg 1
curv2 2707 2708
parm u 0 0 3.3999999999999999 3.3999999999999999
end
v 138.80527189215121 22.386232163800003 -121.03301696317776
v 138.80527189215121 -2.035221105799998 -121.03301696317776
v 138.80527189215121 22.386232163800003 -125.30536216837775
v 138.80527189215121 -2.035221105799998 -125.30536216837775
cstype bspline
deg 1 1
surf -2.0352211057999998 22.386232163800003 -28.456128767099997 -24.1837835619 1451 1452 1453 1454
parm u -2.0352211057999998 -2.0352211057999998 22.386232163800003 22.386232163800003
parm v -28.456128767099997 -28.456128767099997 -24.1837835619 -24.1837835619
trim 0 3.560087670999998 878 0 20.351011058000001 879 0 3.560087670999998 880 0 16.951011057999999 881 0 3.3999999999999999 882
end
# - trim loop
vp 6.1758207176589259 20.351011057999997
vp 0 20.351011057999997
cstype bspline
deg 1
curv2 2709 2710
parm u 0 0 6.1859421320752226 6.1859421320752226
end
vp 0 20.351011057999997
vp 0 0
cstype bspline
deg 1
curv2 2711 2712
parm u 0 0 20.351011057999997 20.351011057999997
end
vp 0 0
vp 6.1758207176589215 0
cstype bspline
deg 1
curv2 2713 2714
parm u 0 0 6.1859421320752226 6.1859421320752226
end
vp 6.1758207176589215 0
vp 6.1758207176589259 20.351011057999997
cstype bspline
deg 1
curv2 2715 2716
parm u 0 0 20.351011058000001 20.351011058000001
end
v 134.9028462161512 20.351011058000005 -128.88914573027776
v 135.16213396315121 20.351011058000005 -128.88914573027776
v 135.41689173515121 20.351011058000005 -128.86272586027775
v 135.9182146411512 20.351011058000005 -128.76210474027775
v 136.16737831715119 20.351011058000005 -128.68661831127775
v 136.64224084215121 20.351011058000005 -128.48938388827776
v 136.86741804915121 20.351011058000005 -128.36866978127776
v 137.2932870511512 20.351011058000005 -128.08308871027776
v 137.49472698115119 20.351011058000005 -127.91668043827775
v 137.8540245871512 20.351011058000005 -127.55243237027776
v 138.01443200215121 20.351011058000005 -127.35333100727776
v 138.2974627691512 20.351011058000005 -126.92179011827776
v 138.4174105421512 20.351011058000005 -126.69278484827775
v 138.61056271215119 20.351011058000005 -126.21933379727776
v 138.6851174051512 20.351011058000005 -125.97149973627776
v 138.78395607915121 20.351011058000005 -125.46463436427776
v 138.8080862211512 20.351011058000005 -125.20841723227775
v 138.80527189215121 20.351011058000005 -124.94923340127775
v 134.9028462161512 0 -128.88914573027776
v 135.16213396315121 0 -128.88914573027776
v 135.41689173515121 0 -128.86272586027775
v 135.9182146411512 0 -128.76210474027775
v 136.16737831715119 0 -128.68661831127775
v 136.64224084215121 0 -128.48938388827776
v 136.86741804915121 0 -128.36866978127776
v 137.2932870511512 0 -128.08308871027776
v 137.49472698115119 0 -127.91668043827775
v 137.8540245871512 0 -127.55243237027776
v 138.01443200215121 0 -127.35333100727776
v 138.2974627691512 0 -126.92179011827776
v 138.4174105421512 0 -126.69278484827775
v 138.61056271215119 0 -126.21933379727776
v 138.6851174051512 0 -125.97149973627776
v 138.78395607915121 0 -125.46463436427776
v 138.8080862211512 0 -125.20841723227775
v 138.80527189215121 0 -124.94923340127775
cstype bspline
deg 3 1
surf -1.7230097602331293E-15 6.1758207176589259 0 20.351011058000001 1455 1456 1457 1458 1459 1460 1461 1462 1463 1464 1465 1466 1467 1468 1469 1470 1471 1472 1473 1474 1475 1476 1477 1478 1479 1480 1481 1482 1483 1484 1485 1486 1487 1488 1489 1490
parm u -1.7230097602331293E-15 -1.7230097602331293E-15 -1.7230097602331293E-15 -1.7230097602331293E-15 0.77197758970736496 0.77197758970736496 1.5439551794147299 1.5439551794147299 2.315932769122095 2.315932769122095 3.0879103588294599 3.0879103588294599 3.8598879485368247 3.8598879485368247 4.63186553824419 4.63186553824419 5.4038431279515544 5.4038431279515544 6.1758207176589259 6.1758207176589259 6.1758207176589259 6.1758207176589259
parm v 0 0 20.351011058000001 20.351011058000001
trim 0 6.1859421320752226 883 0 20.351011057999997 884 0 6.1859421320752226 885 0 20.351011058000001 886
end
# - trim loop
vp 6.1359395129537475 20.351011057999997
vp 0 20.351011057999997
cstype bspline
deg 1
curv2 2717 2718
parm u 0 0 6.145857994206458 6.145857994206458
end
vp 0 20.351011057999997
vp 0 0
cstype bspline
deg 1
curv2 2719 2720
parm u 0 0 20.351011058000001 20.351011058000001
end
vp 0 0
vp 6.1359395129537475 0
cstype bspline
deg 1
curv2 2721 2722
parm u 0 0 6.1458579942064571 6.1458579942064571
end
vp 6.1359395129537475 0
vp 6.1359395129537475 20.351011057999997
cstype bspline
deg 1
curv2 2723 2724
parm u 0 0 20.351011057999997 20.351011057999997
end
v 131.00020144515119 20.351011058000005 -124.98872239127775
v 131.00020144515119 20.351011058000005 -125.24638988627775
v 131.02672036615121 20.351011058000005 -125.49943276727775
v 131.12795528615121 20.351011058000005 -125.99711347927776
v 131.20383361815121 20.351011058000005 -126.24421390127776
v 131.40005083715121 20.351011058000005 -126.71622095927776
v 131.5194247171512 20.351011058000005 -126.94044368027775
v 131.80081997915121 20.351011058000005 -127.36526270827775
v 131.9644572701512 20.351011058000005 -127.56678890327775
v 132.32292823715119 20.351011058000005 -127.92707975727775
v 132.5189502041512 20.351011058000005 -128.08820836227775
v 132.94457517515121 20.351011058000005 -128.37242279127776
v 133.17224810915121 20.351011058000005 -128.49356395627777
v 133.64184639915121 20.351011058000005 -128.68733486327775
v 133.88697961415122 20.351011058000005 -128.76174771127776
v 134.39074957415122 20.351011058000005 -128.86292000827774
v 134.64534103615119 20.351011058000005 -128.88914573027776
v 134.9028462161512 20.351011058000005 -128.88914573027776
v 131.00020144515119 0 -124.98872239127775
v 131.00020144515119 0 -125.24638988627775
v 131.02672036615121 0 -125.49943276727775
v 131.12795528615121 0 -125.99711347927776
v 131.20383361815121 0 -126.24421390127776
v 131.40005083715121 0 -126.71622095927776
v 131.5194247171512 0 -126.94044368027775
v 131.80081997915121 0 -127.36526270827775
v 131.9644572701512 0 -127.56678890327775
v 132.32292823715119 0 -127.92707975727775
v 132.5189502041512 0 -128.08820836227775
v 132.94457517515121 0 -128.37242279127776
v 133.17224810915121 0 -128.49356395627777
v 133.64184639915121 0 -128.68733486327775
v 133.88697961415122 0 -128.76174771127776
v 134.39074957415122 0 -128.86292000827774
v 134.64534103615119 0 -128.88914573027776
v 134.9028462161512 0 -128.88914573027776
cstype bspline
deg 3 1
surf -2.6952024623756921E-15 6.1359395129537475 0 20.351011058000001 1491 1492 1493 1494 1495 1496 1497 1498 1499 1500 1501 1502 1503 1504 1505 1506 1507 1508 1509 1510 1511 1512 1513 1514 1515 1516 1517 1518 1519 1520 1521 1522 1523 1524 1525 1526
parm u -2.6952024623756921E-15 -2.6952024623756921E-15 -2.6952024623756921E-15 -2.6952024623756921E-15 0.76699243911921799 0.76699243911921799 1.533984878238436 1.533984878238436 2.300977317357654 2.300977317357654 3.067969756476872 3.067969756476872 3.83496219559609 3.83496219559609 4.601954634715308 4.601954634715308 5.3689470738345264 5.3689470738345264 6.1359395129537475 6.1359395129537475 6.1359395129537475 6.1359395129537475
parm v 0 0 20.351011058000001 20.351011058000001
trim 0 6.145857994206458 887 0 20.351011058000001 888 0 6.1458579942064571 889 0 20.351011057999997 890
end
# - trim loop
vp 6.2831853071795862 22.386232163800003
vp 4.7123889803846897 22.386232163800003
cstype bspline
deg 1
curv2 2725 2726
parm u -2.1205750411731126 -2.1205750411731126 0 0
end
vp 4.7123889803846897 22.386232163800003
vp 1.5707963267948966 22.386232163800003
cstype bspline
deg 1
curv2 2727 2728
parm u -4.2411500823462251 -4.2411500823462251 0 0
end
vp 1.5707963267948966 22.386232163800003
vp 0 22.386232163800003
cstype bspline
deg 1
curv2 2729 2730
parm u -4.2411500823462251 -4.2411500823462251 -2.1205750411731126 -2.1205750411731126
end
vp 0 22.386232163800003
vp 0 2.0352211058000025
cstype bspline
deg 1
curv2 2731 2732
parm u 2.0352211057999989 2.0352211057999989 22.386232163799999 22.386232163799999
end
vp 0 2.0352211058000025
vp 1.5707963267948966 2.035221105800002
cstype bspline
deg 1
curv2 2733 2734
parm u -2.1205750411731126 -2.1205750411731126 0 0
end
vp 1.5707963267948966 2.035221105800002
vp 4.7123889803846897 2.035221105800002
cstype bspline
deg 1
curv2 2735 2736
parm u -4.2411500823462251 -4.2411500823462251 0 0
end
vp 4.7123889803846897 2.035221105800002
vp 6.2831853071795862 2.035221105800002
cstype bspline
deg 1
curv2 2737 2738
parm u -4.2411500823462251 -4.2411500823462251 -2.1205750411731126 -2.1205750411731126
end
vp 6.2831853071795862 2.035221105800002
vp 6.2831853071795862 22.386232163800003
cstype bspline
deg 1
curv2 2739 2740
parm u 2.0352211058000025 2.0352211058000025 22.386232163800003 22.386232163800003
end
v 136.2528462161512 22.386232163800006 -124.98914573027776 1
v 136.2528462161512 22.386232163800006 -123.63914573027776 0.70710678118654757
v 134.9028462161512 22.386232163800006 -123.63914573027776 1
v 133.55284621615121 22.386232163800006 -123.63914573027776 0.70710678118654757
v 133.55284621615121 22.386232163800006 -124.98914573027776 1
v 133.55284621615121 22.386232163800006 -126.33914573027775 0.70710678118654757
v 134.9028462161512 22.386232163800006 -126.33914573027775 1
v 136.2528462161512 22.386232163800006 -126.33914573027775 0.70710678118654757
v 136.2528462161512 22.386232163800006 -124.98914573027776 1
v 136.2528462161512 -2.035221105799998 -124.98914573027776 1
v 136.2528462161512 -2.035221105799998 -123.63914573027776 0.70710678118654757
v 134.9028462161512 -2.035221105799998 -123.63914573027776 1
v 133.55284621615121 -2.035221105799998 -123.63914573027776 0.70710678118654757
v 133.55284621615121 -2.035221105799998 -124.98914573027776 1
v 133.55284621615121 -2.035221105799998 -126.33914573027775 0.70710678118654757
v 134.9028462161512 -2.035221105799998 -126.33914573027775 1
v 136.2528462161512 -2.035221105799998 -126.33914573027775 0.70710678118654757
v 136.2528462161512 -2.035221105799998 -124.98914573027776 1
cstype rat bspline
deg 2 1
surf 0 6.2831853071795862 0 24.421453269600004 1527 1528 1529 1530 1531 1532 1533 1534 1535 1536 1537 1538 1539 1540 1541 1542 1543 1544
parm u 0 0 0 1.5707963267948966 1.5707963267948966 3.1415926535897931 3.1415926535897931 4.7123889803846897 4.7123889803846897 6.2831853071795862 6.2831853071795862 6.2831853071795862
parm v 0 0 24.421453269600004 24.421453269600004
trim -2.1205750411731126 0 891 -4.2411500823462251 0 892 -4.2411500823462251 -2.1205750411731126 893 2.0352211057999989 22.386232163799999 894 -2.1205750411731126 0 895 -4.2411500823462251 0 896 -4.2411500823462251 -2.1205750411731126 897 2.0352211058000025 22.386232163800003 898
end
# - trim loop
vp -20.351011058000001 -24.500423339000001
vp -20.351011058000001 -28.099999999999998
cstype bspline
deg 1
curv2 2741 2742
parm u 0 0 3.5995766609999968 3.5995766609999968
end
vp -20.351011058000001 -28.099999999999998
vp -16.951011057999999 -28.099999999999998
cstype bspline
deg 1
curv2 2743 2744
parm u 0 0 3.3999999999999999 3.3999999999999999
end
vp -16.951011057999999 -28.099999999999998
vp 0 -28.099999999999998
cstype bspline
deg 1
curv2 2745 2746
parm u 0 0 16.951011057999999 16.951011057999999
end
vp 0 -28.099999999999998
vp 0 -24.500423339000001
cstype bspline
deg 1
curv2 2747 2748
parm u 0 0 3.5995766609999968 3.5995766609999968
end
vp 0 -24.500423339000001
vp -20.351011058000001 -24.500423339000001
cstype bspline
deg 1
curv2 2749 2750
parm u 0 0 20.351011058000001 20.351011058000001
end
v 131.00020146415119 -2.035221105799998 -121.02906806417775
v 131.00020146415119 22.386232163800003 -121.02906806417775
v 131.00020146415119 -2.035221105799998 -125.34880005737776
v 131.00020146415119 22.386232163800003 -125.34880005737776
cstype bspline
deg 1 1
surf -22.386232163800003 2.0352211057999998 -28.460077666099998 -24.140345672900001 1545 1546 1547 1548
parm u -22.386232163800003 -22.386232163800003 2.0352211057999998 2.0352211057999998
parm v -28.460077666099998 -28.460077666099998 -24.140345672900001 -24.140345672900001
trim 0 3.5995766609999968 899 0 3.3999999999999999 900 0 16.951011057999999 901 0 3.5995766609999968 902 0 20.351011058000001 903
end
# - trim loop
vp 28.099999999999998 22.902425676
vp 24.539912329 22.902425676
cstype bspline
deg 1
curv2 2751 2752
parm u -3.560087670999998 -3.560087670999998 -0 -0
end
vp 24.539912329 22.902425676
vp 24.155243326000001 22.906602577000001
vp 23.771078679999999 22.831690525999999
vp 23.392963077999998 22.757958038999998
vp 23.033086406999999 22.611140411000001
vp 22.674341899999998 22.464784668
vp 22.351585168 22.253101169000001
vp 22.026941122 22.040179855000002
vp 21.754589325999998 21.771529567999998
vp 21.479930337999999 21.500603443999999
vp 21.263266484999999 21.177506334
vp 21.049047602999998 20.858055255
vp 20.901144630000001 20.501963363000002
vp 20.753227636999998 20.145837714999999
vp 20.676730429999999 19.764706971999999
vp 20.599999999999998 19.382414248
vp 20.599999999999998 19
cstype bspline
deg 2
curv2 2753 2754 2755 2756 2757 2758 2759 2760 2761 2762 2763 2764 2765 2766 2767 2768 2769
parm u -6.1859421320752226 -6.1859421320752226 -6.1859421320752226 -5.4098500300953445 -5.4098500300953445 -4.6359396720973756 -4.6359396720973756 -3.8625078931901142 -3.8625078931901142 -3.0917140565908494 -3.0917140565908494 -2.3169001416028241 -2.3169001416028241 -1.5466859023216353 -1.5466859023216353 -0.77233127213632136 -0.77233127213632136 -0 -0 -0
end
vp 20.599999999999998 19
vp 20.599999999999998 18.618489805999999
vp 20.676811870999998 18.236018378000001
vp 20.752749918999999 17.857897997999999
vp 20.898696319999999 17.504201038000001
vp 21.045540721999998 17.148327801000001
vp 21.258830152999998 16.828916474
vp 21.471982438999998 16.509710528999999
vp 21.742211399999999 16.240846538
vp 22.013013009999998 15.97141279
vp 22.336292535999998 15.757276131999999
vp 22.654760970999998 15.546326285999999
vp 23.008928300000001 15.399096011999999
vp 23.365588541999998 15.250829413
vp 23.740872607 15.17449161
vp 24.12008256 15.097355229
vp 24.500423339000001 15.097355229
cstype bspline
deg 2
curv2 2770 2771 2772 2773 2774 2775 2776 2777 2778 2779 2780 2781 2782 2783 2784 2785 2786
parm u -6.1458579942064571 -6.1458579942064571 -6.1458579942064571 -5.3742395373320608 -5.3742395373320608 -4.6059441991346848 -4.6059441991346848 -3.8368868406266263 -3.8368868406266263 -3.0718582118935265 -3.0718582118935265 -2.3020847238580346 -2.3020847238580346 -1.5365365209713238 -1.5365365209713238 -0.76731650140134167 -0.76731650140134167 -0 -0 -0
end
vp 24.500423339000001 15.097355229
vp 28.099999999999998 15.097355248
cstype bspline
deg 1
curv2 2787 2788
parm u -3.5995766609999968 -3.5995766609999968 -0 -0
end
vp 28.099999999999998 15.097355248
vp 28.099999999999998 22.902425676
cstype bspline
deg 1
curv2 2789 2790
parm u -7.8050704280000005 -7.8050704280000005 -0 -0
end
# - hole loop
vp 23.149999999999999 19 1
vp 23.149999999999999 20.349999999999998 0.70710678118654757
vp 24.5 20.350000000000001 1
cstype rat bspline
deg 2
curv2 2791 2792 2793
parm u -4.2411500823462251 -4.2411500823462251 -4.2411500823462251 -2.1205750411731126 -2.1205750411731126 -2.1205750411731126
end
vp 24.5 20.350000000000001 1
vp 25.849999999999998 20.349999999999998 0.70710678118654757
vp 25.850000000000001 19 1
cstype rat bspline
deg 2
curv2 2794 2795 2796
parm u -2.1205750411731126 -2.1205750411731126 -2.1205750411731126 0 0 0
end
vp 25.850000000000001 19 1
vp 25.849999999999998 17.649999999999999 0.70710678118654757
vp 24.5 17.649999999999999 1
vp 23.149999999999999 17.649999999999999 0.70710678118654757
vp 23.149999999999999 19 1
cstype rat bspline
deg 2
curv2 2797 2798 2799 2800 2801
parm u -4.2411500823462251 -4.2411500823462251 -4.2411500823462251 -2.1205750411731126 -2.1205750411731126 0 0 0
end
v 130.2191567103512 0 -129.63926573027777
v 130.2191567103512 0 -120.63902573027775
v 139.5904935279512 0 -129.63926573027777
v 139.5904935279512 0 -120.63902573027775
cstype bspline
deg 1 1
surf 19.849879999999999 28.850119999999997 14.3163104942 23.687647311799999 1549 1550 1551 1552
parm u 19.849879999999999 19.849879999999999 28.850119999999997 28.850119999999997
parm v 14.3163104942 14.3163104942 23.687647311799999 23.687647311799999
trim -3.560087670999998 -0 904 -6.1859421320752226 -0 905 -6.1458579942064571 -0 906 -3.5995766609999968 -0 907 -7.8050704280000005 -0 908
hole -4.2411500823462251 -2.1205750411731126 909 -2.1205750411731126 0 910 -4.2411500823462251 0 911
end
# - trim loop
vp 23.149999999999999 19 1
vp 23.149999999999999 17.649999999999999 0.70710678118654757
vp 24.5 17.649999999999999 1
vp 25.849999999999998 17.649999999999999 0.70710678118654757
vp 25.850000000000001 19 1
cstype rat bspline
deg 2
curv2 2802 2803 2804 2805 2806
parm u -4.2411500823462251 -4.2411500823462251 -4.2411500823462251 -2.1205750411731126 -2.1205750411731126 0 0 0
end
vp 25.850000000000001 19 1
vp 25.849999999999998 20.349999999999998 0.70710678118654757
vp 24.5 20.350000000000001 1
cstype rat bspline
deg 2
curv2 2807 2808 2809
parm u -4.2411500823462251 -4.2411500823462251 -4.2411500823462251 -2.1205750411731126 -2.1205750411731126 -2.1205750411731126
end
vp 24.5 20.350000000000001 1
vp 23.149999999999999 20.349999999999998 0.70710678118654757
vp 23.149999999999999 19 1
cstype rat bspline
deg 2
curv2 2810 2811 2812
parm u -2.1205750411731126 -2.1205750411731126 -2.1205750411731126 0 0 0
end
v 133.28272621615122 20.351011058000005 -126.60926573027776
v 133.28272621615122 20.351011058000005 -123.36902573027776
v 136.52296621615119 20.351011058000005 -126.60926573027776
v 136.52296621615119 20.351011058000005 -123.36902573027776
cstype bspline
deg 1 1
surf 22.87988 26.12012 17.37988 20.62012 1553 1554 1555 1556
parm u 22.87988 22.87988 26.12012 26.12012
parm v 17.37988 17.37988 20.62012 20.62012
trim -4.2411500823462251 0 912 -4.2411500823462251 -2.1205750411731126 913 -2.1205750411731126 0 914
end
# - trim loop
vp 4.0358021200000014 -9.6180831870000034
vp -4.0358021199999996 -9.6180831870000034
cstype bspline
deg 1
curv2 2813 2814
parm u 0 0 8.071604240000001 8.071604240000001
end
vp -4.0358021199999996 -9.6180831870000034
vp -4.0358021199999996 -11.518083187000002
cstype bspline
deg 1
curv2 2815 2816
parm u 0 0 1.8999999999999986 1.8999999999999986
end
vp -4.0358021199999996 -11.518083187000002
vp 4.0358021200000014 -11.518083187000002
cstype bspline
deg 1
curv2 2817 2818
parm u 0 0 8.071604240000001 8.071604240000001
end
vp 4.0358021200000014 -11.518083187000002
vp 4.0358021200000014 -9.6180831870000034
cstype bspline
deg 1
curv2 2819 2820
parm u 0 0 1.8999999999999986 1.8999999999999986
end
v 71.212726216151196 17.912281971000006 -140.64943663627776
v 71.212726216151196 17.912281971000006 -130.96327154827776
v 73.492966216151203 17.912281971000006 -140.64943663627776
v 73.492966216151203 17.912281971000006 -130.96327154827776
cstype bspline
deg 1 1
surf -4.8430825439999996 4.8430825440000014 -11.708203187000006 -9.4279631869999996 1557 1558 1559 1560
parm u -4.8430825439999996 -4.8430825439999996 4.8430825440000014 4.8430825440000014
parm v -11.708203187000006 -11.708203187000006 -9.4279631869999996 -9.4279631869999996
trim 0 8.071604240000001 915 0 1.8999999999999986 916 0 8.071604240000001 917 0 1.8999999999999986 918
end
# - trim loop
vp 1.5707963267948966 0.19012000000000029
vp 3.1415926535897931 0.19012000000000029
cstype bspline
deg 1
curv2 2821 2822
parm u -1.514558488207423 -1.514558488207423 0 0
end
vp 3.1415926535897931 0.19012000000000029
vp 3.1415926535897931 2.0901199999999989
cstype bspline
deg 1
curv2 2823 2824
parm u -1.8999999999999986 -1.8999999999999986 0 0
end
vp 3.1415926535897931 2.0901199999999989
vp 1.5707963267948966 2.0901199999999989
cstype bspline
deg 1
curv2 2825 2826
parm u -1.514558488207423 -1.514558488207423 0 0
end
vp 1.5707963267948966 2.0901199999999989
vp 1.5707963267948966 0.19012000000000029
cstype bspline
deg 1
curv2 2827 2828
parm u -1.8999999999999986 -1.8999999999999986 0 0
end
v 73.492966216151203 18.876479851000006 -132.73474985227776 1
v 73.492966216151203 17.912281971000006 -132.73474985227776 0.70710678118654757
v 73.492966216151203 17.912281971000006 -131.77055197227776 1
v 73.492966216151203 17.912281971000006 -130.80635409227776 0.70710678118654757
v 73.492966216151203 18.876479851000006 -130.80635409227776 1
v 73.492966216151203 19.840677731000007 -130.80635409227776 0.70710678118654757
v 73.492966216151203 19.840677731000007 -131.77055197227776 1
v 73.492966216151203 19.840677731000007 -132.73474985227776 0.70710678118654757
v 73.492966216151203 18.876479851000006 -132.73474985227776 1
v 71.212726216151196 18.876479851000006 -132.73474985227776 1
v 71.212726216151196 17.912281971000006 -132.73474985227776 0.70710678118654757
v 71.212726216151196 17.912281971000006 -131.77055197227776 1
v 71.212726216151196 17.912281971000006 -130.80635409227776 0.70710678118654757
v 71.212726216151196 18.876479851000006 -130.80635409227776 1
v 71.212726216151196 19.840677731000007 -130.80635409227776 0.70710678118654757
v 71.212726216151196 19.840677731000007 -131.77055197227776 1
v 71.212726216151196 19.840677731000007 -132.73474985227776 0.70710678118654757
v 71.212726216151196 18.876479851000006 -132.73474985227776 1
cstype rat bspline
deg 2 1
surf 0 6.2831853071795862 0 2.2802400000000063 1561 1562 1563 1564 1565 1566 1567 1568 1569 1570 1571 1572 1573 1574 1575 1576 1577 1578
parm u 0 0 0 1.5707963267948966 1.5707963267948966 3.1415926535897931 3.1415926535897931 4.7123889803846897 4.7123889803846897 6.2831853071795862 6.2831853071795862 6.2831853071795862
parm v 0 0 2.2802400000000063 2.2802400000000063
trim -1.514558488207423 0 919 -1.8999999999999986 0 920 -1.514558488207423 0 921 -1.8999999999999986 0 922
end
# - trim loop
vp 9.6180831870000034 0.035802119999999604
vp 9.6180831870000034 -0.035802119999999604
cstype bspline
deg 1
curv2 2829 2830
parm u 0 0 0.071604239999999209 0.071604239999999209
end
vp 9.6180831870000034 -0.035802119999999604
vp 11.518083187000002 -0.035802119999999604
cstype bspline
deg 1
curv2 2831 2832
parm u 0 0 1.8999999999999986 1.8999999999999986
end
vp 11.518083187000002 -0.035802119999999604
vp 11.518083187000002 0.035802119999999604
cstype bspline
deg 1
curv2 2833 2834
parm u 0 0 0.071604239999999209 0.071604239999999209
end
vp 11.518083187000002 0.035802119999999604
vp 9.6180831870000034 0.035802119999999604
cstype bspline
deg 1
curv2 2835 2836
parm u 0 0 1.8999999999999986 1.8999999999999986
end
v 73.492966216151203 18.269199427000007 -130.80635409227776
v 71.212726216151196 18.269199427000007 -130.80635409227776
v 73.492966216151203 19.555364515000004 -130.80635409227776
v 71.212726216151196 19.555364515000004 -130.80635409227776
cstype bspline
deg 1 1
surf 9.4279631869999996 11.708203187000006 -0.6430825439999992 0.6430825439999992 1579 1580 1581 1582
parm u 9.4279631869999996 9.4279631869999996 11.708203187000006 11.708203187000006
parm v -0.6430825439999992 -0.6430825439999992 0.6430825439999992 0.6430825439999992
trim 0 0.071604239999999209 923 0 1.8999999999999986 924 0 0.071604239999999209 925 0 1.8999999999999986 926
end
# - trim loop
vp 3.1415926535897931 0.19012000000000029
vp 4.7123889803846897 0.19012000000000029
cstype bspline
deg 1
curv2 2837 2838
parm u -1.514558488207423 -1.514558488207423 0 0
end
vp 4.7123889803846897 0.19012000000000029
vp 4.7123889803846897 2.0901199999999989
cstype bspline
deg 1
curv2 2839 2840
parm u -1.8999999999999986 -1.8999999999999986 0 0
end
vp 4.7123889803846897 2.0901199999999989
vp 3.1415926535897931 2.0901199999999989
cstype bspline
deg 1
curv2 2841 2842
parm u -1.514558488207423 -1.514558488207423 0 0
end
vp 3.1415926535897931 2.0901199999999989
vp 3.1415926535897931 0.19012000000000029
cstype bspline
deg 1
curv2 2843 2844
parm u -1.8999999999999986 -1.8999999999999986 0 0
end
v 73.492966216151203 18.948084091000005 -132.73474985227776 1
v 73.492966216151203 17.983886211000005 -132.73474985227776 0.70710678118654757
v 73.492966216151203 17.983886211000005 -131.77055197227776 1
v 73.492966216151203 17.983886211000005 -130.80635409227776 0.70710678118654757
v 73.492966216151203 18.948084091000005 -130.80635409227776 1
v 73.492966216151203 19.912281971000006 -130.80635409227776 0.70710678118654757
v 73.492966216151203 19.912281971000006 -131.77055197227776 1
v 73.492966216151203 19.912281971000006 -132.73474985227776 0.70710678118654757
v 73.492966216151203 18.948084091000005 -132.73474985227776 1
v 71.212726216151196 18.948084091000005 -132.73474985227776 1
v 71.212726216151196 17.983886211000005 -132.73474985227776 0.70710678118654757
v 71.212726216151196 17.983886211000005 -131.77055197227776 1
v 71.212726216151196 17.983886211000005 -130.80635409227776 0.70710678118654757
v 71.212726216151196 18.948084091000005 -130.80635409227776 1
v 71.212726216151196 19.912281971000006 -130.80635409227776 0.70710678118654757
v 71.212726216151196 19.912281971000006 -131.77055197227776 1
v 71.212726216151196 19.912281971000006 -132.73474985227776 0.70710678118654757
v 71.212726216151196 18.948084091000005 -132.73474985227776 1
cstype rat bspline
deg 2 1
surf 0 6.2831853071795862 0 2.2802400000000063 1583 1584 1585 1586 1587 1588 1589 1590 1591 1592 1593 1594 1595 1596 1597 1598 1599 1600
parm u 0 0 0 1.5707963267948966 1.5707963267948966 3.1415926535897931 3.1415926535897931 4.7123889803846897 4.7123889803846897 6.2831853071795862 6.2831853071795862 6.2831853071795862
parm v 0 0 2.2802400000000063 2.2802400000000063
trim -1.514558488207423 0 927 -1.8999999999999986 0 928 -1.514558488207423 0 929 -1.8999999999999986 0 930
end
# - trim loop
vp 4.0358021199999996 -9.6180831870000034
vp -4.0358021200000014 -9.6180831870000034
cstype bspline
deg 1
curv2 2845 2846
parm u 0 0 8.071604240000001 8.071604240000001
end
vp -4.0358021200000014 -9.6180831870000034
vp -4.0358021200000014 -11.518083187000002
cstype bspline
deg 1
curv2 2847 2848
parm u 0 0 1.8999999999999986 1.8999999999999986
end
vp -4.0358021200000014 -11.518083187000002
vp 4.0358021199999996 -11.518083187000002
cstype bspline
deg 1
curv2 2849 2850
parm u 0 0 8.071604240000001 8.071604240000001
end
vp 4.0358021199999996 -11.518083187000002
vp 4.0358021199999996 -9.6180831870000034
cstype bspline
deg 1
curv2 2851 2852
parm u 0 0 1.8999999999999986 1.8999999999999986
end
v 71.212726216151196 19.912281971000006 -130.96327154827776
v 71.212726216151196 19.912281971000006 -140.64943663627776
v 73.492966216151203 19.912281971000006 -130.96327154827776
v 73.492966216151203 19.912281971000006 -140.64943663627776
cstype bspline
deg 1 1
surf -4.8430825440000014 4.8430825439999996 -11.708203187000006 -9.4279631869999996 1601 1602 1603 1604
parm u -4.8430825440000014 -4.8430825440000014 4.8430825439999996 4.8430825439999996
parm v -11.708203187000006 -11.708203187000006 -9.4279631869999996 -9.4279631869999996
trim 0 8.071604240000001 931 0 1.8999999999999986 932 0 8.071604240000001 933 0 1.8999999999999986 934
end
# - trim loop
vp 1.5707963267948966 0.19012000000000029
vp 3.1415926535897931 0.19012000000000029
cstype bspline
deg 1
curv2 2853 2854
parm u -1.5145584882074263 -1.5145584882074263 0 0
end
vp 3.1415926535897931 0.19012000000000029
vp 3.1415926535897931 2.0901199999999989
cstype bspline
deg 1
curv2 2855 2856
parm u -1.8999999999999986 -1.8999999999999986 0 0
end
vp 3.1415926535897931 2.0901199999999989
vp 1.5707963267948966 2.0901199999999989
cstype bspline
deg 1
curv2 2857 2858
parm u -1.5145584882074263 -1.5145584882074263 0 0
end
vp 1.5707963267948966 2.0901199999999989
vp 1.5707963267948966 0.19012000000000029
cstype bspline
deg 1
curv2 2859 2860
parm u -1.8999999999999986 -1.8999999999999986 0 0
end
v 73.492966216151203 18.948084091000005 -138.87795833227776 1
v 73.492966216151203 19.912281971000006 -138.87795833227776 0.70710678118654757
v 73.492966216151203 19.912281971000006 -139.84215621227776 1
v 73.492966216151203 19.912281971000006 -140.80635409227776 0.70710678118654757
v 73.492966216151203 18.948084091000005 -140.80635409227776 1
v 73.492966216151203 17.983886211000005 -140.80635409227776 0.70710678118654757
v 73.492966216151203 17.983886211000005 -139.84215621227776 1
v 73.492966216151203 17.983886211000005 -138.87795833227776 0.70710678118654757
v 73.492966216151203 18.948084091000005 -138.87795833227776 1
v 71.212726216151196 18.948084091000005 -138.87795833227776 1
v 71.212726216151196 19.912281971000006 -138.87795833227776 0.70710678118654757
v 71.212726216151196 19.912281971000006 -139.84215621227776 1
v 71.212726216151196 19.912281971000006 -140.80635409227776 0.70710678118654757
v 71.212726216151196 18.948084091000005 -140.80635409227776 1
v 71.212726216151196 17.983886211000005 -140.80635409227776 0.70710678118654757
v 71.212726216151196 17.983886211000005 -139.84215621227776 1
v 71.212726216151196 17.983886211000005 -138.87795833227776 0.70710678118654757
v 71.212726216151196 18.948084091000005 -138.87795833227776 1
cstype rat bspline
deg 2 1
surf 0 6.2831853071795862 0 2.2802400000000063 1605 1606 1607 1608 1609 1610 1611 1612 1613 1614 1615 1616 1617 1618 1619 1620 1621 1622
parm u 0 0 0 1.5707963267948966 1.5707963267948966 3.1415926535897931 3.1415926535897931 4.7123889803846897 4.7123889803846897 6.2831853071795862 6.2831853071795862 6.2831853071795862
parm v 0 0 2.2802400000000063 2.2802400000000063
trim -1.5145584882074263 0 935 -1.8999999999999986 0 936 -1.5145584882074263 0 937 -1.8999999999999986 0 938
end
# - trim loop
vp -9.6180831870000034 -0.035802119999999604
vp -9.6180831870000034 0.035802119999999604
cstype bspline
deg 1
curv2 2861 2862
parm u 0 0 0.071604239999999209 0.071604239999999209
end
vp -9.6180831870000034 0.035802119999999604
vp -11.518083187000002 0.035802119999999604
cstype bspline
deg 1
curv2 2863 2864
parm u 0 0 1.8999999999999986 1.8999999999999986
end
vp -11.518083187000002 0.035802119999999604
vp -11.518083187000002 -0.035802119999999604
cstype bspline
deg 1
curv2 2865 2866
parm u 0 0 0.071604239999999209 0.071604239999999209
end
vp -11.518083187000002 -0.035802119999999604
vp -9.6180831870000034 -0.035802119999999604
cstype bspline
deg 1
curv2 2867 2868
parm u 0 0 1.8999999999999986 1.8999999999999986
end
v 71.212726216151196 18.269199427000007 -140.80635409227776
v 73.492966216151203 18.269199427000007 -140.80635409227776
v 71.212726216151196 19.555364515000004 -140.80635409227776
v 73.492966216151203 19.555364515000004 -140.80635409227776
cstype bspline
deg 1 1
surf -11.708203187000006 -9.4279631869999996 -0.6430825439999992 0.6430825439999992 1623 1624 1625 1626
parm u -11.708203187000006 -11.708203187000006 -9.4279631869999996 -9.4279631869999996
parm v -0.6430825439999992 -0.6430825439999992 0.6430825439999992 0.6430825439999992
trim 0 0.071604239999999209 939 0 1.8999999999999986 940 0 0.071604239999999209 941 0 1.8999999999999986 942
end
# - trim loop
vp 3.1415926535897931 0.19012000000000029
vp 4.7123889803846897 0.19012000000000029
cstype bspline
deg 1
curv2 2869 2870
parm u -1.5145584882074263 -1.5145584882074263 0 0
end
vp 4.7123889803846897 0.19012000000000029
vp 4.7123889803846897 2.0901199999999989
cstype bspline
deg 1
curv2 2871 2872
parm u -1.8999999999999986 -1.8999999999999986 0 0
end
vp 4.7123889803846897 2.0901199999999989
vp 3.1415926535897931 2.0901199999999989
cstype bspline
deg 1
curv2 2873 2874
parm u -1.5145584882074263 -1.5145584882074263 0 0
end
vp 3.1415926535897931 2.0901199999999989
vp 3.1415926535897931 0.19012000000000029
cstype bspline
deg 1
curv2 2875 2876
parm u -1.8999999999999986 -1.8999999999999986 0 0
end
v 73.492966216151203 18.876479851000006 -138.87795833227776 1
v 73.492966216151203 19.840677731000007 -138.87795833227776 0.70710678118654757
v 73.492966216151203 19.840677731000007 -139.84215621227776 1
v 73.492966216151203 19.840677731000007 -140.80635409227776 0.70710678118654757
v 73.492966216151203 18.876479851000006 -140.80635409227776 1
v 73.492966216151203 17.912281971000006 -140.80635409227776 0.70710678118654757
v 73.492966216151203 17.912281971000006 -139.84215621227776 1
v 73.492966216151203 17.912281971000006 -138.87795833227776 0.70710678118654757
v 73.492966216151203 18.876479851000006 -138.87795833227776 1
v 71.212726216151196 18.876479851000006 -138.87795833227776 1
v 71.212726216151196 19.840677731000007 -138.87795833227776 0.70710678118654757
v 71.212726216151196 19.840677731000007 -139.84215621227776 1
v 71.212726216151196 19.840677731000007 -140.80635409227776 0.70710678118654757
v 71.212726216151196 18.876479851000006 -140.80635409227776 1
v 71.212726216151196 17.912281971000006 -140.80635409227776 0.70710678118654757
v 71.212726216151196 17.912281971000006 -139.84215621227776 1
v 71.212726216151196 17.912281971000006 -138.87795833227776 0.70710678118654757
v 71.212726216151196 18.876479851000006 -138.87795833227776 1
cstype rat bspline
deg 2 1
surf 0 6.2831853071795862 0 2.2802400000000063 1627 1628 1629 1630 1631 1632 1633 1634 1635 1636 1637 1638 1639 1640 1641 1642 1643 1644
parm u 0 0 0 1.5707963267948966 1.5707963267948966 3.1415926535897931 3.1415926535897931 4.7123889803846897 4.7123889803846897 6.2831853071795862 6.2831853071795862 6.2831853071795862
parm v 0 0 2.2802400000000063 2.2802400000000063
trim -1.5145584882074263 0 943 -1.8999999999999986 0 944 -1.5145584882074263 0 945 -1.8999999999999986 0 946
end
# - trim loop
vp 4.0358021200000005 -9.6180831870000034
vp -4.0358021199999996 -9.6180831870000034
cstype bspline
deg 1
curv2 2877 2878
parm u 0 0 8.071604240000001 8.071604240000001
end
vp -4.0358021199999996 -9.6180831870000034
vp -4.0358021199999996 -11.518083187000002
cstype bspline
deg 1
curv2 2879 2880
parm u 0 0 1.8999999999999986 1.8999999999999986
end
vp -4.0358021199999996 -11.518083187000002
vp 4.0358021200000005 -11.518083187000002
cstype bspline
deg 1
curv2 2881 2882
parm u 0 0 8.071604240000001 8.071604240000001
end
vp 4.0358021200000005 -11.518083187000002
vp 4.0358021200000005 -9.6180831870000034
cstype bspline
deg 1
curv2 2883 2884
parm u 0 0 1.8999999999999986 1.8999999999999986
end
v 71.212726216151196 17.923621725000004 -154.34479840027777
v 71.212726216151196 17.923621725000004 -144.65863331227777
v 73.492966216151203 17.923621725000004 -154.34479840027777
v 73.492966216151203 17.923621725000004 -144.65863331227777
cstype bspline
deg 1 1
surf -4.8430825440000005 4.8430825440000005 -11.708203187000006 -9.4279631869999996 1645 1646 1647 1648
parm u -4.8430825440000005 -4.8430825440000005 4.8430825440000005 4.8430825440000005
parm v -11.708203187000006 -11.708203187000006 -9.4279631869999996 -9.4279631869999996
trim 0 8.071604240000001 947 0 1.8999999999999986 948 0 8.071604240000001 949 0 1.8999999999999986 950
end
# - trim loop
vp 1.5707963267948966 0.19012000000000029
vp 3.1415926535897931 0.19012000000000029
cstype bspline
deg 1
curv2 2885 2886
parm u -1.514558488207427 -1.514558488207427 0 0
end
vp 3.1415926535897931 0.19012000000000029
vp 3.1415926535897931 2.0901199999999989
cstype bspline
deg 1
curv2 2887 2888
parm u -1.8999999999999986 -1.8999999999999986 0 0
end
vp 3.1415926535897931 2.0901199999999989
vp 1.5707963267948966 2.0901199999999989
cstype bspline
deg 1
curv2 2889 2890
parm u -1.514558488207427 -1.514558488207427 0 0
end
vp 1.5707963267948966 2.0901199999999989
vp 1.5707963267948966 0.19012000000000029
cstype bspline
deg 1
curv2 2891 2892
parm u -1.8999999999999986 -1.8999999999999986 0 0
end
v 73.492966216151203 18.887819605000004 -146.43011161627777 1
v 73.492966216151203 17.923621724999975 -146.43011161627777 0.70710678118654757
v 73.492966216151203 17.923621724999975 -145.46591373627774 1
v 73.492966216151203 17.923621724999975 -144.5017158562777 0.70710678118654757
v 73.492966216151203 18.887819605000004 -144.5017158562777 1
v 73.492966216151203 19.852017485000033 -144.5017158562777 0.70710678118654757
v 73.492966216151203 19.852017485000033 -145.46591373627774 1
v 73.492966216151203 19.852017485000033 -146.43011161627777 0.70710678118654757
v 73.492966216151203 18.887819605000004 -146.43011161627777 1
v 71.212726216151196 18.887819605000004 -146.43011161627777 1
v 71.212726216151196 17.923621724999975 -146.43011161627777 0.70710678118654757
v 71.212726216151196 17.923621724999975 -145.46591373627774 1
v 71.212726216151196 17.923621724999975 -144.5017158562777 0.70710678118654757
v 71.212726216151196 18.887819605000004 -144.5017158562777 1
v 71.212726216151196 19.852017485000033 -144.5017158562777 0.70710678118654757
v 71.212726216151196 19.852017485000033 -145.46591373627774 1
v 71.212726216151196 19.852017485000033 -146.43011161627777 0.70710678118654757
v 71.212726216151196 18.887819605000004 -146.43011161627777 1
cstype rat bspline
deg 2 1
surf 0 6.2831853071795862 0 2.2802400000000063 1649 1650 1651 1652 1653 1654 1655 1656 1657 1658 1659 1660 1661 1662 1663 1664 1665 1666
parm u 0 0 0 1.5707963267948966 1.5707963267948966 3.1415926535897931 3.1415926535897931 4.7123889803846897 4.7123889803846897 6.2831853071795862 6.2831853071795862 6.2831853071795862
parm v 0 0 2.2802400000000063 2.2802400000000063
trim -1.514558488207427 0 951 -1.8999999999999986 0 952 -1.514558488207427 0 953 -1.8999999999999986 0 954
end
# - trim loop
vp 9.6180831870000034 0.035802119999999604
vp 9.6180831870000034 -0.035802119999999604
cstype bspline
deg 1
curv2 2893 2894
parm u 0 0 0.071604239999999209 0.071604239999999209
end
vp 9.6180831870000034 -0.035802119999999604
vp 11.518083187000002 -0.035802119999999604
cstype bspline
deg 1
curv2 2895 2896
parm u 0 0 1.8999999999999986 1.8999999999999986
end
vp 11.518083187000002 -0.035802119999999604
vp 11.518083187000002 0.035802119999999604
cstype bspline
deg 1
curv2 2897 2898
parm u 0 0 0.071604239999999209 0.071604239999999209
end
vp 11.518083187000002 0.035802119999999604
vp 9.6180831870000034 0.035802119999999604
cstype bspline
deg 1
curv2 2899 2900
parm u 0 0 1.8999999999999986 1.8999999999999986
end
v 73.492966216151203 18.280539181000005 -144.50171585627777
v 71.212726216151196 18.280539181000005 -144.50171585627777
v 73.492966216151203 19.566704269000002 -144.50171585627777
v 71.212726216151196 19.566704269000002 -144.50171585627777
cstype bspline
deg 1 1
surf 9.4279631869999996 11.708203187000006 -0.6430825439999992 0.6430825439999992 1667 1668 1669 1670
parm u 9.4279631869999996 9.4279631869999996 11.708203187000006 11.708203187000006
parm v -0.6430825439999992 -0.6430825439999992 0.6430825439999992 0.6430825439999992
trim 0 0.071604239999999209 955 0 1.8999999999999986 956 0 0.071604239999999209 957 0 1.8999999999999986 958
end
# - trim loop
vp 3.1415926535897931 0.19012000000000029
vp 4.7123889803846897 0.19012000000000029
cstype bspline
deg 1
curv2 2901 2902
parm u -1.514558488207427 -1.514558488207427 0 0
end
vp 4.7123889803846897 0.19012000000000029
vp 4.7123889803846897 2.0901199999999989
cstype bspline
deg 1
curv2 2903 2904
parm u -1.8999999999999986 -1.8999999999999986 0 0
end
vp 4.7123889803846897 2.0901199999999989
vp 3.1415926535897931 2.0901199999999989
cstype bspline
deg 1
curv2 2905 2906
parm u -1.514558488207427 -1.514558488207427 0 0
end
vp 3.1415926535897931 2.0901199999999989
vp 3.1415926535897931 0.19012000000000029
cstype bspline
deg 1
curv2 2907 2908
parm u -1.8999999999999986 -1.8999999999999986 0 0
end
v 73.492966216151203 18.959423845000003 -146.43011161627777 1
v 73.492966216151203 17.995225964999975 -146.43011161627777 0.70710678118654757
v 73.492966216151203 17.995225964999975 -145.46591373627774 1
v 73.492966216151203 17.995225964999975 -144.5017158562777 0.70710678118654757
v 73.492966216151203 18.959423845000003 -144.5017158562777 1
v 73.492966216151203 19.923621725000032 -144.5017158562777 0.70710678118654757
v 73.492966216151203 19.923621725000032 -145.46591373627774 1
v 73.492966216151203 19.923621725000032 -146.43011161627777 0.70710678118654757
v 73.492966216151203 18.959423845000003 -146.43011161627777 1
v 71.212726216151196 18.959423845000003 -146.43011161627777 1
v 71.212726216151196 17.995225964999975 -146.43011161627777 0.70710678118654757
v 71.212726216151196 17.995225964999975 -145.46591373627774 1
v 71.212726216151196 17.995225964999975 -144.5017158562777 0.70710678118654757
v 71.212726216151196 18.959423845000003 -144.5017158562777 1
v 71.212726216151196 19.923621725000032 -144.5017158562777 0.70710678118654757
v 71.212726216151196 19.923621725000032 -145.46591373627774 1
v 71.212726216151196 19.923621725000032 -146.43011161627777 0.70710678118654757
v 71.212726216151196 18.959423845000003 -146.43011161627777 1
cstype rat bspline
deg 2 1
surf 0 6.2831853071795862 0 2.2802400000000063 1671 1672 1673 1674 1675 1676 1677 1678 1679 1680 1681 1682 1683 1684 1685 1686 1687 1688
parm u 0 0 0 1.5707963267948966 1.5707963267948966 3.1415926535897931 3.1415926535897931 4.7123889803846897 4.7123889803846897 6.2831853071795862 6.2831853071795862 6.2831853071795862
parm v 0 0 2.2802400000000063 2.2802400000000063
trim -1.514558488207427 0 959 -1.8999999999999986 0 960 -1.514558488207427 0 961 -1.8999999999999986 0 962
end
# - trim loop
vp 4.0358021199999996 -9.6180831870000034
vp -4.0358021200000005 -9.6180831870000034
cstype bspline
deg 1
curv2 2909 2910
parm u 0 0 8.071604240000001 8.071604240000001
end
vp -4.0358021200000005 -9.6180831870000034
vp -4.0358021200000005 -11.518083187000002
cstype bspline
deg 1
curv2 2911 2912
parm u 0 0 1.8999999999999986 1.8999999999999986
end
vp -4.0358021200000005 -11.518083187000002
vp 4.0358021199999996 -11.518083187000002
cstype bspline
deg 1
curv2 2913 2914
parm u 0 0 8.071604240000001 8.071604240000001
end
vp 4.0358021199999996 -11.518083187000002
vp 4.0358021199999996 -9.6180831870000034
cstype bspline
deg 1
curv2 2915 2916
parm u 0 0 1.8999999999999986 1.8999999999999986
end
v 71.212726216151196 19.923621725000004 -144.65863331227777
v 71.212726216151196 19.923621725000004 -154.34479840027777
v 73.492966216151203 19.923621725000004 -144.65863331227777
v 73.492966216151203 19.923621725000004 -154.34479840027777
cstype bspline
deg 1 1
surf -4.8430825440000005 4.8430825440000005 -11.708203187000006 -9.4279631869999996 1689 1690 1691 1692
parm u -4.8430825440000005 -4.8430825440000005 4.8430825440000005 4.8430825440000005
parm v -11.708203187000006 -11.708203187000006 -9.4279631869999996 -9.4279631869999996
trim 0 8.071604240000001 963 0 1.8999999999999986 964 0 8.071604240000001 965 0 1.8999999999999986 966
end
# - trim loop
vp 1.5707963267948966 0.19012000000000029
vp 3.1415926535897931 0.19012000000000029
cstype bspline
deg 1
curv2 2917 2918
parm u -1.5145584882074263 -1.5145584882074263 0 0
end
vp 3.1415926535897931 0.19012000000000029
vp 3.1415926535897931 2.0901199999999989
cstype bspline
deg 1
curv2 2919 2920
parm u -1.8999999999999986 -1.8999999999999986 0 0
end
vp 3.1415926535897931 2.0901199999999989
vp 1.5707963267948966 2.0901199999999989
cstype bspline
deg 1
curv2 2921 2922
parm u -1.5145584882074263 -1.5145584882074263 0 0
end
vp 1.5707963267948966 2.0901199999999989
vp 1.5707963267948966 0.19012000000000029
cstype bspline
deg 1
curv2 2923 2924
parm u -1.8999999999999986 -1.8999999999999986 0 0
end
v 73.492966216151203 18.959423845000003 -152.57332009627777 1
v 73.492966216151203 19.923621725000004 -152.57332009627777 0.70710678118654757
v 73.492966216151203 19.923621725000004 -153.53751797627777 1
v 73.492966216151203 19.923621725000004 -154.50171585627777 0.70710678118654757
v 73.492966216151203 18.959423845000003 -154.50171585627777 1
v 73.492966216151203 17.995225965000003 -154.50171585627777 0.70710678118654757
v 73.492966216151203 17.995225965000003 -153.53751797627777 1
v 73.492966216151203 17.995225965000003 -152.57332009627777 0.70710678118654757
v 73.492966216151203 18.959423845000003 -152.57332009627777 1
v 71.212726216151196 18.959423845000003 -152.57332009627777 1
v 71.212726216151196 19.923621725000004 -152.57332009627777 0.70710678118654757
v 71.212726216151196 19.923621725000004 -153.53751797627777 1
v 71.212726216151196 19.923621725000004 -154.50171585627777 0.70710678118654757
v 71.212726216151196 18.959423845000003 -154.50171585627777 1
v 71.212726216151196 17.995225965000003 -154.50171585627777 0.70710678118654757
v 71.212726216151196 17.995225965000003 -153.53751797627777 1
v 71.212726216151196 17.995225965000003 -152.57332009627777 0.70710678118654757
v 71.212726216151196 18.959423845000003 -152.57332009627777 1
cstype rat bspline
deg 2 1
surf 0 6.2831853071795862 0 2.2802400000000063 1693 1694 1695 1696 1697 1698 1699 1700 1701 1702 1703 1704 1705 1706 1707 1708 1709 1710
parm u 0 0 0 1.5707963267948966 1.5707963267948966 3.1415926535897931 3.1415926535897931 4.7123889803846897 4.7123889803846897 6.2831853071795862 6.2831853071795862 6.2831853071795862
parm v 0 0 2.2802400000000063 2.2802400000000063
trim -1.5145584882074263 0 967 -1.8999999999999986 0 968 -1.5145584882074263 0 969 -1.8999999999999986 0 970
end
# - trim loop
vp -9.6180831870000034 -0.035802119999999604
vp -9.6180831870000034 0.035802119999999604
cstype bspline
deg 1
curv2 2925 2926
parm u 0 0 0.071604239999999209 0.071604239999999209
end
vp -9.6180831870000034 0.035802119999999604
vp -11.518083187000002 0.035802119999999604
cstype bspline
deg 1
curv2 2927 2928
parm u 0 0 1.8999999999999986 1.8999999999999986
end
vp -11.518083187000002 0.035802119999999604
vp -11.518083187000002 -0.035802119999999604
cstype bspline
deg 1
curv2 2929 2930
parm u 0 0 0.071604239999999209 0.071604239999999209
end
vp -11.518083187000002 -0.035802119999999604
vp -9.6180831870000034 -0.035802119999999604
cstype bspline
deg 1
curv2 2931 2932
parm u 0 0 1.8999999999999986 1.8999999999999986
end
v 71.212726216151196 18.280539181000005 -154.50171585627777
v 73.492966216151203 18.280539181000005 -154.50171585627777
v 71.212726216151196 19.566704269000002 -154.50171585627777
v 73.492966216151203 19.566704269000002 -154.50171585627777
cstype bspline
deg 1 1
surf -11.708203187000006 -9.4279631869999996 -0.6430825439999992 0.6430825439999992 1711 1712 1713 1714
parm u -11.708203187000006 -11.708203187000006 -9.4279631869999996 -9.4279631869999996
parm v -0.6430825439999992 -0.6430825439999992 0.6430825439999992 0.6430825439999992
trim 0 0.071604239999999209 971 0 1.8999999999999986 972 0 0.071604239999999209 973 0 1.8999999999999986 974
end
# - trim loop
vp 3.1415926535897931 0.19012000000000029
vp 4.7123889803846897 0.19012000000000029
cstype bspline
deg 1
curv2 2933 2934
parm u -1.5145584882074263 -1.5145584882074263 0 0
end
vp 4.7123889803846897 0.19012000000000029
vp 4.7123889803846897 2.0901199999999989
cstype bspline
deg 1
curv2 2935 2936
parm u -1.8999999999999986 -1.8999999999999986 0 0
end
vp 4.7123889803846897 2.0901199999999989
vp 3.1415926535897931 2.0901199999999989
cstype bspline
deg 1
curv2 2937 2938
parm u -1.5145584882074263 -1.5145584882074263 0 0
end
vp 3.1415926535897931 2.0901199999999989
vp 3.1415926535897931 0.19012000000000029
cstype bspline
deg 1
curv2 2939 2940
parm u -1.8999999999999986 -1.8999999999999986 0 0
end
v 73.492966216151203 18.887819605000004 -152.57332009627777 1
v 73.492966216151203 19.852017485000005 -152.57332009627777 0.70710678118654757
v 73.492966216151203 19.852017485000005 -153.53751797627777 1
v 73.492966216151203 19.852017485000005 -154.50171585627777 0.70710678118654757
v 73.492966216151203 18.887819605000004 -154.50171585627777 1
v 73.492966216151203 17.923621725000004 -154.50171585627777 0.70710678118654757
v 73.492966216151203 17.923621725000004 -153.53751797627777 1
v 73.492966216151203 17.923621725000004 -152.57332009627777 0.70710678118654757
v 73.492966216151203 18.887819605000004 -152.57332009627777 1
v 71.212726216151196 18.887819605000004 -152.57332009627777 1
v 71.212726216151196 19.852017485000005 -152.57332009627777 0.70710678118654757
v 71.212726216151196 19.852017485000005 -153.53751797627777 1
v 71.212726216151196 19.852017485000005 -154.50171585627777 0.70710678118654757
v 71.212726216151196 18.887819605000004 -154.50171585627777 1
v 71.212726216151196 17.923621725000004 -154.50171585627777 0.70710678118654757
v 71.212726216151196 17.923621725000004 -153.53751797627777 1
v 71.212726216151196 17.923621725000004 -152.57332009627777 0.70710678118654757
v 71.212726216151196 18.887819605000004 -152.57332009627777 1
cstype rat bspline
deg 2 1
surf 0 6.2831853071795862 0 2.2802400000000063 1715 1716 1717 1718 1719 1720 1721 1722 1723 1724 1725 1726 1727 1728 1729 1730 1731 1732
parm u 0 0 0 1.5707963267948966 1.5707963267948966 3.1415926535897931 3.1415926535897931 4.7123889803846897 4.7123889803846897 6.2831853071795862 6.2831853071795862 6.2831853071795862
parm v 0 0 2.2802400000000063 2.2802400000000063
trim -1.5145584882074263 0 975 -1.8999999999999986 0 976 -1.5145584882074263 0 977 -1.8999999999999986 0 978
end
# - trim loop
vp 4.0358021199999996 -9.6180831870000034
vp -4.0358021189999995 -9.6180831870000034
cstype bspline
deg 1
curv2 2941 2942
parm u 0 0 8.0716042389999991 8.0716042389999991
end
vp -4.0358021189999995 -9.6180831870000034
vp -4.0358021189999995 -11.518083187000002
cstype bspline
deg 1
curv2 2943 2944
parm u 0 0 1.8999999999999986 1.8999999999999986
end
vp -4.0358021189999995 -11.518083187000002
vp 4.0358021199999996 -11.518083187000002
cstype bspline
deg 1
curv2 2945 2946
parm u 0 0 8.0716042389999991 8.0716042389999991
end
vp 4.0358021199999996 -11.518083187000002
vp 4.0358021199999996 -9.6180831870000034
cstype bspline
deg 1
curv2 2947 2948
parm u 0 0 1.8999999999999986 1.8999999999999986
end
v 71.212726216151196 17.934961480000005 -168.04016016317775
v 71.212726216151196 17.934961480000005 -158.35399507637774
v 73.492966216151203 17.934961480000005 -168.04016016317775
v 73.492966216151203 17.934961480000005 -158.35399507637774
cstype bspline
deg 1 1
surf -4.8430825428999995 4.8430825438999996 -11.708203187000006 -9.4279631869999996 1733 1734 1735 1736
parm u -4.8430825428999995 -4.8430825428999995 4.8430825438999996 4.8430825438999996
parm v -11.708203187000006 -11.708203187000006 -9.4279631869999996 -9.4279631869999996
trim 0 8.0716042389999991 979 0 1.8999999999999986 980 0 8.0716042389999991 981 0 1.8999999999999986 982
end
# - trim loop
vp 1.5707963267948966 0.19012000000000029
vp 3.1415926535897931 0.19012000000000029
cstype bspline
deg 1
curv2 2949 2950
parm u -1.5145584882074263 -1.5145584882074263 0 0
end
vp 3.1415926535897931 0.19012000000000029
vp 3.1415926535897931 2.0901199999999989
cstype bspline
deg 1
curv2 2951 2952
parm u -1.8999999999999986 -1.8999999999999986 0 0
end
vp 3.1415926535897931 2.0901199999999989
vp 1.5707963267948966 2.0901199999999989
cstype bspline
deg 1
curv2 2953 2954
parm u -1.5145584882074263 -1.5145584882074263 0 0
end
vp 1.5707963267948966 2.0901199999999989
vp 1.5707963267948966 0.19012000000000029
cstype bspline
deg 1
curv2 2955 2956
parm u -1.8999999999999986 -1.8999999999999986 0 0
end
v 73.492966216151203 18.899159360000006 -160.12547338027775 1
v 73.492966216151203 17.934961480000005 -160.12547338027775 0.70710678118654757
v 73.492966216151203 17.934961480000005 -159.16127550027775 1
v 73.492966216151203 17.934961480000005 -158.19707762027775 0.70710678118654757
v 73.492966216151203 18.899159360000006 -158.19707762027775 1
v 73.492966216151203 19.863357240000006 -158.19707762027775 0.70710678118654757
v 73.492966216151203 19.863357240000006 -159.16127550027775 1
v 73.492966216151203 19.863357240000006 -160.12547338027775 0.70710678118654757
v 73.492966216151203 18.899159360000006 -160.12547338027775 1
v 71.212726216151196 18.899159360000006 -160.12547338027775 1
v 71.212726216151196 17.934961480000005 -160.12547338027775 0.70710678118654757
v 71.212726216151196 17.934961480000005 -159.16127550027775 1
v 71.212726216151196 17.934961480000005 -158.19707762027775 0.70710678118654757
v 71.212726216151196 18.899159360000006 -158.19707762027775 1
v 71.212726216151196 19.863357240000006 -158.19707762027775 0.70710678118654757
v 71.212726216151196 19.863357240000006 -159.16127550027775 1
v 71.212726216151196 19.863357240000006 -160.12547338027775 0.70710678118654757
v 71.212726216151196 18.899159360000006 -160.12547338027775 1
cstype rat bspline
deg 2 1
surf 0 6.2831853071795862 0 2.2802400000000063 1737 1738 1739 1740 1741 1742 1743 1744 1745 1746 1747 1748 1749 1750 1751 1752 1753 1754
parm u 0 0 0 1.5707963267948966 1.5707963267948966 3.1415926535897931 3.1415926535897931 4.7123889803846897 4.7123889803846897 6.2831853071795862 6.2831853071795862 6.2831853071795862
parm v 0 0 2.2802400000000063 2.2802400000000063
trim -1.5145584882074263 0 983 -1.8999999999999986 0 984 -1.5145584882074263 0 985 -1.8999999999999986 0 986
end
# - trim loop
vp 9.6180831870000034 0.035802119999999604
vp 9.6180831870000034 -0.035802119999999604
cstype bspline
deg 1
curv2 2957 2958
parm u 0 0 0.071604239999999209 0.071604239999999209
end
vp 9.6180831870000034 -0.035802119999999604
vp 11.518083187000002 -0.035802119999999604
cstype bspline
deg 1
curv2 2959 2960
parm u 0 0 1.8999999999999986 1.8999999999999986
end
vp 11.518083187000002 -0.035802119999999604
vp 11.518083187000002 0.035802119999999604
cstype bspline
deg 1
curv2 2961 2962
parm u 0 0 0.071604239999999209 0.071604239999999209
end
vp 11.518083187000002 0.035802119999999604
vp 9.6180831870000034 0.035802119999999604
cstype bspline
deg 1
curv2 2963 2964
parm u 0 0 1.8999999999999986 1.8999999999999986
end
v 73.492966216151203 18.291878936000007 -158.19707762027775
v 71.212726216151196 18.291878936000007 -158.19707762027775
v 73.492966216151203 19.578044024000004 -158.19707762027775
v 71.212726216151196 19.578044024000004 -158.19707762027775
cstype bspline
deg 1 1
surf 9.4279631869999996 11.708203187000006 -0.6430825439999992 0.6430825439999992 1755 1756 1757 1758
parm u 9.4279631869999996 9.4279631869999996 11.708203187000006 11.708203187000006
parm v -0.6430825439999992 -0.6430825439999992 0.6430825439999992 0.6430825439999992
trim 0 0.071604239999999209 987 0 1.8999999999999986 988 0 0.071604239999999209 989 0 1.8999999999999986 990
end
# - trim loop
vp 3.1415926535897931 0.19012000000000029
vp 4.7123889803846897 0.19012000000000029
cstype bspline
deg 1
curv2 2965 2966
parm u -1.5145584882074263 -1.5145584882074263 0 0
end
vp 4.7123889803846897 0.19012000000000029
vp 4.7123889803846897 2.0901199999999989
cstype bspline
deg 1
curv2 2967 2968
parm u -1.8999999999999986 -1.8999999999999986 0 0
end
vp 4.7123889803846897 2.0901199999999989
vp 3.1415926535897931 2.0901199999999989
cstype bspline
deg 1
curv2 2969 2970
parm u -1.5145584882074263 -1.5145584882074263 0 0
end
vp 3.1415926535897931 2.0901199999999989
vp 3.1415926535897931 0.19012000000000029
cstype bspline
deg 1
curv2 2971 2972
parm u -1.8999999999999986 -1.8999999999999986 0 0
end
v 73.492966216151203 18.970763600000005 -160.12547338027775 1
v 73.492966216151203 18.006565720000005 -160.12547338027775 0.70710678118654757
v 73.492966216151203 18.006565720000005 -159.16127550027775 1
v 73.492966216151203 18.006565720000005 -158.19707762027775 0.70710678118654757
v 73.492966216151203 18.970763600000005 -158.19707762027775 1
v 73.492966216151203 19.934961480000005 -158.19707762027775 0.70710678118654757
v 73.492966216151203 19.934961480000005 -159.16127550027775 1
v 73.492966216151203 19.934961480000005 -160.12547338027775 0.70710678118654757
v 73.492966216151203 18.970763600000005 -160.12547338027775 1
v 71.212726216151196 18.970763600000005 -160.12547338027775 1
v 71.212726216151196 18.006565720000005 -160.12547338027775 0.70710678118654757
v 71.212726216151196 18.006565720000005 -159.16127550027775 1
v 71.212726216151196 18.006565720000005 -158.19707762027775 0.70710678118654757
v 71.212726216151196 18.970763600000005 -158.19707762027775 1
v 71.212726216151196 19.934961480000005 -158.19707762027775 0.70710678118654757
v 71.212726216151196 19.934961480000005 -159.16127550027775 1
v 71.212726216151196 19.934961480000005 -160.12547338027775 0.70710678118654757
v 71.212726216151196 18.970763600000005 -160.12547338027775 1
cstype rat bspline
deg 2 1
surf 0 6.2831853071795862 0 2.2802400000000063 1759 1760 1761 1762 1763 1764 1765 1766 1767 1768 1769 1770 1771 1772 1773 1774 1775 1776
parm u 0 0 0 1.5707963267948966 1.5707963267948966 3.1415926535897931 3.1415926535897931 4.7123889803846897 4.7123889803846897 6.2831853071795862 6.2831853071795862 6.2831853071795862
parm v 0 0 2.2802400000000063 2.2802400000000063
trim -1.5145584882074263 0 991 -1.8999999999999986 0 992 -1.5145584882074263 0 993 -1.8999999999999986 0 994
end
# - trim loop
vp 4.0358021189999995 -9.6180831870000034
vp -4.0358021199999996 -9.6180831870000034
cstype bspline
deg 1
curv2 2973 2974
parm u 0 0 8.0716042389999991 8.0716042389999991
end
vp -4.0358021199999996 -9.6180831870000034
vp -4.0358021199999996 -11.518083187000002
cstype bspline
deg 1
curv2 2975 2976
parm u 0 0 1.8999999999999986 1.8999999999999986
end
vp -4.0358021199999996 -11.518083187000002
vp 4.0358021189999995 -11.518083187000002
cstype bspline
deg 1
curv2 2977 2978
parm u 0 0 8.0716042389999991 8.0716042389999991
end
vp 4.0358021189999995 -11.518083187000002
vp 4.0358021189999995 -9.6180831870000034
cstype bspline
deg 1
curv2 2979 2980
parm u 0 0 1.8999999999999986 1.8999999999999986
end
v 71.212726216151196 19.934961480000005 -158.35399507637774
v 71.212726216151196 19.934961480000005 -168.04016016317775
v 73.492966216151203 19.934961480000005 -158.35399507637774
v 73.492966216151203 19.934961480000005 -168.04016016317775
cstype bspline
deg 1 1
surf -4.8430825438999996 4.8430825428999995 -11.708203187000006 -9.4279631869999996 1777 1778 1779 1780
parm u -4.8430825438999996 -4.8430825438999996 4.8430825428999995 4.8430825428999995
parm v -11.708203187000006 -11.708203187000006 -9.4279631869999996 -9.4279631869999996
trim 0 8.0716042389999991 995 0 1.8999999999999986 996 0 8.0716042389999991 997 0 1.8999999999999986 998
end
# - trim loop
vp 1.5707963267948966 0.19012000000000029
vp 3.1415926535897931 0.19012000000000029
cstype bspline
deg 1
curv2 2981 2982
parm u -1.5145584887782235 -1.5145584887782235 0 0
end
vp 3.1415926535897931 0.19012000000000029
vp 3.1415926535897931 2.0901199999999989
cstype bspline
deg 1
curv2 2983 2984
parm u -1.8999999999999986 -1.8999999999999986 0 0
end
vp 3.1415926535897931 2.0901199999999989
vp 1.5707963267948966 2.0901199999999989
cstype bspline
deg 1
curv2 2985 2986
parm u -1.5145584887782235 -1.5145584887782235 0 0
end
vp 1.5707963267948966 2.0901199999999989
vp 1.5707963267948966 0.19012000000000029
cstype bspline
deg 1
curv2 2987 2988
parm u -1.8999999999999986 -1.8999999999999986 0 0
end
v 73.492966216151203 18.970763600000005 -166.26868185927776 1
v 73.492966216151203 19.934961480000005 -166.26868185927776 0.70710678118654757
v 73.492966216151203 19.934961480000005 -167.23287973927776 1
v 73.492966216151203 19.934961480000005 -168.19707761927776 0.70710678118654757
v 73.492966216151203 18.970763600000005 -168.19707761927776 1
v 73.492966216151203 18.006565720000005 -168.19707761927776 0.70710678118654757
v 73.492966216151203 18.006565720000005 -167.23287973927776 1
v 73.492966216151203 18.006565720000005 -166.26868185927776 0.70710678118654757
v 73.492966216151203 18.970763600000005 -166.26868185927776 1
v 71.212726216151196 18.970763600000005 -166.26868185927776 1
v 71.212726216151196 19.934961480000005 -166.26868185927776 0.70710678118654757
v 71.212726216151196 19.934961480000005 -167.23287973927776 1
v 71.212726216151196 19.934961480000005 -168.19707761927776 0.70710678118654757
v 71.212726216151196 18.970763600000005 -168.19707761927776 1
v 71.212726216151196 18.006565720000005 -168.19707761927776 0.70710678118654757
v 71.212726216151196 18.006565720000005 -167.23287973927776 1
v 71.212726216151196 18.006565720000005 -166.26868185927776 0.70710678118654757
v 71.212726216151196 18.970763600000005 -166.26868185927776 1
cstype rat bspline
deg 2 1
surf 0 6.2831853071795862 0 2.2802400000000063 1781 1782 1783 1784 1785 1786 1787 1788 1789 1790 1791 1792 1793 1794 1795 1796 1797 1798
parm u 0 0 0 1.5707963267948966 1.5707963267948966 3.1415926535897931 3.1415926535897931 4.7123889803846897 4.7123889803846897 6.2831853071795862 6.2831853071795862 6.2831853071795862
parm v 0 0 2.2802400000000063 2.2802400000000063
trim -1.5145584887782235 0 999 -1.8999999999999986 0 1000 -1.5145584887782235 0 1001 -1.8999999999999986 0 1002
end
# - trim loop
vp -9.6180831870000034 -0.035802119999999604
vp -9.6180831870000034 0.035802119999999604
cstype bspline
deg 1
curv2 2989 2990
parm u 0 0 0.071604239999999209 0.071604239999999209
end
vp -9.6180831870000034 0.035802119999999604
vp -11.518083187000002 0.035802119999999604
cstype bspline
deg 1
curv2 2991 2992
parm u 0 0 1.8999999999999986 1.8999999999999986
end
vp -11.518083187000002 0.035802119999999604
vp -11.518083187000002 -0.035802119999999604
cstype bspline
deg 1
curv2 2993 2994
parm u 0 0 0.071604239999999209 0.071604239999999209
end
vp -11.518083187000002 -0.035802119999999604
vp -9.6180831870000034 -0.035802119999999604
cstype bspline
deg 1
curv2 2995 2996
parm u 0 0 1.8999999999999986 1.8999999999999986
end
v 71.212726216151196 18.291878936000007 -168.19707762027775
v 73.492966216151203 18.291878936000007 -168.19707762027775
v 71.212726216151196 19.578044024000004 -168.19707762027775
v 73.492966216151203 19.578044024000004 -168.19707762027775
cstype bspline
deg 1 1
surf -11.708203187000006 -9.4279631869999996 -0.6430825439999992 0.6430825439999992 1799 1800 1801 1802
parm u -11.708203187000006 -11.708203187000006 -9.4279631869999996 -9.4279631869999996
parm v -0.6430825439999992 -0.6430825439999992 0.6430825439999992 0.6430825439999992
trim 0 0.071604239999999209 1003 0 1.8999999999999986 1004 0 0.071604239999999209 1005 0 1.8999999999999986 1006
end
# - trim loop
vp 3.1415926535897931 0.19012000000000029
vp 4.7123889803846897 0.19012000000000029
cstype bspline
deg 1
curv2 2997 2998
parm u -1.5145584887782235 -1.5145584887782235 0 0
end
vp 4.7123889803846897 0.19012000000000029
vp 4.7123889803846897 2.0901199999999989
cstype bspline
deg 1
curv2 2999 3000
parm u -1.8999999999999986 -1.8999999999999986 0 0
end
vp 4.7123889803846897 2.0901199999999989
vp 3.1415926535897931 2.0901199999999989
cstype bspline
deg 1
curv2 3001 3002
parm u -1.5145584887782235 -1.5145584887782235 0 0
end
vp 3.1415926535897931 2.0901199999999989
vp 3.1415926535897931 0.19012000000000029
cstype bspline
deg 1
curv2 3003 3004
parm u -1.8999999999999986 -1.8999999999999986 0 0
end
v 73.492966216151203 18.899159360000006 -166.26868185927776 1
v 73.492966216151203 19.863357240000006 -166.26868185927776 0.70710678118654757
v 73.492966216151203 19.863357240000006 -167.23287973927776 1
v 73.492966216151203 19.863357240000006 -168.19707761927776 0.70710678118654757
v 73.492966216151203 18.899159360000006 -168.19707761927776 1
v 73.492966216151203 17.934961480000005 -168.19707761927776 0.70710678118654757
v 73.492966216151203 17.934961480000005 -167.23287973927776 1
v 73.492966216151203 17.934961480000005 -166.26868185927776 0.70710678118654757
v 73.492966216151203 18.899159360000006 -166.26868185927776 1
v 71.212726216151196 18.899159360000006 -166.26868185927776 1
v 71.212726216151196 19.863357240000006 -166.26868185927776 0.70710678118654757
v 71.212726216151196 19.863357240000006 -167.23287973927776 1
v 71.212726216151196 19.863357240000006 -168.19707761927776 0.70710678118654757
v 71.212726216151196 18.899159360000006 -168.19707761927776 1
v 71.212726216151196 17.934961480000005 -168.19707761927776 0.70710678118654757
v 71.212726216151196 17.934961480000005 -167.23287973927776 1
v 71.212726216151196 17.934961480000005 -166.26868185927776 0.70710678118654757
v 71.212726216151196 18.899159360000006 -166.26868185927776 1
cstype rat bspline
deg 2 1
surf 0 6.2831853071795862 0 2.2802400000000063 1803 1804 1805 1806 1807 1808 1809 1810 1811 1812 1813 1814 1815 1816 1817 1818 1819 1820
parm u 0 0 0 1.5707963267948966 1.5707963267948966 3.1415926535897931 3.1415926535897931 4.7123889803846897 4.7123889803846897 6.2831853071795862 6.2831853071795862 6.2831853071795862
parm v 0 0 2.2802400000000063 2.2802400000000063
trim -1.5145584887782235 0 1007 -1.8999999999999986 0 1008 -1.5145584887782235 0 1009 -1.8999999999999986 0 1010
end
# - trim loop
vp 1.5707963267948966 0.19012000000000029
vp 3.1415926535897931 0.19012000000000029
cstype bspline
deg 1
curv2 3005 3006
parm u -1.5145584882074263 -1.5145584882074263 0 0
end
vp 3.1415926535897931 0.19012000000000029
vp 3.1415926535897931 2.0901199999999989
cstype bspline
deg 1
curv2 3007 3008
parm u -1.8999999999999986 -1.8999999999999986 0 0
end
vp 3.1415926535897931 2.0901199999999989
vp 1.5707963267948966 2.0901199999999989
cstype bspline
deg 1
curv2 3009 3010
parm u -1.5145584882074263 -1.5145584882074263 0 0
end
vp 1.5707963267948966 2.0901199999999989
vp 1.5707963267948966 0.19012000000000029
cstype bspline
deg 1
curv2 3011 3012
parm u -1.8999999999999986 -1.8999999999999986 0 0
end
v 73.492966216151203 8.170377606000006 -160.12547338027775 1
v 73.492966216151203 7.2061797260000064 -160.12547338027775 0.70710678118654757
v 73.492966216151203 7.2061797260000056 -159.16127550027775 1
v 73.492966216151203 7.2061797260000064 -158.19707762027775 0.70710678118654757
v 73.492966216151203 8.170377606000006 -158.19707762027775 1
v 73.492966216151203 9.1345754860000064 -158.19707762027775 0.70710678118654757
v 73.492966216151203 9.1345754860000064 -159.16127550027775 1
v 73.492966216151203 9.1345754860000064 -160.12547338027775 0.70710678118654757
v 73.492966216151203 8.170377606000006 -160.12547338027775 1
v 71.212726216151196 8.170377606000006 -160.12547338027775 1
v 71.212726216151196 7.2061797260000064 -160.12547338027775 0.70710678118654757
v 71.212726216151196 7.2061797260000056 -159.16127550027775 1
v 71.212726216151196 7.2061797260000064 -158.19707762027775 0.70710678118654757
v 71.212726216151196 8.170377606000006 -158.19707762027775 1
v 71.212726216151196 9.1345754860000064 -158.19707762027775 0.70710678118654757
v 71.212726216151196 9.1345754860000064 -159.16127550027775 1
v 71.212726216151196 9.1345754860000064 -160.12547338027775 0.70710678118654757
v 71.212726216151196 8.170377606000006 -160.12547338027775 1
cstype rat bspline
deg 2 1
surf 0 6.2831853071795862 0 2.2802400000000063 1821 1822 1823 1824 1825 1826 1827 1828 1829 1830 1831 1832 1833 1834 1835 1836 1837 1838
parm u 0 0 0 1.5707963267948966 1.5707963267948966 3.1415926535897931 3.1415926535897931 4.7123889803846897 4.7123889803846897 6.2831853071795862 6.2831853071795862 6.2831853071795862
parm v 0 0 2.2802400000000063 2.2802400000000063
trim -1.5145584882074263 0 1011 -1.8999999999999986 0 1012 -1.5145584882074263 0 1013 -1.8999999999999986 0 1014
end
# - trim loop
vp 6.729120616000003 0.035802119999999604
vp 6.729120616000003 -0.035802119999999604
cstype bspline
deg 1
curv2 3013 3014
parm u 0 0 0.071604239999999209 0.071604239999999209
end
vp 6.729120616000003 -0.035802119999999604
vp 8.6291206160000016 -0.035802119999999604
cstype bspline
deg 1
curv2 3015 3016
parm u 0 0 1.8999999999999986 1.8999999999999986
end
vp 8.6291206160000016 -0.035802119999999604
vp 8.6291206160000016 0.035802119999999604
cstype bspline
deg 1
curv2 3017 3018
parm u 0 0 0.071604239999999209 0.071604239999999209
end
vp 8.6291206160000016 0.035802119999999604
vp 6.729120616000003 0.035802119999999604
cstype bspline
deg 1
curv2 3019 3020
parm u 0 0 1.8999999999999986 1.8999999999999986
end
v 73.492966216151203 7.5630971820000061 -158.19707762027775
v 71.212726216151196 7.5630971820000061 -158.19707762027775
v 73.492966216151203 8.8492622700000041 -158.19707762027775
v 71.212726216151196 8.8492622700000041 -158.19707762027775
cstype bspline
deg 1 1
surf 6.5390006159999992 8.8192406160000054 -0.6430825439999992 0.6430825439999992 1839 1840 1841 1842
parm u 6.5390006159999992 6.5390006159999992 8.8192406160000054 8.8192406160000054
parm v -0.6430825439999992 -0.6430825439999992 0.6430825439999992 0.6430825439999992
trim 0 0.071604239999999209 1015 0 1.8999999999999986 1016 0 0.071604239999999209 1017 0 1.8999999999999986 1018
end
# - trim loop
vp 3.1415926535897931 0.19012000000000029
vp 4.7123889803846897 0.19012000000000029
cstype bspline
deg 1
curv2 3021 3022
parm u -1.5145584882074263 -1.5145584882074263 0 0
end
vp 4.7123889803846897 0.19012000000000029
vp 4.7123889803846897 2.0901199999999989
cstype bspline
deg 1
curv2 3023 3024
parm u -1.8999999999999986 -1.8999999999999986 0 0
end
vp 4.7123889803846897 2.0901199999999989
vp 3.1415926535897931 2.0901199999999989
cstype bspline
deg 1
curv2 3025 3026
parm u -1.5145584882074263 -1.5145584882074263 0 0
end
vp 3.1415926535897931 2.0901199999999989
vp 3.1415926535897931 0.19012000000000029
cstype bspline
deg 1
curv2 3027 3028
parm u -1.8999999999999986 -1.8999999999999986 0 0
end
v 73.492966216151203 8.2419818460000052 -160.12547338027775 1
v 73.492966216151203 7.2777839660000048 -160.12547338027775 0.70710678118654757
v 73.492966216151203 7.2777839660000048 -159.16127550027775 1
v 73.492966216151203 7.2777839660000048 -158.19707762027775 0.70710678118654757
v 73.492966216151203 8.2419818460000052 -158.19707762027775 1
v 73.492966216151203 9.2061797260000056 -158.19707762027775 0.70710678118654757
v 73.492966216151203 9.2061797260000056 -159.16127550027775 1
v 73.492966216151203 9.2061797260000056 -160.12547338027775 0.70710678118654757
v 73.492966216151203 8.2419818460000052 -160.12547338027775 1
v 71.212726216151196 8.2419818460000052 -160.12547338027775 1
v 71.212726216151196 7.2777839660000048 -160.12547338027775 0.70710678118654757
v 71.212726216151196 7.2777839660000048 -159.16127550027775 1
v 71.212726216151196 7.2777839660000048 -158.19707762027775 0.70710678118654757
v 71.212726216151196 8.2419818460000052 -158.19707762027775 1
v 71.212726216151196 9.2061797260000056 -158.19707762027775 0.70710678118654757
v 71.212726216151196 9.2061797260000056 -159.16127550027775 1
v 71.212726216151196 9.2061797260000056 -160.12547338027775 0.70710678118654757
v 71.212726216151196 8.2419818460000052 -160.12547338027775 1
cstype rat bspline
deg 2 1
surf 0 6.2831853071795862 0 2.2802400000000063 1843 1844 1845 1846 1847 1848 1849 1850 1851 1852 1853 1854 1855 1856 1857 1858 1859 1860
parm u 0 0 0 1.5707963267948966 1.5707963267948966 3.1415926535897931 3.1415926535897931 4.7123889803846897 4.7123889803846897 6.2831853071795862 6.2831853071795862 6.2831853071795862
parm v 0 0 2.2802400000000063 2.2802400000000063
trim -1.5145584882074263 0 1019 -1.8999999999999986 0 1020 -1.5145584882074263 0 1021 -1.8999999999999986 0 1022
end
# - trim loop
vp 4.0358021189999995 -6.729120616000003
vp -4.0358021199999996 -6.729120616000003
cstype bspline
deg 1
curv2 3029 3030
parm u 0 0 8.0716042389999991 8.0716042389999991
end
vp -4.0358021199999996 -6.729120616000003
vp -4.0358021199999996 -8.6291206160000016
cstype bspline
deg 1
curv2 3031 3032
parm u 0 0 1.8999999999999986 1.8999999999999986
end
vp -4.0358021199999996 -8.6291206160000016
vp 4.0358021189999995 -8.6291206160000016
cstype bspline
deg 1
curv2 3033 3034
parm u 0 0 8.0716042389999991 8.0716042389999991
end
vp 4.0358021189999995 -8.6291206160000016
vp 4.0358021189999995 -6.729120616000003
cstype bspline
deg 1
curv2 3035 3036
parm u 0 0 1.8999999999999986 1.8999999999999986
end
v 71.212726216151196 9.2061797260000056 -158.35399507637774
v 71.212726216151196 9.2061797260000056 -168.04016016317775
v 73.492966216151203 9.2061797260000056 -158.35399507637774
v 73.492966216151203 9.2061797260000056 -168.04016016317775
cstype bspline
deg 1 1
surf -4.8430825438999996 4.8430825428999995 -8.8192406160000054 -6.5390006159999992 1861 1862 1863 1864
parm u -4.8430825438999996 -4.8430825438999996 4.8430825428999995 4.8430825428999995
parm v -8.8192406160000054 -8.8192406160000054 -6.5390006159999992 -6.5390006159999992
trim 0 8.0716042389999991 1023 0 1.8999999999999986 1024 0 8.0716042389999991 1025 0 1.8999999999999986 1026
end
# - trim loop
vp 1.5707963267948966 0.19012000000000029
vp 3.1415926535897931 0.19012000000000029
cstype bspline
deg 1
curv2 3037 3038
parm u -1.5145584887782246 -1.5145584887782246 0 0
end
vp 3.1415926535897931 0.19012000000000029
vp 3.1415926535897931 2.0901199999999989
cstype bspline
deg 1
curv2 3039 3040
parm u -1.8999999999999986 -1.8999999999999986 0 0
end
vp 3.1415926535897931 2.0901199999999989
vp 1.5707963267948966 2.0901199999999989
cstype bspline
deg 1
curv2 3041 3042
parm u -1.5145584887782246 -1.5145584887782246 0 0
end
vp 1.5707963267948966 2.0901199999999989
vp 1.5707963267948966 0.19012000000000029
cstype bspline
deg 1
curv2 3043 3044
parm u -1.8999999999999986 -1.8999999999999986 0 0
end
v 73.492966216151203 8.2419818460000052 -166.26868185927776 1
v 73.492966216151203 9.2061797260000056 -166.26868185927776 0.70710678118654757
v 73.492966216151203 9.2061797260000056 -167.23287973927776 1
v 73.492966216151203 9.2061797260000056 -168.19707761927776 0.70710678118654757
v 73.492966216151203 8.2419818460000052 -168.19707761927776 1
v 73.492966216151203 7.2777839660000048 -168.19707761927776 0.70710678118654757
v 73.492966216151203 7.2777839660000048 -167.23287973927776 1
v 73.492966216151203 7.2777839660000048 -166.26868185927776 0.70710678118654757
v 73.492966216151203 8.2419818460000052 -166.26868185927776 1
v 71.212726216151196 8.2419818460000052 -166.26868185927776 1
v 71.212726216151196 9.2061797260000056 -166.26868185927776 0.70710678118654757
v 71.212726216151196 9.2061797260000056 -167.23287973927776 1
v 71.212726216151196 9.2061797260000056 -168.19707761927776 0.70710678118654757
v 71.212726216151196 8.2419818460000052 -168.19707761927776 1
v 71.212726216151196 7.2777839660000048 -168.19707761927776 0.70710678118654757
v 71.212726216151196 7.2777839660000048 -167.23287973927776 1
v 71.212726216151196 7.2777839660000048 -166.26868185927776 0.70710678118654757
v 71.212726216151196 8.2419818460000052 -166.26868185927776 1
cstype rat bspline
deg 2 1
surf 0 6.2831853071795862 0 2.2802400000000063 1865 1866 1867 1868 1869 1870 1871 1872 1873 1874 1875 1876 1877 1878 1879 1880 1881 1882
parm u 0 0 0 1.5707963267948966 1.5707963267948966 3.1415926535897931 3.1415926535897931 4.7123889803846897 4.7123889803846897 6.2831853071795862 6.2831853071795862 6.2831853071795862
parm v 0 0 2.2802400000000063 2.2802400000000063
trim -1.5145584887782246 0 1027 -1.8999999999999986 0 1028 -1.5145584887782246 0 1029 -1.8999999999999986 0 1030
end
# - trim loop
vp -6.729120616000003 -0.035802119999999604
vp -6.729120616000003 0.035802119999999604
cstype bspline
deg 1
curv2 3045 3046
parm u 0 0 0.071604239999999209 0.071604239999999209
end
vp -6.729120616000003 0.035802119999999604
vp -8.6291206160000016 0.035802119999999604
cstype bspline
deg 1
curv2 3047 3048
parm u 0 0 1.8999999999999986 1.8999999999999986
end
vp -8.6291206160000016 0.035802119999999604
vp -8.6291206160000016 -0.035802119999999604
cstype bspline
deg 1
curv2 3049 3050
parm u 0 0 0.071604239999999209 0.071604239999999209
end
vp -8.6291206160000016 -0.035802119999999604
vp -6.729120616000003 -0.035802119999999604
cstype bspline
deg 1
curv2 3051 3052
parm u 0 0 1.8999999999999986 1.8999999999999986
end
v 71.212726216151196 7.5630971820000061 -168.19707762027775
v 73.492966216151203 7.5630971820000061 -168.19707762027775
v 71.212726216151196 8.8492622700000041 -168.19707762027775
v 73.492966216151203 8.8492622700000041 -168.19707762027775
cstype bspline
deg 1 1
surf -8.8192406160000054 -6.5390006159999992 -0.6430825439999992 0.6430825439999992 1883 1884 1885 1886
parm u -8.8192406160000054 -8.8192406160000054 -6.5390006159999992 -6.5390006159999992
parm v -0.6430825439999992 -0.6430825439999992 0.6430825439999992 0.6430825439999992
trim 0 0.071604239999999209 1031 0 1.8999999999999986 1032 0 0.071604239999999209 1033 0 1.8999999999999986 1034
end
# - trim loop
vp 3.1415926535897931 0.19012000000000029
vp 4.7123889803846897 0.19012000000000029
cstype bspline
deg 1
curv2 3053 3054
parm u -1.5145584887782246 -1.5145584887782246 0 0
end
vp 4.7123889803846897 0.19012000000000029
vp 4.7123889803846897 2.0901199999999989
cstype bspline
deg 1
curv2 3055 3056
parm u -1.8999999999999986 -1.8999999999999986 0 0
end
vp 4.7123889803846897 2.0901199999999989
vp 3.1415926535897931 2.0901199999999989
cstype bspline
deg 1
curv2 3057 3058
parm u -1.5145584887782246 -1.5145584887782246 0 0
end
vp 3.1415926535897931 2.0901199999999989
vp 3.1415926535897931 0.19012000000000029
cstype bspline
deg 1
curv2 3059 3060
parm u -1.8999999999999986 -1.8999999999999986 0 0
end
v 73.492966216151203 8.170377606000006 -166.26868185927776 1
v 73.492966216151203 9.1345754860000064 -166.26868185927776 0.70710678118654757
v 73.492966216151203 9.1345754860000064 -167.23287973927776 1
v 73.492966216151203 9.1345754860000064 -168.19707761927776 0.70710678118654757
v 73.492966216151203 8.170377606000006 -168.19707761927776 1
v 73.492966216151203 7.2061797260000064 -168.19707761927776 0.70710678118654757
v 73.492966216151203 7.2061797260000056 -167.23287973927776 1
v 73.492966216151203 7.2061797260000064 -166.26868185927776 0.70710678118654757
v 73.492966216151203 8.170377606000006 -166.26868185927776 1
v 71.212726216151196 8.170377606000006 -166.26868185927776 1
v 71.212726216151196 9.1345754860000064 -166.26868185927776 0.70710678118654757
v 71.212726216151196 9.1345754860000064 -167.23287973927776 1
v 71.212726216151196 9.1345754860000064 -168.19707761927776 0.70710678118654757
v 71.212726216151196 8.170377606000006 -168.19707761927776 1
v 71.212726216151196 7.2061797260000064 -168.19707761927776 0.70710678118654757
v 71.212726216151196 7.2061797260000056 -167.23287973927776 1
v 71.212726216151196 7.2061797260000064 -166.26868185927776 0.70710678118654757
v 71.212726216151196 8.170377606000006 -166.26868185927776 1
cstype rat bspline
deg 2 1
surf 0 6.2831853071795862 0 2.2802400000000063 1887 1888 1889 1890 1891 1892 1893 1894 1895 1896 1897 1898 1899 1900 1901 1902 1903 1904
parm u 0 0 0 1.5707963267948966 1.5707963267948966 3.1415926535897931 3.1415926535897931 4.7123889803846897 4.7123889803846897 6.2831853071795862 6.2831853071795862 6.2831853071795862
parm v 0 0 2.2802400000000063 2.2802400000000063
trim -1.5145584887782246 0 1035 -1.8999999999999986 0 1036 -1.5145584887782246 0 1037 -1.8999999999999986 0 1038
end
# - trim loop
vp 4.0358021199999996 -6.729120616000003
vp -4.0358021189999995 -6.729120616000003
cstype bspline
deg 1
curv2 3061 3062
parm u 0 0 8.0716042389999991 8.0716042389999991
end
vp -4.0358021189999995 -6.729120616000003
vp -4.0358021189999995 -8.6291206160000016
cstype bspline
deg 1
curv2 3063 3064
parm u 0 0 1.8999999999999986 1.8999999999999986
end
vp -4.0358021189999995 -8.6291206160000016
vp 4.0358021199999996 -8.6291206160000016
cstype bspline
deg 1
curv2 3065 3066
parm u 0 0 8.0716042389999991 8.0716042389999991
end
vp 4.0358021199999996 -8.6291206160000016
vp 4.0358021199999996 -6.729120616000003
cstype bspline
deg 1
curv2 3067 3068
parm u 0 0 1.8999999999999986 1.8999999999999986
end
v 71.212726216151196 7.2061797260000056 -168.04016016317775
v 71.212726216151196 7.2061797260000056 -158.35399507637774
v 73.492966216151203 7.2061797260000056 -168.04016016317775
v 73.492966216151203 7.2061797260000056 -158.35399507637774
cstype bspline
deg 1 1
surf -4.8430825428999995 4.8430825438999996 -8.8192406160000054 -6.5390006159999992 1905 1906 1907 1908
parm u -4.8430825428999995 -4.8430825428999995 4.8430825438999996 4.8430825438999996
parm v -8.8192406160000054 -8.8192406160000054 -6.5390006159999992 -6.5390006159999992
trim 0 8.0716042389999991 1039 0 1.8999999999999986 1040 0 8.0716042389999991 1041 0 1.8999999999999986 1042
end
# - trim loop
vp 1.5707963267948966 0.19012000000000029
vp 3.1415926535897931 0.19012000000000029
cstype bspline
deg 1
curv2 3069 3070
parm u -1.5145584882074263 -1.5145584882074263 0 0
end
vp 3.1415926535897931 0.19012000000000029
vp 3.1415926535897931 2.0901199999999989
cstype bspline
deg 1
curv2 3071 3072
parm u -1.8999999999999986 -1.8999999999999986 0 0
end
vp 3.1415926535897931 2.0901199999999989
vp 1.5707963267948966 2.0901199999999989
cstype bspline
deg 1
curv2 3073 3074
parm u -1.5145584882074263 -1.5145584882074263 0 0
end
vp 1.5707963267948966 2.0901199999999989
vp 1.5707963267948966 0.19012000000000029
cstype bspline
deg 1
curv2 3075 3076
parm u -1.8999999999999986 -1.8999999999999986 0 0
end
v 73.492966216151203 11.746638191000006 -160.12547338027775 1
v 73.492966216151203 10.782440311000006 -160.12547338027775 0.70710678118654757
v 73.492966216151203 10.782440311000006 -159.16127550027775 1
v 73.492966216151203 10.782440311000006 -158.19707762027775 0.70710678118654757
v 73.492966216151203 11.746638191000006 -158.19707762027775 1
v 73.492966216151203 12.710836071000006 -158.19707762027775 0.70710678118654757
v 73.492966216151203 12.710836071000006 -159.16127550027775 1
v 73.492966216151203 12.710836071000006 -160.12547338027775 0.70710678118654757
v 73.492966216151203 11.746638191000006 -160.12547338027775 1
v 71.212726216151196 11.746638191000006 -160.12547338027775 1
v 71.212726216151196 10.782440311000006 -160.12547338027775 0.70710678118654757
v 71.212726216151196 10.782440311000006 -159.16127550027775 1
v 71.212726216151196 10.782440311000006 -158.19707762027775 0.70710678118654757
v 71.212726216151196 11.746638191000006 -158.19707762027775 1
v 71.212726216151196 12.710836071000006 -158.19707762027775 0.70710678118654757
v 71.212726216151196 12.710836071000006 -159.16127550027775 1
v 71.212726216151196 12.710836071000006 -160.12547338027775 0.70710678118654757
v 71.212726216151196 11.746638191000006 -160.12547338027775 1
cstype rat bspline
deg 2 1
surf 0 6.2831853071795862 0 2.2802400000000063 1909 1910 1911 1912 1913 1914 1915 1916 1917 1918 1919 1920 1921 1922 1923 1924 1925 1926
parm u 0 0 0 1.5707963267948966 1.5707963267948966 3.1415926535897931 3.1415926535897931 4.7123889803846897 4.7123889803846897 6.2831853071795862 6.2831853071795862 6.2831853071795862
parm v 0 0 2.2802400000000063 2.2802400000000063
trim -1.5145584882074263 0 1043 -1.8999999999999986 0 1044 -1.5145584882074263 0 1045 -1.8999999999999986 0 1046
end
# - trim loop
vp 6.729120616000003 0.035802119999999604
vp 6.729120616000003 -0.035802119999999604
cstype bspline
deg 1
curv2 3077 3078
parm u 0 0 0.071604239999999209 0.071604239999999209
end
vp 6.729120616000003 -0.035802119999999604
vp 8.6291206160000016 -0.035802119999999604
cstype bspline
deg 1
curv2 3079 3080
parm u 0 0 1.8999999999999986 1.8999999999999986
end
vp 8.6291206160000016 -0.035802119999999604
vp 8.6291206160000016 0.035802119999999604
cstype bspline
deg 1
curv2 3081 3082
parm u 0 0 0.071604239999999209 0.071604239999999209
end
vp 8.6291206160000016 0.035802119999999604
vp 6.729120616000003 0.035802119999999604
cstype bspline
deg 1
curv2 3083 3084
parm u 0 0 1.8999999999999986 1.8999999999999986
end
v 73.492966216151203 11.139357767000007 -158.19707762027775
v 71.212726216151196 11.139357767000007 -158.19707762027775
v 73.492966216151203 12.425522855000004 -158.19707762027775
v 71.212726216151196 12.425522855000004 -158.19707762027775
cstype bspline
deg 1 1
surf 6.5390006159999992 8.8192406160000054 -0.6430825439999992 0.6430825439999992 1927 1928 1929 1930
parm u 6.5390006159999992 6.5390006159999992 8.8192406160000054 8.8192406160000054
parm v -0.6430825439999992 -0.6430825439999992 0.6430825439999992 0.6430825439999992
trim 0 0.071604239999999209 1047 0 1.8999999999999986 1048 0 0.071604239999999209 1049 0 1.8999999999999986 1050
end
# - trim loop
vp 3.1415926535897931 0.19012000000000029
vp 4.7123889803846897 0.19012000000000029
cstype bspline
deg 1
curv2 3085 3086
parm u -1.5145584882074263 -1.5145584882074263 0 0
end
vp 4.7123889803846897 0.19012000000000029
vp 4.7123889803846897 2.0901199999999989
cstype bspline
deg 1
curv2 3087 3088
parm u -1.8999999999999986 -1.8999999999999986 0 0
end
vp 4.7123889803846897 2.0901199999999989
vp 3.1415926535897931 2.0901199999999989
cstype bspline
deg 1
curv2 3089 3090
parm u -1.5145584882074263 -1.5145584882074263 0 0
end
vp 3.1415926535897931 2.0901199999999989
vp 3.1415926535897931 0.19012000000000029
cstype bspline
deg 1
curv2 3091 3092
parm u -1.8999999999999986 -1.8999999999999986 0 0
end
v 73.492966216151203 11.818242431000005 -160.12547338027775 1
v 73.492966216151203 10.854044551000005 -160.12547338027775 0.70710678118654757
v 73.492966216151203 10.854044551000005 -159.16127550027775 1
v 73.492966216151203 10.854044551000005 -158.19707762027775 0.70710678118654757
v 73.492966216151203 11.818242431000005 -158.19707762027775 1
v 73.492966216151203 12.782440311000004 -158.19707762027775 0.70710678118654757
v 73.492966216151203 12.782440311000006 -159.16127550027775 1
v 73.492966216151203 12.782440311000004 -160.12547338027775 0.70710678118654757
v 73.492966216151203 11.818242431000005 -160.12547338027775 1
v 71.212726216151196 11.818242431000005 -160.12547338027775 1
v 71.212726216151196 10.854044551000005 -160.12547338027775 0.70710678118654757
v 71.212726216151196 10.854044551000005 -159.16127550027775 1
v 71.212726216151196 10.854044551000005 -158.19707762027775 0.70710678118654757
v 71.212726216151196 11.818242431000005 -158.19707762027775 1
v 71.212726216151196 12.782440311000004 -158.19707762027775 0.70710678118654757
v 71.212726216151196 12.782440311000006 -159.16127550027775 1
v 71.212726216151196 12.782440311000004 -160.12547338027775 0.70710678118654757
v 71.212726216151196 11.818242431000005 -160.12547338027775 1
cstype rat bspline
deg 2 1
surf 0 6.2831853071795862 0 2.2802400000000063 1931 1932 1933 1934 1935 1936 1937 1938 1939 1940 1941 1942 1943 1944 1945 1946 1947 1948
parm u 0 0 0 1.5707963267948966 1.5707963267948966 3.1415926535897931 3.1415926535897931 4.7123889803846897 4.7123889803846897 6.2831853071795862 6.2831853071795862 6.2831853071795862
parm v 0 0 2.2802400000000063 2.2802400000000063
trim -1.5145584882074263 0 1051 -1.8999999999999986 0 1052 -1.5145584882074263 0 1053 -1.8999999999999986 0 1054
end
# - trim loop
vp 4.0358021189999995 -6.729120616000003
vp -4.0358021199999996 -6.729120616000003
cstype bspline
deg 1
curv2 3093 3094
parm u 0 0 8.0716042389999991 8.0716042389999991
end
vp -4.0358021199999996 -6.729120616000003
vp -4.0358021199999996 -8.6291206160000016
cstype bspline
deg 1
curv2 3095 3096
parm u 0 0 1.8999999999999986 1.8999999999999986
end
vp -4.0358021199999996 -8.6291206160000016
vp 4.0358021189999995 -8.6291206160000016
cstype bspline
deg 1
curv2 3097 3098
parm u 0 0 8.0716042389999991 8.0716042389999991
end
vp 4.0358021189999995 -8.6291206160000016
vp 4.0358021189999995 -6.729120616000003
cstype bspline
deg 1
curv2 3099 3100
parm u 0 0 1.8999999999999986 1.8999999999999986
end
v 71.212726216151196 12.782440311000006 -158.35399507637774
v 71.212726216151196 12.782440311000006 -168.04016016317775
v 73.492966216151203 12.782440311000006 -158.35399507637774
v 73.492966216151203 12.782440311000006 -168.04016016317775
cstype bspline
deg 1 1
surf -4.8430825438999996 4.8430825428999995 -8.8192406160000054 -6.5390006159999992 1949 1950 1951 1952
parm u -4.8430825438999996 -4.8430825438999996 4.8430825428999995 4.8430825428999995
parm v -8.8192406160000054 -8.8192406160000054 -6.5390006159999992 -6.5390006159999992
trim 0 8.0716042389999991 1055 0 1.8999999999999986 1056 0 8.0716042389999991 1057 0 1.8999999999999986 1058
end
# - trim loop
vp 1.5707963267948966 0.19012000000000029
vp 3.1415926535897931 0.19012000000000029
cstype bspline
deg 1
curv2 3101 3102
parm u -1.5145584887782246 -1.5145584887782246 0 0
end
vp 3.1415926535897931 0.19012000000000029
vp 3.1415926535897931 2.0901199999999989
cstype bspline
deg 1
curv2 3103 3104
parm u -1.8999999999999986 -1.8999999999999986 0 0
end
vp 3.1415926535897931 2.0901199999999989
vp 1.5707963267948966 2.0901199999999989
cstype bspline
deg 1
curv2 3105 3106
parm u -1.5145584887782246 -1.5145584887782246 0 0
end
vp 1.5707963267948966 2.0901199999999989
vp 1.5707963267948966 0.19012000000000029
cstype bspline
deg 1
curv2 3107 3108
parm u -1.8999999999999986 -1.8999999999999986 0 0
end
v 73.492966216151203 11.818242431000005 -166.26868185927776 1
v 73.492966216151203 12.782440311000004 -166.26868185927776 0.70710678118654757
v 73.492966216151203 12.782440311000006 -167.23287973927776 1
v 73.492966216151203 12.782440311000004 -168.19707761927776 0.70710678118654757
v 73.492966216151203 11.818242431000005 -168.19707761927776 1
v 73.492966216151203 10.854044551000005 -168.19707761927776 0.70710678118654757
v 73.492966216151203 10.854044551000005 -167.23287973927776 1
v 73.492966216151203 10.854044551000005 -166.26868185927776 0.70710678118654757
v 73.492966216151203 11.818242431000005 -166.26868185927776 1
v 71.212726216151196 11.818242431000005 -166.26868185927776 1
v 71.212726216151196 12.782440311000004 -166.26868185927776 0.70710678118654757
v 71.212726216151196 12.782440311000006 -167.23287973927776 1
v 71.212726216151196 12.782440311000004 -168.19707761927776 0.70710678118654757
v 71.212726216151196 11.818242431000005 -168.19707761927776 1
v 71.212726216151196 10.854044551000005 -168.19707761927776 0.70710678118654757
v 71.212726216151196 10.854044551000005 -167.23287973927776 1
v 71.212726216151196 10.854044551000005 -166.26868185927776 0.70710678118654757
v 71.212726216151196 11.818242431000005 -166.26868185927776 1
cstype rat bspline
deg 2 1
surf 0 6.2831853071795862 0 2.2802400000000063 1953 1954 1955 1956 1957 1958 1959 1960 1961 1962 1963 1964 1965 1966 1967 1968 1969 1970
parm u 0 0 0 1.5707963267948966 1.5707963267948966 3.1415926535897931 3.1415926535897931 4.7123889803846897 4.7123889803846897 6.2831853071795862 6.2831853071795862 6.2831853071795862
parm v 0 0 2.2802400000000063 2.2802400000000063
trim -1.5145584887782246 0 1059 -1.8999999999999986 0 1060 -1.5145584887782246 0 1061 -1.8999999999999986 0 1062
end
# - trim loop
vp -6.729120616000003 -0.035802119999999604
vp -6.729120616000003 0.035802119999999604
cstype bspline
deg 1
curv2 3109 3110
parm u 0 0 0.071604239999999209 0.071604239999999209
end
vp -6.729120616000003 0.035802119999999604
vp -8.6291206160000016 0.035802119999999604
cstype bspline
deg 1
curv2 3111 3112
parm u 0 0 1.8999999999999986 1.8999999999999986
end
vp -8.6291206160000016 0.035802119999999604
vp -8.6291206160000016 -0.035802119999999604
cstype bspline
deg 1
curv2 3113 3114
parm u 0 0 0.071604239999999209 0.071604239999999209
end
vp -8.6291206160000016 -0.035802119999999604
vp -6.729120616000003 -0.035802119999999604
cstype bspline
deg 1
curv2 3115 3116
parm u 0 0 1.8999999999999986 1.8999999999999986
end
v 71.212726216151196 11.139357767000007 -168.19707762027775
v 73.492966216151203 11.139357767000007 -168.19707762027775
v 71.212726216151196 12.425522855000004 -168.19707762027775
v 73.492966216151203 12.425522855000004 -168.19707762027775
cstype bspline
deg 1 1
surf -8.8192406160000054 -6.5390006159999992 -0.6430825439999992 0.6430825439999992 1971 1972 1973 1974
parm u -8.8192406160000054 -8.8192406160000054 -6.5390006159999992 -6.5390006159999992
parm v -0.6430825439999992 -0.6430825439999992 0.6430825439999992 0.6430825439999992
trim 0 0.071604239999999209 1063 0 1.8999999999999986 1064 0 0.071604239999999209 1065 0 1.8999999999999986 1066
end
# - trim loop
vp 3.1415926535897931 0.19012000000000029
vp 4.7123889803846897 0.19012000000000029
cstype bspline
deg 1
curv2 3117 3118
parm u -1.5145584887782246 -1.5145584887782246 0 0
end
vp 4.7123889803846897 0.19012000000000029
vp 4.7123889803846897 2.0901199999999989
cstype bspline
deg 1
curv2 3119 3120
parm u -1.8999999999999986 -1.8999999999999986 0 0
end
vp 4.7123889803846897 2.0901199999999989
vp 3.1415926535897931 2.0901199999999989
cstype bspline
deg 1
curv2 3121 3122
parm u -1.5145584887782246 -1.5145584887782246 0 0
end
vp 3.1415926535897931 2.0901199999999989
vp 3.1415926535897931 0.19012000000000029
cstype bspline
deg 1
curv2 3123 3124
parm u -1.8999999999999986 -1.8999999999999986 0 0
end
v 73.492966216151203 11.746638191000006 -166.26868185927776 1
v 73.492966216151203 12.710836071000006 -166.26868185927776 0.70710678118654757
v 73.492966216151203 12.710836071000006 -167.23287973927776 1
v 73.492966216151203 12.710836071000006 -168.19707761927776 0.70710678118654757
v 73.492966216151203 11.746638191000006 -168.19707761927776 1
v 73.492966216151203 10.782440311000006 -168.19707761927776 0.70710678118654757
v 73.492966216151203 10.782440311000006 -167.23287973927776 1
v 73.492966216151203 10.782440311000006 -166.26868185927776 0.70710678118654757
v 73.492966216151203 11.746638191000006 -166.26868185927776 1
v 71.212726216151196 11.746638191000006 -166.26868185927776 1
v 71.212726216151196 12.710836071000006 -166.26868185927776 0.70710678118654757
v 71.212726216151196 12.710836071000006 -167.23287973927776 1
v 71.212726216151196 12.710836071000006 -168.19707761927776 0.70710678118654757
v 71.212726216151196 11.746638191000006 -168.19707761927776 1
v 71.212726216151196 10.782440311000006 -168.19707761927776 0.70710678118654757
v 71.212726216151196 10.782440311000006 -167.23287973927776 1
v 71.212726216151196 10.782440311000006 -166.26868185927776 0.70710678118654757
v 71.212726216151196 11.746638191000006 -166.26868185927776 1
cstype rat bspline
deg 2 1
surf 0 6.2831853071795862 0 2.2802400000000063 1975 1976 1977 1978 1979 1980 1981 1982 1983 1984 1985 1986 1987 1988 1989 1990 1991 1992
parm u 0 0 0 1.5707963267948966 1.5707963267948966 3.1415926535897931 3.1415926535897931 4.7123889803846897 4.7123889803846897 6.2831853071795862 6.2831853071795862 6.2831853071795862
parm v 0 0 2.2802400000000063 2.2802400000000063
trim -1.5145584887782246 0 1067 -1.8999999999999986 0 1068 -1.5145584887782246 0 1069 -1.8999999999999986 0 1070
end
# - trim loop
vp 4.0358021199999996 -6.729120616000003
vp -4.0358021189999995 -6.729120616000003
cstype bspline
deg 1
curv2 3125 3126
parm u 0 0 8.0716042389999991 8.0716042389999991
end
vp -4.0358021189999995 -6.729120616000003
vp -4.0358021189999995 -8.6291206160000016
cstype bspline
deg 1
curv2 3127 3128
parm u 0 0 1.8999999999999986 1.8999999999999986
end
vp -4.0358021189999995 -8.6291206160000016
vp 4.0358021199999996 -8.6291206160000016
cstype bspline
deg 1
curv2 3129 3130
parm u 0 0 8.0716042389999991 8.0716042389999991
end
vp 4.0358021199999996 -8.6291206160000016
vp 4.0358021199999996 -6.729120616000003
cstype bspline
deg 1
curv2 3131 3132
parm u 0 0 1.8999999999999986 1.8999999999999986
end
v 71.212726216151196 10.782440311000006 -168.04016016317775
v 71.212726216151196 10.782440311000006 -158.35399507637774
v 73.492966216151203 10.782440311000006 -168.04016016317775
v 73.492966216151203 10.782440311000006 -158.35399507637774
cstype bspline
deg 1 1
surf -4.8430825428999995 4.8430825438999996 -8.8192406160000054 -6.5390006159999992 1993 1994 1995 1996
parm u -4.8430825428999995 -4.8430825428999995 4.8430825438999996 4.8430825438999996
parm v -8.8192406160000054 -8.8192406160000054 -6.5390006159999992 -6.5390006159999992
trim 0 8.0716042389999991 1071 0 1.8999999999999986 1072 0 8.0716042389999991 1073 0 1.8999999999999986 1074
end
# - trim loop
vp 1.5707963267948966 0.19012000000000029
vp 3.1415926535897931 0.19012000000000029
cstype bspline
deg 1
curv2 3133 3134
parm u -1.5145584882074263 -1.5145584882074263 0 0
end
vp 3.1415926535897931 0.19012000000000029
vp 3.1415926535897931 2.0901199999999989
cstype bspline
deg 1
curv2 3135 3136
parm u -1.8999999999999986 -1.8999999999999986 0 0
end
vp 3.1415926535897931 2.0901199999999989
vp 1.5707963267948966 2.0901199999999989
cstype bspline
deg 1
curv2 3137 3138
parm u -1.5145584882074263 -1.5145584882074263 0 0
end
vp 1.5707963267948966 2.0901199999999989
vp 1.5707963267948966 0.19012000000000029
cstype bspline
deg 1
curv2 3139 3140
parm u -1.8999999999999986 -1.8999999999999986 0 0
end
v 73.492966216151203 15.322898775000006 -160.12547338027775 1
v 73.492966216151203 14.358700895000005 -160.12547338027775 0.70710678118654757
v 73.492966216151203 14.358700895000005 -159.16127550027775 1
v 73.492966216151203 14.358700895000005 -158.19707762027775 0.70710678118654757
v 73.492966216151203 15.322898775000006 -158.19707762027775 1
v 73.492966216151203 16.287096655000006 -158.19707762027775 0.70710678118654757
v 73.492966216151203 16.287096655000006 -159.16127550027775 1
v 73.492966216151203 16.287096655000006 -160.12547338027775 0.70710678118654757
v 73.492966216151203 15.322898775000006 -160.12547338027775 1
v 71.212726216151196 15.322898775000006 -160.12547338027775 1
v 71.212726216151196 14.358700895000005 -160.12547338027775 0.70710678118654757
v 71.212726216151196 14.358700895000005 -159.16127550027775 1
v 71.212726216151196 14.358700895000005 -158.19707762027775 0.70710678118654757
v 71.212726216151196 15.322898775000006 -158.19707762027775 1
v 71.212726216151196 16.287096655000006 -158.19707762027775 0.70710678118654757
v 71.212726216151196 16.287096655000006 -159.16127550027775 1
v 71.212726216151196 16.287096655000006 -160.12547338027775 0.70710678118654757
v 71.212726216151196 15.322898775000006 -160.12547338027775 1
cstype rat bspline
deg 2 1
surf 0 6.2831853071795862 0 2.2802400000000063 1997 1998 1999 2000 2001 2002 2003 2004 2005 2006 2007 2008 2009 2010 2011 2012 2013 2014
parm u 0 0 0 1.5707963267948966 1.5707963267948966 3.1415926535897931 3.1415926535897931 4.7123889803846897 4.7123889803846897 6.2831853071795862 6.2831853071795862 6.2831853071795862
parm v 0 0 2.2802400000000063 2.2802400000000063
trim -1.5145584882074263 0 1075 -1.8999999999999986 0 1076 -1.5145584882074263 0 1077 -1.8999999999999986 0 1078
end
# - trim loop
vp 6.729120616000003 0.035802119999999604
vp 6.729120616000003 -0.035802119999999604
cstype bspline
deg 1
curv2 3141 3142
parm u 0 0 0.071604239999999209 0.071604239999999209
end
vp 6.729120616000003 -0.035802119999999604
vp 8.6291206160000016 -0.035802119999999604
cstype bspline
deg 1
curv2 3143 3144
parm u 0 0 1.8999999999999986 1.8999999999999986
end
vp 8.6291206160000016 -0.035802119999999604
vp 8.6291206160000016 0.035802119999999604
cstype bspline
deg 1
curv2 3145 3146
parm u 0 0 0.071604239999999209 0.071604239999999209
end
vp 8.6291206160000016 0.035802119999999604
vp 6.729120616000003 0.035802119999999604
cstype bspline
deg 1
curv2 3147 3148
parm u 0 0 1.8999999999999986 1.8999999999999986
end
v 73.492966216151203 14.715618351000007 -158.19707762027775
v 71.212726216151196 14.715618351000007 -158.19707762027775
v 73.492966216151203 16.001783439000004 -158.19707762027775
v 71.212726216151196 16.001783439000004 -158.19707762027775
cstype bspline
deg 1 1
surf 6.5390006159999992 8.8192406160000054 -0.6430825439999992 0.6430825439999992 2015 2016 2017 2018
parm u 6.5390006159999992 6.5390006159999992 8.8192406160000054 8.8192406160000054
parm v -0.6430825439999992 -0.6430825439999992 0.6430825439999992 0.6430825439999992
trim 0 0.071604239999999209 1079 0 1.8999999999999986 1080 0 0.071604239999999209 1081 0 1.8999999999999986 1082
end
# - trim loop
vp 3.1415926535897931 0.19012000000000029
vp 4.7123889803846897 0.19012000000000029
cstype bspline
deg 1
curv2 3149 3150
parm u -1.5145584882074263 -1.5145584882074263 0 0
end
vp 4.7123889803846897 0.19012000000000029
vp 4.7123889803846897 2.0901199999999989
cstype bspline
deg 1
curv2 3151 3152
parm u -1.8999999999999986 -1.8999999999999986 0 0
end
vp 4.7123889803846897 2.0901199999999989
vp 3.1415926535897931 2.0901199999999989
cstype bspline
deg 1
curv2 3153 3154
parm u -1.5145584882074263 -1.5145584882074263 0 0
end
vp 3.1415926535897931 2.0901199999999989
vp 3.1415926535897931 0.19012000000000029
cstype bspline
deg 1
curv2 3155 3156
parm u -1.8999999999999986 -1.8999999999999986 0 0
end
v 73.492966216151203 15.394503015000005 -160.12547338027775 1
v 73.492966216151203 14.430305135000003 -160.12547338027775 0.70710678118654757
v 73.492966216151203 14.430305135000005 -159.16127550027775 1
v 73.492966216151203 14.430305135000003 -158.19707762027775 0.70710678118654757
v 73.492966216151203 15.394503015000005 -158.19707762027775 1
v 73.492966216151203 16.358700895000005 -158.19707762027775 0.70710678118654757
v 73.492966216151203 16.358700895000005 -159.16127550027775 1
v 73.492966216151203 16.358700895000005 -160.12547338027775 0.70710678118654757
v 73.492966216151203 15.394503015000005 -160.12547338027775 1
v 71.212726216151196 15.394503015000005 -160.12547338027775 1
v 71.212726216151196 14.430305135000003 -160.12547338027775 0.70710678118654757
v 71.212726216151196 14.430305135000005 -159.16127550027775 1
v 71.212726216151196 14.430305135000003 -158.19707762027775 0.70710678118654757
v 71.212726216151196 15.394503015000005 -158.19707762027775 1
v 71.212726216151196 16.358700895000005 -158.19707762027775 0.70710678118654757
v 71.212726216151196 16.358700895000005 -159.16127550027775 1
v 71.212726216151196 16.358700895000005 -160.12547338027775 0.70710678118654757
v 71.212726216151196 15.394503015000005 -160.12547338027775 1
cstype rat bspline
deg 2 1
surf 0 6.2831853071795862 0 2.2802400000000063 2019 2020 2021 2022 2023 2024 2025 2026 2027 2028 2029 2030 2031 2032 2033 2034 2035 2036
parm u 0 0 0 1.5707963267948966 1.5707963267948966 3.1415926535897931 3.1415926535897931 4.7123889803846897 4.7123889803846897 6.2831853071795862 6.2831853071795862 6.2831853071795862
parm v 0 0 2.2802400000000063 2.2802400000000063
trim -1.5145584882074263 0 1083 -1.8999999999999986 0 1084 -1.5145584882074263 0 1085 -1.8999999999999986 0 1086
end
# - trim loop
vp 4.0358021189999995 -6.729120616000003
vp -4.0358021199999996 -6.729120616000003
cstype bspline
deg 1
curv2 3157 3158
parm u 0 0 8.0716042389999991 8.0716042389999991
end
vp -4.0358021199999996 -6.729120616000003
vp -4.0358021199999996 -8.6291206160000016
cstype bspline
deg 1
curv2 3159 3160
parm u 0 0 1.8999999999999986 1.8999999999999986
end
vp -4.0358021199999996 -8.6291206160000016
vp 4.0358021189999995 -8.6291206160000016
cstype bspline
deg 1
curv2 3161 3162
parm u 0 0 8.0716042389999991 8.0716042389999991
end
vp 4.0358021189999995 -8.6291206160000016
vp 4.0358021189999995 -6.729120616000003
cstype bspline
deg 1
curv2 3163 3164
parm u 0 0 1.8999999999999986 1.8999999999999986
end
v 71.212726216151196 16.358700895000005 -158.35399507637774
v 71.212726216151196 16.358700895000005 -168.04016016317775
v 73.492966216151203 16.358700895000005 -158.35399507637774
v 73.492966216151203 16.358700895000005 -168.04016016317775
cstype bspline
deg 1 1
surf -4.8430825438999996 4.8430825428999995 -8.8192406160000054 -6.5390006159999992 2037 2038 2039 2040
parm u -4.8430825438999996 -4.8430825438999996 4.8430825428999995 4.8430825428999995
parm v -8.8192406160000054 -8.8192406160000054 -6.5390006159999992 -6.5390006159999992
trim 0 8.0716042389999991 1087 0 1.8999999999999986 1088 0 8.0716042389999991 1089 0 1.8999999999999986 1090
end
# - trim loop
vp 1.5707963267948966 0.19012000000000029
vp 3.1415926535897931 0.19012000000000029
cstype bspline
deg 1
curv2 3165 3166
parm u -1.5145584887782246 -1.5145584887782246 0 0
end
vp 3.1415926535897931 0.19012000000000029
vp 3.1415926535897931 2.0901199999999989
cstype bspline
deg 1
curv2 3167 3168
parm u -1.8999999999999986 -1.8999999999999986 0 0
end
vp 3.1415926535897931 2.0901199999999989
vp 1.5707963267948966 2.0901199999999989
cstype bspline
deg 1
curv2 3169 3170
parm u -1.5145584887782246 -1.5145584887782246 0 0
end
vp 1.5707963267948966 2.0901199999999989
vp 1.5707963267948966 0.19012000000000029
cstype bspline
deg 1
curv2 3171 3172
parm u -1.8999999999999986 -1.8999999999999986 0 0
end
v 73.492966216151203 15.394503015000005 -166.26868185927776 1
v 73.492966216151203 16.358700895000005 -166.26868185927776 0.70710678118654757
v 73.492966216151203 16.358700895000005 -167.23287973927776 1
v 73.492966216151203 16.358700895000005 -168.19707761927776 0.70710678118654757
v 73.492966216151203 15.394503015000005 -168.19707761927776 1
v 73.492966216151203 14.430305135000003 -168.19707761927776 0.70710678118654757
v 73.492966216151203 14.430305135000005 -167.23287973927776 1
v 73.492966216151203 14.430305135000003 -166.26868185927776 0.70710678118654757
v 73.492966216151203 15.394503015000005 -166.26868185927776 1
v 71.212726216151196 15.394503015000005 -166.26868185927776 1
v 71.212726216151196 16.358700895000005 -166.26868185927776 0.70710678118654757
v 71.212726216151196 16.358700895000005 -167.23287973927776 1
v 71.212726216151196 16.358700895000005 -168.19707761927776 0.70710678118654757
v 71.212726216151196 15.394503015000005 -168.19707761927776 1
v 71.212726216151196 14.430305135000003 -168.19707761927776 0.70710678118654757
v 71.212726216151196 14.430305135000005 -167.23287973927776 1
v 71.212726216151196 14.430305135000003 -166.26868185927776 0.70710678118654757
v 71.212726216151196 15.394503015000005 -166.26868185927776 1
cstype rat bspline
deg 2 1
surf 0 6.2831853071795862 0 2.2802400000000063 2041 2042 2043 2044 2045 2046 2047 2048 2049 2050 2051 2052 2053 2054 2055 2056 2057 2058
parm u 0 0 0 1.5707963267948966 1.5707963267948966 3.1415926535897931 3.1415926535897931 4.7123889803846897 4.7123889803846897 6.2831853071795862 6.2831853071795862 6.2831853071795862
parm v 0 0 2.2802400000000063 2.2802400000000063
trim -1.5145584887782246 0 1091 -1.8999999999999986 0 1092 -1.5145584887782246 0 1093 -1.8999999999999986 0 1094
end
# - trim loop
vp -6.729120616000003 -0.035802119999999604
vp -6.729120616000003 0.035802119999999604
cstype bspline
deg 1
curv2 3173 3174
parm u 0 0 0.071604239999999209 0.071604239999999209
end
vp -6.729120616000003 0.035802119999999604
vp -8.6291206160000016 0.035802119999999604
cstype bspline
deg 1
curv2 3175 3176
parm u 0 0 1.8999999999999986 1.8999999999999986
end
vp -8.6291206160000016 0.035802119999999604
vp -8.6291206160000016 -0.035802119999999604
cstype bspline
deg 1
curv2 3177 3178
parm u 0 0 0.071604239999999209 0.071604239999999209
end
vp -8.6291206160000016 -0.035802119999999604
vp -6.729120616000003 -0.035802119999999604
cstype bspline
deg 1
curv2 3179 3180
parm u 0 0 1.8999999999999986 1.8999999999999986
end
v 71.212726216151196 14.715618351000007 -168.19707762027775
v 73.492966216151203 14.715618351000007 -168.19707762027775
v 71.212726216151196 16.001783439000004 -168.19707762027775
v 73.492966216151203 16.001783439000004 -168.19707762027775
cstype bspline
deg 1 1
surf -8.8192406160000054 -6.5390006159999992 -0.6430825439999992 0.6430825439999992 2059 2060 2061 2062
parm u -8.8192406160000054 -8.8192406160000054 -6.5390006159999992 -6.5390006159999992
parm v -0.6430825439999992 -0.6430825439999992 0.6430825439999992 0.6430825439999992
trim 0 0.071604239999999209 1095 0 1.8999999999999986 1096 0 0.071604239999999209 1097 0 1.8999999999999986 1098
end
# - trim loop
vp 3.1415926535897931 0.19012000000000029
vp 4.7123889803846897 0.19012000000000029
cstype bspline
deg 1
curv2 3181 3182
parm u -1.5145584887782246 -1.5145584887782246 0 0
end
vp 4.7123889803846897 0.19012000000000029
vp 4.7123889803846897 2.0901199999999989
cstype bspline
deg 1
curv2 3183 3184
parm u -1.8999999999999986 -1.8999999999999986 0 0
end
vp 4.7123889803846897 2.0901199999999989
vp 3.1415926535897931 2.0901199999999989
cstype bspline
deg 1
curv2 3185 3186
parm u -1.5145584887782246 -1.5145584887782246 0 0
end
vp 3.1415926535897931 2.0901199999999989
vp 3.1415926535897931 0.19012000000000029
cstype bspline
deg 1
curv2 3187 3188
parm u -1.8999999999999986 -1.8999999999999986 0 0
end
v 73.492966216151203 15.322898775000006 -166.26868185927776 1
v 73.492966216151203 16.287096655000006 -166.26868185927776 0.70710678118654757
v 73.492966216151203 16.287096655000006 -167.23287973927776 1
v 73.492966216151203 16.287096655000006 -168.19707761927776 0.70710678118654757
v 73.492966216151203 15.322898775000006 -168.19707761927776 1
v 73.492966216151203 14.358700895000005 -168.19707761927776 0.70710678118654757
v 73.492966216151203 14.358700895000005 -167.23287973927776 1
v 73.492966216151203 14.358700895000005 -166.26868185927776 0.70710678118654757
v 73.492966216151203 15.322898775000006 -166.26868185927776 1
v 71.212726216151196 15.322898775000006 -166.26868185927776 1
v 71.212726216151196 16.287096655000006 -166.26868185927776 0.70710678118654757
v 71.212726216151196 16.287096655000006 -167.23287973927776 1
v 71.212726216151196 16.287096655000006 -168.19707761927776 0.70710678118654757
v 71.212726216151196 15.322898775000006 -168.19707761927776 1
v 71.212726216151196 14.358700895000005 -168.19707761927776 0.70710678118654757
v 71.212726216151196 14.358700895000005 -167.23287973927776 1
v 71.212726216151196 14.358700895000005 -166.26868185927776 0.70710678118654757
v 71.212726216151196 15.322898775000006 -166.26868185927776 1
cstype rat bspline
deg 2 1
surf 0 6.2831853071795862 0 2.2802400000000063 2063 2064 2065 2066 2067 2068 2069 2070 2071 2072 2073 2074 2075 2076 2077 2078 2079 2080
parm u 0 0 0 1.5707963267948966 1.5707963267948966 3.1415926535897931 3.1415926535897931 4.7123889803846897 4.7123889803846897 6.2831853071795862 6.2831853071795862 6.2831853071795862
parm v 0 0 2.2802400000000063 2.2802400000000063
trim -1.5145584887782246 0 1099 -1.8999999999999986 0 1100 -1.5145584887782246 0 1101 -1.8999999999999986 0 1102
end
# - trim loop
vp 4.0358021199999996 -6.729120616000003
vp -4.0358021189999995 -6.729120616000003
cstype bspline
deg 1
curv2 3189 3190
parm u 0 0 8.0716042389999991 8.0716042389999991
end
vp -4.0358021189999995 -6.729120616000003
vp -4.0358021189999995 -8.6291206160000016
cstype bspline
deg 1
curv2 3191 3192
parm u 0 0 1.8999999999999986 1.8999999999999986
end
vp -4.0358021189999995 -8.6291206160000016
vp 4.0358021199999996 -8.6291206160000016
cstype bspline
deg 1
curv2 3193 3194
parm u 0 0 8.0716042389999991 8.0716042389999991
end
vp 4.0358021199999996 -8.6291206160000016
vp 4.0358021199999996 -6.729120616000003
cstype bspline
deg 1
curv2 3195 3196
parm u 0 0 1.8999999999999986 1.8999999999999986
end
v 71.212726216151196 14.358700895000005 -168.04016016317775
v 71.212726216151196 14.358700895000005 -158.35399507637774
v 73.492966216151203 14.358700895000005 -168.04016016317775
v 73.492966216151203 14.358700895000005 -158.35399507637774
cstype bspline
deg 1 1
surf -4.8430825428999995 4.8430825438999996 -8.8192406160000054 -6.5390006159999992 2081 2082 2083 2084
parm u -4.8430825428999995 -4.8430825428999995 4.8430825438999996 4.8430825438999996
parm v -8.8192406160000054 -8.8192406160000054 -6.5390006159999992 -6.5390006159999992
trim 0 8.0716042389999991 1103 0 1.8999999999999986 1104 0 8.0716042389999991 1105 0 1.8999999999999986 1106
end
# - trim loop
vp 1.5707963267948966 0.19012000000000029
vp 3.1415926535897931 0.19012000000000029
cstype bspline
deg 1
curv2 3197 3198
parm u -1.514558488207427 -1.514558488207427 0 0
end
vp 3.1415926535897931 0.19012000000000029
vp 3.1415926535897931 2.0901199999999989
cstype bspline
deg 1
curv2 3199 3200
parm u -1.8999999999999986 -1.8999999999999986 0 0
end
vp 3.1415926535897931 2.0901199999999989
vp 1.5707963267948966 2.0901199999999989
cstype bspline
deg 1
curv2 3201 3202
parm u -1.514558488207427 -1.514558488207427 0 0
end
vp 1.5707963267948966 2.0901199999999989
vp 1.5707963267948966 0.19012000000000029
cstype bspline
deg 1
curv2 3203 3204
parm u -1.8999999999999986 -1.8999999999999986 0 0
end
v 73.492966216151203 8.1590378520000044 -146.43011161627777 1
v 73.492966216151203 7.1948399719999747 -146.43011161627777 0.70710678118654757
v 73.492966216151203 7.1948399719999756 -145.46591373627774 1
v 73.492966216151203 7.1948399719999747 -144.5017158562777 0.70710678118654757
v 73.492966216151203 8.1590378520000044 -144.5017158562777 1
v 73.492966216151203 9.1232357320000332 -144.5017158562777 0.70710678118654757
v 73.492966216151203 9.1232357320000332 -145.46591373627774 1
v 73.492966216151203 9.1232357320000332 -146.43011161627777 0.70710678118654757
v 73.492966216151203 8.1590378520000044 -146.43011161627777 1
v 71.212726216151196 8.1590378520000044 -146.43011161627777 1
v 71.212726216151196 7.1948399719999747 -146.43011161627777 0.70710678118654757
v 71.212726216151196 7.1948399719999756 -145.46591373627774 1
v 71.212726216151196 7.1948399719999747 -144.5017158562777 0.70710678118654757
v 71.212726216151196 8.1590378520000044 -144.5017158562777 1
v 71.212726216151196 9.1232357320000332 -144.5017158562777 0.70710678118654757
v 71.212726216151196 9.1232357320000332 -145.46591373627774 1
v 71.212726216151196 9.1232357320000332 -146.43011161627777 0.70710678118654757
v 71.212726216151196 8.1590378520000044 -146.43011161627777 1
cstype rat bspline
deg 2 1
surf 0 6.2831853071795862 0 2.2802400000000063 2085 2086 2087 2088 2089 2090 2091 2092 2093 2094 2095 2096 2097 2098 2099 2100 2101 2102
parm u 0 0 0 1.5707963267948966 1.5707963267948966 3.1415926535897931 3.1415926535897931 4.7123889803846897 4.7123889803846897 6.2831853071795862 6.2831853071795862 6.2831853071795862
parm v 0 0 2.2802400000000063 2.2802400000000063
trim -1.514558488207427 0 1107 -1.8999999999999986 0 1108 -1.514558488207427 0 1109 -1.8999999999999986 0 1110
end
# - trim loop
vp 6.729120616000003 0.035802119999999604
vp 6.729120616000003 -0.035802120000001381
cstype bspline
deg 1
curv2 3205 3206
parm u 0 0 0.071604240000000985 0.071604240000000985
end
vp 6.729120616000003 -0.035802120000001381
vp 8.6291206160000016 -0.035802120000001381
cstype bspline
deg 1
curv2 3207 3208
parm u 0 0 1.8999999999999986 1.8999999999999986
end
vp 8.6291206160000016 -0.035802120000001381
vp 8.6291206160000016 0.035802119999999604
cstype bspline
deg 1
curv2 3209 3210
parm u 0 0 0.071604240000000985 0.071604240000000985
end
vp 8.6291206160000016 0.035802119999999604
vp 6.729120616000003 0.035802119999999604
cstype bspline
deg 1
curv2 3211 3212
parm u 0 0 1.8999999999999986 1.8999999999999986
end
v 73.492966216151203 7.5517574280000046 -144.50171585627777
v 71.212726216151196 7.5517574280000046 -144.50171585627777
v 73.492966216151203 8.8379225160000061 -144.50171585627777
v 71.212726216151196 8.8379225160000061 -144.50171585627777
cstype bspline
deg 1 1
surf 6.5390006159999992 8.8192406160000054 -0.6430825440000012 0.64308254399999942 2103 2104 2105 2106
parm u 6.5390006159999992 6.5390006159999992 8.8192406160000054 8.8192406160000054
parm v -0.6430825440000012 -0.6430825440000012 0.64308254399999942 0.64308254399999942
trim 0 0.071604240000000985 1111 0 1.8999999999999986 1112 0 0.071604240000000985 1113 0 1.8999999999999986 1114
end
# - trim loop
vp 3.1415926535897931 0.19012000000000029
vp 4.7123889803846897 0.19012000000000029
cstype bspline
deg 1
curv2 3213 3214
parm u -1.514558488207427 -1.514558488207427 0 0
end
vp 4.7123889803846897 0.19012000000000029
vp 4.7123889803846897 2.0901199999999989
cstype bspline
deg 1
curv2 3215 3216
parm u -1.8999999999999986 -1.8999999999999986 0 0
end
vp 4.7123889803846897 2.0901199999999989
vp 3.1415926535897931 2.0901199999999989
cstype bspline
deg 1
curv2 3217 3218
parm u -1.514558488207427 -1.514558488207427 0 0
end
vp 3.1415926535897931 2.0901199999999989
vp 3.1415926535897931 0.19012000000000029
cstype bspline
deg 1
curv2 3219 3220
parm u -1.8999999999999986 -1.8999999999999986 0 0
end
v 73.492966216151203 8.2306420920000054 -146.43011161627777 1
v 73.492966216151203 7.2664442119999766 -146.43011161627777 0.70710678118654757
v 73.492966216151203 7.2664442119999766 -145.46591373627774 1
v 73.492966216151203 7.2664442119999766 -144.5017158562777 0.70710678118654757
v 73.492966216151203 8.2306420920000054 -144.5017158562777 1
v 73.492966216151203 9.1948399720000342 -144.5017158562777 0.70710678118654757
v 73.492966216151203 9.1948399720000342 -145.46591373627774 1
v 73.492966216151203 9.1948399720000342 -146.43011161627777 0.70710678118654757
v 73.492966216151203 8.2306420920000054 -146.43011161627777 1
v 71.212726216151196 8.2306420920000054 -146.43011161627777 1
v 71.212726216151196 7.2664442119999766 -146.43011161627777 0.70710678118654757
v 71.212726216151196 7.2664442119999766 -145.46591373627774 1
v 71.212726216151196 7.2664442119999766 -144.5017158562777 0.70710678118654757
v 71.212726216151196 8.2306420920000054 -144.5017158562777 1
v 71.212726216151196 9.1948399720000342 -144.5017158562777 0.70710678118654757
v 71.212726216151196 9.1948399720000342 -145.46591373627774 1
v 71.212726216151196 9.1948399720000342 -146.43011161627777 0.70710678118654757
v 71.212726216151196 8.2306420920000054 -146.43011161627777 1
cstype rat bspline
deg 2 1
surf 0 6.2831853071795862 0 2.2802400000000063 2107 2108 2109 2110 2111 2112 2113 2114 2115 2116 2117 2118 2119 2120 2121 2122 2123 2124
parm u 0 0 0 1.5707963267948966 1.5707963267948966 3.1415926535897931 3.1415926535897931 4.7123889803846897 4.7123889803846897 6.2831853071795862 6.2831853071795862 6.2831853071795862
parm v 0 0 2.2802400000000063 2.2802400000000063
trim -1.514558488207427 0 1115 -1.8999999999999986 0 1116 -1.514558488207427 0 1117 -1.8999999999999986 0 1118
end
# - trim loop
vp 4.0358021199999996 -6.729120616000003
vp -4.0358021200000005 -6.729120616000003
cstype bspline
deg 1
curv2 3221 3222
parm u 0 0 8.071604240000001 8.071604240000001
end
vp -4.0358021200000005 -6.729120616000003
vp -4.0358021200000005 -8.6291206160000016
cstype bspline
deg 1
curv2 3223 3224
parm u 0 0 1.8999999999999986 1.8999999999999986
end
vp -4.0358021200000005 -8.6291206160000016
vp 4.0358021199999996 -8.6291206160000016
cstype bspline
deg 1
curv2 3225 3226
parm u 0 0 8.071604240000001 8.071604240000001
end
vp 4.0358021199999996 -8.6291206160000016
vp 4.0358021199999996 -6.729120616000003
cstype bspline
deg 1
curv2 3227 3228
parm u 0 0 1.8999999999999986 1.8999999999999986
end
v 71.212726216151196 9.1948399720000058 -144.65863331227777
v 71.212726216151196 9.1948399720000058 -154.34479840027777
v 73.492966216151203 9.1948399720000058 -144.65863331227777
v 73.492966216151203 9.1948399720000058 -154.34479840027777
cstype bspline
deg 1 1
surf -4.8430825440000005 4.8430825440000005 -8.8192406160000054 -6.5390006159999992 2125 2126 2127 2128
parm u -4.8430825440000005 -4.8430825440000005 4.8430825440000005 4.8430825440000005
parm v -8.8192406160000054 -8.8192406160000054 -6.5390006159999992 -6.5390006159999992
trim 0 8.071604240000001 1119 0 1.8999999999999986 1120 0 8.071604240000001 1121 0 1.8999999999999986 1122
end
# - trim loop
vp 1.5707963267948966 0.19012000000000029
vp 3.1415926535897931 0.19012000000000029
cstype bspline
deg 1
curv2 3229 3230
parm u -1.5145584882074263 -1.5145584882074263 0 0
end
vp 3.1415926535897931 0.19012000000000029
vp 3.1415926535897931 2.0901199999999989
cstype bspline
deg 1
curv2 3231 3232
parm u -1.8999999999999986 -1.8999999999999986 0 0
end
vp 3.1415926535897931 2.0901199999999989
vp 1.5707963267948966 2.0901199999999989
cstype bspline
deg 1
curv2 3233 3234
parm u -1.5145584882074263 -1.5145584882074263 0 0
end
vp 1.5707963267948966 2.0901199999999989
vp 1.5707963267948966 0.19012000000000029
cstype bspline
deg 1
curv2 3235 3236
parm u -1.8999999999999986 -1.8999999999999986 0 0
end
v 73.492966216151203 8.2306420920000054 -152.57332009627777 1
v 73.492966216151203 9.1948399720000058 -152.57332009627777 0.70710678118654757
v 73.492966216151203 9.1948399720000058 -153.53751797627777 1
v 73.492966216151203 9.1948399720000058 -154.50171585627777 0.70710678118654757
v 73.492966216151203 8.2306420920000054 -154.50171585627777 1
v 73.492966216151203 7.266444212000005 -154.50171585627777 0.70710678118654757
v 73.492966216151203 7.266444212000005 -153.53751797627777 1
v 73.492966216151203 7.266444212000005 -152.57332009627777 0.70710678118654757
v 73.492966216151203 8.2306420920000054 -152.57332009627777 1
v 71.212726216151196 8.2306420920000054 -152.57332009627777 1
v 71.212726216151196 9.1948399720000058 -152.57332009627777 0.70710678118654757
v 71.212726216151196 9.1948399720000058 -153.53751797627777 1
v 71.212726216151196 9.1948399720000058 -154.50171585627777 0.70710678118654757
v 71.212726216151196 8.2306420920000054 -154.50171585627777 1
v 71.212726216151196 7.266444212000005 -154.50171585627777 0.70710678118654757
v 71.212726216151196 7.266444212000005 -153.53751797627777 1
v 71.212726216151196 7.266444212000005 -152.57332009627777 0.70710678118654757
v 71.212726216151196 8.2306420920000054 -152.57332009627777 1
cstype rat bspline
deg 2 1
surf 0 6.2831853071795862 0 2.2802400000000063 2129 2130 2131 2132 2133 2134 2135 2136 2137 2138 2139 2140 2141 2142 2143 2144 2145 2146
parm u 0 0 0 1.5707963267948966 1.5707963267948966 3.1415926535897931 3.1415926535897931 4.7123889803846897 4.7123889803846897 6.2831853071795862 6.2831853071795862 6.2831853071795862
parm v 0 0 2.2802400000000063 2.2802400000000063
trim -1.5145584882074263 0 1123 -1.8999999999999986 0 1124 -1.5145584882074263 0 1125 -1.8999999999999986 0 1126
end
# - trim loop
vp -6.729120616000003 -0.035802120000001381
vp -6.729120616000003 0.035802119999999604
cstype bspline
deg 1
curv2 3237 3238
parm u 0 0 0.071604240000000985 0.071604240000000985
end
vp -6.729120616000003 0.035802119999999604
vp -8.6291206160000016 0.035802119999999604
cstype bspline
deg 1
curv2 3239 3240
parm u 0 0 1.8999999999999986 1.8999999999999986
end
vp -8.6291206160000016 0.035802119999999604
vp -8.6291206160000016 -0.035802120000001381
cstype bspline
deg 1
curv2 3241 3242
parm u 0 0 0.071604240000000985 0.071604240000000985
end
vp -8.6291206160000016 -0.035802120000001381
vp -6.729120616000003 -0.035802120000001381
cstype bspline
deg 1
curv2 3243 3244
parm u 0 0 1.8999999999999986 1.8999999999999986
end
v 71.212726216151196 7.5517574280000046 -154.50171585627777
v 73.492966216151203 7.5517574280000046 -154.50171585627777
v 71.212726216151196 8.8379225160000061 -154.50171585627777
v 73.492966216151203 8.8379225160000061 -154.50171585627777
cstype bspline
deg 1 1
surf -8.8192406160000054 -6.5390006159999992 -0.6430825440000012 0.64308254399999942 2147 2148 2149 2150
parm u -8.8192406160000054 -8.8192406160000054 -6.5390006159999992 -6.5390006159999992
parm v -0.6430825440000012 -0.6430825440000012 0.64308254399999942 0.64308254399999942
trim 0 0.071604240000000985 1127 0 1.8999999999999986 1128 0 0.071604240000000985 1129 0 1.8999999999999986 1130
end
# - trim loop
vp 3.1415926535897931 0.19012000000000029
vp 4.7123889803846897 0.19012000000000029
cstype bspline
deg 1
curv2 3245 3246
parm u -1.5145584882074263 -1.5145584882074263 0 0
end
vp 4.7123889803846897 0.19012000000000029
vp 4.7123889803846897 2.0901199999999989
cstype bspline
deg 1
curv2 3247 3248
parm u -1.8999999999999986 -1.8999999999999986 0 0
end
vp 4.7123889803846897 2.0901199999999989
vp 3.1415926535897931 2.0901199999999989
cstype bspline
deg 1
curv2 3249 3250
parm u -1.5145584882074263 -1.5145584882074263 0 0
end
vp 3.1415926535897931 2.0901199999999989
vp 3.1415926535897931 0.19012000000000029
cstype bspline
deg 1
curv2 3251 3252
parm u -1.8999999999999986 -1.8999999999999986 0 0
end
v 73.492966216151203 8.1590378520000044 -152.57332009627777 1
v 73.492966216151203 9.1232357320000048 -152.57332009627777 0.70710678118654757
v 73.492966216151203 9.1232357320000048 -153.53751797627777 1
v 73.492966216151203 9.1232357320000048 -154.50171585627777 0.70710678118654757
v 73.492966216151203 8.1590378520000044 -154.50171585627777 1
v 73.492966216151203 7.194839972000004 -154.50171585627777 0.70710678118654757
v 73.492966216151203 7.194839972000004 -153.53751797627777 1
v 73.492966216151203 7.194839972000004 -152.57332009627777 0.70710678118654757
v 73.492966216151203 8.1590378520000044 -152.57332009627777 1
v 71.212726216151196 8.1590378520000044 -152.57332009627777 1
v 71.212726216151196 9.1232357320000048 -152.57332009627777 0.70710678118654757
v 71.212726216151196 9.1232357320000048 -153.53751797627777 1
v 71.212726216151196 9.1232357320000048 -154.50171585627777 0.70710678118654757
v 71.212726216151196 8.1590378520000044 -154.50171585627777 1
v 71.212726216151196 7.194839972000004 -154.50171585627777 0.70710678118654757
v 71.212726216151196 7.194839972000004 -153.53751797627777 1
v 71.212726216151196 7.194839972000004 -152.57332009627777 0.70710678118654757
v 71.212726216151196 8.1590378520000044 -152.57332009627777 1
cstype rat bspline
deg 2 1
surf 0 6.2831853071795862 0 2.2802400000000063 2151 2152 2153 2154 2155 2156 2157 2158 2159 2160 2161 2162 2163 2164 2165 2166 2167 2168
parm u 0 0 0 1.5707963267948966 1.5707963267948966 3.1415926535897931 3.1415926535897931 4.7123889803846897 4.7123889803846897 6.2831853071795862 6.2831853071795862 6.2831853071795862
parm v 0 0 2.2802400000000063 2.2802400000000063
trim -1.5145584882074263 0 1131 -1.8999999999999986 0 1132 -1.5145584882074263 0 1133 -1.8999999999999986 0 1134
end
# - trim loop
vp 4.0358021200000005 -6.729120616000003
vp -4.0358021199999996 -6.729120616000003
cstype bspline
deg 1
curv2 3253 3254
parm u 0 0 8.071604240000001 8.071604240000001
end
vp -4.0358021199999996 -6.729120616000003
vp -4.0358021199999996 -8.6291206160000016
cstype bspline
deg 1
curv2 3255 3256
parm u 0 0 1.8999999999999986 1.8999999999999986
end
vp -4.0358021199999996 -8.6291206160000016
vp 4.0358021200000005 -8.6291206160000016
cstype bspline
deg 1
curv2 3257 3258
parm u 0 0 8.071604240000001 8.071604240000001
end
vp 4.0358021200000005 -8.6291206160000016
vp 4.0358021200000005 -6.729120616000003
cstype bspline
deg 1
curv2 3259 3260
parm u 0 0 1.8999999999999986 1.8999999999999986
end
v 71.212726216151196 7.1948399720000049 -154.34479840027777
v 71.212726216151196 7.1948399720000049 -144.65863331227777
v 73.492966216151203 7.1948399720000049 -154.34479840027777
v 73.492966216151203 7.1948399720000049 -144.65863331227777
cstype bspline
deg 1 1
surf -4.8430825440000005 4.8430825440000005 -8.8192406160000054 -6.5390006159999992 2169 2170 2171 2172
parm u -4.8430825440000005 -4.8430825440000005 4.8430825440000005 4.8430825440000005
parm v -8.8192406160000054 -8.8192406160000054 -6.5390006159999992 -6.5390006159999992
trim 0 8.071604240000001 1135 0 1.8999999999999986 1136 0 8.071604240000001 1137 0 1.8999999999999986 1138
end
# - trim loop
vp 1.5707963267948966 0.19012000000000029
vp 3.1415926535897931 0.19012000000000029
cstype bspline
deg 1
curv2 3261 3262
parm u -1.5145584882074266 -1.5145584882074266 0 0
end
vp 3.1415926535897931 0.19012000000000029
vp 3.1415926535897931 2.0901199999999989
cstype bspline
deg 1
curv2 3263 3264
parm u -1.8999999999999986 -1.8999999999999986 0 0
end
vp 3.1415926535897931 2.0901199999999989
vp 1.5707963267948966 2.0901199999999989
cstype bspline
deg 1
curv2 3265 3266
parm u -1.5145584882074266 -1.5145584882074266 0 0
end
vp 1.5707963267948966 2.0901199999999989
vp 1.5707963267948966 0.19012000000000029
cstype bspline
deg 1
curv2 3267 3268
parm u -1.8999999999999986 -1.8999999999999986 0 0
end
v 73.492966216151203 11.735298436000004 -146.43011161627777 1
v 73.492966216151203 10.771100555999976 -146.43011161627777 0.70710678118654757
v 73.492966216151203 10.771100555999976 -145.46591373627774 1
v 73.492966216151203 10.771100555999976 -144.5017158562777 0.70710678118654757
v 73.492966216151203 11.735298436000004 -144.5017158562777 1
v 73.492966216151203 12.699496316000031 -144.5017158562777 0.70710678118654757
v 73.492966216151203 12.699496316000033 -145.46591373627774 1
v 73.492966216151203 12.699496316000031 -146.43011161627777 0.70710678118654757
v 73.492966216151203 11.735298436000004 -146.43011161627777 1
v 71.212726216151196 11.735298436000004 -146.43011161627777 1
v 71.212726216151196 10.771100555999976 -146.43011161627777 0.70710678118654757
v 71.212726216151196 10.771100555999976 -145.46591373627774 1
v 71.212726216151196 10.771100555999976 -144.5017158562777 0.70710678118654757
v 71.212726216151196 11.735298436000004 -144.5017158562777 1
v 71.212726216151196 12.699496316000031 -144.5017158562777 0.70710678118654757
v 71.212726216151196 12.699496316000033 -145.46591373627774 1
v 71.212726216151196 12.699496316000031 -146.43011161627777 0.70710678118654757
v 71.212726216151196 11.735298436000004 -146.43011161627777 1
cstype rat bspline
deg 2 1
surf 0 6.2831853071795862 0 2.2802400000000063 2173 2174 2175 2176 2177 2178 2179 2180 2181 2182 2183 2184 2185 2186 2187 2188 2189 2190
parm u 0 0 0 1.5707963267948966 1.5707963267948966 3.1415926535897931 3.1415926535897931 4.7123889803846897 4.7123889803846897 6.2831853071795862 6.2831853071795862 6.2831853071795862
parm v 0 0 2.2802400000000063 2.2802400000000063
trim -1.5145584882074266 0 1139 -1.8999999999999986 0 1140 -1.5145584882074266 0 1141 -1.8999999999999986 0 1142
end
# - trim loop
vp 6.729120616000003 0.035802119999999604
vp 6.729120616000003 -0.035802120000001381
cstype bspline
deg 1
curv2 3269 3270
parm u 0 0 0.071604240000000985 0.071604240000000985
end
vp 6.729120616000003 -0.035802120000001381
vp 8.6291206160000016 -0.035802120000001381
cstype bspline
deg 1
curv2 3271 3272
parm u 0 0 1.8999999999999986 1.8999999999999986
end
vp 8.6291206160000016 -0.035802120000001381
vp 8.6291206160000016 0.035802119999999604
cstype bspline
deg 1
curv2 3273 3274
parm u 0 0 0.071604240000000985 0.071604240000000985
end
vp 8.6291206160000016 0.035802119999999604
vp 6.729120616000003 0.035802119999999604
cstype bspline
deg 1
curv2 3275 3276
parm u 0 0 1.8999999999999986 1.8999999999999986
end
v 73.492966216151203 11.128018012000005 -144.50171585627777
v 71.212726216151196 11.128018012000005 -144.50171585627777
v 73.492966216151203 12.414183100000006 -144.50171585627777
v 71.212726216151196 12.414183100000006 -144.50171585627777
cstype bspline
deg 1 1
surf 6.5390006159999992 8.8192406160000054 -0.6430825440000012 0.64308254399999942 2191 2192 2193 2194
parm u 6.5390006159999992 6.5390006159999992 8.8192406160000054 8.8192406160000054
parm v -0.6430825440000012 -0.6430825440000012 0.64308254399999942 0.64308254399999942
trim 0 0.071604240000000985 1143 0 1.8999999999999986 1144 0 0.071604240000000985 1145 0 1.8999999999999986 1146
end
# - trim loop
vp 3.1415926535897931 0.19012000000000029
vp 4.7123889803846897 0.19012000000000029
cstype bspline
deg 1
curv2 3277 3278
parm u -1.5145584882074261 -1.5145584882074261 0 0
end
vp 4.7123889803846897 0.19012000000000029
vp 4.7123889803846897 2.0901199999999989
cstype bspline
deg 1
curv2 3279 3280
parm u -1.8999999999999986 -1.8999999999999986 0 0
end
vp 4.7123889803846897 2.0901199999999989
vp 3.1415926535897931 2.0901199999999989
cstype bspline
deg 1
curv2 3281 3282
parm u -1.5145584882074261 -1.5145584882074261 0 0
end
vp 3.1415926535897931 2.0901199999999989
vp 3.1415926535897931 0.19012000000000029
cstype bspline
deg 1
curv2 3283 3284
parm u -1.8999999999999986 -1.8999999999999986 0 0
end
v 73.492966216151203 11.806902676000005 -146.43011161627777 1
v 73.492966216151203 10.842704795999976 -146.43011161627777 0.70710678118654757
v 73.492966216151203 10.842704795999976 -145.46591373627774 1
v 73.492966216151203 10.842704795999976 -144.5017158562777 0.70710678118654757
v 73.492966216151203 11.806902676000005 -144.5017158562777 1
v 73.492966216151203 12.771100556000034 -144.5017158562777 0.70710678118654757
v 73.492966216151203 12.771100556000034 -145.46591373627774 1
v 73.492966216151203 12.771100556000034 -146.43011161627777 0.70710678118654757
v 73.492966216151203 11.806902676000005 -146.43011161627777 1
v 71.212726216151196 11.806902676000005 -146.43011161627777 1
v 71.212726216151196 10.842704795999976 -146.43011161627777 0.70710678118654757
v 71.212726216151196 10.842704795999976 -145.46591373627774 1
v 71.212726216151196 10.842704795999976 -144.5017158562777 0.70710678118654757
v 71.212726216151196 11.806902676000005 -144.5017158562777 1
v 71.212726216151196 12.771100556000034 -144.5017158562777 0.70710678118654757
v 71.212726216151196 12.771100556000034 -145.46591373627774 1
v 71.212726216151196 12.771100556000034 -146.43011161627777 0.70710678118654757
v 71.212726216151196 11.806902676000005 -146.43011161627777 1
cstype rat bspline
deg 2 1
surf 0 6.2831853071795862 0 2.2802400000000063 2195 2196 2197 2198 2199 2200 2201 2202 2203 2204 2205 2206 2207 2208 2209 2210 2211 2212
parm u 0 0 0 1.5707963267948966 1.5707963267948966 3.1415926535897931 3.1415926535897931 4.7123889803846897 4.7123889803846897 6.2831853071795862 6.2831853071795862 6.2831853071795862
parm v 0 0 2.2802400000000063 2.2802400000000063
trim -1.5145584882074261 0 1147 -1.8999999999999986 0 1148 -1.5145584882074261 0 1149 -1.8999999999999986 0 1150
end
# - trim loop
vp 4.0358021199999996 -6.729120616000003
vp -4.0358021200000005 -6.729120616000003
cstype bspline
deg 1
curv2 3285 3286
parm u 0 0 8.071604240000001 8.071604240000001
end
vp -4.0358021200000005 -6.729120616000003
vp -4.0358021200000005 -8.6291206160000016
cstype bspline
deg 1
curv2 3287 3288
parm u 0 0 1.8999999999999986 1.8999999999999986
end
vp -4.0358021200000005 -8.6291206160000016
vp 4.0358021199999996 -8.6291206160000016
cstype bspline
deg 1
curv2 3289 3290
parm u 0 0 8.071604240000001 8.071604240000001
end
vp 4.0358021199999996 -8.6291206160000016
vp 4.0358021199999996 -6.729120616000003
cstype bspline
deg 1
curv2 3291 3292
parm u 0 0 1.8999999999999986 1.8999999999999986
end
v 71.212726216151196 12.771100556000006 -144.65863331227777
v 71.212726216151196 12.771100556000006 -154.34479840027777
v 73.492966216151203 12.771100556000006 -144.65863331227777
v 73.492966216151203 12.771100556000006 -154.34479840027777
cstype bspline
deg 1 1
surf -4.8430825440000005 4.8430825440000005 -8.8192406160000054 -6.5390006159999992 2213 2214 2215 2216
parm u -4.8430825440000005 -4.8430825440000005 4.8430825440000005 4.8430825440000005
parm v -8.8192406160000054 -8.8192406160000054 -6.5390006159999992 -6.5390006159999992
trim 0 8.071604240000001 1151 0 1.8999999999999986 1152 0 8.071604240000001 1153 0 1.8999999999999986 1154
end
# - trim loop
vp 1.5707963267948966 0.19012000000000029
vp 3.1415926535897931 0.19012000000000029
cstype bspline
deg 1
curv2 3293 3294
parm u -1.5145584882074263 -1.5145584882074263 0 0
end
vp 3.1415926535897931 0.19012000000000029
vp 3.1415926535897931 2.0901199999999989
cstype bspline
deg 1
curv2 3295 3296
parm u -1.8999999999999986 -1.8999999999999986 0 0
end
vp 3.1415926535897931 2.0901199999999989
vp 1.5707963267948966 2.0901199999999989
cstype bspline
deg 1
curv2 3297 3298
parm u -1.5145584882074263 -1.5145584882074263 0 0
end
vp 1.5707963267948966 2.0901199999999989
vp 1.5707963267948966 0.19012000000000029
cstype bspline
deg 1
curv2 3299 3300
parm u -1.8999999999999986 -1.8999999999999986 0 0
end
v 73.492966216151203 11.806902676000005 -152.57332009627777 1
v 73.492966216151203 12.771100556000006 -152.57332009627777 0.70710678118654757
v 73.492966216151203 12.771100556000006 -153.53751797627777 1
v 73.492966216151203 12.771100556000006 -154.50171585627777 0.70710678118654757
v 73.492966216151203 11.806902676000005 -154.50171585627777 1
v 73.492966216151203 10.842704796000005 -154.50171585627777 0.70710678118654757
v 73.492966216151203 10.842704796000005 -153.53751797627777 1
v 73.492966216151203 10.842704796000005 -152.57332009627777 0.70710678118654757
v 73.492966216151203 11.806902676000005 -152.57332009627777 1
v 71.212726216151196 11.806902676000005 -152.57332009627777 1
v 71.212726216151196 12.771100556000006 -152.57332009627777 0.70710678118654757
v 71.212726216151196 12.771100556000006 -153.53751797627777 1
v 71.212726216151196 12.771100556000006 -154.50171585627777 0.70710678118654757
v 71.212726216151196 11.806902676000005 -154.50171585627777 1
v 71.212726216151196 10.842704796000005 -154.50171585627777 0.70710678118654757
v 71.212726216151196 10.842704796000005 -153.53751797627777 1
v 71.212726216151196 10.842704796000005 -152.57332009627777 0.70710678118654757
v 71.212726216151196 11.806902676000005 -152.57332009627777 1
cstype rat bspline
deg 2 1
surf 0 6.2831853071795862 0 2.2802400000000063 2217 2218 2219 2220 2221 2222 2223 2224 2225 2226 2227 2228 2229 2230 2231 2232 2233 2234
parm u 0 0 0 1.5707963267948966 1.5707963267948966 3.1415926535897931 3.1415926535897931 4.7123889803846897 4.7123889803846897 6.2831853071795862 6.2831853071795862 6.2831853071795862
parm v 0 0 2.2802400000000063 2.2802400000000063
trim -1.5145584882074263 0 1155 -1.8999999999999986 0 1156 -1.5145584882074263 0 1157 -1.8999999999999986 0 1158
end
# - trim loop
vp -6.729120616000003 -0.035802120000001381
vp -6.729120616000003 0.035802119999999604
cstype bspline
deg 1
curv2 3301 3302
parm u 0 0 0.071604240000000985 0.071604240000000985
end
vp -6.729120616000003 0.035802119999999604
vp -8.6291206160000016 0.035802119999999604
cstype bspline
deg 1
curv2 3303 3304
parm u 0 0 1.8999999999999986 1.8999999999999986
end
vp -8.6291206160000016 0.035802119999999604
vp -8.6291206160000016 -0.035802120000001381
cstype bspline
deg 1
curv2 3305 3306
parm u 0 0 0.071604240000000985 0.071604240000000985
end
vp -8.6291206160000016 -0.035802120000001381
vp -6.729120616000003 -0.035802120000001381
cstype bspline
deg 1
curv2 3307 3308
parm u 0 0 1.8999999999999986 1.8999999999999986
end
v 71.212726216151196 11.128018012000005 -154.50171585627777
v 73.492966216151203 11.128018012000005 -154.50171585627777
v 71.212726216151196 12.414183100000006 -154.50171585627777
v 73.492966216151203 12.414183100000006 -154.50171585627777
cstype bspline
deg 1 1
surf -8.8192406160000054 -6.5390006159999992 -0.6430825440000012 0.64308254399999942 2235 2236 2237 2238
parm u -8.8192406160000054 -8.8192406160000054 -6.5390006159999992 -6.5390006159999992
parm v -0.6430825440000012 -0.6430825440000012 0.64308254399999942 0.64308254399999942
trim 0 0.071604240000000985 1159 0 1.8999999999999986 1160 0 0.071604240000000985 1161 0 1.8999999999999986 1162
end
# - trim loop
vp 3.1415926535897931 0.19012000000000029
vp 4.7123889803846897 0.19012000000000029
cstype bspline
deg 1
curv2 3309 3310
parm u -1.5145584882074261 -1.5145584882074261 0 0
end
vp 4.7123889803846897 0.19012000000000029
vp 4.7123889803846897 2.0901199999999989
cstype bspline
deg 1
curv2 3311 3312
parm u -1.8999999999999986 -1.8999999999999986 0 0
end
vp 4.7123889803846897 2.0901199999999989
vp 3.1415926535897931 2.0901199999999989
cstype bspline
deg 1
curv2 3313 3314
parm u -1.5145584882074261 -1.5145584882074261 0 0
end
vp 3.1415926535897931 2.0901199999999989
vp 3.1415926535897931 0.19012000000000029
cstype bspline
deg 1
curv2 3315 3316
parm u -1.8999999999999986 -1.8999999999999986 0 0
end
v 73.492966216151203 11.735298436000004 -152.57332009627777 1
v 73.492966216151203 12.699496316000005 -152.57332009627777 0.70710678118654757
v 73.492966216151203 12.699496316000005 -153.53751797627777 1
v 73.492966216151203 12.699496316000005 -154.50171585627777 0.70710678118654757
v 73.492966216151203 11.735298436000004 -154.50171585627777 1
v 73.492966216151203 10.771100556000004 -154.50171585627777 0.70710678118654757
v 73.492966216151203 10.771100556000004 -153.53751797627777 1
v 73.492966216151203 10.771100556000004 -152.57332009627777 0.70710678118654757
v 73.492966216151203 11.735298436000004 -152.57332009627777 1
v 71.212726216151196 11.735298436000004 -152.57332009627777 1
v 71.212726216151196 12.699496316000005 -152.57332009627777 0.70710678118654757
v 71.212726216151196 12.699496316000005 -153.53751797627777 1
v 71.212726216151196 12.699496316000005 -154.50171585627777 0.70710678118654757
v 71.212726216151196 11.735298436000004 -154.50171585627777 1
v 71.212726216151196 10.771100556000004 -154.50171585627777 0.70710678118654757
v 71.212726216151196 10.771100556000004 -153.53751797627777 1
v 71.212726216151196 10.771100556000004 -152.57332009627777 0.70710678118654757
v 71.212726216151196 11.735298436000004 -152.57332009627777 1
cstype rat bspline
deg 2 1
surf 0 6.2831853071795862 0 2.2802400000000063 2239 2240 2241 2242 2243 2244 2245 2246 2247 2248 2249 2250 2251 2252 2253 2254 2255 2256
parm u 0 0 0 1.5707963267948966 1.5707963267948966 3.1415926535897931 3.1415926535897931 4.7123889803846897 4.7123889803846897 6.2831853071795862 6.2831853071795862 6.2831853071795862
parm v 0 0 2.2802400000000063 2.2802400000000063
trim -1.5145584882074261 0 1163 -1.8999999999999986 0 1164 -1.5145584882074261 0 1165 -1.8999999999999986 0 1166
end
# - trim loop
vp 4.0358021200000005 -6.729120616000003
vp -4.0358021199999996 -6.729120616000003
cstype bspline
deg 1
curv2 3317 3318
parm u 0 0 8.071604240000001 8.071604240000001
end
vp -4.0358021199999996 -6.729120616000003
vp -4.0358021199999996 -8.6291206160000016
cstype bspline
deg 1
curv2 3319 3320
parm u 0 0 1.8999999999999986 1.8999999999999986
end
vp -4.0358021199999996 -8.6291206160000016
vp 4.0358021200000005 -8.6291206160000016
cstype bspline
deg 1
curv2 3321 3322
parm u 0 0 8.071604240000001 8.071604240000001
end
vp 4.0358021200000005 -8.6291206160000016
vp 4.0358021200000005 -6.729120616000003
cstype bspline
deg 1
curv2 3323 3324
parm u 0 0 1.8999999999999986 1.8999999999999986
end
v 71.212726216151196 10.771100556000006 -154.34479840027777
v 71.212726216151196 10.771100556000006 -144.65863331227777
v 73.492966216151203 10.771100556000006 -154.34479840027777
v 73.492966216151203 10.771100556000006 -144.65863331227777
cstype bspline
deg 1 1
surf -4.8430825440000005 4.8430825440000005 -8.8192406160000054 -6.5390006159999992 2257 2258 2259 2260
parm u -4.8430825440000005 -4.8430825440000005 4.8430825440000005 4.8430825440000005
parm v -8.8192406160000054 -8.8192406160000054 -6.5390006159999992 -6.5390006159999992
trim 0 8.071604240000001 1167 0 1.8999999999999986 1168 0 8.071604240000001 1169 0 1.8999999999999986 1170
end
# - trim loop
vp 1.5707963267948966 0.19012000000000029
vp 3.1415926535897931 0.19012000000000029
cstype bspline
deg 1
curv2 3325 3326
parm u -1.5145584882074266 -1.5145584882074266 0 0
end
vp 3.1415926535897931 0.19012000000000029
vp 3.1415926535897931 2.0901199999999989
cstype bspline
deg 1
curv2 3327 3328
parm u -1.8999999999999986 -1.8999999999999986 0 0
end
vp 3.1415926535897931 2.0901199999999989
vp 1.5707963267948966 2.0901199999999989
cstype bspline
deg 1
curv2 3329 3330
parm u -1.5145584882074266 -1.5145584882074266 0 0
end
vp 1.5707963267948966 2.0901199999999989
vp 1.5707963267948966 0.19012000000000029
cstype bspline
deg 1
curv2 3331 3332
parm u -1.8999999999999986 -1.8999999999999986 0 0
end
v 73.492966216151203 15.311559021000004 -146.43011161627777 1
v 73.492966216151203 14.347361140999976 -146.43011161627777 0.70710678118654757
v 73.492966216151203 14.347361140999976 -145.46591373627774 1
v 73.492966216151203 14.347361140999976 -144.5017158562777 0.70710678118654757
v 73.492966216151203 15.311559021000004 -144.5017158562777 1
v 73.492966216151203 16.275756901000033 -144.5017158562777 0.70710678118654757
v 73.492966216151203 16.275756901000033 -145.46591373627774 1
v 73.492966216151203 16.275756901000033 -146.43011161627777 0.70710678118654757
v 73.492966216151203 15.311559021000004 -146.43011161627777 1
v 71.212726216151196 15.311559021000004 -146.43011161627777 1
v 71.212726216151196 14.347361140999976 -146.43011161627777 0.70710678118654757
v 71.212726216151196 14.347361140999976 -145.46591373627774 1
v 71.212726216151196 14.347361140999976 -144.5017158562777 0.70710678118654757
v 71.212726216151196 15.311559021000004 -144.5017158562777 1
v 71.212726216151196 16.275756901000033 -144.5017158562777 0.70710678118654757
v 71.212726216151196 16.275756901000033 -145.46591373627774 1
v 71.212726216151196 16.275756901000033 -146.43011161627777 0.70710678118654757
v 71.212726216151196 15.311559021000004 -146.43011161627777 1
cstype rat bspline
deg 2 1
surf 0 6.2831853071795862 0 2.2802400000000063 2261 2262 2263 2264 2265 2266 2267 2268 2269 2270 2271 2272 2273 2274 2275 2276 2277 2278
parm u 0 0 0 1.5707963267948966 1.5707963267948966 3.1415926535897931 3.1415926535897931 4.7123889803846897 4.7123889803846897 6.2831853071795862 6.2831853071795862 6.2831853071795862
parm v 0 0 2.2802400000000063 2.2802400000000063
trim -1.5145584882074266 0 1171 -1.8999999999999986 0 1172 -1.5145584882074266 0 1173 -1.8999999999999986 0 1174
end
# - trim loop
vp 6.729120616000003 0.035802119999999604
vp 6.729120616000003 -0.035802120000001381
cstype bspline
deg 1
curv2 3333 3334
parm u 0 0 0.071604240000000985 0.071604240000000985
end
vp 6.729120616000003 -0.035802120000001381
vp 8.6291206160000016 -0.035802120000001381
cstype bspline
deg 1
curv2 3335 3336
parm u 0 0 1.8999999999999986 1.8999999999999986
end
vp 8.6291206160000016 -0.035802120000001381
vp 8.6291206160000016 0.035802119999999604
cstype bspline
deg 1
curv2 3337 3338
parm u 0 0 0.071604240000000985 0.071604240000000985
end
vp 8.6291206160000016 0.035802119999999604
vp 6.729120616000003 0.035802119999999604
cstype bspline
deg 1
curv2 3339 3340
parm u 0 0 1.8999999999999986 1.8999999999999986
end
v 73.492966216151203 14.704278597000005 -144.50171585627777
v 71.212726216151196 14.704278597000005 -144.50171585627777
v 73.492966216151203 15.990443685000006 -144.50171585627777
v 71.212726216151196 15.990443685000006 -144.50171585627777
cstype bspline
deg 1 1
surf 6.5390006159999992 8.8192406160000054 -0.6430825440000012 0.64308254399999942 2279 2280 2281 2282
parm u 6.5390006159999992 6.5390006159999992 8.8192406160000054 8.8192406160000054
parm v -0.6430825440000012 -0.6430825440000012 0.64308254399999942 0.64308254399999942
trim 0 0.071604240000000985 1175 0 1.8999999999999986 1176 0 0.071604240000000985 1177 0 1.8999999999999986 1178
end
# - trim loop
vp 3.1415926535897931 0.19012000000000029
vp 4.7123889803846897 0.19012000000000029
cstype bspline
deg 1
curv2 3341 3342
parm u -1.5145584882074263 -1.5145584882074263 0 0
end
vp 4.7123889803846897 0.19012000000000029
vp 4.7123889803846897 2.0901199999999989
cstype bspline
deg 1
curv2 3343 3344
parm u -1.8999999999999986 -1.8999999999999986 0 0
end
vp 4.7123889803846897 2.0901199999999989
vp 3.1415926535897931 2.0901199999999989
cstype bspline
deg 1
curv2 3345 3346
parm u -1.5145584882074263 -1.5145584882074263 0 0
end
vp 3.1415926535897931 2.0901199999999989
vp 3.1415926535897931 0.19012000000000029
cstype bspline
deg 1
curv2 3347 3348
parm u -1.8999999999999986 -1.8999999999999986 0 0
end
v 73.492966216151203 15.383163261000005 -146.43011161627777 1
v 73.492966216151203 14.418965380999976 -146.43011161627777 0.70710678118654757
v 73.492966216151203 14.418965380999976 -145.46591373627774 1
v 73.492966216151203 14.418965380999976 -144.5017158562777 0.70710678118654757
v 73.492966216151203 15.383163261000005 -144.5017158562777 1
v 73.492966216151203 16.347361141000032 -144.5017158562777 0.70710678118654757
v 73.492966216151203 16.347361141000036 -145.46591373627774 1
v 73.492966216151203 16.347361141000036 -146.43011161627777 0.70710678118654757
v 73.492966216151203 15.383163261000005 -146.43011161627777 1
v 71.212726216151196 15.383163261000005 -146.43011161627777 1
v 71.212726216151196 14.418965380999976 -146.43011161627777 0.70710678118654757
v 71.212726216151196 14.418965380999976 -145.46591373627774 1
v 71.212726216151196 14.418965380999976 -144.5017158562777 0.70710678118654757
v 71.212726216151196 15.383163261000005 -144.5017158562777 1
v 71.212726216151196 16.347361141000032 -144.5017158562777 0.70710678118654757
v 71.212726216151196 16.347361141000036 -145.46591373627774 1
v 71.212726216151196 16.347361141000036 -146.43011161627777 0.70710678118654757
v 71.212726216151196 15.383163261000005 -146.43011161627777 1
cstype rat bspline
deg 2 1
surf 0 6.2831853071795862 0 2.2802400000000063 2283 2284 2285 2286 2287 2288 2289 2290 2291 2292 2293 2294 2295 2296 2297 2298 2299 2300
parm u 0 0 0 1.5707963267948966 1.5707963267948966 3.1415926535897931 3.1415926535897931 4.7123889803846897 4.7123889803846897 6.2831853071795862 6.2831853071795862 6.2831853071795862
parm v 0 0 2.2802400000000063 2.2802400000000063
trim -1.5145584882074263 0 1179 -1.8999999999999986 0 1180 -1.5145584882074263 0 1181 -1.8999999999999986 0 1182
end
# - trim loop
vp 4.0358021199999996 -6.729120616000003
vp -4.0358021200000005 -6.729120616000003
cstype bspline
deg 1
curv2 3349 3350
parm u 0 0 8.071604240000001 8.071604240000001
end
vp -4.0358021200000005 -6.729120616000003
vp -4.0358021200000005 -8.6291206160000016
cstype bspline
deg 1
curv2 3351 3352
parm u 0 0 1.8999999999999986 1.8999999999999986
end
vp -4.0358021200000005 -8.6291206160000016
vp 4.0358021199999996 -8.6291206160000016
cstype bspline
deg 1
curv2 3353 3354
parm u 0 0 8.071604240000001 8.071604240000001
end
vp 4.0358021199999996 -8.6291206160000016
vp 4.0358021199999996 -6.729120616000003
cstype bspline
deg 1
curv2 3355 3356
parm u 0 0 1.8999999999999986 1.8999999999999986
end
v 71.212726216151196 16.347361141000004 -144.65863331227777
v 71.212726216151196 16.347361141000004 -154.34479840027777
v 73.492966216151203 16.347361141000004 -144.65863331227777
v 73.492966216151203 16.347361141000004 -154.34479840027777
cstype bspline
deg 1 1
surf -4.8430825440000005 4.8430825440000005 -8.8192406160000054 -6.5390006159999992 2301 2302 2303 2304
parm u -4.8430825440000005 -4.8430825440000005 4.8430825440000005 4.8430825440000005
parm v -8.8192406160000054 -8.8192406160000054 -6.5390006159999992 -6.5390006159999992
trim 0 8.071604240000001 1183 0 1.8999999999999986 1184 0 8.071604240000001 1185 0 1.8999999999999986 1186
end
# - trim loop
vp 1.5707963267948966 0.19012000000000029
vp 3.1415926535897931 0.19012000000000029
cstype bspline
deg 1
curv2 3357 3358
parm u -1.5145584882074263 -1.5145584882074263 0 0
end
vp 3.1415926535897931 0.19012000000000029
vp 3.1415926535897931 2.0901199999999989
cstype bspline
deg 1
curv2 3359 3360
parm u -1.8999999999999986 -1.8999999999999986 0 0
end
vp 3.1415926535897931 2.0901199999999989
vp 1.5707963267948966 2.0901199999999989
cstype bspline
deg 1
curv2 3361 3362
parm u -1.5145584882074263 -1.5145584882074263 0 0
end
vp 1.5707963267948966 2.0901199999999989
vp 1.5707963267948966 0.19012000000000029
cstype bspline
deg 1
curv2 3363 3364
parm u -1.8999999999999986 -1.8999999999999986 0 0
end
v 73.492966216151203 15.383163261000005 -152.57332009627777 1
v 73.492966216151203 16.347361141000004 -152.57332009627777 0.70710678118654757
v 73.492966216151203 16.347361141000007 -153.53751797627777 1
v 73.492966216151203 16.347361141000007 -154.50171585627777 0.70710678118654757
v 73.492966216151203 15.383163261000005 -154.50171585627777 1
v 73.492966216151203 14.418965381000003 -154.50171585627777 0.70710678118654757
v 73.492966216151203 14.418965381000005 -153.53751797627777 1
v 73.492966216151203 14.418965381000003 -152.57332009627777 0.70710678118654757
v 73.492966216151203 15.383163261000005 -152.57332009627777 1
v 71.212726216151196 15.383163261000005 -152.57332009627777 1
v 71.212726216151196 16.347361141000004 -152.57332009627777 0.70710678118654757
v 71.212726216151196 16.347361141000007 -153.53751797627777 1
v 71.212726216151196 16.347361141000007 -154.50171585627777 0.70710678118654757
v 71.212726216151196 15.383163261000005 -154.50171585627777 1
v 71.212726216151196 14.418965381000003 -154.50171585627777 0.70710678118654757
v 71.212726216151196 14.418965381000005 -153.53751797627777 1
v 71.212726216151196 14.418965381000003 -152.57332009627777 0.70710678118654757
v 71.212726216151196 15.383163261000005 -152.57332009627777 1
cstype rat bspline
deg 2 1
surf 0 6.2831853071795862 0 2.2802400000000063 2305 2306 2307 2308 2309 2310 2311 2312 2313 2314 2315 2316 2317 2318 2319 2320 2321 2322
parm u 0 0 0 1.5707963267948966 1.5707963267948966 3.1415926535897931 3.1415926535897931 4.7123889803846897 4.7123889803846897 6.2831853071795862 6.2831853071795862 6.2831853071795862
parm v 0 0 2.2802400000000063 2.2802400000000063
trim -1.5145584882074263 0 1187 -1.8999999999999986 0 1188 -1.5145584882074263 0 1189 -1.8999999999999986 0 1190
end
# - trim loop
vp -6.729120616000003 -0.035802120000001381
vp -6.729120616000003 0.035802119999999604
cstype bspline
deg 1
curv2 3365 3366
parm u 0 0 0.071604240000000985 0.071604240000000985
end
vp -6.729120616000003 0.035802119999999604
vp -8.6291206160000016 0.035802119999999604
cstype bspline
deg 1
curv2 3367 3368
parm u 0 0 1.8999999999999986 1.8999999999999986
end
vp -8.6291206160000016 0.035802119999999604
vp -8.6291206160000016 -0.035802120000001381
cstype bspline
deg 1
curv2 3369 3370
parm u 0 0 0.071604240000000985 0.071604240000000985
end
vp -8.6291206160000016 -0.035802120000001381
vp -6.729120616000003 -0.035802120000001381
cstype bspline
deg 1
curv2 3371 3372
parm u 0 0 1.8999999999999986 1.8999999999999986
end
v 71.212726216151196 14.704278597000005 -154.50171585627777
v 73.492966216151203 14.704278597000005 -154.50171585627777
v 71.212726216151196 15.990443685000006 -154.50171585627777
v 73.492966216151203 15.990443685000006 -154.50171585627777
cstype bspline
deg 1 1
surf -8.8192406160000054 -6.5390006159999992 -0.6430825440000012 0.64308254399999942 2323 2324 2325 2326
parm u -8.8192406160000054 -8.8192406160000054 -6.5390006159999992 -6.5390006159999992
parm v -0.6430825440000012 -0.6430825440000012 0.64308254399999942 0.64308254399999942
trim 0 0.071604240000000985 1191 0 1.8999999999999986 1192 0 0.071604240000000985 1193 0 1.8999999999999986 1194
end
# - trim loop
vp 3.1415926535897931 0.19012000000000029
vp 4.7123889803846897 0.19012000000000029
cstype bspline
deg 1
curv2 3373 3374
parm u -1.5145584882074261 -1.5145584882074261 0 0
end
vp 4.7123889803846897 0.19012000000000029
vp 4.7123889803846897 2.0901199999999989
cstype bspline
deg 1
curv2 3375 3376
parm u -1.8999999999999986 -1.8999999999999986 0 0
end
vp 4.7123889803846897 2.0901199999999989
vp 3.1415926535897931 2.0901199999999989
cstype bspline
deg 1
curv2 3377 3378
parm u -1.5145584882074261 -1.5145584882074261 0 0
end
vp 3.1415926535897931 2.0901199999999989
vp 3.1415926535897931 0.19012000000000029
cstype bspline
deg 1
curv2 3379 3380
parm u -1.8999999999999986 -1.8999999999999986 0 0
end
v 73.492966216151203 15.311559021000004 -152.57332009627777 1
v 73.492966216151203 16.275756901000005 -152.57332009627777 0.70710678118654757
v 73.492966216151203 16.275756901000005 -153.53751797627777 1
v 73.492966216151203 16.275756901000005 -154.50171585627777 0.70710678118654757
v 73.492966216151203 15.311559021000004 -154.50171585627777 1
v 73.492966216151203 14.347361141000004 -154.50171585627777 0.70710678118654757
v 73.492966216151203 14.347361141000004 -153.53751797627777 1
v 73.492966216151203 14.347361141000004 -152.57332009627777 0.70710678118654757
v 73.492966216151203 15.311559021000004 -152.57332009627777 1
v 71.212726216151196 15.311559021000004 -152.57332009627777 1
v 71.212726216151196 16.275756901000005 -152.57332009627777 0.70710678118654757
v 71.212726216151196 16.275756901000005 -153.53751797627777 1
v 71.212726216151196 16.275756901000005 -154.50171585627777 0.70710678118654757
v 71.212726216151196 15.311559021000004 -154.50171585627777 1
v 71.212726216151196 14.347361141000004 -154.50171585627777 0.70710678118654757
v 71.212726216151196 14.347361141000004 -153.53751797627777 1
v 71.212726216151196 14.347361141000004 -152.57332009627777 0.70710678118654757
v 71.212726216151196 15.311559021000004 -152.57332009627777 1
cstype rat bspline
deg 2 1
surf 0 6.2831853071795862 0 2.2802400000000063 2327 2328 2329 2330 2331 2332 2333 2334 2335 2336 2337 2338 2339 2340 2341 2342 2343 2344
parm u 0 0 0 1.5707963267948966 1.5707963267948966 3.1415926535897931 3.1415926535897931 4.7123889803846897 4.7123889803846897 6.2831853071795862 6.2831853071795862 6.2831853071795862
parm v 0 0 2.2802400000000063 2.2802400000000063
trim -1.5145584882074261 0 1195 -1.8999999999999986 0 1196 -1.5145584882074261 0 1197 -1.8999999999999986 0 1198
end
# - trim loop
vp 4.0358021200000005 -6.729120616000003
vp -4.0358021199999996 -6.729120616000003
cstype bspline
deg 1
curv2 3381 3382
parm u 0 0 8.071604240000001 8.071604240000001
end
vp -4.0358021199999996 -6.729120616000003
vp -4.0358021199999996 -8.6291206160000016
cstype bspline
deg 1
curv2 3383 3384
parm u 0 0 1.8999999999999986 1.8999999999999986
end
vp -4.0358021199999996 -8.6291206160000016
vp 4.0358021200000005 -8.6291206160000016
cstype bspline
deg 1
curv2 3385 3386
parm u 0 0 8.071604240000001 8.071604240000001
end
vp 4.0358021200000005 -8.6291206160000016
vp 4.0358021200000005 -6.729120616000003
cstype bspline
deg 1
curv2 3387 3388
parm u 0 0 1.8999999999999986 1.8999999999999986
end
v 71.212726216151196 14.347361141000006 -154.34479840027777
v 71.212726216151196 14.347361141000006 -144.65863331227777
v 73.492966216151203 14.347361141000006 -154.34479840027777
v 73.492966216151203 14.347361141000006 -144.65863331227777
cstype bspline
deg 1 1
surf -4.8430825440000005 4.8430825440000005 -8.8192406160000054 -6.5390006159999992 2345 2346 2347 2348
parm u -4.8430825440000005 -4.8430825440000005 4.8430825440000005 4.8430825440000005
parm v -8.8192406160000054 -8.8192406160000054 -6.5390006159999992 -6.5390006159999992
trim 0 8.071604240000001 1199 0 1.8999999999999986 1200 0 8.071604240000001 1201 0 1.8999999999999986 1202
end
# - trim loop
vp 4.0358021200000014 -6.729120616000003
vp -4.0358021199999996 -6.729120616000003
cstype bspline
deg 1
curv2 3389 3390
parm u 0 0 8.071604240000001 8.071604240000001
end
vp -4.0358021199999996 -6.729120616000003
vp -4.0358021199999996 -8.6291206160000016
cstype bspline
deg 1
curv2 3391 3392
parm u 0 0 1.8999999999999986 1.8999999999999986
end
vp -4.0358021199999996 -8.6291206160000016
vp 4.0358021200000014 -8.6291206160000016
cstype bspline
deg 1
curv2 3393 3394
parm u 0 0 8.071604240000001 8.071604240000001
end
vp 4.0358021200000014 -8.6291206160000016
vp 4.0358021200000014 -6.729120616000003
cstype bspline
deg 1
curv2 3395 3396
parm u 0 0 1.8999999999999986 1.8999999999999986
end
v 71.212726216151196 7.1835002180000052 -140.64943663627776
v 71.212726216151196 7.1835002180000052 -130.96327154827776
v 73.492966216151203 7.1835002180000052 -140.64943663627776
v 73.492966216151203 7.1835002180000052 -130.96327154827776
cstype bspline
deg 1 1
surf -4.8430825439999996 4.8430825440000014 -8.8192406160000054 -6.5390006159999992 2349 2350 2351 2352
parm u -4.8430825439999996 -4.8430825439999996 4.8430825440000014 4.8430825440000014
parm v -8.8192406160000054 -8.8192406160000054 -6.5390006159999992 -6.5390006159999992
trim 0 8.071604240000001 1203 0 1.8999999999999986 1204 0 8.071604240000001 1205 0 1.8999999999999986 1206
end
# - trim loop
vp 1.5707963267948966 0.19012000000000029
vp 3.1415926535897931 0.19012000000000029
cstype bspline
deg 1
curv2 3397 3398
parm u -1.5145584882074268 -1.5145584882074268 0 0
end
vp 3.1415926535897931 0.19012000000000029
vp 3.1415926535897931 2.0901199999999989
cstype bspline
deg 1
curv2 3399 3400
parm u -1.8999999999999986 -1.8999999999999986 0 0
end
vp 3.1415926535897931 2.0901199999999989
vp 1.5707963267948966 2.0901199999999989
cstype bspline
deg 1
curv2 3401 3402
parm u -1.5145584882074268 -1.5145584882074268 0 0
end
vp 1.5707963267948966 2.0901199999999989
vp 1.5707963267948966 0.19012000000000029
cstype bspline
deg 1
curv2 3403 3404
parm u -1.8999999999999986 -1.8999999999999986 0 0
end
v 73.492966216151203 8.1476980980000047 -132.73474985227776 1
v 73.492966216151203 7.1835002180000043 -132.73474985227776 0.70710678118654757
v 73.492966216151203 7.1835002180000043 -131.77055197227776 1
v 73.492966216151203 7.1835002180000043 -130.80635409227776 0.70710678118654757
v 73.492966216151203 8.1476980980000047 -130.80635409227776 1
v 73.492966216151203 9.1118959780000051 -130.80635409227776 0.70710678118654757
v 73.492966216151203 9.1118959780000051 -131.77055197227776 1
v 73.492966216151203 9.1118959780000051 -132.73474985227776 0.70710678118654757
v 73.492966216151203 8.1476980980000047 -132.73474985227776 1
v 71.212726216151196 8.1476980980000047 -132.73474985227776 1
v 71.212726216151196 7.1835002180000043 -132.73474985227776 0.70710678118654757
v 71.212726216151196 7.1835002180000043 -131.77055197227776 1
v 71.212726216151196 7.1835002180000043 -130.80635409227776 0.70710678118654757
v 71.212726216151196 8.1476980980000047 -130.80635409227776 1
v 71.212726216151196 9.1118959780000051 -130.80635409227776 0.70710678118654757
v 71.212726216151196 9.1118959780000051 -131.77055197227776 1
v 71.212726216151196 9.1118959780000051 -132.73474985227776 0.70710678118654757
v 71.212726216151196 8.1476980980000047 -132.73474985227776 1
cstype rat bspline
deg 2 1
surf 0 6.2831853071795862 0 2.2802400000000063 2353 2354 2355 2356 2357 2358 2359 2360 2361 2362 2363 2364 2365 2366 2367 2368 2369 2370
parm u 0 0 0 1.5707963267948966 1.5707963267948966 3.1415926535897931 3.1415926535897931 4.7123889803846897 4.7123889803846897 6.2831853071795862 6.2831853071795862 6.2831853071795862
parm v 0 0 2.2802400000000063 2.2802400000000063
trim -1.5145584882074268 0 1207 -1.8999999999999986 0 1208 -1.5145584882074268 0 1209 -1.8999999999999986 0 1210
end
# - trim loop
vp 6.729120616000003 0.035802120000001381
vp 6.729120616000003 -0.035802119999999604
cstype bspline
deg 1
curv2 3405 3406
parm u 0 0 0.071604240000000985 0.071604240000000985
end
vp 6.729120616000003 -0.035802119999999604
vp 8.6291206160000016 -0.035802119999999604
cstype bspline
deg 1
curv2 3407 3408
parm u 0 0 1.8999999999999986 1.8999999999999986
end
vp 8.6291206160000016 -0.035802119999999604
vp 8.6291206160000016 0.035802120000001381
cstype bspline
deg 1
curv2 3409 3410
parm u 0 0 0.071604240000000985 0.071604240000000985
end
vp 8.6291206160000016 0.035802120000001381
vp 6.729120616000003 0.035802120000001381
cstype bspline
deg 1
curv2 3411 3412
parm u 0 0 1.8999999999999986 1.8999999999999986
end
v 73.492966216151203 7.5404176740000048 -130.80635409227776
v 71.212726216151196 7.5404176740000048 -130.80635409227776
v 73.492966216151203 8.8265827620000046 -130.80635409227776
v 71.212726216151196 8.8265827620000046 -130.80635409227776
cstype bspline
deg 1 1
surf 6.5390006159999992 8.8192406160000054 -0.64308254399999942 0.6430825440000012 2371 2372 2373 2374
parm u 6.5390006159999992 6.5390006159999992 8.8192406160000054 8.8192406160000054
parm v -0.64308254399999942 -0.64308254399999942 0.6430825440000012 0.6430825440000012
trim 0 0.071604240000000985 1211 0 1.8999999999999986 1212 0 0.071604240000000985 1213 0 1.8999999999999986 1214
end
# - trim loop
vp 3.1415926535897931 0.19012000000000029
vp 4.7123889803846897 0.19012000000000029
cstype bspline
deg 1
curv2 3413 3414
parm u -1.5145584882074221 -1.5145584882074221 0 0
end
vp 4.7123889803846897 0.19012000000000029
vp 4.7123889803846897 2.0901199999999989
cstype bspline
deg 1
curv2 3415 3416
parm u -1.8999999999999986 -1.8999999999999986 0 0
end
vp 4.7123889803846897 2.0901199999999989
vp 3.1415926535897931 2.0901199999999989
cstype bspline
deg 1
curv2 3417 3418
parm u -1.5145584882074221 -1.5145584882074221 0 0
end
vp 3.1415926535897931 2.0901199999999989
vp 3.1415926535897931 0.19012000000000029
cstype bspline
deg 1
curv2 3419 3420
parm u -1.8999999999999986 -1.8999999999999986 0 0
end
v 73.492966216151203 8.2193023380000056 -132.73474985227776 1
v 73.492966216151203 7.2551044580000053 -132.73474985227776 0.70710678118654757
v 73.492966216151203 7.2551044580000053 -131.77055197227776 1
v 73.492966216151203 7.2551044580000053 -130.80635409227776 0.70710678118654757
v 73.492966216151203 8.2193023380000056 -130.80635409227776 1
v 73.492966216151203 9.183500218000006 -130.80635409227776 0.70710678118654757
v 73.492966216151203 9.183500218000006 -131.77055197227776 1
v 73.492966216151203 9.183500218000006 -132.73474985227776 0.70710678118654757
v 73.492966216151203 8.2193023380000056 -132.73474985227776 1
v 71.212726216151196 8.2193023380000056 -132.73474985227776 1
v 71.212726216151196 7.2551044580000053 -132.73474985227776 0.70710678118654757
v 71.212726216151196 7.2551044580000053 -131.77055197227776 1
v 71.212726216151196 7.2551044580000053 -130.80635409227776 0.70710678118654757
v 71.212726216151196 8.2193023380000056 -130.80635409227776 1
v 71.212726216151196 9.183500218000006 -130.80635409227776 0.70710678118654757
v 71.212726216151196 9.183500218000006 -131.77055197227776 1
v 71.212726216151196 9.183500218000006 -132.73474985227776 0.70710678118654757
v 71.212726216151196 8.2193023380000056 -132.73474985227776 1
cstype rat bspline
deg 2 1
surf 0 6.2831853071795862 0 2.2802400000000063 2375 2376 2377 2378 2379 2380 2381 2382 2383 2384 2385 2386 2387 2388 2389 2390 2391 2392
parm u 0 0 0 1.5707963267948966 1.5707963267948966 3.1415926535897931 3.1415926535897931 4.7123889803846897 4.7123889803846897 6.2831853071795862 6.2831853071795862 6.2831853071795862
parm v 0 0 2.2802400000000063 2.2802400000000063
trim -1.5145584882074221 0 1215 -1.8999999999999986 0 1216 -1.5145584882074221 0 1217 -1.8999999999999986 0 1218
end
# - trim loop
vp 4.0358021199999996 -6.729120616000003
vp -4.0358021200000014 -6.729120616000003
cstype bspline
deg 1
curv2 3421 3422
parm u 0 0 8.071604240000001 8.071604240000001
end
vp -4.0358021200000014 -6.729120616000003
vp -4.0358021200000014 -8.6291206160000016
cstype bspline
deg 1
curv2 3423 3424
parm u 0 0 1.8999999999999986 1.8999999999999986
end
vp -4.0358021200000014 -8.6291206160000016
vp 4.0358021199999996 -8.6291206160000016
cstype bspline
deg 1
curv2 3425 3426
parm u 0 0 8.071604240000001 8.071604240000001
end
vp 4.0358021199999996 -8.6291206160000016
vp 4.0358021199999996 -6.729120616000003
cstype bspline
deg 1
curv2 3427 3428
parm u 0 0 1.8999999999999986 1.8999999999999986
end
v 71.212726216151196 9.1835002180000043 -130.96327154827776
v 71.212726216151196 9.1835002180000043 -140.64943663627776
v 73.492966216151203 9.1835002180000043 -130.96327154827776
v 73.492966216151203 9.1835002180000043 -140.64943663627776
cstype bspline
deg 1 1
surf -4.8430825440000014 4.8430825439999996 -8.8192406160000054 -6.5390006159999992 2393 2394 2395 2396
parm u -4.8430825440000014 -4.8430825440000014 4.8430825439999996 4.8430825439999996
parm v -8.8192406160000054 -8.8192406160000054 -6.5390006159999992 -6.5390006159999992
trim 0 8.071604240000001 1219 0 1.8999999999999986 1220 0 8.071604240000001 1221 0 1.8999999999999986 1222
end
# - trim loop
vp 1.5707963267948966 0.19012000000000029
vp 3.1415926535897931 0.19012000000000029
cstype bspline
deg 1
curv2 3429 3430
parm u -1.5145584882074261 -1.5145584882074261 0 0
end
vp 3.1415926535897931 0.19012000000000029
vp 3.1415926535897931 2.0901199999999989
cstype bspline
deg 1
curv2 3431 3432
parm u -1.8999999999999986 -1.8999999999999986 0 0
end
vp 3.1415926535897931 2.0901199999999989
vp 1.5707963267948966 2.0901199999999989
cstype bspline
deg 1
curv2 3433 3434
parm u -1.5145584882074261 -1.5145584882074261 0 0
end
vp 1.5707963267948966 2.0901199999999989
vp 1.5707963267948966 0.19012000000000029
cstype bspline
deg 1
curv2 3435 3436
parm u -1.8999999999999986 -1.8999999999999986 0 0
end
v 73.492966216151203 8.2193023380000056 -138.87795833227776 1
v 73.492966216151203 9.183500218000006 -138.87795833227776 0.70710678118654757
v 73.492966216151203 9.183500218000006 -139.84215621227776 1
v 73.492966216151203 9.183500218000006 -140.80635409227776 0.70710678118654757
v 73.492966216151203 8.2193023380000056 -140.80635409227776 1
v 73.492966216151203 7.2551044580000053 -140.80635409227776 0.70710678118654757
v 73.492966216151203 7.2551044580000053 -139.84215621227776 1
v 73.492966216151203 7.2551044580000053 -138.87795833227776 0.70710678118654757
v 73.492966216151203 8.2193023380000056 -138.87795833227776 1
v 71.212726216151196 8.2193023380000056 -138.87795833227776 1
v 71.212726216151196 9.183500218000006 -138.87795833227776 0.70710678118654757
v 71.212726216151196 9.183500218000006 -139.84215621227776 1
v 71.212726216151196 9.183500218000006 -140.80635409227776 0.70710678118654757
v 71.212726216151196 8.2193023380000056 -140.80635409227776 1
v 71.212726216151196 7.2551044580000053 -140.80635409227776 0.70710678118654757
v 71.212726216151196 7.2551044580000053 -139.84215621227776 1
v 71.212726216151196 7.2551044580000053 -138.87795833227776 0.70710678118654757
v 71.212726216151196 8.2193023380000056 -138.87795833227776 1
cstype rat bspline
deg 2 1
surf 0 6.2831853071795862 0 2.2802400000000063 2397 2398 2399 2400 2401 2402 2403 2404 2405 2406 2407 2408 2409 2410 2411 2412 2413 2414
parm u 0 0 0 1.5707963267948966 1.5707963267948966 3.1415926535897931 3.1415926535897931 4.7123889803846897 4.7123889803846897 6.2831853071795862 6.2831853071795862 6.2831853071795862
parm v 0 0 2.2802400000000063 2.2802400000000063
trim -1.5145584882074261 0 1223 -1.8999999999999986 0 1224 -1.5145584882074261 0 1225 -1.8999999999999986 0 1226
end
# - trim loop
vp -6.729120616000003 -0.035802119999999604
vp -6.729120616000003 0.035802120000001381
cstype bspline
deg 1
curv2 3437 3438
parm u 0 0 0.071604240000000985 0.071604240000000985
end
vp -6.729120616000003 0.035802120000001381
vp -8.6291206160000016 0.035802120000001381
cstype bspline
deg 1
curv2 3439 3440
parm u 0 0 1.8999999999999986 1.8999999999999986
end
vp -8.6291206160000016 0.035802120000001381
vp -8.6291206160000016 -0.035802119999999604
cstype bspline
deg 1
curv2 3441 3442
parm u 0 0 0.071604240000000985 0.071604240000000985
end
vp -8.6291206160000016 -0.035802119999999604
vp -6.729120616000003 -0.035802119999999604
cstype bspline
deg 1
curv2 3443 3444
parm u 0 0 1.8999999999999986 1.8999999999999986
end
v 71.212726216151196 7.5404176740000048 -140.80635409227776
v 73.492966216151203 7.5404176740000048 -140.80635409227776
v 71.212726216151196 8.8265827620000046 -140.80635409227776
v 73.492966216151203 8.8265827620000046 -140.80635409227776
cstype bspline
deg 1 1
surf -8.8192406160000054 -6.5390006159999992 -0.64308254399999942 0.6430825440000012 2415 2416 2417 2418
parm u -8.8192406160000054 -8.8192406160000054 -6.5390006159999992 -6.5390006159999992
parm v -0.64308254399999942 -0.64308254399999942 0.6430825440000012 0.6430825440000012
trim 0 0.071604240000000985 1227 0 1.8999999999999986 1228 0 0.071604240000000985 1229 0 1.8999999999999986 1230
end
# - trim loop
vp 3.1415926535897931 0.19012000000000029
vp 4.7123889803846897 0.19012000000000029
cstype bspline
deg 1
curv2 3445 3446
parm u -1.5145584882074261 -1.5145584882074261 0 0
end
vp 4.7123889803846897 0.19012000000000029
vp 4.7123889803846897 2.0901199999999989
cstype bspline
deg 1
curv2 3447 3448
parm u -1.8999999999999986 -1.8999999999999986 0 0
end
vp 4.7123889803846897 2.0901199999999989
vp 3.1415926535897931 2.0901199999999989
cstype bspline
deg 1
curv2 3449 3450
parm u -1.5145584882074261 -1.5145584882074261 0 0
end
vp 3.1415926535897931 2.0901199999999989
vp 3.1415926535897931 0.19012000000000029
cstype bspline
deg 1
curv2 3451 3452
parm u -1.8999999999999986 -1.8999999999999986 0 0
end
v 73.492966216151203 8.1476980980000047 -138.87795833227776 1
v 73.492966216151203 9.1118959780000051 -138.87795833227776 0.70710678118654757
v 73.492966216151203 9.1118959780000051 -139.84215621227776 1
v 73.492966216151203 9.1118959780000051 -140.80635409227776 0.70710678118654757
v 73.492966216151203 8.1476980980000047 -140.80635409227776 1
v 73.492966216151203 7.1835002180000043 -140.80635409227776 0.70710678118654757
v 73.492966216151203 7.1835002180000043 -139.84215621227776 1
v 73.492966216151203 7.1835002180000043 -138.87795833227776 0.70710678118654757
v 73.492966216151203 8.1476980980000047 -138.87795833227776 1
v 71.212726216151196 8.1476980980000047 -138.87795833227776 1
v 71.212726216151196 9.1118959780000051 -138.87795833227776 0.70710678118654757
v 71.212726216151196 9.1118959780000051 -139.84215621227776 1
v 71.212726216151196 9.1118959780000051 -140.80635409227776 0.70710678118654757
v 71.212726216151196 8.1476980980000047 -140.80635409227776 1
v 71.212726216151196 7.1835002180000043 -140.80635409227776 0.70710678118654757
v 71.212726216151196 7.1835002180000043 -139.84215621227776 1
v 71.212726216151196 7.1835002180000043 -138.87795833227776 0.70710678118654757
v 71.212726216151196 8.1476980980000047 -138.87795833227776 1
cstype rat bspline
deg 2 1
surf 0 6.2831853071795862 0 2.2802400000000063 2419 2420 2421 2422 2423 2424 2425 2426 2427 2428 2429 2430 2431 2432 2433 2434 2435 2436
parm u 0 0 0 1.5707963267948966 1.5707963267948966 3.1415926535897931 3.1415926535897931 4.7123889803846897 4.7123889803846897 6.2831853071795862 6.2831853071795862 6.2831853071795862
parm v 0 0 2.2802400000000063 2.2802400000000063
trim -1.5145584882074261 0 1231 -1.8999999999999986 0 1232 -1.5145584882074261 0 1233 -1.8999999999999986 0 1234
end
# - trim loop
vp 4.0358021200000014 -6.729120616000003
vp -4.0358021199999996 -6.729120616000003
cstype bspline
deg 1
curv2 3453 3454
parm u 0 0 8.071604240000001 8.071604240000001
end
vp -4.0358021199999996 -6.729120616000003
vp -4.0358021199999996 -8.6291206160000016
cstype bspline
deg 1
curv2 3455 3456
parm u 0 0 1.8999999999999986 1.8999999999999986
end
vp -4.0358021199999996 -8.6291206160000016
vp 4.0358021200000014 -8.6291206160000016
cstype bspline
deg 1
curv2 3457 3458
parm u 0 0 8.071604240000001 8.071604240000001
end
vp 4.0358021200000014 -8.6291206160000016
vp 4.0358021200000014 -6.729120616000003
cstype bspline
deg 1
curv2 3459 3460
parm u 0 0 1.8999999999999986 1.8999999999999986
end
v 71.212726216151196 10.759760802000006 -140.64943663627776
v 71.212726216151196 10.759760802000006 -130.96327154827776
v 73.492966216151203 10.759760802000006 -140.64943663627776
v 73.492966216151203 10.759760802000006 -130.96327154827776
cstype bspline
deg 1 1
surf -4.8430825439999996 4.8430825440000014 -8.8192406160000054 -6.5390006159999992 2437 2438 2439 2440
parm u -4.8430825439999996 -4.8430825439999996 4.8430825440000014 4.8430825440000014
parm v -8.8192406160000054 -8.8192406160000054 -6.5390006159999992 -6.5390006159999992
trim 0 8.071604240000001 1235 0 1.8999999999999986 1236 0 8.071604240000001 1237 0 1.8999999999999986 1238
end
# - trim loop
vp 1.5707963267948966 0.19012000000000029
vp 3.1415926535897931 0.19012000000000029
cstype bspline
deg 1
curv2 3461 3462
parm u -1.5145584882074268 -1.5145584882074268 0 0
end
vp 3.1415926535897931 0.19012000000000029
vp 3.1415926535897931 2.0901199999999989
cstype bspline
deg 1
curv2 3463 3464
parm u -1.8999999999999986 -1.8999999999999986 0 0
end
vp 3.1415926535897931 2.0901199999999989
vp 1.5707963267948966 2.0901199999999989
cstype bspline
deg 1
curv2 3465 3466
parm u -1.5145584882074268 -1.5145584882074268 0 0
end
vp 1.5707963267948966 2.0901199999999989
vp 1.5707963267948966 0.19012000000000029
cstype bspline
deg 1
curv2 3467 3468
parm u -1.8999999999999986 -1.8999999999999986 0 0
end
v 73.492966216151203 11.723958682000005 -132.73474985227776 1
v 73.492966216151203 10.759760802000004 -132.73474985227776 0.70710678118654757
v 73.492966216151203 10.759760802000004 -131.77055197227776 1
v 73.492966216151203 10.759760802000004 -130.80635409227776 0.70710678118654757
v 73.492966216151203 11.723958682000005 -130.80635409227776 1
v 73.492966216151203 12.688156562000005 -130.80635409227776 0.70710678118654757
v 73.492966216151203 12.688156562000005 -131.77055197227776 1
v 73.492966216151203 12.688156562000005 -132.73474985227776 0.70710678118654757
v 73.492966216151203 11.723958682000005 -132.73474985227776 1
v 71.212726216151196 11.723958682000005 -132.73474985227776 1
v 71.212726216151196 10.759760802000004 -132.73474985227776 0.70710678118654757
v 71.212726216151196 10.759760802000004 -131.77055197227776 1
v 71.212726216151196 10.759760802000004 -130.80635409227776 0.70710678118654757
v 71.212726216151196 11.723958682000005 -130.80635409227776 1
v 71.212726216151196 12.688156562000005 -130.80635409227776 0.70710678118654757
v 71.212726216151196 12.688156562000005 -131.77055197227776 1
v 71.212726216151196 12.688156562000005 -132.73474985227776 0.70710678118654757
v 71.212726216151196 11.723958682000005 -132.73474985227776 1
cstype rat bspline
deg 2 1
surf 0 6.2831853071795862 0 2.2802400000000063 2441 2442 2443 2444 2445 2446 2447 2448 2449 2450 2451 2452 2453 2454 2455 2456 2457 2458
parm u 0 0 0 1.5707963267948966 1.5707963267948966 3.1415926535897931 3.1415926535897931 4.7123889803846897 4.7123889803846897 6.2831853071795862 6.2831853071795862 6.2831853071795862
parm v 0 0 2.2802400000000063 2.2802400000000063
trim -1.5145584882074268 0 1239 -1.8999999999999986 0 1240 -1.5145584882074268 0 1241 -1.8999999999999986 0 1242
end
# - trim loop
vp 6.729120616000003 0.035802119999999604
vp 6.729120616000003 -0.035802120000001381
cstype bspline
deg 1
curv2 3469 3470
parm u 0 0 0.071604240000000985 0.071604240000000985
end
vp 6.729120616000003 -0.035802120000001381
vp 8.6291206160000016 -0.035802120000001381
cstype bspline
deg 1
curv2 3471 3472
parm u 0 0 1.8999999999999986 1.8999999999999986
end
vp 8.6291206160000016 -0.035802120000001381
vp 8.6291206160000016 0.035802119999999604
cstype bspline
deg 1
curv2 3473 3474
parm u 0 0 0.071604240000000985 0.071604240000000985
end
vp 8.6291206160000016 0.035802119999999604
vp 6.729120616000003 0.035802119999999604
cstype bspline
deg 1
curv2 3475 3476
parm u 0 0 1.8999999999999986 1.8999999999999986
end
v 73.492966216151203 11.116678258000004 -130.80635409227776
v 71.212726216151196 11.116678258000004 -130.80635409227776
v 73.492966216151203 12.402843346000004 -130.80635409227776
v 71.212726216151196 12.402843346000004 -130.80635409227776
cstype bspline
deg 1 1
surf 6.5390006159999992 8.8192406160000054 -0.6430825440000012 0.64308254399999942 2459 2460 2461 2462
parm u 6.5390006159999992 6.5390006159999992 8.8192406160000054 8.8192406160000054
parm v -0.6430825440000012 -0.6430825440000012 0.64308254399999942 0.64308254399999942
trim 0 0.071604240000000985 1243 0 1.8999999999999986 1244 0 0.071604240000000985 1245 0 1.8999999999999986 1246
end
# - trim loop
vp 3.1415926535897931 0.19012000000000029
vp 4.7123889803846897 0.19012000000000029
cstype bspline
deg 1
curv2 3477 3478
parm u -1.5145584882074241 -1.5145584882074241 0 0
end
vp 4.7123889803846897 0.19012000000000029
vp 4.7123889803846897 2.0901199999999989
cstype bspline
deg 1
curv2 3479 3480
parm u -1.8999999999999986 -1.8999999999999986 0 0
end
vp 4.7123889803846897 2.0901199999999989
vp 3.1415926535897931 2.0901199999999989
cstype bspline
deg 1
curv2 3481 3482
parm u -1.5145584882074241 -1.5145584882074241 0 0
end
vp 3.1415926535897931 2.0901199999999989
vp 3.1415926535897931 0.19012000000000029
cstype bspline
deg 1
curv2 3483 3484
parm u -1.8999999999999986 -1.8999999999999986 0 0
end
v 73.492966216151203 11.795562922000006 -132.73474985227776 1
v 73.492966216151203 10.831365042000005 -132.73474985227776 0.70710678118654757
v 73.492966216151203 10.831365042000005 -131.77055197227776 1
v 73.492966216151203 10.831365042000005 -130.80635409227776 0.70710678118654757
v 73.492966216151203 11.795562922000006 -130.80635409227776 1
v 73.492966216151203 12.759760802000008 -130.80635409227776 0.70710678118654757
v 73.492966216151203 12.759760802000006 -131.77055197227776 1
v 73.492966216151203 12.759760802000008 -132.73474985227776 0.70710678118654757
v 73.492966216151203 11.795562922000006 -132.73474985227776 1
v 71.212726216151196 11.795562922000006 -132.73474985227776 1
v 71.212726216151196 10.831365042000005 -132.73474985227776 0.70710678118654757
v 71.212726216151196 10.831365042000005 -131.77055197227776 1
v 71.212726216151196 10.831365042000005 -130.80635409227776 0.70710678118654757
v 71.212726216151196 11.795562922000006 -130.80635409227776 1
v 71.212726216151196 12.759760802000008 -130.80635409227776 0.70710678118654757
v 71.212726216151196 12.759760802000006 -131.77055197227776 1
v 71.212726216151196 12.759760802000008 -132.73474985227776 0.70710678118654757
v 71.212726216151196 11.795562922000006 -132.73474985227776 1
cstype rat bspline
deg 2 1
surf 0 6.2831853071795862 0 2.2802400000000063 2463 2464 2465 2466 2467 2468 2469 2470 2471 2472 2473 2474 2475 2476 2477 2478 2479 2480
parm u 0 0 0 1.5707963267948966 1.5707963267948966 3.1415926535897931 3.1415926535897931 4.7123889803846897 4.7123889803846897 6.2831853071795862 6.2831853071795862 6.2831853071795862
parm v 0 0 2.2802400000000063 2.2802400000000063
trim -1.5145584882074241 0 1247 -1.8999999999999986 0 1248 -1.5145584882074241 0 1249 -1.8999999999999986 0 1250
end
# - trim loop
vp 4.0358021199999996 -6.729120616000003
vp -4.0358021200000014 -6.729120616000003
cstype bspline
deg 1
curv2 3485 3486
parm u 0 0 8.071604240000001 8.071604240000001
end
vp -4.0358021200000014 -6.729120616000003
vp -4.0358021200000014 -8.6291206160000016
cstype bspline
deg 1
curv2 3487 3488
parm u 0 0 1.8999999999999986 1.8999999999999986
end
vp -4.0358021200000014 -8.6291206160000016
vp 4.0358021199999996 -8.6291206160000016
cstype bspline
deg 1
curv2 3489 3490
parm u 0 0 8.071604240000001 8.071604240000001
end
vp 4.0358021199999996 -8.6291206160000016
vp 4.0358021199999996 -6.729120616000003
cstype bspline
deg 1
curv2 3491 3492
parm u 0 0 1.8999999999999986 1.8999999999999986
end
v 71.212726216151196 12.759760802000006 -130.96327154827776
v 71.212726216151196 12.759760802000006 -140.64943663627776
v 73.492966216151203 12.759760802000006 -130.96327154827776
v 73.492966216151203 12.759760802000006 -140.64943663627776
cstype bspline
deg 1 1
surf -4.8430825440000014 4.8430825439999996 -8.8192406160000054 -6.5390006159999992 2481 2482 2483 2484
parm u -4.8430825440000014 -4.8430825440000014 4.8430825439999996 4.8430825439999996
parm v -8.8192406160000054 -8.8192406160000054 -6.5390006159999992 -6.5390006159999992
trim 0 8.071604240000001 1251 0 1.8999999999999986 1252 0 8.071604240000001 1253 0 1.8999999999999986 1254
end
# - trim loop
vp 1.5707963267948966 0.19012000000000029
vp 3.1415926535897931 0.19012000000000029
cstype bspline
deg 1
curv2 3493 3494
parm u -1.5145584882074263 -1.5145584882074263 0 0
end
vp 3.1415926535897931 0.19012000000000029
vp 3.1415926535897931 2.0901199999999989
cstype bspline
deg 1
curv2 3495 3496
parm u -1.8999999999999986 -1.8999999999999986 0 0
end
vp 3.1415926535897931 2.0901199999999989
vp 1.5707963267948966 2.0901199999999989
cstype bspline
deg 1
curv2 3497 3498
parm u -1.5145584882074263 -1.5145584882074263 0 0
end
vp 1.5707963267948966 2.0901199999999989
vp 1.5707963267948966 0.19012000000000029
cstype bspline
deg 1
curv2 3499 3500
parm u -1.8999999999999986 -1.8999999999999986 0 0
end
v 73.492966216151203 11.795562922000006 -138.87795833227776 1
v 73.492966216151203 12.759760802000008 -138.87795833227776 0.70710678118654757
v 73.492966216151203 12.759760802000006 -139.84215621227776 1
v 73.492966216151203 12.759760802000008 -140.80635409227776 0.70710678118654757
v 73.492966216151203 11.795562922000006 -140.80635409227776 1
v 73.492966216151203 10.831365042000005 -140.80635409227776 0.70710678118654757
v 73.492966216151203 10.831365042000005 -139.84215621227776 1
v 73.492966216151203 10.831365042000005 -138.87795833227776 0.70710678118654757
v 73.492966216151203 11.795562922000006 -138.87795833227776 1
v 71.212726216151196 11.795562922000006 -138.87795833227776 1
v 71.212726216151196 12.759760802000008 -138.87795833227776 0.70710678118654757
v 71.212726216151196 12.759760802000006 -139.84215621227776 1
v 71.212726216151196 12.759760802000008 -140.80635409227776 0.70710678118654757
v 71.212726216151196 11.795562922000006 -140.80635409227776 1
v 71.212726216151196 10.831365042000005 -140.80635409227776 0.70710678118654757
v 71.212726216151196 10.831365042000005 -139.84215621227776 1
v 71.212726216151196 10.831365042000005 -138.87795833227776 0.70710678118654757
v 71.212726216151196 11.795562922000006 -138.87795833227776 1
cstype rat bspline
deg 2 1
surf 0 6.2831853071795862 0 2.2802400000000063 2485 2486 2487 2488 2489 2490 2491 2492 2493 2494 2495 2496 2497 2498 2499 2500 2501 2502
parm u 0 0 0 1.5707963267948966 1.5707963267948966 3.1415926535897931 3.1415926535897931 4.7123889803846897 4.7123889803846897 6.2831853071795862 6.2831853071795862 6.2831853071795862
parm v 0 0 2.2802400000000063 2.2802400000000063
trim -1.5145584882074263 0 1255 -1.8999999999999986 0 1256 -1.5145584882074263 0 1257 -1.8999999999999986 0 1258
end
# - trim loop
vp -6.729120616000003 -0.035802120000001381
vp -6.729120616000003 0.035802119999999604
cstype bspline
deg 1
curv2 3501 3502
parm u 0 0 0.071604240000000985 0.071604240000000985
end
vp -6.729120616000003 0.035802119999999604
vp -8.6291206160000016 0.035802119999999604
cstype bspline
deg 1
curv2 3503 3504
parm u 0 0 1.8999999999999986 1.8999999999999986
end
vp -8.6291206160000016 0.035802119999999604
vp -8.6291206160000016 -0.035802120000001381
cstype bspline
deg 1
curv2 3505 3506
parm u 0 0 0.071604240000000985 0.071604240000000985
end
vp -8.6291206160000016 -0.035802120000001381
vp -6.729120616000003 -0.035802120000001381
cstype bspline
deg 1
curv2 3507 3508
parm u 0 0 1.8999999999999986 1.8999999999999986
end
v 71.212726216151196 11.116678258000004 -140.80635409227776
v 73.492966216151203 11.116678258000004 -140.80635409227776
v 71.212726216151196 12.402843346000004 -140.80635409227776
v 73.492966216151203 12.402843346000004 -140.80635409227776
cstype bspline
deg 1 1
surf -8.8192406160000054 -6.5390006159999992 -0.6430825440000012 0.64308254399999942 2503 2504 2505 2506
parm u -8.8192406160000054 -8.8192406160000054 -6.5390006159999992 -6.5390006159999992
parm v -0.6430825440000012 -0.6430825440000012 0.64308254399999942 0.64308254399999942
trim 0 0.071604240000000985 1259 0 1.8999999999999986 1260 0 0.071604240000000985 1261 0 1.8999999999999986 1262
end
# - trim loop
vp 3.1415926535897931 0.19012000000000029
vp 4.7123889803846897 0.19012000000000029
cstype bspline
deg 1
curv2 3509 3510
parm u -1.5145584882074261 -1.5145584882074261 0 0
end
vp 4.7123889803846897 0.19012000000000029
vp 4.7123889803846897 2.0901199999999989
cstype bspline
deg 1
curv2 3511 3512
parm u -1.8999999999999986 -1.8999999999999986 0 0
end
vp 4.7123889803846897 2.0901199999999989
vp 3.1415926535897931 2.0901199999999989
cstype bspline
deg 1
curv2 3513 3514
parm u -1.5145584882074261 -1.5145584882074261 0 0
end
vp 3.1415926535897931 2.0901199999999989
vp 3.1415926535897931 0.19012000000000029
cstype bspline
deg 1
curv2 3515 3516
parm u -1.8999999999999986 -1.8999999999999986 0 0
end
v 73.492966216151203 11.723958682000005 -138.87795833227776 1
v 73.492966216151203 12.688156562000005 -138.87795833227776 0.70710678118654757
v 73.492966216151203 12.688156562000005 -139.84215621227776 1
v 73.492966216151203 12.688156562000005 -140.80635409227776 0.70710678118654757
v 73.492966216151203 11.723958682000005 -140.80635409227776 1
v 73.492966216151203 10.759760802000004 -140.80635409227776 0.70710678118654757
v 73.492966216151203 10.759760802000004 -139.84215621227776 1
v 73.492966216151203 10.759760802000004 -138.87795833227776 0.70710678118654757
v 73.492966216151203 11.723958682000005 -138.87795833227776 1
v 71.212726216151196 11.723958682000005 -138.87795833227776 1
v 71.212726216151196 12.688156562000005 -138.87795833227776 0.70710678118654757
v 71.212726216151196 12.688156562000005 -139.84215621227776 1
v 71.212726216151196 12.688156562000005 -140.80635409227776 0.70710678118654757
v 71.212726216151196 11.723958682000005 -140.80635409227776 1
v 71.212726216151196 10.759760802000004 -140.80635409227776 0.70710678118654757
v 71.212726216151196 10.759760802000004 -139.84215621227776 1
v 71.212726216151196 10.759760802000004 -138.87795833227776 0.70710678118654757
v 71.212726216151196 11.723958682000005 -138.87795833227776 1
cstype rat bspline
deg 2 1
surf 0 6.2831853071795862 0 2.2802400000000063 2507 2508 2509 2510 2511 2512 2513 2514 2515 2516 2517 2518 2519 2520 2521 2522 2523 2524
parm u 0 0 0 1.5707963267948966 1.5707963267948966 3.1415926535897931 3.1415926535897931 4.7123889803846897 4.7123889803846897 6.2831853071795862 6.2831853071795862 6.2831853071795862
parm v 0 0 2.2802400000000063 2.2802400000000063
trim -1.5145584882074261 0 1263 -1.8999999999999986 0 1264 -1.5145584882074261 0 1265 -1.8999999999999986 0 1266
end
# - trim loop
vp 4.0358021200000014 -6.729120616000003
vp -4.0358021199999996 -6.729120616000003
cstype bspline
deg 1
curv2 3517 3518
parm u 0 0 8.071604240000001 8.071604240000001
end
vp -4.0358021199999996 -6.729120616000003
vp -4.0358021199999996 -8.6291206160000016
cstype bspline
deg 1
curv2 3519 3520
parm u 0 0 1.8999999999999986 1.8999999999999986
end
vp -4.0358021199999996 -8.6291206160000016
vp 4.0358021200000014 -8.6291206160000016
cstype bspline
deg 1
curv2 3521 3522
parm u 0 0 8.071604240000001 8.071604240000001
end
vp 4.0358021200000014 -8.6291206160000016
vp 4.0358021200000014 -6.729120616000003
cstype bspline
deg 1
curv2 3523 3524
parm u 0 0 1.8999999999999986 1.8999999999999986
end
v 71.212726216151196 14.336021386000006 -140.64943663627776
v 71.212726216151196 14.336021386000006 -130.96327154827776
v 73.492966216151203 14.336021386000006 -140.64943663627776
v 73.492966216151203 14.336021386000006 -130.96327154827776
cstype bspline
deg 1 1
surf -4.8430825439999996 4.8430825440000014 -8.8192406160000054 -6.5390006159999992 2525 2526 2527 2528
parm u -4.8430825439999996 -4.8430825439999996 4.8430825440000014 4.8430825440000014
parm v -8.8192406160000054 -8.8192406160000054 -6.5390006159999992 -6.5390006159999992
trim 0 8.071604240000001 1267 0 1.8999999999999986 1268 0 8.071604240000001 1269 0 1.8999999999999986 1270
end
# - trim loop
vp 1.5707963267948966 0.19012000000000029
vp 3.1415926535897931 0.19012000000000029
cstype bspline
deg 1
curv2 3525 3526
parm u -1.5145584882074268 -1.5145584882074268 0 0
end
vp 3.1415926535897931 0.19012000000000029
vp 3.1415926535897931 2.0901199999999989
cstype bspline
deg 1
curv2 3527 3528
parm u -1.8999999999999986 -1.8999999999999986 0 0
end
vp 3.1415926535897931 2.0901199999999989
vp 1.5707963267948966 2.0901199999999989
cstype bspline
deg 1
curv2 3529 3530
parm u -1.5145584882074268 -1.5145584882074268 0 0
end
vp 1.5707963267948966 2.0901199999999989
vp 1.5707963267948966 0.19012000000000029
cstype bspline
deg 1
curv2 3531 3532
parm u -1.8999999999999986 -1.8999999999999986 0 0
end
v 73.492966216151203 15.300219266000004 -132.73474985227776 1
v 73.492966216151203 14.336021386000004 -132.73474985227776 0.70710678118654757
v 73.492966216151203 14.336021386000004 -131.77055197227776 1
v 73.492966216151203 14.336021386000004 -130.80635409227776 0.70710678118654757
v 73.492966216151203 15.300219266000004 -130.80635409227776 1
v 73.492966216151203 16.264417146000003 -130.80635409227776 0.70710678118654757
v 73.492966216151203 16.264417146000007 -131.77055197227776 1
v 73.492966216151203 16.264417146000007 -132.73474985227776 0.70710678118654757
v 73.492966216151203 15.300219266000004 -132.73474985227776 1
v 71.212726216151196 15.300219266000004 -132.73474985227776 1
v 71.212726216151196 14.336021386000004 -132.73474985227776 0.70710678118654757
v 71.212726216151196 14.336021386000004 -131.77055197227776 1
v 71.212726216151196 14.336021386000004 -130.80635409227776 0.70710678118654757
v 71.212726216151196 15.300219266000004 -130.80635409227776 1
v 71.212726216151196 16.264417146000003 -130.80635409227776 0.70710678118654757
v 71.212726216151196 16.264417146000007 -131.77055197227776 1
v 71.212726216151196 16.264417146000007 -132.73474985227776 0.70710678118654757
v 71.212726216151196 15.300219266000004 -132.73474985227776 1
cstype rat bspline
deg 2 1
surf 0 6.2831853071795862 0 2.2802400000000063 2529 2530 2531 2532 2533 2534 2535 2536 2537 2538 2539 2540 2541 2542 2543 2544 2545 2546
parm u 0 0 0 1.5707963267948966 1.5707963267948966 3.1415926535897931 3.1415926535897931 4.7123889803846897 4.7123889803846897 6.2831853071795862 6.2831853071795862 6.2831853071795862
parm v 0 0 2.2802400000000063 2.2802400000000063
trim -1.5145584882074268 0 1271 -1.8999999999999986 0 1272 -1.5145584882074268 0 1273 -1.8999999999999986 0 1274
end
# - trim loop
vp 6.729120616000003 0.035802119999999604
vp 6.729120616000003 -0.035802120000001381
cstype bspline
deg 1
curv2 3533 3534
parm u 0 0 0.071604240000000985 0.071604240000000985
end
vp 6.729120616000003 -0.035802120000001381
vp 8.6291206160000016 -0.035802120000001381
cstype bspline
deg 1
curv2 3535 3536
parm u 0 0 1.8999999999999986 1.8999999999999986
end
vp 8.6291206160000016 -0.035802120000001381
vp 8.6291206160000016 0.035802119999999604
cstype bspline
deg 1
curv2 3537 3538
parm u 0 0 0.071604240000000985 0.071604240000000985
end
vp 8.6291206160000016 0.035802119999999604
vp 6.729120616000003 0.035802119999999604
cstype bspline
deg 1
curv2 3539 3540
parm u 0 0 1.8999999999999986 1.8999999999999986
end
v 73.492966216151203 14.692938842000004 -130.80635409227776
v 71.212726216151196 14.692938842000004 -130.80635409227776
v 73.492966216151203 15.979103930000004 -130.80635409227776
v 71.212726216151196 15.979103930000004 -130.80635409227776
cstype bspline
deg 1 1
surf 6.5390006159999992 8.8192406160000054 -0.6430825440000012 0.64308254399999942 2547 2548 2549 2550
parm u 6.5390006159999992 6.5390006159999992 8.8192406160000054 8.8192406160000054
parm v -0.6430825440000012 -0.6430825440000012 0.64308254399999942 0.64308254399999942
trim 0 0.071604240000000985 1275 0 1.8999999999999986 1276 0 0.071604240000000985 1277 0 1.8999999999999986 1278
end
# - trim loop
vp 3.1415926535897931 0.19012000000000029
vp 4.7123889803846897 0.19012000000000029
cstype bspline
deg 1
curv2 3541 3542
parm u -1.5145584882074241 -1.5145584882074241 0 0
end
vp 4.7123889803846897 0.19012000000000029
vp 4.7123889803846897 2.0901199999999989
cstype bspline
deg 1
curv2 3543 3544
parm u -1.8999999999999986 -1.8999999999999986 0 0
end
vp 4.7123889803846897 2.0901199999999989
vp 3.1415926535897931 2.0901199999999989
cstype bspline
deg 1
curv2 3545 3546
parm u -1.5145584882074241 -1.5145584882074241 0 0
end
vp 3.1415926535897931 2.0901199999999989
vp 3.1415926535897931 0.19012000000000029
cstype bspline
deg 1
curv2 3547 3548
parm u -1.8999999999999986 -1.8999999999999986 0 0
end
v 73.492966216151203 15.371823506000005 -132.73474985227776 1
v 73.492966216151203 14.407625626000003 -132.73474985227776 0.70710678118654757
v 73.492966216151203 14.407625626000005 -131.77055197227776 1
v 73.492966216151203 14.407625626000003 -130.80635409227776 0.70710678118654757
v 73.492966216151203 15.371823506000005 -130.80635409227776 1
v 73.492966216151203 16.336021386000006 -130.80635409227776 0.70710678118654757
v 73.492966216151203 16.336021386000006 -131.77055197227776 1
v 73.492966216151203 16.336021386000006 -132.73474985227776 0.70710678118654757
v 73.492966216151203 15.371823506000005 -132.73474985227776 1
v 71.212726216151196 15.371823506000005 -132.73474985227776 1
v 71.212726216151196 14.407625626000003 -132.73474985227776 0.70710678118654757
v 71.212726216151196 14.407625626000005 -131.77055197227776 1
v 71.212726216151196 14.407625626000003 -130.80635409227776 0.70710678118654757
v 71.212726216151196 15.371823506000005 -130.80635409227776 1
v 71.212726216151196 16.336021386000006 -130.80635409227776 0.70710678118654757
v 71.212726216151196 16.336021386000006 -131.77055197227776 1
v 71.212726216151196 16.336021386000006 -132.73474985227776 0.70710678118654757
v 71.212726216151196 15.371823506000005 -132.73474985227776 1
cstype rat bspline
deg 2 1
surf 0 6.2831853071795862 0 2.2802400000000063 2551 2552 2553 2554 2555 2556 2557 2558 2559 2560 2561 2562 2563 2564 2565 2566 2567 2568
parm u 0 0 0 1.5707963267948966 1.5707963267948966 3.1415926535897931 3.1415926535897931 4.7123889803846897 4.7123889803846897 6.2831853071795862 6.2831853071795862 6.2831853071795862
parm v 0 0 2.2802400000000063 2.2802400000000063
trim -1.5145584882074241 0 1279 -1.8999999999999986 0 1280 -1.5145584882074241 0 1281 -1.8999999999999986 0 1282
end
# - trim loop
vp 4.0358021199999996 -6.729120616000003
vp -4.0358021200000014 -6.729120616000003
cstype bspline
deg 1
curv2 3549 3550
parm u 0 0 8.071604240000001 8.071604240000001
end
vp -4.0358021200000014 -6.729120616000003
vp -4.0358021200000014 -8.6291206160000016
cstype bspline
deg 1
curv2 3551 3552
parm u 0 0 1.8999999999999986 1.8999999999999986
end
vp -4.0358021200000014 -8.6291206160000016
vp 4.0358021199999996 -8.6291206160000016
cstype bspline
deg 1
curv2 3553 3554
parm u 0 0 8.071604240000001 8.071604240000001
end
vp 4.0358021199999996 -8.6291206160000016
vp 4.0358021199999996 -6.729120616000003
cstype bspline
deg 1
curv2 3555 3556
parm u 0 0 1.8999999999999986 1.8999999999999986
end
v 71.212726216151196 16.336021386000006 -130.96327154827776
v 71.212726216151196 16.336021386000006 -140.64943663627776
v 73.492966216151203 16.336021386000006 -130.96327154827776
v 73.492966216151203 16.336021386000006 -140.64943663627776
cstype bspline
deg 1 1
surf -4.8430825440000014 4.8430825439999996 -8.8192406160000054 -6.5390006159999992 2569 2570 2571 2572
parm u -4.8430825440000014 -4.8430825440000014 4.8430825439999996 4.8430825439999996
parm v -8.8192406160000054 -8.8192406160000054 -6.5390006159999992 -6.5390006159999992
trim 0 8.071604240000001 1283 0 1.8999999999999986 1284 0 8.071604240000001 1285 0 1.8999999999999986 1286
end
# - trim loop
vp 1.5707963267948966 0.19012000000000029
vp 3.1415926535897931 0.19012000000000029
cstype bspline
deg 1
curv2 3557 3558
parm u -1.5145584882074263 -1.5145584882074263 0 0
end
vp 3.1415926535897931 0.19012000000000029
vp 3.1415926535897931 2.0901199999999989
cstype bspline
deg 1
curv2 3559 3560
parm u -1.8999999999999986 -1.8999999999999986 0 0
end
vp 3.1415926535897931 2.0901199999999989
vp 1.5707963267948966 2.0901199999999989
cstype bspline
deg 1
curv2 3561 3562
parm u -1.5145584882074263 -1.5145584882074263 0 0
end
vp 1.5707963267948966 2.0901199999999989
vp 1.5707963267948966 0.19012000000000029
cstype bspline
deg 1
curv2 3563 3564
parm u -1.8999999999999986 -1.8999999999999986 0 0
end
v 73.492966216151203 15.371823506000005 -138.87795833227776 1
v 73.492966216151203 16.336021386000006 -138.87795833227776 0.70710678118654757
v 73.492966216151203 16.336021386000006 -139.84215621227776 1
v 73.492966216151203 16.336021386000006 -140.80635409227776 0.70710678118654757
v 73.492966216151203 15.371823506000005 -140.80635409227776 1
v 73.492966216151203 14.407625626000003 -140.80635409227776 0.70710678118654757
v 73.492966216151203 14.407625626000005 -139.84215621227776 1
v 73.492966216151203 14.407625626000003 -138.87795833227776 0.70710678118654757
v 73.492966216151203 15.371823506000005 -138.87795833227776 1
v 71.212726216151196 15.371823506000005 -138.87795833227776 1
v 71.212726216151196 16.336021386000006 -138.87795833227776 0.70710678118654757
v 71.212726216151196 16.336021386000006 -139.84215621227776 1
v 71.212726216151196 16.336021386000006 -140.80635409227776 0.70710678118654757
v 71.212726216151196 15.371823506000005 -140.80635409227776 1
v 71.212726216151196 14.407625626000003 -140.80635409227776 0.70710678118654757
v 71.212726216151196 14.407625626000005 -139.84215621227776 1
v 71.212726216151196 14.407625626000003 -138.87795833227776 0.70710678118654757
v 71.212726216151196 15.371823506000005 -138.87795833227776 1
cstype rat bspline
deg 2 1
surf 0 6.2831853071795862 0 2.2802400000000063 2573 2574 2575 2576 2577 2578 2579 2580 2581 2582 2583 2584 2585 2586 2587 2588 2589 2590
parm u 0 0 0 1.5707963267948966 1.5707963267948966 3.1415926535897931 3.1415926535897931 4.7123889803846897 4.7123889803846897 6.2831853071795862 6.2831853071795862 6.2831853071795862
parm v 0 0 2.2802400000000063 2.2802400000000063
trim -1.5145584882074263 0 1287 -1.8999999999999986 0 1288 -1.5145584882074263 0 1289 -1.8999999999999986 0 1290
end
# - trim loop
vp -6.729120616000003 -0.035802120000001381
vp -6.729120616000003 0.035802119999999604
cstype bspline
deg 1
curv2 3565 3566
parm u 0 0 0.071604240000000985 0.071604240000000985
end
vp -6.729120616000003 0.035802119999999604
vp -8.6291206160000016 0.035802119999999604
cstype bspline
deg 1
curv2 3567 3568
parm u 0 0 1.8999999999999986 1.8999999999999986
end
vp -8.6291206160000016 0.035802119999999604
vp -8.6291206160000016 -0.035802120000001381
cstype bspline
deg 1
curv2 3569 3570
parm u 0 0 0.071604240000000985 0.071604240000000985
end
vp -8.6291206160000016 -0.035802120000001381
vp -6.729120616000003 -0.035802120000001381
cstype bspline
deg 1
curv2 3571 3572
parm u 0 0 1.8999999999999986 1.8999999999999986
end
v 71.212726216151196 14.692938842000004 -140.80635409227776
v 73.492966216151203 14.692938842000004 -140.80635409227776
v 71.212726216151196 15.979103930000004 -140.80635409227776
v 73.492966216151203 15.979103930000004 -140.80635409227776
cstype bspline
deg 1 1
surf -8.8192406160000054 -6.5390006159999992 -0.6430825440000012 0.64308254399999942 2591 2592 2593 2594
parm u -8.8192406160000054 -8.8192406160000054 -6.5390006159999992 -6.5390006159999992
parm v -0.6430825440000012 -0.6430825440000012 0.64308254399999942 0.64308254399999942
trim 0 0.071604240000000985 1291 0 1.8999999999999986 1292 0 0.071604240000000985 1293 0 1.8999999999999986 1294
end
# - trim loop
vp 3.1415926535897931 0.19012000000000029
vp 4.7123889803846897 0.19012000000000029
cstype bspline
deg 1
curv2 3573 3574
parm u -1.5145584882074261 -1.5145584882074261 0 0
end
vp 4.7123889803846897 0.19012000000000029
vp 4.7123889803846897 2.0901199999999989
cstype bspline
deg 1
curv2 3575 3576
parm u -1.8999999999999986 -1.8999999999999986 0 0
end
vp 4.7123889803846897 2.0901199999999989
vp 3.1415926535897931 2.0901199999999989
cstype bspline
deg 1
curv2 3577 3578
parm u -1.5145584882074261 -1.5145584882074261 0 0
end
vp 3.1415926535897931 2.0901199999999989
vp 3.1415926535897931 0.19012000000000029
cstype bspline
deg 1
curv2 3579 3580
parm u -1.8999999999999986 -1.8999999999999986 0 0
end
v 73.492966216151203 15.300219266000004 -138.87795833227776 1
v 73.492966216151203 16.264417146000003 -138.87795833227776 0.70710678118654757
v 73.492966216151203 16.264417146000007 -139.84215621227776 1
v 73.492966216151203 16.264417146000007 -140.80635409227776 0.70710678118654757
v 73.492966216151203 15.300219266000004 -140.80635409227776 1
v 73.492966216151203 14.336021386000004 -140.80635409227776 0.70710678118654757
v 73.492966216151203 14.336021386000004 -139.84215621227776 1
v 73.492966216151203 14.336021386000004 -138.87795833227776 0.70710678118654757
v 73.492966216151203 15.300219266000004 -138.87795833227776 1
v 71.212726216151196 15.300219266000004 -138.87795833227776 1
v 71.212726216151196 16.264417146000003 -138.87795833227776 0.70710678118654757
v 71.212726216151196 16.264417146000007 -139.84215621227776 1
v 71.212726216151196 16.264417146000007 -140.80635409227776 0.70710678118654757
v 71.212726216151196 15.300219266000004 -140.80635409227776 1
v 71.212726216151196 14.336021386000004 -140.80635409227776 0.70710678118654757
v 71.212726216151196 14.336021386000004 -139.84215621227776 1
v 71.212726216151196 14.336021386000004 -138.87795833227776 0.70710678118654757
v 71.212726216151196 15.300219266000004 -138.87795833227776 1
cstype rat bspline
deg 2 1
surf 0 6.2831853071795862 0 2.2802400000000063 2595 2596 2597 2598 2599 2600 2601 2602 2603 2604 2605 2606 2607 2608 2609 2610 2611 2612
parm u 0 0 0 1.5707963267948966 1.5707963267948966 3.1415926535897931 3.1415926535897931 4.7123889803846897 4.7123889803846897 6.2831853071795862 6.2831853071795862 6.2831853071795862
parm v 0 0 2.2802400000000063 2.2802400000000063
trim -1.5145584882074261 0 1295 -1.8999999999999986 0 1296 -1.5145584882074261 0 1297 -1.8999999999999986 0 1298
end
# - trim loop
vp 9.8999999999999986 0.14142135623731025
vp 9.8999999999999986 0.42589688292149297
cstype bspline
deg 1
curv2 3581 3582
parm u 0 0 0.28447552668418274 0.28447552668418274
end
vp 9.8999999999999986 0.42589688292149297
vp -0.30115457400000167 0.42589688292149297
cstype bspline
deg 1
curv2 3583 3584
parm u 0 0 10.201154574 10.201154574
end
vp -0.30115457400000167 0.42589688292149297
vp -0.10000000000000142 0.14142135623731025
cstype bspline
deg 1
curv2 3585 3586
parm u 0 0 0.34840994234287392 0.34840994234287392
end
vp -0.10000000000000142 0.14142135623731025
vp 9.8999999999999986 0.14142135623731025
cstype bspline
deg 1
curv2 3587 3588
parm u 0 0 10 10
end
v 161.2524350080393 16.621390031400004 -139.34464620416583
v 161.2524350080393 4.3797645426000056 -139.34464620416583
v 162.34258863426314 16.621390031400004 -140.43479983038966
v 162.34258863426314 4.3797645426000056 -140.43479983038966
cstype bspline
deg 1 1
surf -1.3213900314000016 10.920235457399999 -0.48719590205859542 1.0545141412173986 2613 2614 2615 2616
parm u -1.3213900314000016 -1.3213900314000016 10.920235457399999 10.920235457399999
parm v -0.48719590205859542 -0.48719590205859542 1.0545141412173986 1.0545141412173986
trim 0 0.28447552668418274 1299 0 10.201154574 1300 0 0.34840994234287392 1301 0 10 1302
end
# - trim loop
vp 8.1000000000000014 0.1414213562373115
vp 8.3011545740000017 0.42589688292149419
cstype bspline
deg 1
curv2 3589 3590
parm u 0 0 0.34840994234287392 0.34840994234287392
end
vp 8.3011545740000017 0.42589688292149419
vp -7.7294690729999971 0.42589688292149419
cstype bspline
deg 1
curv2 3591 3592
parm u 0 0 16.030623646999999 16.030623646999999
end
vp -7.7294690729999971 0.42589688292149419
vp -7.7294690729999971 0.1414213562373115
cstype bspline
deg 1
curv2 3593 3594
parm u 0 0 0.28447552668418274 0.28447552668418274
end
vp -7.7294690729999971 0.1414213562373115
vp 8.1000000000000014 0.1414213562373115
cstype bspline
deg 1
curv2 3595 3596
parm u 0 0 15.829469072999999 15.829469072999999
end
v 161.2524350080393 14.955500473888076 -122.35649429257775
v 161.2524350080393 14.955500473888076 -141.59348266897774
v 162.34258863426314 16.045654100111935 -122.35649429257775
v 162.34258863426314 16.045654100111935 -141.59348266897774
cstype bspline
deg 1 1
surf -9.3326514376999974 9.904336938700002 -0.48719590205859414 1.0545141412173999 2617 2618 2619 2620
parm u -9.3326514376999974 -9.3326514376999974 9.904336938700002 9.904336938700002
parm v -0.48719590205859414 -0.48719590205859414 1.0545141412173999 1.0545141412173999
trim 0 0.34840994234287392 1303 0 16.030623646999999 1304 0 0.28447552668418274 1305 0 15.829469072999999 1306
end
# - trim loop
vp 3.1415926535897931 0.028617259003011247
vp 3.1415926535897931 0.31309278568719401
cstype bspline
deg 1
curv2 3597 3598
parm u 0 0 0.28447552668418274 0.28447552668418274
end
vp 3.1415926535897931 0.31309278568719401
vp 2.9928180386186645 0.3130927859097552
cstype bspline
deg 1
curv2 3599 3600
parm u 0 0 0.6149155800755165 0.6149155800755165
end
vp 2.9928180386186645 0.3130927859097552
vp 3.0066247755153754 0.21810534096947715
vp 3.0213501262556228 0.12327867482762395
vp 3.0372502956515932 0.028617258838661508
cstype bspline
deg 3
curv2 3601 3602 3603 3604
parm u 0 0 0 0 0.33808724968813214 0.33808724968813214 0.33808724968813214 0.33808724968813214
end
vp 3.0372502956515932 0.028617258838661508
vp 3.1415926535897931 0.028617259003011247
cstype bspline
deg 1
curv2 3605 3606
parm u 0 0 0.40871558378406297 0.40871558378406297
end
v 153.17841728455119 15.379764542600006 -123.95967665727775 1
v 153.17841728455119 15.379764542600006 -119.71053576167773 0.70710678118654757
v 157.42755818015121 15.379764542600006 -119.71053576167773 1
v 161.67669907575123 15.379764542600006 -119.71053576167773 0.70710678118654757
v 161.67669907575123 15.379764542600006 -123.95967665727775 1
v 161.67669907575123 15.379764542600006 -128.20881755287778 0.70710678118654757
v 157.42755818015121 15.379764542600006 -128.20881755287778 1
v 153.17841728455119 15.379764542600006 -128.20881755287778 0.70710678118654757
v 153.17841728455119 15.379764542600006 -123.95967665727775 1
v 152.93679179575119 15.621390031400006 -123.95967665727775 1
v 152.93679179575119 15.621390031400006 -119.46891027287774 0.70710678118654757
v 157.42755818015121 15.621390031400006 -119.46891027287774 1
v 161.91832456455123 15.621390031400006 -119.46891027287774 0.70710678118654757
v 161.91832456455123 15.621390031400006 -123.95967665727775 1
v 161.91832456455123 15.621390031400006 -128.45044304167777 0.70710678118654757
v 157.42755818015121 15.621390031400006 -128.45044304167777 1
v 152.93679179575119 15.621390031400006 -128.45044304167777 0.70710678118654757
v 152.93679179575119 15.621390031400006 -123.95967665727775 1
cstype rat bspline
deg 2 1
surf 0 6.2831853071795862 0 0.34171004327599153 2621 2622 2623 2624 2625 2626 2627 2628 2629 2630 2631 2632 2633 2634 2635 2636 2637 2638
parm u 0 0 0 1.5707963267948966 1.5707963267948966 3.1415926535897931 3.1415926535897931 4.7123889803846897 4.7123889803846897 6.2831853071795862 6.2831853071795862 6.2831853071795862
parm v 0 0 0.34171004327599153 0.34171004327599153
trim 0 0.28447552668418274 1307 0 0.6149155800755165 1308 0 0.33808724968813214 1309 0 0.40871558378406297 1310
end
# - trim loop
vp 216.70820489799999 0.18243450274842213
vp 216.77440604099999 0.27363202480604087
vp 216.84150660699999 0.36417050472322643
vp 216.90935947199998 0.4541577440106625
cstype bspline
deg 3
curv2 3607 3608 3609 3610
parm u 0 0 0 0 0.33808724968813214 0.33808724968813214 0.33808724968813214 0.33808724968813214
end
vp 216.90935947199998 0.4541577440106625
vp 206.70820489799999 0.4541577440106625
cstype bspline
deg 1
curv2 3611 3612
parm u 0 0 10.201154574 10.201154574
end
vp 206.70820489799999 0.4541577440106625
vp 206.70820489799999 0.13262113395894129
cstype bspline
deg 1
curv2 3613 3614
parm u 0 0 0.32153661005172124 0.32153661005172124
end
vp 206.70820489799999 0.13262113395894129
vp 216.70820489799999 0.13262113395894129
cstype bspline
deg 1
curv2 3615 3616
parm u 0 0 10 10
end
vp 216.70820489799999 0.13262113395894129
vp 216.70820489799999 0.18243450274842213
cstype bspline
deg 1
curv2 3617 3618
parm u 0 0 0.049813368789480852 0.049813368789480852
end
v 161.22932964004553 4.3797645426000145 -124.06593472088123
v 161.22932964004553 16.621390031399983 -124.06593472088123
v 162.27120205314591 4.3797645426000145 -122.8699092495776
v 162.27120205314591 16.621390031399983 -122.8699092495776
cstype bspline
deg 1 1
surf 205.6879694406 217.92959492939997 -0.49970183148578984 1.0864807094553934 2639 2640 2641 2642
parm u 205.6879694406 205.6879694406 217.92959492939997 217.92959492939997
parm v -0.49970183148578984 -0.49970183148578984 1.0864807094553934 1.0864807094553934
trim 0 0.33808724968813214 1311 0 10.201154574 1312 0 0.32153661005172124 1313 0 10 1314 0 0.049813368789480852 1315
end
# - trim loop
vp -12.949999999999999 -0.0054623758430346163
vp -8.6333332610000006 -0.0054618999601814266
vp -4.3166665220000002 -0.005461916930741495
vp 2.1700000019109211E-07 -0.0054623814998893336
cstype bspline
deg 3
curv2 3619 3620 3621 3622
parm u 0 0 0 0 12.950000217000051 12.950000217000051 12.950000217000051 12.950000217000051
end
vp 2.1700000019109211E-07 -0.0054623814998893336
vp 0 1.7702111785713066
cstype bspline
deg 1
curv2 3623 3624
parm u 0 0 1.7756735600712092 1.7756735600712092
end
vp 0 1.7702111785713066
vp -10.949999999999999 1.7702111785713066
cstype bspline
deg 1
curv2 3625 3626
parm u 0 0 10.949999999999999 10.949999999999999
end
vp -10.949999999999999 1.7702111785713066
vp -10.949999999999999 0.2201032597068821
cstype bspline
deg 1
curv2 3627 3628
parm u 0 0 1.5501079188644247 1.5501079188644247
end
vp -10.949999999999999 0.2201032597068821
vp -11.616666717666666 0.22010325970688172
vp -12.283333359333334 0.22010325970688172
vp -12.949999999999999 0.2201032597068821
cstype bspline
deg 3
curv2 3629 3630 3631 3632
parm u 0 0 0 0 1.9999999999999996 1.9999999999999996 1.9999999999999996 1.9999999999999996
end
vp -12.949999999999999 0.2201032597068821
vp -12.949999999999999 -0.0054623758430346163
cstype bspline
deg 1
curv2 3633 3634
parm u 0 0 0.22556563554991671 0.22556563554991671
end
v 160.5168192106012 2.104879978300005 -143.59593344582774
v 160.5168192106012 17.645120238700006 -143.59593344582774
v 162.02376818920121 2.104879978300005 -142.08898446722773
v 162.02376818920121 17.645120238700006 -142.08898446722773
cstype bspline
deg 1 1
surf -14.2451200217 1.2951202387 -0.18319944313449632 1.9479482402059136 2643 2644 2645 2646
parm u -14.2451200217 -14.2451200217 1.2951202387 1.2951202387
parm v -0.18319944313449632 -0.18319944313449632 1.9479482402059136 1.9479482402059136
trim 0 12.950000217000051 1316 0 1.7756735600712092 1317 0 10.949999999999999 1318 0 1.5501079188644247 1319 0 1.9999999999999996 1320 0 0.22556563554991671 1321
end
# - trim loop
vp -0.4499997829999991 -0.0054623814998893336
vp -0.29999979699999813 -0.0054623812641878544
vp -0.14999981199999723 -0.0054623810284866181
vp 1.7400000018596984E-07 -0.0054623822069961728
cstype bspline
deg 3
curv2 3635 3636 3637 3638
parm u 0 0 0 0 0.44999995699999928 0.44999995699999928 0.44999995699999928 0.44999995699999928
end
vp 1.7400000018596984E-07 -0.0054623822069961728
vp 0 1.7702111785713066
cstype bspline
deg 1
curv2 3639 3640
parm u 0 0 1.7756735607783114 1.7756735607783114
end
vp 0 1.7702111785713066
vp -0.44999999999999929 1.7702111785713066
cstype bspline
deg 1
curv2 3641 3642
parm u 0 0 0.44999999999999929 0.44999999999999929
end
vp -0.44999999999999929 1.7702111785713066
vp -0.4499997829999991 -0.0054623814998893336
cstype bspline
deg 1
curv2 3643 3644
parm u 0 0 1.7756735600712092 1.7756735600712092
end
v 160.51681921005118 15.704879982600005 -143.59593344637776
v 160.51681921005118 17.445120191400004 -143.59593344637776
v 162.0237681892512 15.704879982600005 -142.08898446717774
v 162.0237681892512 17.445120191400004 -142.08898446717774
cstype bspline
deg 1 1
surf -1.0951200173999989 0.64512019139999988 -0.18319944391231385 1.9479482402766242 2647 2648 2649 2650
parm u -1.0951200173999989 -1.0951200173999989 0.64512019139999988 0.64512019139999988
parm v -0.18319944391231385 -0.18319944391231385 1.9479482402766242 1.9479482402766242
trim 0 0.44999995699999928 1322 0 1.7756735607783114 1323 0 0.44999999999999929 1324 0 1.7756735600712092 1325
end
# - trim loop
vp 3.1415926535897931 1.2725226174328177
vp 3.1650390681404437 1.2728065571821341
cstype bspline
deg 1
curv2 3645 3646
parm u -0.019081534263009386 -0.019081534263009386 -0 -0
end
vp 3.1650390681404437 1.2728065571821341
vp 3.2018798703121343 1.2737096428508998
vp 3.2387202461268227 1.2746298338486524
vp 3.2755607554839945 1.2755446903855379
cstype bspline
deg 3
curv2 3647 3648 3649 3650
parm u -1.4168095446781419 -1.4168095446781419 -1.4168095446781419 -1.4168095446781419 -1.3197772131755841 -1.3197772131755841 -1.3197772131755841 -1.3197772131755841
end
vp 3.2755607554839945 1.2755446903855379
vp 3.31058254630396 1.2764143828741437
vp 3.3456043237376432 1.2772844284413092
vp 3.3806266635065807 1.2781319267701283
cstype bspline
deg 3
curv2 3651 3652 3653 3654
parm u -1.3197772131755841 -1.3197772131755841 -1.3197772131755841 -1.3197772131755841 -1.2247578154274159 -1.2247578154274159 -1.2247578154274159 -1.2247578154274159
end
vp 3.3806266635065807 1.2781319267701283
vp 3.414118818781319 1.2789423964821782
vp 3.4476116234750411 1.279725060757569
vp 3.4811043280158933 1.2805121860367386
cstype bspline
deg 3
curv2 3655 3656 3657 3658
parm u -1.2247578154274159 -1.2247578154274159 -1.2247578154274159 -1.2247578154274159 -1.1350622242981798 -1.1350622242981798 -1.1350622242981798 -1.1350622242981798
end
vp 3.4811043280158933 1.2805121860367386
vp 3.5133387904461282 1.2812697408710279
vp 3.545573293522629 1.2820250681044649
vp 3.577808511155959 1.2827501934443255
cstype bspline
deg 3
curv2 3659 3660 3661 3662
parm u -1.1350622242981798 -1.1350622242981798 -1.1350622242981798 -1.1350622242981798 -1.046611231622373 -1.046611231622373 -1.046611231622373 -1.046611231622373
end
vp 3.577808511155959 1.2827501934443255
vp 3.6090452422274368 1.2834528580112097
vp 3.6402821980051123 1.2841449205770907
vp 3.6715195620057033 1.2848189661033662
cstype bspline
deg 3
curv2 3663 3664 3665 3666
parm u -1.046611231622373 -1.046611231622373 -1.046611231622373 -1.046611231622373 -0.94781769493708701 -0.94781769493708701 -0.94781769493708701 -0.94781769493708701
end
vp 3.6715195620057033 1.2848189661033662
vp 3.7020085117614028 1.2854768622108872
vp 3.7324977534456782 1.2861207277497697
vp 3.7629871318094779 1.2867583687386646
cstype bspline
deg 3
curv2 3667 3668 3669 3670
parm u -0.94781769493708701 -0.94781769493708701 -0.94781769493708701 -0.94781769493708701 -0.85256418305005388 -0.85256418305005388 -0.85256418305005388 -0.85256418305005388
end
vp 3.7629871318094779 1.2867583687386646
vp 3.8822482387560031 1.289252541274073
vp 4.0015112976866067 1.2916284757862904
vp 4.1207793548563982 1.2937709281329723
cstype bspline
deg 3
curv2 3671 3672 3673 3674
parm u -0.85256418305005388 -0.85256418305005388 -0.85256418305005388 -0.85256418305005388 -0.51231050616609752 -0.51231050616609752 -0.51231050616609752 -0.51231050616609752
end
vp 4.1207793548563982 1.2937709281329723
vp 4.1510984192813405 1.2943155597155449
vp 4.1814176034157233 1.2948522983512059
vp 4.2117373702466061 1.2953569521531767
cstype bspline
deg 3
curv2 3675 3676 3677 3678
parm u -0.51231050616609752 -0.51231050616609752 -0.51231050616609752 -0.51231050616609752 -0.42692745337869831 -0.42692745337869831 -0.42692745337869831 -0.42692745337869831
end
vp 4.2117373702466061 1.2953569521531767
vp 4.242734321617406 1.2958728772738044
vp 4.2737316936096832 1.2963552909391507
vp 4.3047300310949241 1.2967814458538689
cstype bspline
deg 3
curv2 3679 3680 3681 3682
parm u -0.42692745337869831 -0.42692745337869831 -0.42692745337869831 -0.42692745337869831 -0.3408728388755074 -0.3408728388755074 -0.3408728388755074 -0.3408728388755074
end
vp 4.3047300310949241 1.2967814458538689
vp 4.336653571617803 1.2972203201546459
vp 4.3685777943518946 1.2975902794715775
vp 4.4005025701388263 1.2979241131088342
cstype bspline
deg 3
curv2 3683 3684 3685 3686
parm u -0.3408728388755074 -0.3408728388755074 -0.3408728388755074 -0.3408728388755074 -0.26326784259961356 -0.26326784259961356 -0.26326784259961356 -0.26326784259961356
end
vp 4.4005025701388263 1.2979241131088342
vp 4.4998248771267795 1.2988110360255898
cstype bspline
deg 1
curv2 3687 3688
parm u -0.26326784259961356 -0.26326784259961356 -0.18672221060346328 -0.18672221060346328
end
vp 4.4998248771267795 1.2988110360255898
vp 4.6035031627955574 1.2993433972475954
cstype bspline
deg 1
curv2 3689 3690
parm u -0.18672221060346328 -0.18672221060346328 -0.094222266656393189 -0.094222266656393189
end
vp 4.6035031627955574 1.2993433972475954
vp 4.7123887700601532 1.2995086307305392
cstype bspline
deg 1
curv2 3691 3692
parm u -0.094222266656393189 -0.094222266656393189 0 0
end
vp 4.7123887700601532 1.2995086307305392
vp 4.7123889803846897 3.07518219150883
cstype bspline
deg 1
curv2 3693 3694
parm u -1.7756735607783114 -1.7756735607783114 0 0
end
vp 4.7123889803846897 3.07518219150883
vp 3.1415926535897931 3.07518219150883
cstype bspline
deg 1
curv2 3695 3696
parm u -3.4156686225957569 -3.4156686225957569 0 0
end
vp 3.1415926535897931 3.07518219150883
vp 3.1415926535897931 1.2725226174328177
cstype bspline
deg 1
curv2 3697 3698
parm u -1.8026595740760125 -1.8026595740760125 0 0
end
v 159.7236069271512 16.800000000000004 -144.38914573027776 1
v 159.7236069271512 16.800000000000004 -144.38914573027776 0.70710678118654757
v 159.7236069271512 16.800000000000004 -144.38914573027776 1
v 159.7236069271512 16.800000000000004 -144.38914573027776 0.70710678118654757
v 159.7236069271512 16.800000000000004 -144.38914573027776 1
v 159.7236069271512 16.800000000000004 -144.38914573027776 0.70710678118654757
v 159.7236069271512 16.800000000000004 -144.38914573027776 1
v 159.7236069271512 16.800000000000004 -144.38914573027776 0.70710678118654757
v 159.7236069271512 16.800000000000004 -144.38914573027776 1
v 162.11565732625121 14.407949600899999 -144.38914573027776 1
v 162.11565732625121 14.407949600899999 -146.78119612937778 0.70710678118654757
v 162.11565732625121 16.800000000000004 -146.78119612937778 1
v 162.11565732625121 19.192050399100008 -146.78119612937778 0.70710678118654757
v 162.11565732625121 19.192050399100012 -144.38914573027776 1
v 162.11565732625121 19.192050399100012 -141.99709533117775 0.70710678118654757
v 162.11565732625121 16.800000000000004 -141.99709533117775 1
v 162.11565732625121 14.407949600899999 -141.99709533117775 0.70710678118654757
v 162.11565732625121 14.407949600899999 -144.38914573027776 1
cstype rat bspline
deg 2 1
surf 0 6.2831853071795862 0 3.3828701162872039 2651 2652 2653 2654 2655 2656 2657 2658 2659 2660 2661 2662 2663 2664 2665 2666 2667 2668
parm u 0 0 0 1.5707963267948966 1.5707963267948966 3.1415926535897931 3.1415926535897931 4.7123889803846897 4.7123889803846897 6.2831853071795862 6.2831853071795862 6.2831853071795862
parm v 0 0 3.3828701162872039 3.3828701162872039
trim -0.019081534263009386 -0 1326 -1.4168095446781419 -1.3197772131755841 1327 -1.3197772131755841 -1.2247578154274159 1328 -1.2247578154274159 -1.1350622242981798 1329 -1.1350622242981798 -1.046611231622373 1330 -1.046611231622373 -0.94781769493708701 1331 -0.94781769493708701 -0.85256418305005388 1332 -0.85256418305005388 -0.51231050616609752 1333 -0.51231050616609752 -0.42692745337869831 1334 -0.42692745337869831 -0.3408728388755074 1335 -0.3408728388755074 -0.26326784259961356 1336 -0.26326784259961356 -0.18672221060346328 1337 -0.18672221060346328 -0.094222266656393189 1338 -0.094222266656393189 0 1339 -1.7756735607783114 0 1340 -3.4156686225957569 0 1341 -1.8026595740760125 0 1342
end
# - trim loop
vp 11.780934568999999 -0.032470340563655574
vp 11.787295627006914 -0.032470222624915834
vp 11.793660218999575 -0.032566286694517999
vp 11.800000000000001 -0.032757160044666875
cstype bspline
deg 3
curv2 3699 3700 3701 3702
parm u 0 0 0 0 0.019069028616761019 0.019069028616761019 0.019069028616761019 0.019069028616761019
end
vp 11.800000000000001 -0.032757160044666875
vp 11.800000000000001 1.7702111792784145
cstype bspline
deg 1
curv2 3703 3704
parm u 0 0 1.8029683393230818 1.8029683393230818
end
vp 11.800000000000001 1.7702111792784145
vp -0.5 1.7702111792784145
cstype bspline
deg 1
curv2 3705 3706
parm u 0 0 12.300000000000001 12.300000000000001
end
vp -0.5 1.7702111792784145
vp -0.5 -0.032448394797597667
cstype bspline
deg 1
curv2 3707 3708
parm u 0 0 1.8026595740760125 1.8026595740760125
end
vp -0.5 -0.032448394797597667
vp 3.4269777560000003 -0.032450279944278293
vp 7.3539555120000006 -0.032464119438195382
vp 11.280933269 -0.032472046812319071
cstype bspline
deg 3
curv2 3709 3710 3711 3712
parm u 0 0 0 0 11.78093326903284 11.78093326903284 11.78093326903284 11.78093326903284
end
vp 11.280933269 -0.032472046812319071
vp 11.447600369001321 -0.032471493147710362
vp 11.61426746900066 -0.032470925340959411
vp 11.780934568999999 -0.032470340563655574
cstype bspline
deg 3
curv2 3713 3714 3715 3716
parm u 0 0 0 0 0.50000130000291276 0.50000130000291276 0.50000130000291276 0.50000130000291276
end
v 160.49558885525119 17.571981928100005 -143.15902573027776
v 160.49558885525119 17.571981928100005 -157.91926573027777
v 162.0256982220512 19.102091294900006 -143.15902573027776
v 162.0256982220512 19.102091294900006 -157.91926573027777
cstype bspline
deg 1 1
surf -1.7301199999999999 13.03012 -0.21322369960446244 1.9506777188382103 2669 2670 2671 2672
parm u -1.7301199999999999 -1.7301199999999999 13.03012 13.03012
parm v -0.21322369960446244 -0.21322369960446244 1.9506777188382103 1.9506777188382103
trim 0 0.019069028616761019 1343 0 1.8029683393230818 1344 0 12.300000000000001 1345 0 1.8026595740760125 1346 0 11.78093326903284 1347 0 0.50000130000291276 1348
end
# - trim loop
vp 1.5707963267948966 1.2456062216261485
vp 1.6360659850335328 1.2456251551330673
vp 1.7013317094143132 1.2460015920818768
vp 1.7665981565970537 1.2466100203452863
cstype bspline
deg 3
curv2 3717 3718 3719 3720
parm u -0.6791480993350496 -0.6791480993350496 -0.6791480993350496 -0.6791480993350496 -0.5184691080847621 -0.5184691080847621 -0.5184691080847621 -0.5184691080847621
end
vp 1.7665981565970537 1.2466100203452863
vp 1.7998397515092937 1.2469199058490508
vp 1.8330806656451595 1.2472891739951599
vp 1.8663215974966028 1.247660337315682
cstype bspline
deg 3
curv2 3721 3722 3723 3724
parm u -0.5184691080847621 -0.5184691080847621 -0.5184691080847621 -0.5184691080847621 -0.43279033940703887 -0.43279033940703887 -0.43279033940703887 -0.43279033940703887
end
vp 1.8663215974966028 1.247660337315682
vp 1.8989068152617623 1.2480241790298476
vp 1.9314919773058492 1.2483895870872161
vp 1.9640778685010956 1.2486915401791605
cstype bspline
deg 3
curv2 3725 3726 3727 3728
parm u -0.43279033940703887 -0.43279033940703887 -0.43279033940703887 -0.43279033940703887 -0.34665739378454835 -0.34665739378454835 -0.34665739378454835 -0.34665739378454835
end
vp 1.9640778685010956 1.2486915401791605
vp 2.0597399409160069 1.2494096020862193
cstype bspline
deg 1
curv2 3729 3730
parm u -0.34665739378454835 -0.34665739378454835 -0.25983418353509652 -0.25983418353509652
end
vp 2.0597399409160069 1.2494096020862193
vp 2.1531992733522589 1.2500573174225456
cstype bspline
deg 1
curv2 3731 3732
parm u -0.25983418353509652 -0.25983418353509652 -0.17256622351031942 -0.17256622351031942
end
vp 2.1531992733522589 1.2500573174225456
vp 2.2143669587612331 1.2505645998402219
vp 2.2755239963708851 1.2513370922736151
vp 2.3366764800444333 1.2529209609583989
cstype bspline
deg 3
curv2 3733 3734 3735 3736
parm u -0.17256622351031942 -0.17256622351031942 -0.17256622351031942 -0.17256622351031942 0 0 0 0
end
vp 2.3366764800444333 1.2529209609583989
vp 2.3704481008915708 1.2535119803037291
vp 2.4042175724861297 1.2542001922331285
vp 2.4379864880053979 1.2549259059188682
cstype bspline
deg 3
curv2 3737 3738 3739 3740
parm u -0.72242260055091745 -0.72242260055091745 -0.72242260055091745 -0.72242260055091745 -0.62834925951501397 -0.62834925951501397 -0.62834925951501397 -0.62834925951501397
end
vp 2.4379864880053979 1.2549259059188682
vp 2.4710753474920062 1.2556370048039116
vp 2.5041634006580202 1.256383756552256
vp 2.5372515650611716 1.2571259332768687
cstype bspline
deg 3
curv2 3741 3742 3743 3744
parm u -0.62834925951501397 -0.62834925951501397 -0.62834925951501397 -0.62834925951501397 -0.53632860391599568 -0.53632860391599568 -0.53632860391599568 -0.53632860391599568
end
vp 2.5372515650611716 1.2571259332768687
vp 2.5703626322783708 1.2578686237178898
vp 2.6034733627834123 1.258624706967749
vp 2.6365832488708962 1.2594188421881616
cstype bspline
deg 3
curv2 3745 3746 3747 3748
parm u -0.53632860391599568 -0.53632860391599568 -0.53632860391599568 -0.53632860391599568 -0.44329103402942971 -0.44329103402942971 -0.44329103402942971 -0.44329103402942971
end
vp 2.6365832488708962 1.2594188421881616
vp 2.6699894247222602 1.2602200838702473
vp 2.7033947336034601 1.2610557676080707
vp 2.7368000676835305 1.2618908946129148
cstype bspline
deg 3
curv2 3749 3750 3751 3752
parm u -0.44329103402942971 -0.44329103402942971 -0.44329103402942971 -0.44329103402942971 -0.35083802482127058 -0.35083802482127058 -0.35083802482127058 -0.35083802482127058
end
vp 2.7368000676835305 1.2618908946129148
vp 2.7707941773892979 1.2627407408964437
vp 2.8047879657250459 1.263603082280236
vp 2.8387815529351368 1.2644735429658323
cstype bspline
deg 3
curv2 3753 3754 3755 3756
parm u -0.35083802482127058 -0.35083802482127058 -0.35083802482127058 -0.35083802482127058 -0.25866979003315621 -0.25866979003315621 -0.25866979003315621 -0.25866979003315621
end
vp 2.8387815529351368 1.2644735429658323
vp 2.8736793017017148 1.2653671561679489
vp 2.908576827919005 1.2662693365566677
vp 2.9434742870868145 1.2671741640936545
cstype bspline
deg 3
curv2 3757 3758 3759 3760
parm u -0.25866979003315621 -0.25866979003315621 -0.25866979003315621 -0.25866979003315621 -0.16648159846663066 -0.16648159846663066 -0.16648159846663066 -0.16648159846663066
end
vp 2.9434742870868145 1.2671741640936545
vp 2.9796196402902888 1.2681113472494878
vp 3.0157649401972968 1.2690505105197463
vp 3.0519106916074024 1.2699723152012463
cstype bspline
deg 3
curv2 3761 3762 3763 3764
parm u -0.16648159846663066 -0.16648159846663066 -0.16648159846663066 -0.16648159846663066 -0.073980351747529829 -0.073980351747529829 -0.073980351747529829 -0.073980351747529829
end
vp 3.0519106916074024 1.2699723152012463
vp 3.0818043033560087 1.2707346750964597
vp 3.1116982173460808 1.2714844229787086
vp 3.1415926535897931 1.2722138521857485
cstype bspline
deg 3
curv2 3765 3766 3767 3768
parm u -0.073980351747529829 -0.073980351747529829 -0.073980351747529829 -0.073980351747529829 0 0 0 0
end
vp 3.1415926535897931 1.2722138521857485
vp 3.1415926535897931 3.07518219150883
cstype bspline
deg 1
curv2 3769 3770
parm u -1.8029683393230818 -1.8029683393230818 0 0
end
vp 3.1415926535897931 3.07518219150883
vp 1.5707963267948966 3.07518219150883
cstype bspline
deg 1
curv2 3771 3772
parm u -3.4156686225957569 -3.4156686225957569 0 0
end
vp 1.5707963267948966 3.07518219150883
vp 1.5707963267948966 1.2456062216261485
cstype bspline
deg 1
curv2 3773 3774
parm u -1.8295759698826817 -1.8295759698826817 0 0
end
v 159.7236069271512 16.800000000000004 -156.68914573027774 1
v 159.7236069271512 16.800000000000004 -156.68914573027774 0.70710678118654757
v 159.7236069271512 16.800000000000004 -156.68914573027774 1
v 159.7236069271512 16.800000000000004 -156.68914573027774 0.70710678118654757
v 159.7236069271512 16.800000000000004 -156.68914573027774 1
v 159.7236069271512 16.800000000000004 -156.68914573027774 0.70710678118654757
v 159.7236069271512 16.800000000000004 -156.68914573027774 1
v 159.7236069271512 16.800000000000004 -156.68914573027774 0.70710678118654757
v 159.7236069271512 16.800000000000004 -156.68914573027774 1
v 162.11565732625121 14.407949600899999 -156.68914573027774 1
v 162.11565732625121 14.407949600899999 -159.08119612937776 0.70710678118654757
v 162.11565732625121 16.800000000000004 -159.08119612937776 1
v 162.11565732625121 19.192050399100008 -159.08119612937776 0.70710678118654757
v 162.11565732625121 19.192050399100012 -156.68914573027774 1
v 162.11565732625121 19.192050399100012 -154.29709533117773 0.70710678118654757
v 162.11565732625121 16.800000000000004 -154.29709533117773 1
v 162.11565732625121 14.407949600899999 -154.29709533117773 0.70710678118654757
v 162.11565732625121 14.407949600899999 -156.68914573027774 1
cstype rat bspline
deg 2 1
surf 0 6.2831853071795862 0 3.3828701162872039 2673 2674 2675 2676 2677 2678 2679 2680 2681 2682 2683 2684 2685 2686 2687 2688 2689 2690
parm u 0 0 0 1.5707963267948966 1.5707963267948966 3.1415926535897931 3.1415926535897931 4.7123889803846897 4.7123889803846897 6.2831853071795862 6.2831853071795862 6.2831853071795862
parm v 0 0 3.3828701162872039 3.3828701162872039
trim -0.6791480993350496 -0.5184691080847621 1349 -0.5184691080847621 -0.43279033940703887 1350 -0.43279033940703887 -0.34665739378454835 1351 -0.34665739378454835 -0.25983418353509652 1352 -0.25983418353509652 -0.17256622351031942 1353 -0.17256622351031942 0 1354 -0.72242260055091745 -0.62834925951501397 1355 -0.62834925951501397 -0.53632860391599568 1356 -0.53632860391599568 -0.44329103402942971 1357 -0.44329103402942971 -0.35083802482127058 1358 -0.35083802482127058 -0.25866979003315621 1359 -0.25866979003315621 -0.16648159846663066 1360 -0.16648159846663066 -0.073980351747529829 1361 -0.073980351747529829 0 1362 -1.8029683393230818 0 1363 -3.4156686225957569 0 1364 -1.8295759698826817 0 1365
end
# - trim loop
vp -12.949999999999999 -0.059364790604268095
vp -12.799987117996054 -0.059365568893134935
vp -12.649974235998027 -0.059366351424650077
vp -12.499961355 -0.059367138198783066
cstype bspline
deg 3
curv2 3775 3776 3777 3778
parm u 0 0 0 0 0.45003864500612245 0.45003864500612245 0.45003864500612245 0.45003864500612245
end
vp -12.499961355 -0.059367138198783066
vp -12.5 1.7702111792784134
cstype bspline
deg 1
curv2 3779 3780
parm u 0 0 1.8295783178853333 1.8295783178853333
end
vp -12.5 1.7702111792784134
vp -12.949999999999999 1.7702111792784134
cstype bspline
deg 1
curv2 3781 3782
parm u 0 0 0.44999999999999929 0.44999999999999929
end
vp -12.949999999999999 1.7702111792784134
vp -12.949999999999999 -0.059364790604268095
cstype bspline
deg 1
curv2 3783 3784
parm u 0 0 1.8295759698826817 1.8295759698826817
end
v 160.4748911496512 17.445123864500005 -157.44042995277775
v 160.4748911496512 15.704837490500005 -157.44042995277775
v 162.0275798316512 17.445123864500005 -158.99311863477774
v 162.0275798316512 15.704837490500005 -158.99311863477774
cstype bspline
deg 1 1
surf -13.5951238645 -11.8548374905 -0.24249467557399013 1.9533387166536205 2691 2692 2693 2694
parm u -13.5951238645 -13.5951238645 -11.8548374905 -11.8548374905
parm v -0.24249467557399013 -0.24249467557399013 1.9533387166536205 1.9533387166536205
trim 0 0.45003864500612245 1366 0 1.8295783178853333 1367 0 0.44999999999999929 1368 0 1.8295759698826817 1369
end
# - trim loop
vp -12.499961355 -0.059367138198783066
vp -8.1831856089998318 -0.059363622935279636
vp -3.866409862999916 -0.059364667096282631
vp 0.45036588299999991 -0.059370212699069579
cstype bspline
deg 3
curv2 3785 3786 3787 3788
parm u 0 0 0 0 12.950327238005118 12.950327238005118 12.950327238005118 12.950327238005118
end
vp 0.45036588299999991 -0.059370212699069579
vp 0.44999999999999973 0.22010326041398895
cstype bspline
deg 1
curv2 3789 3790
parm u 0 0 0.27947371261756471 0.27947371261756471
end
vp 0.44999999999999973 0.22010326041398895
vp -0.21666671799999992 0.22010326041398542
vp -0.8833333589999981 0.22010326041398542
vp -1.5499999999999998 0.22010326041398895
cstype bspline
deg 3
curv2 3791 3792 3793 3794
parm u 0 0 0 0 1.9999999999999996 1.9999999999999996 1.9999999999999996 1.9999999999999996
end
vp -1.5499999999999998 0.22010326041398895
vp -1.5499999999999998 1.7702111792784134
cstype bspline
deg 1
curv2 3795 3796
parm u 0 0 1.5501079188644247 1.5501079188644247
end
vp -1.5499999999999998 1.7702111792784134
vp -12.5 1.7702111792784134
cstype bspline
deg 1
curv2 3797 3798
parm u 0 0 10.949999999999999 10.949999999999999
end
vp -12.5 1.7702111792784134
vp -12.499961355 -0.059367138198783066
cstype bspline
deg 1
curv2 3799 3800
parm u 0 0 1.8295783178853333 1.8295783178853333
end
v 160.47488875825118 17.645156588300004 -157.44042756137773
v 160.47488875825118 2.1044775287000048 -157.44042756137773
v 162.02758004905121 17.645156588300004 -158.99311885217776
v 162.02758004905121 2.1044775287000048 -158.99311885217776
cstype bspline
deg 1 1
surf -13.795156588299999 1.7455224713000002 -0.24249805752430525 1.953339024103649 2695 2696 2697 2698
parm u -13.795156588299999 -13.795156588299999 1.7455224713000002 1.7455224713000002
parm v -0.24249805752430525 -0.24249805752430525 1.953339024103649 1.953339024103649
trim 0 12.950327238005118 1370 0 0.27947371261756471 1371 0 1.9999999999999996 1372 0 1.5501079188644247 1373 0 10.949999999999999 1374 0 1.8295783178853333 1375
end
# - trim loop
vp 204.70802068699999 -0.019643717860055122
vp 209.0247366559999 -0.01963839824436775
vp 213.34145262599984 -0.019637402020812544
vp 217.65816859499998 -0.019640803503944156
cstype bspline
deg 3
curv2 3801 3802 3803 3804
parm u -12.950147908004734 -12.950147908004734 -12.950147908004734 -12.950147908004734 -0 -0 -0 -0
end
vp 217.65816859499998 -0.019640803503944156
vp 217.80570602932704 -0.019648982692572758
vp 217.95324346365408 -0.019657166780142177
vp 218.10078089999999 -0.019665355055713131
cstype bspline
deg 3
curv2 3805 3806 3807 3808
parm u -0.44261230606256985 -0.44261230606256985 -0.44261230606256985 -0.44261230606256985 -0 -0 -0 -0
end
vp 218.10078089999999 -0.019665355055713131
vp 218.10075450724776 -3.6146885034652982E-05
cstype bspline
deg 1
curv2 3809 3810
parm u -1.4957107797788647 -1.4957107797788647 -1.4760815538642285 -1.4760815538642285
end
vp 218.10075450724776 -3.6146885034652982E-05
vp 218.10016656274865 0.43723863460290435
cstype bspline
deg 1
curv2 3811 3812
parm u -1.4760815538642285 -1.4760815538642285 -1.0388063770987428 -1.0388063770987428
end
vp 218.10016656274865 0.43723863460290435
vp 218.09876982099999 1.4760440726663258
cstype bspline
deg 1
curv2 3813 3814
parm u -1.0388063770987428 -1.0388063770987428 -0 -0
end
vp 218.09876982099999 1.4760440726663258
vp 206.70820489799999 1.4760591567175616
cstype bspline
deg 1
curv2 3815 3816
parm u -11.390564923049073 -11.390564923049073 -0 -0
end
vp 206.70820489799999 1.4760591567175616
vp 206.70820489799999 0.19823277389149022
cstype bspline
deg 1
curv2 3817 3818
parm u -1.2778263828260712 -1.2778263828260712 -0 -0
end
vp 206.70820489799999 0.19823277389149022
vp 204.70820489799999 0.19823277389149022
cstype bspline
deg 1
curv2 3819 3820
parm u -1.9999999999999996 -1.9999999999999996 -0 -0
end
vp 204.70820489799999 0.19823277389149022
vp 204.70802068699999 -0.019643717860055122
cstype bspline
deg 1
curv2 3821 3822
parm u -0.21787656962522089 -0.21787656962522089 -0 -0
end
v 160.50394116766947 2.0604197677000116 -175.43028190953581
v 160.50394116766947 18.131972023300023 -175.43028190953581
v 161.73868051952161 2.0604197677000116 -176.73344209332734
v 161.73868051952161 18.131972023300023 -176.73344209332734
cstype bspline
deg 1 1
surf 203.3686246657 219.44017692130001 -0.16940822653383153 1.6258097913213421 2699 2700 2701 2702
parm u 203.3686246657 203.3686246657 219.44017692130001 219.44017692130001
parm v -0.16940822653383153 -0.16940822653383153 1.6258097913213421 1.6258097913213421
trim -12.950147908004734 -0 1376 -0.44261230606256985 -0 1377 -1.4957107797788647 -1.4760815538642285 1378 -1.4760815538642285 -1.0388063770987428 1379 -1.0388063770987428 -0 1380 -11.390564923049073 -0 1381 -1.2778263828260712 -0 1382 -1.9999999999999996 -0 1383 -0.21787656962522089 -0 1384
end
# - trim loop
vp 0.0032932238887211883 1.6120658733769864
vp 0.041782415368874913 1.6120658733769864
cstype bspline
deg 1
curv2 3823 3824
parm u 0.0032932245341395988 0.0032932245341395988 0.041782415368874913 0.041782415368874913
end
vp 0.041782415368874913 1.6120658733769864
vp 0.041782415368874913 1.8048342031275342
cstype bspline
deg 1
curv2 3825 3826
parm u 1.6120620965559667 1.6120620965559667 1.8048295063645987 1.8048295063645987
end
vp 0.041782415368874913 1.8048342031275342
vp 0.04172511637718259 1.8048480914177563
vp 0.041668836921453518 1.8048597624141161
vp 0.041612577371757775 1.8048747718128164
vp 0.041329701539451813 1.8049502398208743
vp 0.041046844558335738 1.8050257783119523
vp 0.040764006428271118 1.8051013874975348
vp 0.036232046402876125 1.8063128854187469
vp 0.031705123645604794 1.8075424764103762
vp 0.027183236193894931 1.8087910535286782
vp 0.018099387769106256 1.8112992728088873
vp 0.0090383282872994949 1.8138833700090822
vp 3.7122294935066098E-09 1.8165511372372032
cstype bspline
deg 3
curv2 3827 3828 3829 3830 3831 3832 3833 3834 3835 3836 3837 3838 3839
parm u 1.6390478803434576 1.6390478803434576 1.6390478803434576 1.6390478803434576 1.6392141938106941 1.6392141938106941 1.6392141938106941 1.6400504262498559 1.6400504262498559 1.6400504262498559 1.6534495106850193 1.6534495106850193 1.6534495106850193 1.6803664238854896 1.6803664238854896 1.6803664238854896 1.6803664238854896
end
vp 3.7122294935066098E-09 1.8165511372372032
vp 0.0011694252151112226 1.7514880684856351
vp 0.0021915761285754396 1.6864228287875893
vp 0.0031781441281446541 1.6213568351507335
cstype bspline
deg 3
curv2 3840 3841 3842 3843
parm u 0 0 0 0 0.06993980095267209 0.06993980095267209 0.06993980095267209 0.06993980095267209
end
vp 0.0031781441281446541 1.6213568351507335
vp 0.0032079046159481815 1.6188955632546387
vp 0.0032376501526360235 1.6164342911780203
vp 0.0032673777966152522 1.6139730188850006
vp 0.0032750559243001943 1.6133373155327124
vp 0.0032837775959972033 1.6127016313711795
vp 0.0032932238887211883 1.6120658733769864
cstype bspline
deg 3
curv2 3844 3845 3846 3847 3848 3849 3850
parm u 0 0 0 0 0.0031976202580852914 0.0031976202580852914 0.0031976202580852914 0.0040235093412124895 0.0040235093412124895 0.0040235093412124895 0.0040235093412124895
end
v 160.6103910481512 17.409151130000005 -175.29825553127776
v 160.63913196615121 17.431819325000006 -175.31666308727776
v 160.61125474321526 17.427672114373443 -175.28190834306551
v 160.63997441621368 17.451088288428913 -175.29933441799272
v 160.61203248526655 17.445491963642901 -175.2650597427789
v 160.64072641126273 17.469620184748504 -175.28145942062667
v 160.61270378330056 17.462590576803894 -175.24774832042652
v 160.64136710029373 17.487391810953618 -175.26308008318895
cstype bspline
deg 1 3
surf 0 0.041782415368874913 1.6120658733769864 1.8165511372372032 2703 2704 2705 2706 2707 2708 2709 2710
parm u 0 0 0.041782415368874913 0.041782415368874913
parm v 1.6120658733769864 1.6120658733769864 1.6120658733769864 1.6120658733769864 1.8165511372372032 1.8165511372372032 1.8165511372372032 1.8165511372372032
trim 0.0032932245341395988 0.041782415368874913 1385 1.6120620965559667 1.8048295063645987 1386 1.6390478803434576 1.6803664238854896 1387 0 0.06993980095267209 1388 0 0.0040235093412124895 1389
end
# - trim loop
vp 0.041782415368874913 1.6120658733769864
vp 0.47958115860783895 1.6120658733769864
cstype bspline
deg 1
curv2 3851 3852
parm u 0.041782415368874913 0.041782415368874913 0.47958115860783895 0.47958115860783895
end
vp 0.47958115860783895 1.6120658733769864
vp 0.47958115860783895 1.7870197756598989
cstype bspline
deg 1
curv2 3853 3854
parm u 1.6120613885084685 1.6120613885084685 1.787014646307209 1.787014646307209
end
vp 0.47958115860783895 1.7870197756598989
vp 0.47802910399023951 1.7870629384731318
vp 0.47395271685843282 1.7872071706693815
vp 0.47334875928941489 1.7872278440599851
vp 0.46884492916322029 1.787382009591121
vp 0.4643411064735678 1.7875363914993827
vp 0.45983729280505331 1.7876910371300394
vp 0.45082929203091993 1.788000341213912
vp 0.44182132780634731 1.788310698321653
vp 0.43281341343049595 1.7886225095330557
vp 0.36072498906638623 1.7911178683909665
vp 0.28864042301152942 1.7936911039200603
vp 0.21656853795043671 1.7966409764513838
vp 0.18050625230486844 1.7981169909298789
vp 0.14444890385988815 1.7996898616861212
vp 0.10839790615999183 1.8014229203711505
vp 0.090361410663737721 1.8022899783490596
vp 0.072327127119620763 1.8031974547893812
vp 0.054295243168621971 1.804155979297229
vp 0.052040595394601138 1.8042758300656698
vp 0.0497859909079666 1.8043964814896098
vp 0.047531430076125536 1.8045179568879364
vp 0.046404087321813586 1.8045786979458827
vp 0.045276755762624597 1.8046396450144242
vp 0.044149435444446425 1.8047008010678147
vp 0.043585759377537517 1.804731379957494
vp 0.0430220861572191 1.8047620110948961
vp 0.042458415789216074 1.8047926948554462
vp 0.04223236352917116 1.8048050001562257
vp 0.042007501728825447 1.8048021981040272
vp 0.041782415368874913 1.8048342031275342
cstype bspline
deg 3
curv2 3855 3856 3857 3858 3859 3860 3861 3862 3863 3864 3865 3866 3867 3868 3869 3870 3871 3872 3873 3874 3875 3876 3877 3878 3879 3880 3881 3882 3883 3884 3885
parm u 1.2158261813116258 1.2158261813116258 1.2158261813116258 1.2158261813116258 1.2175951194291643 1.2175951194291643 1.2175951194291643 1.2307864381472962 1.2307864381472962 1.2307864381472962 1.2571701693516926 1.2571701693516926 1.2571701693516926 1.4683135630400208 1.4683135630400208 1.4683135630400208 1.5739624352584842 1.5739624352584842 1.5739624352584842 1.6268190974739134 1.6268190974739134 1.6268190974739134 1.6334281215853175 1.6334281215853175 1.6334281215853175 1.6367328163799042 1.6367328163799042 1.6367328163799042 1.6383852104103402 1.6383852104103402 1.6383852104103402 1.6390478803434576 1.6390478803434576 1.6390478803434576 1.6390478803434576
end
vp 0.041782415368874913 1.8048342031275342
vp 0.041782415368874913 1.6120658733769864
cstype bspline
deg 1
curv2 3886 3887
parm u -1.8048295063645987 -1.8048295063645987 -1.6120620965558652 -1.6120620965558652
end
v 160.63913196615121 17.431819325000006 -175.31666308727776
v 160.9405584421512 17.647128587000005 -175.52930622727774
v 160.63997441621368 17.451088288428913 -175.29933441799272
v 160.94135731921045 17.673539359958518 -175.50353709036682
v 160.64072641126273 17.469620184748504 -175.28145942062667
v 160.94204865525376 17.698893946760386 -175.47683305231723
v 160.64136710029373 17.487391810953618 -175.26308008318895
v 160.94260968127602 17.723141057394201 -175.44927114614612
cstype bspline
deg 1 3
surf 0.041782415368874913 0.47958115860783895 1.6120658733769864 1.8165511372372032 2711 2712 2713 2714 2715 2716 2717 2718
parm u 0.041782415368874913 0.041782415368874913 0.47958115860783895 0.47958115860783895
parm v 1.6120658733769864 1.6120658733769864 1.6120658733769864 1.6120658733769864 1.8165511372372032 1.8165511372372032 1.8165511372372032 1.8165511372372032
trim 0.041782415368874913 0.47958115860783895 1390 1.6120613885084685 1.787014646307209 1391 1.2158261813116258 1.6390478803434576 1392 -1.8048295063645987 -1.6120620965558652 1393
end
# - trim loop
vp 0.47958115860783895 0.80193016036927911
vp 1.5682993604510012 0.80193016036927911
cstype bspline
deg 1
curv2 3888 3889
parm u 0.47958115860783895 0.47958115860783895 1.568296088306488 1.568296088306488
end
vp 1.5682993604510012 0.80193016036927911
vp 1.5685516394295951 0.80404663190362302
vp 1.5687902116871715 0.80600390624885732
vp 1.5692279577108188 0.80959186710049813
vp 1.5703879073641029 0.81909932969531418
vp 1.5715610083573357 0.82860514191628121
vp 1.5727471221432194 0.83810937569420629
vp 1.5751213232216095 0.85713365679891329
vp 1.5775476206796606 0.87615107879675669
vp 1.5800249279490299 0.89516220636371369
vp 1.58495087144726 0.9329644367896226
vp 1.5900651955610177 0.97073982471421139
vp 1.5953563673031788 1.0084926272322066
vp 1.5980015339878626 1.0273660375731177
vp 1.6006906837161619 1.0462330303165721
vp 1.6034217033451694 1.0650942055353496
vp 1.6044064561245392 1.0718951799851819
vp 1.6044950349328926 1.0724817235571842
vp 1.6055308682652731 1.0792750956116257
vp 1.6062534208877917 1.0840138587313635
vp 1.6069785592381498 1.0887522240134138
vp 1.607706243813823 1.0934902017692789
vp 1.6091602482284328 1.1029572714360756
vp 1.6106244142320767 1.1124227531229185
vp 1.6120984027271992 1.1218867316804491
vp 1.6179693300604696 1.1595819583248568
vp 1.6239964872935029 1.1972513752238909
vp 1.630153032636273 1.2349009377304887
vp 1.6332103120352484 1.2535973373220273
vp 1.6362992920367414 1.2722884268840411
vp 1.6394157968732797 1.2909750408709841
vp 1.6409674299517258 1.3002786581945829
vp 1.6425258696412752 1.3095811282392766
vp 1.6440905396469268 1.3188825616297659
vp 1.6448710517983998 1.3235224420909317
vp 1.6456531129566399 1.3281620606942017
vp 1.6464366475903351 1.3328014316896353
vp 1.6468279384951674 1.3351182963138482
vp 1.6472195967635417 1.3374350987475516
vp 1.6476116127181881 1.3397518408017326
vp 1.6480049351610691 1.3420763039606294
vp 1.6484132035791921 1.3443981223892716
vp 1.6488214922271713 1.3467199704298665
vp 1.6618274117697029 1.4206817838562686
vp 1.6752529329531192 1.4945662561279238
vp 1.6887862328067298 1.5684326232153232
vp 1.69046459855167 1.5775933439237755
vp 1.6921446539140053 1.5867537544318069
vp 1.6938258421435253 1.5959139575150307
vp 1.6946655727765454 1.6004893542484859
vp 1.6955055862002795 1.6050646990426081
vp 1.6963458141848826 1.6096400044657517
vp 1.6971887774410876 1.6142302043023444
vp 1.698072915124605 1.6188125036195602
vp 1.698944127271393 1.6233973105700465
vp 1.7024257852047306 1.6417197473620913
vp 1.7059104778471184 1.6600416070634529
vp 1.7093939841967225 1.6783636923728813
vp 1.7163377278786789 1.7148854756967618
vp 1.7232764640367499 1.7514081934029886
vp 1.7301798348894646 1.7879376411273362
cstype bspline
deg 3
curv2 3890 3891 3892 3893 3894 3895 3896 3897 3898 3899 3900 3901 3902 3903 3904 3905 3906 3907 3908 3909 3910 3911 3912 3913 3914 3915 3916 3917 3918 3919 3920 3921 3922 3923 3924 3925 3926 3927 3928 3929 3930 3931 3932 3933 3934 3935 3936 3937 3938 3939 3940 3941 3942 3943 3944 3945 3946 3947 3948 3949 3950
parm u 0.75931438123857364 0.75931438123857364 0.75931438123857364 0.75931438123857364 0.7696566862267441 0.7696566862267441 0.7696566862267441 0.79706196791320549 0.79706196791320549 0.79706196791320549 0.85191812936073463 0.85191812936073463 0.85191812936073463 0.96099557613588571 0.96099557613588571 0.96099557613588571 1.0155256580005376 1.0155256580005376 1.0155256580005376 1.0351881492932091 1.0351881492932091 1.0351881492932091 1.0489038545178266 1.0489038545178266 1.0489038545178266 1.0763095418345232 1.0763095418345232 1.0763095418345232 1.1854669737188785 1.1854669737188785 1.1854669737188785 1.2396734725205161 1.2396734725205161 1.2396734725205161 1.2666615893433353 1.2666615893433353 1.2666615893433353 1.280124206412431 1.280124206412431 1.280124206412431 1.2868473292813312 1.2868473292813312 1.2868473292813312 1.2935928585875796 1.2935928585875796 1.2935928585875796 1.5084697890706085 1.5084697890706085 1.5084697890706085 1.5351182845153013 1.5351182845153013 1.5351182845153013 1.548428845198442 1.548428845198442 1.548428845198442 1.5617827369766064 1.5617827369766064 1.5617827369766064 1.615149397923425 1.615149397923425 1.615149397923425 1.721526242856886 1.721526242856886 1.721526242856886 1.721526242856886
end
vp 1.7301798348894646 1.7879376411273362
vp 1.705226473742506 1.7879041824621256
vp 1.5388835563249064 1.7877195565668575
vp 1.513930130592297 1.7877302701790396
vp 1.4959098918381279 1.787738007066612
vp 1.4778896530693346 1.7877456531735312
vp 1.4598694138587887 1.7877522925673075
vp 1.4508592781687579 1.7877556122701219
vp 1.4418491424095585 1.7877586791029387
vp 1.4328390065072787 1.7877613710719813
vp 1.4283340722432905 1.7877627170165604
vp 1.4238291735149122 1.7877722399401577
vp 1.4193242701592557 1.7877885672499292
vp 1.4148194979621649 1.787804894084337
vp 1.4103147256677411 1.7878211939065565
vp 1.4058099532218671 1.7878374519745581
vp 1.369771432232626 1.7879675177507901
vp 1.3337329041118537 1.7880950309580979
vp 1.2976943360562931 1.788211647905638
vp 1.1573064938933797 1.7886659279314021
vp 1.0056029508522004 1.7890043912170503
vp 0.86521361265591923 1.7883674045289422
vp 0.86070855230361243 1.788346963780117
vp 0.85620350361935715 1.7883244692353479
vp 0.85169846383508485 1.7882999096096566
vp 0.84944595362411557 1.7882876298495889
vp 0.84719356530100887 1.7882609938497136
vp 0.84494093935487879 1.7882619893067029
vp 0.84268854751930833 1.7882629846602365
vp 0.84043615571984487 1.7882635128753961
vp 0.83818376366501535 1.7882635729900747
vp 0.82917425500808606 1.7882638134471993
vp 0.82016476180349274 1.7882565646931834
vp 0.81115526526684012 1.7882417629004519
vp 0.80890290808809917 1.7882380624801251
vp 0.80665055193265356 1.7882338899852166
vp 0.8043981965049386 1.788229244381851
vp 0.80214585721969456 1.7882245988117802
vp 0.79989359920653158 1.7882051234852525
vp 0.7976411771266867 1.7882161162041348
vp 0.79313672379543076 1.7882380997345009
vp 0.7886322639164618 1.7882584305657547
vp 0.78412779565098112 1.7882771052029831
vp 0.77511894921393065 1.7883144541039282
vp 0.7661100875269693 1.7883451784030342
vp 0.75710119581158053 1.7883692488520864
vp 0.72106660796775424 1.7884655280325019
vp 0.68503253222299321 1.788455392301677
vp 0.64899800703004784 1.7883366579941782
vp 0.61296541961907947 1.7882179300717003
vp 0.5769340219894894 1.7879906333502575
vp 0.54090282494109454 1.7876519557401462
vp 0.52288805697814311 1.7874826247420055
vp 0.5048736595685579 1.7872854426976592
vp 0.48685950621532409 1.7870599816735266
vp 0.48460781303923089 1.7870317999966221
vp 0.48235611240553372 1.7870204274944002
vp 0.48010428295481777 1.787015741519099
vp 0.48000872528951344 1.7870155426670682
vp 0.47982655736970181 1.7870188989682723
vp 0.47958115860783895 1.7870197756598989
cstype bspline
deg 3
curv2 3951 3952 3953 3954 3955 3956 3957 3958 3959 3960 3961 3962 3963 3964 3965 3966 3967 3968 3969 3970 3971 3972 3973 3974 3975 3976 3977 3978 3979 3980 3981 3982 3983 3984 3985 3986 3987 3988 3989 3990 3991 3992 3993 3994 3995 3996 3997 3998 3999 4000 4001 4002 4003 4004 4005 4006 4007 4008 4009 4010 4011
parm u 0 0 0 0 0.088306132050262859 0.088306132050262859 0.088306132050262859 0.15207683832741306 0.15207683832741306 0.15207683832741306 0.18396224838734038 0.18396224838734038 0.18396224838734038 0.19990448032015018 0.19990448032015018 0.19990448032015018 0.2158462481008771 0.2158462481008771 0.2158462481008771 0.3433815985928973 0.3433815985928973 0.3433815985928973 0.84019414196205577 0.84019414196205577 0.84019414196205577 0.85336772510573522 0.85336772510573522 0.85336772510573522 0.85995448836802368 0.85995448836802368 0.85995448836802368 0.86654056708220251 0.86654056708220251 0.86654056708220251 0.89288470777626217 0.89288470777626217 0.89288470777626217 0.89947069337142094 0.89947069337142094 0.89947069337142094 0.90605663176529005 0.90605663176529005 0.90605663176529005 0.91922736579563336 0.91922736579563336 0.91922736579563336 0.94556857042834874 0.94556857042834874 0.94556857042834874 1.0509305263977378 1.0509305263977378 1.0509305263977378 1.1562868164537214 1.1562868164537214 1.1562868164537214 1.2089625328959677 1.2089625328959677 1.2089625328959677 1.2155467752377005 1.2155467752377005 1.2155467752377005 1.2158261813116258 1.2158261813116258 1.2158261813116258 1.2158261813116258
end
vp 0.47958115860783895 1.7870197756598989
vp 0.47958115860783895 1.6120658733769864
cstype bspline
deg 1
curv2 4012 4013
parm u -1.787014646307209 -1.787014646307209 -1.6120613885084687 -1.6120613885084687
end
vp 0.47958115860783895 1.6120658733769864
vp 0.47958115860783895 1.3420206357077502
cstype bspline
deg 1
curv2 4014 4015
parm u -1.6120613885084687 -1.6120613885084687 -1.3420171456148804 -1.3420171456148804
end
vp 0.47958115860783895 1.3420206357077502
vp 0.47958115860783895 1.0719753980385152
cstype bspline
deg 1
curv2 4016 4017
parm u -1.3420171456148804 -1.3420171456148804 -1.0719729027212928 -1.0719729027212928
end
vp 0.47958115860783895 1.0719753980385152
vp 0.47958115860783895 0.80193016036927911
cstype bspline
deg 1
curv2 4018 4019
parm u -1.0719729027212928 -1.0719729027212928 -0.80192865982770456 -0.80192865982770456
end
v 160.92760955215121 17.270019602000005 -175.77795797127777
v 160.9306199121512 17.271154242000005 -175.78088200527776
v 161.1464984961512 17.351896671000006 -175.99084899727777
v 161.17885906715119 17.363922251000005 -176.02235839627775
v 161.57845341215119 17.511552071000004 -176.41183513927774
v 161.6426283101512 17.535165056000004 -176.47442923227777
v 161.7873318761512 17.588320064000005 -176.61560903027777
v 160.92911662015121 17.318025220000006 -175.75728696727776
v 160.9321275951512 17.319279022000003 -175.76015284627775
v 161.14804588515119 17.408489079000006 -175.96601667427777
v 161.18041183615119 17.421774364000004 -175.99691938327777
v 161.5800656981512 17.584854162000006 -176.37899765727775
v 161.64424934815122 17.610936794000004 -176.44041393027777
v 161.78897187215119 17.669649906000004 -176.57894745127777
v 160.93068142815122 17.364384357000006 -175.73417779127774
v 160.9336930091512 17.365754043000006 -175.73697652427776
v 161.14965083615121 17.463200120000007 -175.93809958327776
v 161.1820221821512 17.477710858000005 -175.96830089827776
v 161.58173614015121 17.655823345000005 -176.34182071527775
v 161.64592867615119 17.684309267000007 -176.40187391027774
v 161.79067049215121 17.748431488000008 -176.53734435327775
v 160.93223873715121 17.408969422000006 -175.70885854327776
v 160.9352508731512 17.410451067000004 -175.71158195527775
v 161.15124505515121 17.515855892000005 -175.90738486327774
v 161.18362139015119 17.531551052000005 -175.93679877127775
v 161.58339113115119 17.724195941000005 -176.30070697527776
v 161.6475919361512 17.755005544000007 -176.35922893327776
v 161.7923517201512 17.824358078000007 -176.49125799927776
v 160.9338055871512 17.452652432000004 -175.68304684427775
v 160.93681823515121 17.454245744000005 -175.68569457727776
v 161.1528465071512 17.567592917000006 -175.87615826327774
v 161.18522758815121 17.584470632000006 -175.90478271427776
v 161.5850511471512 17.791631848000005 -176.25906257327776
v 161.64926001515121 17.824763357000005 -176.31605153927777
v 161.79403740015118 17.899342969000006 -176.44463609927777
v 160.93533418215119 17.494607355000007 -175.65512105827776
v 160.93834726515121 17.496308367000005 -175.65768497327775
v 161.15440511115122 17.617318305000005 -175.84223217427777
v 161.1867903851512 17.635337297000007 -175.86998140327776
v 161.58666223515121 17.856512556000006 -176.21358196727775
v 161.6508784201512 17.891886156000005 -176.26887003127774
v 161.7956718491512 17.971513680000005 -176.39363224627778
v 160.93676472815122 17.534719011000004 -175.62528923027776
v 160.93977812515121 17.536523126000006 -175.62776200027776
v 161.1558581691512 17.664871390000005 -175.80587338227775
v 161.18824667915121 17.683983695000006 -175.83267028127776
v 161.58815656115121 17.918588529000004 -176.16464712527775
v 161.65237858515121 17.956111244000006 -176.21808344227776
v 161.79718487715121 18.040577879000001 -176.33868390827774
v 160.93816654115119 17.574010734000005 -175.59507951827777
v 160.94118017715121 17.575917611000005 -175.59746083127777
v 161.15727840215121 17.711585270000004 -175.76911999927776
v 161.1896697161512 17.731788758000004 -175.79496283327776
v 161.58961410515121 17.979805046000006 -176.11530199627776
v 161.65384159815119 18.019474898000006 -176.16688512527776
v 161.7986600901512 18.108777051000004 -176.28332128727774
v 160.93944957915119 17.611518387000004 -175.56302165027776
v 160.9424633151512 17.613523402000006 -175.56530420227776
v 161.15857135115121 17.756184721000004 -175.72999325527775
v 161.19096440615121 17.777431300000003 -175.75480508327774
v 161.5909321841512 18.038273616000005 -176.06256361527775
v 161.6551635771512 18.079997539000004 -176.11214287627774
v 161.7999909281512 18.173926254000005 -176.22407563427777
v 160.9405584421512 17.647128587000005 -175.52930622727774
v 160.9435720991512 17.649226492000004 -175.53148352127775
v 161.1596788861512 17.798511127000005 -175.68874215527777
v 161.19207223515122 17.820746048000004 -175.71245465227776
v 161.59204772615121 18.093747045000004 -176.00679576327775
v 161.65628074215121 18.137418846000006 -176.05423750027776
v 161.80111202315121 18.235735585000008 -176.16136611327775
v 160.94135731921045 17.673539359958518 -175.50353709036682
v 160.94437084121043 17.675707317963713 -175.50563446536088
v 161.16047270021008 17.82999163933447 -175.65725544594284
v 161.19286584621005 17.852973218389838 -175.68013433388103
v 161.59284372321022 18.135166449071502 -175.96430612512691
v 161.6570776052103 18.180311653180755 -176.01012832200681
v 161.80191121921047 18.281948262426948 -176.1136174327369
v 160.94204865525376 17.698893946760386 -175.47683305231723
v 160.9450619332537 17.701128933770331 -175.47884679130482
v 161.16115213725197 17.860199901480243 -175.62456668842964
v 161.19354421025182 17.883896679586318 -175.64657284730021
v 161.59351517725077 18.174899015892812 -175.92009600072089
v 161.65774859025072 18.221456688102297 -175.96422207346933
v 161.80258165725064 18.32627632157438 -176.06389933590398
v 160.94260968127602 17.723141057394201 -175.44927114614612
v 160.94562258827594 17.725439776408383 -175.45119788012676
v 161.16169330827159 17.88906493242154 -175.5907781897609
v 161.19408327927113 17.913442556573006 -175.61187623155888
v 161.59403612826711 18.212835264439594 -175.87431742109351
v 161.65826743026662 18.260738766738999 -175.91667816470078
v 161.8030963952657 18.368591724413815 -176.01238786281812
cstype bspline
deg 1 3
surf 0.47958115860783895 1.7301798351732769 0.80193016036927911 1.8165511372372032 2719 2720 2721 2722 2723 2724 2725 2726 2727 2728 2729 2730 2731 2732 2733 2734 2735 2736 2737 2738 2739 2740 2741 2742 2743 2744 2745 2746 2747 2748 2749 2750 2751 2752 2753 2754 2755 2756 2757 2758 2759 2760 2761 2762 2763 2764 2765 2766 2767 2768 2769 2770 2771 2772 2773 2774 2775 2776 2777 2778 2779 2780 2781 2782 2783 2784 2785 2786 2787 2788 2789 2790 2791 2792 2793 2794 2795 2796 2797 2798 2799 2800 2801 2802 2803 2804 2805 2806 2807 2808 2809
parm u 0.47958115860783895 0.47958115860783895 0.4839591460402286 0.7979439290746615 0.84501480791268024 1.4263023961451338 1.5196627491721 1.7301798351732769 1.7301798351732769
parm v 0.80193016036927911 0.80193016036927911 0.80193016036927911 0.80193016036927911 1.0719753980385152 1.0719753980385152 1.0719753980385152 1.3420206357077504 1.3420206357077504 1.3420206357077504 1.6120658733769864 1.6120658733769864 1.6120658733769864 1.8165511372372032 1.8165511372372032 1.8165511372372032 1.8165511372372032
trim 0.47958115860783895 1.568296088306488 1394 0.75931438123857364 1.721526242856886 1395 0 1.2158261813116258 1396 -1.787014646307209 -1.6120613885084687 1397 -1.6120613885084687 -1.3420171456148804 1398 -1.3420171456148804 -1.0719729027212928 1399 -1.0719729027212928 -0.80192865982770456 1400
end
# - trim loop
vp 0.021564983775952392 0.2618428121469048
vp 0.021574406388601759 0.2588273291707438
vp 0.021603144658767393 0.25581201473511178
vp 0.021623538423866308 0.2527966068331266
vp 0.021673981006145177 0.24533820175380408
vp 0.021720997233552034 0.23787977739609098
vp 0.021764640276069454 0.23042132944592647
vp 0.021851605860862943 0.21555920594986247
vp 0.021925174517154165 0.20069703357217469
vp 0.021985802388663538 0.18583477956815245
vp 0.022225711507179793 0.12702370524702078
vp 0.02226224261543297 0.068213366708003015
vp 0.022130031825892984 0.0094020247101797658
cstype bspline
deg 3
curv2 4020 4021 4022 4023 4024 4025 4026 4027 4028 4029 4030 4031 4032
parm u 0.57754645441706809 0.57754645441706809 0.57754645441706809 0.57754645441706809 0.58146370872620168 0.58146370872620168 0.58146370872620168 0.59115276917371384 0.59115276917371384 0.59115276917371384 0.61045973677527476 0.61045973677527476 0.61045973677527476 0.68685888230352254 0.68685888230352254 0.68685888230352254 0.68685888230352254
end
vp 0.022130031825892984 0.0094020247101797658
vp 0.026066016544430623 0.0093791705645789609
vp 0.035639221532642588 0.0093282650445307477
vp 0.041782415368874913 0.0092856967121273237
cstype bspline
deg 3
curv2 4033 4034 4035 4036
parm u 0 0 0 0 0.011308575519669361 0.011308575519669361 0.011308575519669361 0.011308575519669361
end
vp 0.041782415368874913 0.0092856967121273237
vp 0.041782415368874913 0.2618428121469048
cstype bspline
deg 1
curv2 4037 4038
parm u 0.0092895687849163053 0.0092895687849163053 0.26184547895051302 0.26184547895051302
end
vp 0.041782415368874913 0.2618428121469048
vp 0.021564983775952392 0.2618428121469048
cstype bspline
deg 1
curv2 4039 4040
parm u -0.041782415368874913 -0.041782415368874913 -0.021564983796985931 -0.021564983796985931
end
v 160.59184940215121 16.788005278000004 -175.52286067027774
v 160.62055198915121 16.787923956000004 -175.55315166127775
v 160.5915016721512 16.830157036000006 -175.52291396227776
v 160.62020158315121 16.831414474000006 -175.55324344827775
v 160.59150294715121 16.871570591000005 -175.52075273827776
v 160.62020313615119 16.874173747000004 -175.55100669827775
v 160.5917973401512 16.912095724000004 -175.51652839427777
v 160.62050056015121 16.916042578000006 -175.54659799627777
cstype bspline
deg 1 3
surf 0 0.041782415368874913 0 0.2618428121469048 2810 2811 2812 2813 2814 2815 2816 2817
parm u 0 0 0.041782415368874913 0.041782415368874913
parm v 0 0 0 0 0.2618428121469048 0.2618428121469048 0.2618428121469048 0.2618428121469048
trim 0.57754645441706809 0.68685888230352254 1401 0 0.011308575519669361 1402 0.0092895687849163053 0.26184547895051302 1403 -0.041782415368874913 -0.021564983796985931 1404
end
# - trim loop
vp 0.020099748015913521 0.53188804981614046
vp 0.020103587099798894 0.53134744673087175
vp 0.020106971663737771 0.53093942856590504
vp 0.020109771248415301 0.53069688852383312
vp 0.020200614517489068 0.52282674604164403
vp 0.02028716266429768 0.51495655984010857
vp 0.020369418483311516 0.50708632292155442
vp 0.02053300455034883 0.4914344077185514
vp 0.020679609226120735 0.47578236096801679
vp 0.020809304131338049 0.46013012829826028
vp 0.021065980866836909 0.42915309047082972
vp 0.021256364493309896 0.39817585346121331
vp 0.021381738894939547 0.36719800775487527
vp 0.021389239831252866 0.36534465615561135
vp 0.021396508091007509 0.36349130479358738
vp 0.021403544138944405 0.36163795358496226
cstype bspline
deg 3
curv2 4041 4042 4043 4044 4045 4046 4047 4048 4049 4050 4051 4052 4053 4054 4055 4056
parm u 0.4608143853764603 0.4608143853764603 0.4608143853764603 0.4608143853764603 0.46112946704059088 0.46112946704059088 0.46112946704059088 0.47135350084980965 0.47135350084980965 0.47135350084980965 0.49168652409556063 0.49168652409556063 0.49168652409556063 0.5319272260783946 0.5319272260783946 0.5319272260783946 0.53433475854796619 0.53433475854796619 0.53433475854796619 0.53433475854796619
end
vp 0.021403544138944405 0.36163795358496226
vp 0.021512631721471654 0.33290341329525525
vp 0.021565900905242737 0.30416890987907075
vp 0.021565083700662496 0.27543413087408425
vp 0.021564975668583626 0.27163547630610207
vp 0.021563923412613512 0.26783682234972972
vp 0.021561931772904667 0.26403816830312116
vp 0.021561548092628596 0.26330637498386006
vp 0.021562697180842558 0.26257459533408584
vp 0.021564983775952392 0.2618428121469048
cstype bspline
deg 3
curv2 4057 4058 4059 4060 4061 4062 4063 4064 4065 4066
parm u 0.53433475854796619 0.53433475854796619 0.53433475854796619 0.53433475854796619 0.57166137987247834 0.57166137987247834 0.57166137987247834 0.57659585111295975 0.57659585111295975 0.57659585111295975 0.57754645441706809 0.57754645441706809 0.57754645441706809 0.57754645441706809
end
vp 0.021564983775952392 0.2618428121469048
vp 0.041782415368874913 0.2618428121469048
cstype bspline
deg 1
curv2 4067 4068
parm u 0.021564983796985931 0.021564983796985931 0.041782415368874913 0.041782415368874913
end
vp 0.041782415368874913 0.2618428121469048
vp 0.041782415368874913 0.53188804981614046
cstype bspline
deg 1
curv2 4069 4070
parm u 0.26184547895051302 0.26184547895051302 0.53188942789183402 0.53188942789183402
end
vp 0.041782415368874913 0.53188804981614046
vp 0.020099748015913521 0.53188804981614046
cstype bspline
deg 1
curv2 4071 4072
parm u -0.041782415368874913 -0.041782415368874913 -0.02009974811063682 -0.02009974811063682
end
v 160.5917973401512 16.912095724000004 -175.51652839427777
v 160.62050056015121 16.916042578000006 -175.54659799627777
v 160.59229258615119 16.953097890000006 -175.51112451027777
v 160.62100106415119 16.958441891000007 -175.54098408927774
v 160.59305776415121 16.993029815000003 -175.50370027527777
v 160.6217740641512 16.999761482000004 -175.53323192927775
v 160.59402706415119 17.031777575000007 -175.49442484227777
v 160.6227530611512 17.039878374000004 -175.52351782627775
cstype bspline
deg 1 3
surf 0 0.041782415368874913 0.2618428121469048 0.53188804981614046 2818 2819 2820 2821 2822 2823 2824 2825
parm u 0 0 0.041782415368874913 0.041782415368874913
parm v 0.2618428121469048 0.2618428121469048 0.2618428121469048 0.2618428121469048 0.53188804981614046 0.53188804981614046 0.53188804981614046 0.53188804981614046
trim 0.4608143853764603 0.53433475854796619 1405 0.53433475854796619 0.57754645441706809 1406 0.021564983796985931 0.041782415368874913 1407 0.26184547895051302 0.53188942789183402 1408 -0.041782415368874913 -0.02009974811063682 1409
end
# - trim loop
vp 0.017168811111390021 0.80193016036927911
vp 0.017173043503071195 0.80159873561843664
vp 0.017176427879849937 0.80135449125365221
vp 0.01717871149062062 0.80122218623549935
vp 0.017466364416665495 0.78455650656246201
vp 0.017733823248082429 0.76789054308455995
vp 0.017979354842837914 0.7512241881704681
vp 0.01799098716649708 0.75043460166217235
vp 0.018002576756004349 0.74964501501602754
vp 0.018014123591879379 0.74885542822463147
cstype bspline
deg 3
curv2 4073 4074 4075 4076 4077 4078 4079 4080 4081 4082
parm u 0.35106006039086074 0.35106006039086074 0.35106006039086074 0.35106006039086074 0.35123195750090352 0.35123195750090352 0.35123195750090352 0.37288481853890743 0.37288481853890743 0.37288481853890743 0.37391064614366781 0.37391064614366781 0.37391064614366781 0.37391064614366781
end
vp 0.018014123591879379 0.74885542822463147
vp 0.018960184746488536 0.68416260677840202
vp 0.019619243551120109 0.61946881027020972
vp 0.01998058567314304 0.55476996748334129
vp 0.019983893353629174 0.55417772238729968
vp 0.019991545240427497 0.55259882394870796
vp 0.02000164057431986 0.55051217004572151
cstype bspline
deg 3
curv2 4083 4084 4085 4086 4087 4088 4089
parm u 0.37391064614366781 0.37391064614366781 0.37391064614366781 0.37391064614366781 0.45795926852759083 0.45795926852759083 0.45795926852759083 0.45872863908032102 0.45872863908032102 0.45872863908032102 0.45872863908032102
end
vp 0.02000164057431986 0.55051217004572151
vp 0.020029008797862572 0.54485529815995226
vp 0.020074334889711647 0.53546672863126754
vp 0.020099748015913521 0.53188804981614046
cstype bspline
deg 3
curv2 4090 4091 4092 4093
parm u 0.45872863908032102 0.45872863908032102 0.45872863908032102 0.45872863908032102 0.4608143853764603 0.4608143853764603 0.4608143853764603 0.4608143853764603
end
vp 0.020099748015913521 0.53188804981614046
vp 0.041782415368874913 0.53188804981614046
cstype bspline
deg 1
curv2 4094 4095
parm u 0.02009974811063682 0.02009974811063682 0.041782415368874913 0.041782415368874913
end
vp 0.041782415368874913 0.53188804981614046
vp 0.041782415368874913 0.80193016036927911
cstype bspline
deg 1
curv2 4096 4097
parm u 0.53188942789183402 0.53188942789183402 0.80193024973198168 0.80193024973198168
end
vp 0.041782415368874913 0.80193016036927911
vp 0.017168811111390021 0.80193016036927911
cstype bspline
deg 1
curv2 4098 4099
parm u -0.041782415368874913 -0.041782415368874913 -0.017168811455961993 -0.017168811455961993
end
v 160.59402706415119 17.031777575000007 -175.49442484227777
v 160.6227530611512 17.039878374000004 -175.52351782627775
v 160.59512214115119 17.069616524000004 -175.48435943927777
v 160.62385882615121 17.079088264000006 -175.51299245727776
v 160.59637811115121 17.106236148000004 -175.47260542827775
v 160.62512630415119 17.117055002000004 -175.50066765227774
v 160.59773135715119 17.141560377000005 -175.45931956027775
v 160.62649096315121 17.153694534000007 -175.48670794427775
cstype bspline
deg 1 3
surf 0 0.041782415368874913 0.53188804981614046 0.80193016036927911 2826 2827 2828 2829 2830 2831 2832 2833
parm u 0 0 0.041782415368874913 0.041782415368874913
parm v 0.53188804981614046 0.53188804981614046 0.53188804981614046 0.53188804981614046 0.80193016036927911 0.80193016036927911 0.80193016036927911 0.80193016036927911
trim 0.35106006039086074 0.37391064614366781 1410 0.37391064614366781 0.45872863908032102 1411 0.45872863908032102 0.4608143853764603 1412 0.02009974811063682 0.041782415368874913 1413 0.53188942789183402 0.80193024973198168 1414 -0.041782415368874913 -0.017168811455961993 1415
end
# - trim loop
vp 0.01273316884652332 1.0719753980385152
vp 0.012799882957173079 1.0681762808786082
vp 0.012891333188265701 1.0643777296783661
vp 0.01297063866399176 1.0605788900842563
vp 0.013700538795333461 1.0256156861780761
vp 0.014376206197610805 0.99065159901815747
vp 0.014983475766604085 0.95568603361115367
vp 0.014984573720880507 0.9556228152415428
vp 0.014985671451494037 0.95555959686928382
vp 0.014986768958357911 0.95549637849437219
cstype bspline
deg 3
curv2 4100 4101 4102 4103 4104 4105 4106 4107 4108 4109
parm u 0.23793364212578286 0.23793364212578286 0.23793364212578286 0.23793364212578286 0.24286979632021508 0.24286979632021508 0.24286979632021508 0.28830044990187104 0.28830044990187104 0.28830044990187104 0.28838258933866723 0.28838258933866723 0.28838258933866723 0.28838258933866723
end
vp 0.014986768958357911 0.95549637849437219
vp 0.015583652715651042 0.9211147974865368
vp 0.016114356376056651 0.88673243197874951
vp 0.016564923860693834 0.85234860098660425
vp 0.016676792218984014 0.84381167176740934
vp 0.016783718215520969 0.83527468514889336
vp 0.016885484842355525 0.82673762944805518
vp 0.016936241826876766 0.82247969914671126
vp 0.016985715313183054 0.81822175452632406
vp 0.017033878281373985 0.81396379408758912
vp 0.017045914420751724 0.81289971088776758
vp 0.01713477485530597 0.80459569041527146
vp 0.017168811111390021 0.80193016036927911
cstype bspline
deg 3
curv2 4110 4111 4112 4113 4114 4115 4116 4117 4118 4119 4120 4121 4122
parm u 0.28838258933866723 0.28838258933866723 0.28838258933866723 0.28838258933866723 0.33305447000794253 0.33305447000794253 0.33305447000794253 0.34414574961110955 0.34414574961110955 0.34414574961110955 0.34967762115534301 0.34967762115534301 0.34967762115534301 0.35106006039086074 0.35106006039086074 0.35106006039086074 0.35106006039086074
end
vp 0.017168811111390021 0.80193016036927911
vp 0.041782415368874913 0.80193016036927911
cstype bspline
deg 1
curv2 4123 4124
parm u 0.017168811455961993 0.017168811455961993 0.041782415368874913 0.041782415368874913
end
vp 0.041782415368874913 0.80193016036927911
vp 0.041782415368874913 1.0719753980385152
cstype bspline
deg 1
curv2 4125 4126
parm u 0.80193024973198168 0.80193024973198168 1.0719741986733033 1.0719741986733033
end
vp 0.041782415368874913 1.0719753980385152
vp 0.01273316884652332 1.0719753980385152
cstype bspline
deg 1
curv2 4127 4128
parm u -0.041782415368874913 -0.041782415368874913 -0.012733169207916785 -0.012733169207916785
end
v 160.59773135715119 17.141560377000005 -175.45931956027775
v 160.62649096315121 17.153694534000007 -175.48670794427775
v 160.59915064515121 17.175972910000006 -175.44546476927775
v 160.62792083615119 17.189417768000006 -175.47215853627776
v 160.60063189815122 17.209115021000006 -175.43020768927775
v 160.62941127715121 17.223835393000005 -175.45610433827775
v 160.60211646115121 17.240933155000004 -175.41368620427775
v 160.6309026661512 17.256886648000005 -175.43869109327775
cstype bspline
deg 1 3
surf 0 0.041782415368874913 0.80193016036927911 1.0719753980385152 2834 2835 2836 2837 2838 2839 2840 2841
parm u 0 0 0.041782415368874913 0.041782415368874913
parm v 0.80193016036927911 0.80193016036927911 0.80193016036927911 0.80193016036927911 1.0719753980385152 1.0719753980385152 1.0719753980385152 1.0719753980385152
trim 0.23793364212578286 0.28838258933866723 1416 0.28838258933866723 0.35106006039086074 1417 0.017168811455961993 0.041782415368874913 1418 0.80193024973198168 1.0719741986733033 1419 -0.041782415368874913 -0.012733169207916785 1420
end
# - trim loop
vp 0.0077686123737689093 1.3420206357077504
vp 0.0077762573513183962 1.3416027069135168
vp 0.0077843673180157157 1.3411847845413392
vp 0.0077930862850721901 1.3407668705064
vp 0.0078416090558938202 1.3384410965002411
vp 0.0078900253120862303 1.3361153202843148
vp 0.0079383317542293837 1.3337895417748398
vp 0.0083229659903909514 1.3152708100946655
vp 0.0087006423631821872 1.296751941552216
vp 0.0090696646274259045 1.2782328917177803
vp 0.0097934627335020327 1.2419097359213014
vp 0.010484013765945191 1.205586016702892
vp 0.011127920409712128 1.1692613485554533
cstype bspline
deg 3
curv2 4129 4130 4131 4132 4133 4134 4135 4136 4137 4138 4139 4140 4141
parm u 0.12097782774804773 0.12097782774804773 0.12097782774804773 0.12097782774804773 0.12152084534642671 0.12152084534642671 0.12152084534642671 0.12454284535027919 0.12454284535027919 0.12454284535027919 0.14860515695082002 0.14860515695082002 0.14860515695082002 0.19580083388369671 0.19580083388369671 0.19580083388369671 0.19580083388369671
end
vp 0.011127920409712128 1.1692613485554533
vp 0.01113257883246695 1.16899855322278
vp 0.011137234813864215 1.1687357578404396
vp 0.011141888348830911 1.1684729624082864
vp 0.011462004355590442 1.1503953021054174
vp 0.011770530448569952 1.1323174570456416
vp 0.012065745866422485 1.114239372171363
vp 0.012212510097406423 1.1052519817310671
vp 0.012355983748811868 1.0962645407014575
vp 0.012495951442457895 1.0872770417898043
vp 0.012565739060556917 1.0827958924233083
vp 0.012634655037975076 1.0783147299149791
vp 0.012702672445352311 1.0738335533261156
vp 0.012712073821380846 1.0732141644404365
vp 0.012722292434614851 1.0725947942985901
vp 0.01273316884652332 1.0719753980385152
cstype bspline
deg 3
curv2 4142 4143 4144 4145 4146 4147 4148 4149 4150 4151 4152 4153 4154 4155 4156 4157
parm u 0.19580083388369671 0.19580083388369671 0.19580083388369671 0.19580083388369671 0.19614227688243205 0.19614227688243205 0.19614227688243205 0.21963009207526563 0.21963009207526563 0.21963009207526563 0.23130689120501494 0.23130689120501494 0.23130689120501494 0.23712892039659936 0.23712892039659936 0.23712892039659936 0.23793364212578286 0.23793364212578286 0.23793364212578286 0.23793364212578286
end
vp 0.01273316884652332 1.0719753980385152
vp 0.041782415368874913 1.0719753980385152
cstype bspline
deg 1
curv2 4158 4159
parm u 0.012733169207916785 0.012733169207916785 0.041782415368874913 0.041782415368874913
end
vp 0.041782415368874913 1.0719753980385152
vp 0.041782415368874913 1.3420206357077504
cstype bspline
deg 1
curv2 4160 4161
parm u 1.0719741986733033 1.0719741986733033 1.3420181476146242 1.3420181476146242
end
vp 0.041782415368874913 1.3420206357077504
vp 0.0077686123737689093 1.3420206357077504
cstype bspline
deg 1
curv2 4162 4163
parm u -0.041782415368874913 -0.041782415368874913 -0.007768612653833171 -0.007768612653833171
end
v 160.60211646115121 17.240933155000004 -175.41368620427775
v 160.6309026661512 17.256886648000005 -175.43869109327775
v 160.60362192615122 17.271904589000005 -175.39676092427777
v 160.63241214815122 17.289082512000004 -175.42085406027775
v 160.60510583815119 17.301608586000004 -175.37866175927775
v 160.63389640715121 17.319966291000004 -175.40174892727777
v 160.60651460715121 17.330001512000006 -175.35950737927774
v 160.6353009091512 17.349487487000005 -175.38150209827776
cstype bspline
deg 1 3
surf 0 0.041782415368874913 1.0719753980385152 1.3420206357077504 2842 2843 2844 2845 2846 2847 2848 2849
parm u 0 0 0.041782415368874913 0.041782415368874913
parm v 1.0719753980385152 1.0719753980385152 1.0719753980385152 1.0719753980385152 1.3420206357077504 1.3420206357077504 1.3420206357077504 1.3420206357077504
trim 0.12097782774804773 0.19580083388369671 1421 0.19580083388369671 0.23793364212578286 1422 0.012733169207916785 0.041782415368874913 1423 1.0719741986733033 1.3420181476146242 1424 -0.041782415368874913 -0.007768612653833171 1425
end
# - trim loop
vp 0.0032932238887211883 1.6120658733769864
vp 0.003320091900995937 1.6102577717763416
vp 0.0033528165468859651 1.6084497756449756
vp 0.0033840442810329817 1.606641743388175
vp 0.0034681772115434553 1.6017705909854434
vp 0.0035522720899875781 1.5968994379265911
vp 0.0036363045162942191 1.5920282837888533
vp 0.0038038861400995147 1.5823139871049854
vp 0.0039712196018536778 1.57259968616559
vp 0.0041381088325605046 1.5628853775572509
vp 0.0044699730651390386 1.543568184005075
vp 0.0048000840339058664 1.5242509610127952
vp 0.005126859811400146 1.5049336805737601
vp 0.0057729895788176874 1.4667378570861036
vp 0.0064061307651458923 1.4285418336515028
vp 0.0070134333624506124 1.3903453687384448
vp 0.0071638352702250779 1.3808857991290597
vp 0.0073126484097145936 1.3714262049846848
vp 0.0074596698070048557 1.3619665822070588
vp 0.0075329758278804794 1.3572499401563567
vp 0.0076058363515412271 1.3525332912910124
vp 0.0076782259335945744 1.3478166350844283
vp 0.0077078776082247086 1.3458846339426511
vp 0.0077332738660207366 1.3439525814674254
vp 0.0077686123737689093 1.3420206357077504
cstype bspline
deg 3
curv2 4164 4165 4166 4167 4168 4169 4170 4171 4172 4173 4174 4175 4176 4177 4178 4179 4180 4181 4182 4183 4184 4185 4186 4187 4188
parm u 0.0040235093412124895 0.0040235093412124895 0.0040235093412124895 0.0040235093412124895 0.0063726672747727369 0.0063726672747727369 0.0063726672747727369 0.012701706078929259 0.012701706078929259 0.012701706078929259 0.025323388523952939 0.025323388523952939 0.025323388523952939 0.050421982008549776 0.050421982008549776 0.050421982008549776 0.10004912541269603 0.10004912541269603 0.10004912541269603 0.1123395669133693 0.1123395669133693 0.1123395669133693 0.11846767736412385 0.11846767736412385 0.11846767736412385 0.12097782774804773 0.12097782774804773 0.12097782774804773 0.12097782774804773
end
vp 0.0077686123737689093 1.3420206357077504
vp 0.041782415368874913 1.3420206357077504
cstype bspline
deg 1
curv2 4189 4190
parm u 0.007768612653833171 0.007768612653833171 0.041782415368874913 0.041782415368874913
end
vp 0.041782415368874913 1.3420206357077504
vp 0.041782415368874913 1.6120658733769864
cstype bspline
deg 1
curv2 4191 4192
parm u 1.3420181476146242 1.3420181476146242 1.6120620965559667 1.6120620965559667
end
vp 0.041782415368874913 1.6120658733769864
vp 0.0032932238887211883 1.6120658733769864
cstype bspline
deg 1
curv2 4193 4194
parm u -0.041782415368874913 -0.041782415368874913 -0.0032932245341395988 -0.0032932245341395988
end
v 160.60651460715121 17.330001512000006 -175.35950737927774
v 160.6353009091512 17.349487487000005 -175.38150209827776
v 160.6079141911512 17.357642959000007 -175.34005700527774
v 160.6366915071512 17.378245456000005 -175.36093972727775
v 160.60922289615121 17.384040268000007 -175.31960571227776
v 160.63798538215121 17.405705804000004 -175.33929015527775
v 160.6103910481512 17.409151130000005 -175.29825553127776
v 160.63913196615121 17.431819325000006 -175.31666308727776
cstype bspline
deg 1 3
surf 0 0.041782415368874913 1.3420206357077504 1.6120658733769864 2850 2851 2852 2853 2854 2855 2856 2857
parm u 0 0 0.041782415368874913 0.041782415368874913
parm v 1.3420206357077504 1.3420206357077504 1.3420206357077504 1.3420206357077504 1.6120658733769864 1.6120658733769864 1.6120658733769864 1.6120658733769864
trim 0.0040235093412124895 0.12097782774804773 1426 0.007768612653833171 0.041782415368874913 1427 1.3420181476146242 1.6120620965559667 1428 -0.041782415368874913 -0.0032932245341395988 1429
end
# - trim loop
vp 0.041782415368874913 0.2618428121469048
vp 0.041782415368874913 0.0092856967121273132
cstype bspline
deg 1
curv2 4195 4196
parm u -0.2618454789505012 -0.2618454789505012 -0.0092895687849163053 -0.0092895687849163053
end
vp 0.041782415368874913 0.0092856967121273132
vp 0.043277789546616298 0.009270519625866263
vp 0.044569938318312421 0.0092594793772925992
vp 0.045528039975035794 0.0092491727579151282
vp 0.053327291117687095 0.0091652736096436305
vp 0.061126556099925927 0.0090827127231873205
vp 0.068925834921581899 0.009001427994895117
vp 0.08452440959073905 0.0088388583608659445
vp 0.10012303349676897 0.008681389983015932
vp 0.11572170663982195 0.0085285703826482231
vp 0.14691913758358227 0.0082229303525250246
vp 0.17811672560037578 0.0079358428875836943
vp 0.20931447072747075 0.0076642851229131578
vp 0.27171036345583793 0.0071211660902744138
vp 0.33410666756265456 0.0066397381181263673
vp 0.39650338379852462 0.0062027163204926381
vp 0.41210263722561968 0.0060934603502155651
vp 0.42770190913424455 0.0059870151847879706
vp 0.44330119952436986 0.0058831743028156516
vp 0.45539451066494374 0.0058026719169123921
vp 0.46748786374316875 0.0057290632272072387
vp 0.47958115860783895 0.00564484343860365
cstype bspline
deg 3
curv2 4197 4198 4199 4200 4201 4202 4203 4204 4205 4206 4207 4208 4209 4210 4211 4212 4213 4214 4215 4216 4217 4218
parm u 0.011308575519669361 0.011308575519669361 0.011308575519669361 0.011308575519669361 0.014061386420657273 0.014061386420657273 0.014061386420657273 0.036470139619621651 0.036470139619621651 0.036470139619621651 0.081287694935914784 0.081287694935914784 0.081287694935914784 0.17092304880387579 0.17092304880387579 0.17092304880387579 0.35019491290270638 0.35019491290270638 0.35019491290270638 0.39501309259431283 0.39501309259431283 0.39501309259431283 0.42975827511286163 0.42975827511286163 0.42975827511286163 0.42975827511286163
end
vp 0.47958115860783895 0.00564484343860365
vp 0.47958115860783895 0.2618428121469048
cstype bspline
deg 1
curv2 4219 4220
parm u 0.0056462762027546885 0.0056462762027546885 0.2618433011451059 0.2618433011451059
end
vp 0.47958115860783895 0.2618428121469048
vp 0.041782415368874913 0.2618428121469048
cstype bspline
deg 1
curv2 4221 4222
parm u -0.47958115860783895 -0.47958115860783895 -0.041782415368874913 -0.041782415368874913
end
v 160.62055198915121 16.787923956000004 -175.55315166127775
v 160.9212814001512 16.788309194000004 -175.87055892427776
v 160.62020158315121 16.831414474000006 -175.55324344827775
v 160.9209189921512 16.844795971000003 -175.87103366227777
v 160.62020313615119 16.874173747000004 -175.55100669827775
v 160.92092738715121 16.900508743000007 -175.86808560827777
v 160.62050056015121 16.916042578000006 -175.54659799627777
v 160.92124819215121 16.955216131000004 -175.86193681027777
cstype bspline
deg 1 3
surf 0.041782415368874913 0.47958115860783895 0 0.2618428121469048 2858 2859 2860 2861 2862 2863 2864 2865
parm u 0.041782415368874913 0.041782415368874913 0.47958115860783895 0.47958115860783895
parm v 0 0 0 0 0.2618428121469048 0.2618428121469048 0.2618428121469048 0.2618428121469048
trim -0.2618454789505012 -0.0092895687849163053 1430 0.011308575519669361 0.42975827511286163 1431 0.0056462762027546885 0.2618433011451059 1432 -0.47958115860783895 -0.041782415368874913 1433
end
# - trim loop
vp 0.041782415368874913 0.53188804981614046
vp 0.041782415368874913 0.2618428121469048
cstype bspline
deg 1
curv2 4223 4224
parm u -0.53188942789130322 -0.53188942789130322 -0.2618454789505012 -0.2618454789505012
end
vp 0.041782415368874913 0.2618428121469048
vp 0.47958115860783895 0.2618428121469048
cstype bspline
deg 1
curv2 4225 4226
parm u 0.041782415368874913 0.041782415368874913 0.47958115860783895 0.47958115860783895
end
vp 0.47958115860783895 0.2618428121469048
vp 0.47958115860783895 0.53188804981614046
cstype bspline
deg 1
curv2 4227 4228
parm u 0.2618433011451059 0.2618433011451059 0.53188754403869387 0.53188754403869387
end
vp 0.47958115860783895 0.53188804981614046
vp 0.041782415368874913 0.53188804981614046
cstype bspline
deg 1
curv2 4229 4230
parm u -0.47958115860783895 -0.47958115860783895 -0.041782415368874913 -0.041782415368874913
end
v 160.62050056015121 16.916042578000006 -175.54659799627777
v 160.92124819215121 16.955216131000004 -175.86193681027777
v 160.62100106415119 16.958441891000007 -175.54098408927774
v 160.92178295415121 17.010898152000006 -175.85444731827775
v 160.6217740641512 16.999761482000004 -175.53323192927775
v 160.92260673515119 17.065344998000004 -175.84371759327774
v 160.6227530611512 17.039878374000004 -175.52351782627775
v 160.92364839315121 17.118357744000004 -175.83000266527776
cstype bspline
deg 1 3
surf 0.041782415368874913 0.47958115860783895 0.2618428121469048 0.53188804981614046 2866 2867 2868 2869 2870 2871 2872 2873
parm u 0.041782415368874913 0.041782415368874913 0.47958115860783895 0.47958115860783895
parm v 0.2618428121469048 0.2618428121469048 0.2618428121469048 0.2618428121469048 0.53188804981614046 0.53188804981614046 0.53188804981614046 0.53188804981614046
trim -0.53188942789130322 -0.2618454789505012 1434 0.041782415368874913 0.47958115860783895 1435 0.2618433011451059 0.53188754403869387 1436 -0.47958115860783895 -0.041782415368874913 1437
end
# - trim loop
vp 0.041782415368874913 0.80193016036927911
vp 0.041782415368874913 0.53188804981614046
cstype bspline
deg 1
curv2 4231 4232
parm u -0.80193024973156335 -0.80193024973156335 -0.53188942789130322 -0.53188942789130322
end
vp 0.041782415368874913 0.53188804981614046
vp 0.47958115860783895 0.53188804981614046
cstype bspline
deg 1
curv2 4233 4234
parm u 0.041782415368874913 0.041782415368874913 0.47958115860783895 0.47958115860783895
end
vp 0.47958115860783895 0.53188804981614046
vp 0.47958115860783895 0.80193016036927911
cstype bspline
deg 1
curv2 4235 4236
parm u 0.53188754403869387 0.53188754403869387 0.80192865982770434 0.80192865982770434
end
vp 0.47958115860783895 0.80193016036927911
vp 0.041782415368874913 0.80193016036927911
cstype bspline
deg 1
curv2 4237 4238
parm u -0.47958115860783895 -0.47958115860783895 -0.041782415368874913 -0.041782415368874913
end
v 160.6227530611512 17.039878374000004 -175.52351782627775
v 160.92364839315121 17.118357744000004 -175.83000266527776
v 160.62385882615121 17.079088264000006 -175.51299245727776
v 160.92482269015119 17.170461946000007 -175.81539263927775
v 160.62512630415119 17.117055002000004 -175.50066765227774
v 160.92616644715122 17.221067546000004 -175.79796226127775
v 160.62649096315121 17.153694534000007 -175.48670794427775
v 160.92760955215121 17.270019602000005 -175.77795797127777
cstype bspline
deg 1 3
surf 0.041782415368874913 0.47958115860783895 0.53188804981614046 0.80193016036927911 2874 2875 2876 2877 2878 2879 2880 2881
parm u 0.041782415368874913 0.041782415368874913 0.47958115860783895 0.47958115860783895
parm v 0.53188804981614046 0.53188804981614046 0.53188804981614046 0.53188804981614046 0.80193016036927911 0.80193016036927911 0.80193016036927911 0.80193016036927911
trim -0.80193024973156335 -0.53188942789130322 1438 0.041782415368874913 0.47958115860783895 1439 0.53188754403869387 0.80192865982770434 1440 -0.47958115860783895 -0.041782415368874913 1441
end
# - trim loop
vp 0.041782415368874913 1.0719753980385152
vp 0.041782415368874913 0.80193016036927911
cstype bspline
deg 1
curv2 4239 4240
parm u -1.0719741986729976 -1.0719741986729976 -0.80193024973156335 -0.80193024973156335
end
vp 0.041782415368874913 0.80193016036927911
vp 0.47958115860783895 0.80193016036927911
cstype bspline
deg 1
curv2 4241 4242
parm u 0.041782415368874913 0.041782415368874913 0.47958115860783895 0.47958115860783895
end
vp 0.47958115860783895 0.80193016036927911
vp 0.47958115860783895 1.0719753980385152
cstype bspline
deg 1
curv2 4243 4244
parm u 0.80192865982770434 0.80192865982770434 1.0719729027212928 1.0719729027212928
end
vp 0.47958115860783895 1.0719753980385152
vp 0.041782415368874913 1.0719753980385152
cstype bspline
deg 1
curv2 4245 4246
parm u -0.47958115860783895 -0.47958115860783895 -0.041782415368874913 -0.041782415368874913
end
v 160.62649096315121 17.153694534000007 -175.48670794427775
v 160.92760955215121 17.270019602000005 -175.77795797127777
v 160.62792083615119 17.189417768000006 -175.47215853627776
v 160.92911662015121 17.318025220000006 -175.75728696727776
v 160.62941127715121 17.223835393000005 -175.45610433827775
v 160.93068142815122 17.364384357000006 -175.73417779127774
v 160.6309026661512 17.256886648000005 -175.43869109327775
v 160.93223873715121 17.408969422000006 -175.70885854327776
cstype bspline
deg 1 3
surf 0.041782415368874913 0.47958115860783895 0.80193016036927911 1.0719753980385152 2882 2883 2884 2885 2886 2887 2888 2889
parm u 0.041782415368874913 0.041782415368874913 0.47958115860783895 0.47958115860783895
parm v 0.80193016036927911 0.80193016036927911 0.80193016036927911 0.80193016036927911 1.0719753980385152 1.0719753980385152 1.0719753980385152 1.0719753980385152
trim -1.0719741986729976 -0.80193024973156335 1442 0.041782415368874913 0.47958115860783895 1443 0.80192865982770434 1.0719729027212928 1444 -0.47958115860783895 -0.041782415368874913 1445
end
# - trim loop
vp 0.041782415368874913 1.3420206357077504
vp 0.041782415368874913 1.0719753980385152
cstype bspline
deg 1
curv2 4247 4248
parm u -1.3420181476144313 -1.3420181476144313 -1.0719741986729976 -1.0719741986729976
end
vp 0.041782415368874913 1.0719753980385152
vp 0.47958115860783895 1.0719753980385152
cstype bspline
deg 1
curv2 4249 4250
parm u 0.041782415368874913 0.041782415368874913 0.47958115860783895 0.47958115860783895
end
vp 0.47958115860783895 1.0719753980385152
vp 0.47958115860783895 1.3420206357077504
cstype bspline
deg 1
curv2 4251 4252
parm u 1.0719729027212928 1.0719729027212928 1.3420171456148804 1.3420171456148804
end
vp 0.47958115860783895 1.3420206357077504
vp 0.041782415368874913 1.3420206357077504
cstype bspline
deg 1
curv2 4253 4254
parm u -0.47958115860783895 -0.47958115860783895 -0.041782415368874913 -0.041782415368874913
end
v 160.6309026661512 17.256886648000005 -175.43869109327775
v 160.93223873715121 17.408969422000006 -175.70885854327776
v 160.63241214815122 17.289082512000004 -175.42085406027775
v 160.9338055871512 17.452652432000004 -175.68304684427775
v 160.63389640715121 17.319966291000004 -175.40174892727777
v 160.93533418215119 17.494607355000007 -175.65512105827776
v 160.6353009091512 17.349487487000005 -175.38150209827776
v 160.93676472815122 17.534719011000004 -175.62528923027776
cstype bspline
deg 1 3
surf 0.041782415368874913 0.47958115860783895 1.0719753980385152 1.3420206357077504 2890 2891 2892 2893 2894 2895 2896 2897
parm u 0.041782415368874913 0.041782415368874913 0.47958115860783895 0.47958115860783895
parm v 1.0719753980385152 1.0719753980385152 1.0719753980385152 1.0719753980385152 1.3420206357077504 1.3420206357077504 1.3420206357077504 1.3420206357077504
trim -1.3420181476144313 -1.0719741986729976 1446 0.041782415368874913 0.47958115860783895 1447 1.0719729027212928 1.3420171456148804 1448 -0.47958115860783895 -0.041782415368874913 1449
end
# - trim loop
vp 0.041782415368874913 1.6120658733769864
vp 0.041782415368874913 1.3420206357077504
cstype bspline
deg 1
curv2 4255 4256
parm u -1.6120620965558652 -1.6120620965558652 -1.3420181476144313 -1.3420181476144313
end
vp 0.041782415368874913 1.3420206357077504
vp 0.47958115860783895 1.3420206357077504
cstype bspline
deg 1
curv2 4257 4258
parm u 0.041782415368874913 0.041782415368874913 0.47958115860783895 0.47958115860783895
end
vp 0.47958115860783895 1.3420206357077504
vp 0.47958115860783895 1.6120658733769864
cstype bspline
deg 1
curv2 4259 4260
parm u 1.3420171456148804 1.3420171456148804 1.6120613885084685 1.6120613885084685
end
vp 0.47958115860783895 1.6120658733769864
vp 0.041782415368874913 1.6120658733769864
cstype bspline
deg 1
curv2 4261 4262
parm u -0.47958115860783895 -0.47958115860783895 -0.041782415368874913 -0.041782415368874913
end
v 160.6353009091512 17.349487487000005 -175.38150209827776
v 160.93676472815122 17.534719011000004 -175.62528923027776
v 160.6366915071512 17.378245456000005 -175.36093972727775
v 160.93816654115119 17.574010734000005 -175.59507951827777
v 160.63798538215121 17.405705804000004 -175.33929015527775
v 160.93944957915119 17.611518387000004 -175.56302165027776
v 160.63913196615121 17.431819325000006 -175.31666308727776
v 160.9405584421512 17.647128587000005 -175.52930622727774
cstype bspline
deg 1 3
surf 0.041782415368874913 0.47958115860783895 1.3420206357077504 1.6120658733769864 2898 2899 2900 2901 2902 2903 2904 2905
parm u 0.041782415368874913 0.041782415368874913 0.47958115860783895 0.47958115860783895
parm v 1.3420206357077504 1.3420206357077504 1.3420206357077504 1.3420206357077504 1.6120658733769864 1.6120658733769864 1.6120658733769864 1.6120658733769864
trim -1.6120620965558652 -1.3420181476144313 1450 0.041782415368874913 0.47958115860783895 1451 1.3420171456148804 1.6120613885084685 1452 -0.47958115860783895 -0.041782415368874913 1453
end
# - trim loop
vp 0.47958115860783895 0.2618428121469048
vp 0.47958115860783895 0.0056448434386035884
cstype bspline
deg 1
curv2 4263 4264
parm u -0.26184330114510579 -0.26184330114510579 -0.0056462762027546885 -0.0056462762027546885
end
vp 0.47958115860783895 0.0056448434386035884
vp 0.48308718136243178 0.0056185785893659752
vp 0.48659320791809796 0.0055927342534478897
vp 0.49009922526465793 0.0055654161498312291
vp 0.52129806268774648 0.0053223217811511859
vp 0.5524969802884736 0.0050907721438244041
vp 0.58369597807695095 0.0048692619658699801
vp 0.64609438071891001 0.0044262387198349112
vp 0.70849301252769692 0.0040231863539210494
vp 0.77089187372128831 0.0036508842206923664
vp 0.92000073824389161 0.002761227786533382
vp 0.99618187744197473 0.0023065539035576196
vp 1.1452917431651846 0.0015952859129377713
vp 1.2700939723297355 0.00099996761973022291
vp 1.3948965453479341 0.00049763056803997594
vp 1.5196992535792671 1.8645957380505543E-05
cstype bspline
deg 3
curv2 4265 4266 4267 4268 4269 4270 4271 4272 4273 4274 4275 4276 4277 4278 4279 4280
parm u 0.42975827511286163 0.42975827511286163 0.42975827511286163 0.42975827511286163 0.43983145446891558 0.43983145446891558 0.43983145446891558 0.52946919838124762 0.52946919838124762 0.52946919838124762 0.70874585574311488 0.70874585574311488 0.70874585574311488 1.1371469243411629 1.1371469243411629 1.1371469243411629 1.4957107797788647 1.4957107797788647 1.4957107797788647 1.4957107797788647
end
vp 1.5196992535792671 1.8645957380505543E-05
vp 1.5198149865358053 0.073349602273926159
vp 1.5210051063561756 0.14663975985198174
vp 1.5232591355893135 0.21993604824355786
vp 1.5235426108315189 0.22915406671425342
vp 1.5238428059575997 0.23837149541529323
vp 1.524159619384247 0.24758842818417551
vp 1.5243181082654393 0.25219928504723199
vp 1.5244807548162016 0.25680998963589674
vp 1.5246475446705512 0.26142055367945505
vp 1.5246508554967915 0.2615120746923964
vp 1.5246566176051841 0.26165528265321625
vp 1.5246636580453445 0.2618428121469048
cstype bspline
deg 3
curv2 4281 4282 4283 4284 4285 4286 4287 4288 4289 4290 4291 4292 4293
parm u 0 0 0 0 0.20980820037837752 0.20980820037837752 0.20980820037837752 0.23619447325564863 0.23619447325564863 0.23619447325564863 0.24939445316625403 0.24939445316625403 0.24939445316625403 0.24965647653710654 0.24965647653710654 0.24965647653710654 0.24965647653710654
end
vp 1.5246636580453445 0.2618428121469048
vp 0.47958115860783895 0.2618428121469048
cstype bspline
deg 1
curv2 4294 4295
parm u -1.5246628211982973 -1.5246628211982973 -0.47958115860783895 -0.47958115860783895
end
v 160.9212814001512 16.788309194000004 -175.87055892427776
v 160.9242886421512 16.788316397000006 -175.87373304327775
v 161.1399637821512 16.788908259000006 -176.10137875727776
v 161.17229646515119 16.789006402000005 -176.13550629427777
v 161.57157744215121 16.790323730000004 -176.55695556227775
v 161.63570559515119 16.790547105000005 -176.62464452827777
v 161.78030718015123 16.791061656000004 -176.77727569127777
v 160.9209189921512 16.844795971000003 -175.87103366227777
v 160.92392616015121 16.844930344000005 -175.87421155427776
v 161.13959706715119 16.854579965000006 -176.10212644227775
v 161.1719292511512 16.856028151000004 -176.13629416427776
v 161.57120559815121 16.873929630000006 -176.55823778727776
v 161.63533318115122 16.876806744000007 -176.62600593727777
v 161.7799336431512 16.883296122000004 -176.77881545227774
v 160.92092738715121 16.900508743000007 -175.86808560827777
v 160.92393463315119 16.900769547000007 -175.87125660427776
v 161.13961129415119 16.919416974000004 -176.09868189727774
v 161.1719443631512 16.922205346000005 -176.13277683727776
v 161.57123188515121 16.956559527000007 -176.55382854927777
v 161.63536128915121 16.962068181000006 -176.62145422227775
v 161.7799658801512 16.974481330000007 -176.77394318027774
v 160.92124819215121 16.955216131000004 -175.86193681027777
v 160.92425564215119 16.955601971000004 -175.86509092927776
v 161.13994620715121 16.983141785000004 -176.09131766427777
v 161.17228126315121 16.987253868000003 -176.12523440527775
v 161.5715921681512 17.037849887000004 -176.54410216127775
v 161.6357251951512 17.045955390000007 -176.61137893627776
v 161.78033782715119 17.064213327000004 -176.76308289327775
cstype bspline
deg 1 3
surf 0.47958115860783895 1.7301798351732769 0 0.2618428121469048 2906 2907 2908 2909 2910 2911 2912 2913 2914 2915 2916 2917 2918 2919 2920 2921 2922 2923 2924 2925 2926 2927 2928 2929 2930 2931 2932 2933
parm u 0.47958115860783895 0.47958115860783895 0.4839591460402286 0.7979439290746615 0.84501480791268024 1.4263023961451338 1.5196627491721 1.7301798351732769 1.7301798351732769
parm v 0 0 0 0 0.2618428121469048 0.2618428121469048 0.2618428121469048 0.2618428121469048
trim -0.26184330114510579 -0.0056462762027546885 1454 0.42975827511286163 1.4957107797788647 1455 0 0.24965647653710654 1456 -1.5246628211982973 -0.47958115860783895 1457
end
# - trim loop
vp 0.47958115860783895 0.53188804981614046
vp 0.47958115860783895 0.2618428121469048
cstype bspline
deg 1
curv2 4296 4297
parm u -0.53188754403869409 -0.53188754403869409 -0.26184330114510579 -0.26184330114510579
end
vp 0.47958115860783895 0.2618428121469048
vp 1.5246636580453445 0.2618428121469048
cstype bspline
deg 1
curv2 4298 4299
parm u 0.47958115860783895 0.47958115860783895 1.5246628211982973 1.5246628211982973
end
vp 1.5246636580453445 0.2618428121469048
vp 1.5247665503044225 0.2642751738529448
vp 1.525222666338476 0.27415591474439344
vp 1.5252777208967958 0.27534227738536632
vp 1.52613973174178 0.29391762325699217
vp 1.5270671264731883 0.3124893640804185
vp 1.5280588719526131 0.33105823279487145
vp 1.5300421972409555 0.36819286830502584
vp 1.5322828222645555 0.4053094240353492
vp 1.5347688182534027 0.44241374241873715
vp 1.5353960329008498 0.45177512999860775
vp 1.5360392608413818 0.4611353759050385
vp 1.5366984913278945 0.47049456339374102
vp 1.5373582978363958 0.47986192874724004
vp 1.5380340316048156 0.48922810500775693
vp 1.5387253988808252 0.49859319354176229
vp 1.5394167603039424 0.50795820279394877
vp 1.5401237453384422 0.51732199389428113
vp 1.5408460721854809 0.52668466535418712
vp 1.5409798891666584 0.52841917714155751
vp 1.5411121034299038 0.53015378555551373
vp 1.5412510894453049 0.53188804981614046
cstype bspline
deg 3
curv2 4300 4301 4302 4303 4304 4305 4306 4307 4308 4309 4310 4311 4312 4313 4314 4315 4316 4317 4318 4319 4320 4321
parm u 0.24965647653710654 0.24965647653710654 0.24965647653710654 0.24965647653710654 0.25305472260289441 0.25305472260289441 0.25305472260289441 0.30626239608217559 0.30626239608217559 0.30626239608217559 0.41266885472973586 0.41266885472973586 0.41266885472973586 0.43951511262642479 0.43951511262642479 0.43951511262642479 0.46638482822899224 0.46638482822899224 0.46638482822899224 0.49325431636121403 0.49325431636121403 0.49325431636121403 0.49823210972772564 0.49823210972772564 0.49823210972772564 0.49823210972772564
end
vp 1.5412510894453049 0.53188804981614046
vp 0.47958115860783895 0.53188804981614046
cstype bspline
deg 1
curv2 4322 4323
parm u -1.5412491007378304 -1.5412491007378304 -0.47958115860783895 -0.47958115860783895
end
v 160.92124819215121 16.955216131000004 -175.86193681027777
v 160.92425564215119 16.955601971000004 -175.86509092927776
v 161.13994620715121 16.983141785000004 -176.09131766427777
v 161.17228126315121 16.987253868000003 -176.12523440527775
v 161.5715921681512 17.037849887000004 -176.54410216127775
v 161.6357251951512 17.045955390000007 -176.61137893627776
v 161.78033782715119 17.064213327000004 -176.76308289327775
v 160.92178295415121 17.010898152000006 -175.85444731827775
v 160.92479067715121 17.011413172000005 -175.85758357127776
v 161.14049902115121 17.048136222000004 -176.08254893827777
v 161.17283651715121 17.053614824000004 -176.11627909627776
v 161.57217487715121 17.120972583000004 -176.53287089727775
v 161.63631200815121 17.131757466000003 -176.59978529627776
v 161.7809336031512 17.156045414000005 -176.75067505227776
v 160.92260673515119 17.065344998000004 -175.84371759327774
v 160.9256148601512 17.065987516000003 -175.84682532027776
v 161.14134938715119 17.111770683000007 -176.06977303227777
v 161.1736904651512 17.118597043000005 -176.10320424327776
v 161.57306904815121 17.202481706000004 -176.51614385427774
v 161.63721217615119 17.215907912000006 -176.58247611227776
v 161.78184685615122 17.246139759000005 -176.73205729727775
v 160.92364839315121 17.118357744000004 -175.83000266527776
v 160.92665701015119 17.119125378000007 -175.83307200227776
v 161.14242340115121 17.173796680000006 -176.05330274927775
v 161.1747688151512 17.181944893000004 -176.08633120027775
v 161.57419576015121 17.282035465000003 -176.49434802027776
v 161.63834605915122 17.298051337000004 -176.55989534227774
v 161.78299634015121 17.334110527000007 -176.70771184427775
cstype bspline
deg 1 3
surf 0.47958115860783895 1.7301798351732769 0.2618428121469048 0.53188804981614046 2934 2935 2936 2937 2938 2939 2940 2941 2942 2943 2944 2945 2946 2947 2948 2949 2950 2951 2952 2953 2954 2955 2956 2957 2958 2959 2960 2961
parm u 0.47958115860783895 0.47958115860783895 0.4839591460402286 0.7979439290746615 0.84501480791268024 1.4263023961451338 1.5196627491721 1.7301798351732769 1.7301798351732769
parm v 0.2618428121469048 0.2618428121469048 0.2618428121469048 0.2618428121469048 0.53188804981614046 0.53188804981614046 0.53188804981614046 0.53188804981614046
trim -0.53188754403869409 -0.26184330114510579 1458 0.47958115860783895 1.5246628211982973 1459 0.24965647653710654 0.49823210972772564 1460 -1.5412491007378304 -0.47958115860783895 1461
end
# - trim loop
vp 0.47958115860783895 0.80193016036927911
vp 0.47958115860783895 0.53188804981614046
cstype bspline
deg 1
curv2 4324 4325
parm u -0.80192865982770456 -0.80192865982770456 -0.53188754403869409 -0.53188754403869409
end
vp 0.47958115860783895 0.53188804981614046
vp 1.5412510894453049 0.53188804981614046
cstype bspline
deg 1
curv2 4326 4327
parm u 0.47958115860783895 0.47958115860783895 1.5412491007378304 1.5412491007378304
end
vp 1.5412510894453049 0.53188804981614046
vp 1.541302750658222 0.53249867891240199
vp 1.5413534971821778 0.53310938792603968
vp 1.5414057837544093 0.53371998070567295
vp 1.5416076984805895 0.53607790299138447
vp 1.5418105611166453 0.53843574314819953
vp 1.5420143676090265 0.54079350267166504
vp 1.5424219914402855 0.54550914719757382
vp 1.542833389871531 0.55022445787566865
vp 1.5432485310015704 0.55493944654581862
vp 1.5465710012667955 0.59267458894414959
vp 1.5501325691822569 0.63038501118940526
vp 1.5539185280788026 0.668076410552503
vp 1.5577096364608023 0.70581907600645477
vp 1.5617250709781456 0.74353595274290396
vp 1.5659530485177977 0.78123213179485629
vp 1.5664821470508383 0.78594951566233506
vp 1.5670145722067779 0.79066652050169406
vp 1.5675503042162859 0.79538315562991069
vp 1.5678859273695405 0.79833801351853506
vp 1.5680978006914907 0.80018775058360325
vp 1.5682993604510012 0.80193016036927911
cstype bspline
deg 3
curv2 4328 4329 4330 4331 4332 4333 4334 4335 4336 4337 4338 4339 4340 4341 4342 4343 4344 4345 4346 4347 4348 4349
parm u 0.49823210972772564 0.49823210972772564 0.49823210972772564 0.49823210972772564 0.49998556977018588 0.49998556977018588 0.49998556977018588 0.50675689535596236 0.50675689535596236 0.50675689535596236 0.52029990689463712 0.52029990689463712 0.52029990689463712 0.62868775353984885 0.62868775353984885 0.62868775353984885 0.73722302430004416 0.73722302430004416 0.73722302430004416 0.75080536999696379 0.75080536999696379 0.75080536999696379 0.75931438123857364 0.75931438123857364 0.75931438123857364 0.75931438123857364
end
vp 1.5682993604510012 0.80193016036927911
vp 0.47958115860783895 0.80193016036927911
cstype bspline
deg 1
curv2 4350 4351
parm u -1.568296088306488 -1.568296088306488 -0.47958115860783895 -0.47958115860783895
end
v 160.92364839315121 17.118357744000004 -175.83000266527776
v 160.92665701015119 17.119125378000007 -175.83307200227776
v 161.14242340115121 17.173796680000006 -176.05330274927775
v 161.1747688151512 17.181944893000004 -176.08633120027775
v 161.57419576015121 17.282035465000003 -176.49434802027776
v 161.63834605915122 17.298051337000004 -176.55989534227774
v 161.78299634015121 17.334110527000007 -176.70771184427775
v 160.92482269015119 17.170461946000007 -175.81539263927775
v 160.92783183715119 17.171354664000006 -175.81842311527777
v 161.14363224015119 17.234911955000005 -176.03591131127774
v 161.17598223815122 17.244381736000005 -176.06853418027777
v 161.57545968915122 17.360675447000006 -176.47160459827776
v 161.6396173971512 17.379280647000005 -176.53636444527774
v 161.78428371515122 17.421166537000005 -176.68241168927776
v 160.92616644715122 17.221067546000004 -175.79796226127775
v 160.9291761901512 17.222082823000004 -175.80094403127777
v 161.14501499915121 17.294346194000006 -176.01499161627777
v 161.1773701911512 17.305110746000004 -176.04710524327777
v 161.57690508115121 17.437279020000005 -176.44396006627775
v 161.64107124015121 17.458421061000006 -176.50772980727777
v 161.78575587515121 17.506015590000004 -176.65155199027777
v 160.92760955215121 17.270019602000005 -175.77795797127777
v 160.9306199121512 17.271154242000005 -175.78088200527776
v 161.1464984961512 17.351896671000006 -175.99084899727777
v 161.17885906715119 17.363922251000005 -176.02235839627775
v 161.57845341215119 17.511552071000004 -176.41183513927774
v 161.6426283101512 17.535165056000004 -176.47442923227777
v 161.7873318761512 17.588320064000005 -176.61560903027777
cstype bspline
deg 1 3
surf 0.47958115860783895 1.7301798351732769 0.53188804981614046 0.80193016036927911 2962 2963 2964 2965 2966 2967 2968 2969 2970 2971 2972 2973 2974 2975 2976 2977 2978 2979 2980 2981 2982 2983 2984 2985 2986 2987 2988 2989
parm u 0.47958115860783895 0.47958115860783895 0.4839591460402286 0.7979439290746615 0.84501480791268024 1.4263023961451338 1.5196627491721 1.7301798351732769 1.7301798351732769
parm v 0.53188804981614046 0.53188804981614046 0.53188804981614046 0.53188804981614046 0.80193016036927911 0.80193016036927911 0.80193016036927911 0.80193016036927911
trim -0.80192865982770456 -0.53188754403869409 1462 0.47958115860783895 1.5412491007378304 1463 0.49823210972772564 0.75931438123857364 1464 -1.568296088306488 -0.47958115860783895 1465
end
# - trim loop
vp -12.949999999999999 -0.032449932754848393
vp -8.6333336190000001 -0.032450649996825121
vp -4.3166672379999991 -0.032450662253346252
vp -8.5699999985422437E-07 -0.032450052255891738
cstype bspline
deg 3
curv2 4352 4353 4354 4355
parm u 0 0 0 0 12.949999143000102 12.949999143000102 12.949999143000102 12.949999143000102
end
vp -8.5699999985422437E-07 -0.032450052255891738
vp 0 1.7702111785713053
cstype bspline
deg 1
curv2 4356 4357
parm u 0 0 1.8026612308274008 1.8026612308274008
end
vp 0 1.7702111785713053
vp -10.949999999999999 1.7702111785713053
cstype bspline
deg 1
curv2 4358 4359
parm u 0 0 10.949999999999999 10.949999999999999
end
vp -10.949999999999999 1.7702111785713053
vp -10.949999999999999 0.22010325970688147
cstype bspline
deg 1
curv2 4360 4361
parm u 0 0 1.5501079188644238 1.5501079188644238
end
vp -10.949999999999999 0.22010325970688147
vp -11.616666717666666 0.22010325970688172
vp -12.283333359333334 0.22010325970688172
vp -12.949999999999999 0.22010325970688147
cstype bspline
deg 3
curv2 4362 4363 4364 4365
parm u 0 0 0 0 1.9999999999999996 1.9999999999999996 1.9999999999999996 1.9999999999999996
end
vp -12.949999999999999 0.22010325970688147
vp -12.949999999999999 -0.032449932754848393
cstype bspline
deg 1
curv2 4366 4367
parm u 0 0 0.25255319246172986 0.25255319246172986
end
v 160.49582725463452 2.104880000000005 -161.56692540179444
v 160.49582725463452 17.645120000000006 -161.56692540179444
v 162.02567654883453 2.104880000000005 -160.03707610759443
v 162.02567654883453 17.645120000000006 -160.03707610759443
cstype bspline
deg 1 1
surf -14.24512 1.2951199999999998 -0.21288655196329814 1.950647068281258 2990 2991 2992 2993
parm u -14.24512 -14.24512 1.2951199999999998 1.2951199999999998
parm v -0.21288655196329814 -0.21288655196329814 1.950647068281258 1.950647068281258
trim 0 12.949999143000102 1466 0 1.8026612308274008 1467 0 10.949999999999999 1468 0 1.5501079188644238 1469 0 1.9999999999999996 1470 0 0.25255319246172986 1471
end
# - trim loop
vp 2.3966370757825151 1.2725107461531835
vp 2.4225924635517235 1.2724964479831244
cstype bspline
deg 1
curv2 4368 4369
parm u -0.68352512817424649 -0.68352512817424649 -0.65835042435000113 -0.65835042435000113
end
vp 2.4225924635517235 1.2724964479831244
vp 2.5204776957410884 1.2723758958050071
cstype bspline
deg 1
curv2 4370 4371
parm u -0.65835042435000113 -0.65835042435000113 -0.56370336633990559 -0.56370336633990559
end
vp 2.5204776957410884 1.2723758958050071
vp 2.6185078183760893 1.2722360431121826
cstype bspline
deg 1
curv2 4372 4373
parm u -0.56370336633990559 -0.56370336633990559 -0.46975346988582761 -0.46975346988582761
end
vp 2.6185078183760893 1.2722360431121826
vp 2.7174942536976929 1.2721580278902413
cstype bspline
deg 1
curv2 4374 4375
parm u -0.46975346988582761 -0.46975346988582761 -0.37621501321240103 -0.37621501321240103
end
vp 2.7174942536976929 1.2721580278902413
vp 2.8183067632500465 1.2721794871215648
cstype bspline
deg 1
curv2 4376 4377
parm u -0.37621501321240103 -0.37621501321240103 -0.28277873818344668 -0.28277873818344668
end
vp 2.8183067632500465 1.2721794871215648
vp 2.9218865633653843 1.2722876416150499
cstype bspline
deg 1
curv2 4378 4379
parm u -0.28277873818344668 -0.28277873818344668 -0.18912905961365939 -0.18912905961365939
end
vp 2.9218865633653843 1.2722876416150499
vp 3.0292632003138444 1.2724284200943852
cstype bspline
deg 1
curv2 4380 4381
parm u -0.18912905961365939 -0.18912905961365939 -0.09496126753994874 -0.09496126753994874
end
vp 3.0292632003138444 1.2724284200943852
vp 3.1415732498608411 1.2725006717638492
cstype bspline
deg 1
curv2 4382 4383
parm u -0.09496126753994874 -0.09496126753994874 0 0
end
vp 3.1415732498608411 1.2725006717638492
vp 3.1415926535897931 3.07518219150883
cstype bspline
deg 1
curv2 4384 4385
parm u -1.8026815199106034 -1.8026815199106034 0 0
end
vp 3.1415926535897931 3.07518219150883
vp 2.9060217574089253 3.0751821915570581
cstype bspline
deg 1
curv2 4386 4387
parm u -0.4804067310724463 -0.4804067310724463 0 0
end
vp 2.9060217574089253 3.0751821915570581
vp 2.8183932323643859 3.0751822819116796
vp 2.7360717714589291 3.05972651474681
vp 2.5682157363787095 3.0093128142642334
vp 2.4873148098989435 2.9757280015456908
vp 2.4062980058095702 2.9414859248694945
cstype bspline
deg 3
curv2 4388 4389 4390 4391 4392 4393
parm u -1.1057586604364218 -1.1057586604364218 -1.1057586604364218 -1.1057586604364218 -0.55681192425520487 -0.55681192425520487 0 0 0 0
end
vp 2.4062980058095702 2.9414859248694945
vp 2.4068175840375874 2.663298830381065
vp 2.4080062949102792 2.3851137830565667
vp 2.4078660112129744 2.1069246588738779
vp 2.4077257161998471 1.82871487756804
vp 2.4044095100359706 1.5506236591620342
vp 2.3966370757825151 1.2725107461531835
cstype bspline
deg 3
curv2 4394 4395 4396 4397 4398 4399 4400
parm u -1.6691283130698289 -1.6691283130698289 -1.6691283130698289 -1.6691283130698289 -0.83455646617905843 -0.83455646617905843 -0.83455646617905843 -0 -0 -0 -0
end
v 159.7236069271512 16.800000000000004 -174.63914573027776 1
v 159.7236069271512 16.800000000000004 -174.63914573027776 0.70710678118654757
v 159.7236069271512 16.800000000000004 -174.63914573027776 1
v 159.7236069271512 16.800000000000004 -174.63914573027776 0.70710678118654757
v 159.7236069271512 16.800000000000004 -174.63914573027776 1
v 159.7236069271512 16.800000000000004 -174.63914573027776 0.70710678118654757
v 159.7236069271512 16.800000000000004 -174.63914573027776 1
v 159.7236069271512 16.800000000000004 -174.63914573027776 0.70710678118654757
v 159.7236069271512 16.800000000000004 -174.63914573027776 1
v 162.11565732625121 14.407949600899999 -174.63914573027776 1
v 162.11565732625121 14.407949600899999 -177.03119612937778 0.70710678118654757
v 162.11565732625121 16.800000000000004 -177.03119612937778 1
v 162.11565732625121 19.192050399100008 -177.03119612937778 0.70710678118654757
v 162.11565732625121 19.192050399100012 -174.63914573027776 1
v 162.11565732625121 19.192050399100012 -172.24709533117775 0.70710678118654757
v 162.11565732625121 16.800000000000004 -172.24709533117775 1
v 162.11565732625121 14.407949600899999 -172.24709533117775 0.70710678118654757
v 162.11565732625121 14.407949600899999 -174.63914573027776 1
cstype rat bspline
deg 2 1
surf 0 6.2831853071795862 0 3.3828701162872039 2994 2995 2996 2997 2998 2999 3000 3001 3002 3003 3004 3005 3006 3007 3008 3009 3010 3011
parm u 0 0 0 1.5707963267948966 1.5707963267948966 3.1415926535897931 3.1415926535897931 4.7123889803846897 4.7123889803846897 6.2831853071795862 6.2831853071795862 6.2831853071795862
parm v 0 0 3.3828701162872039 3.3828701162872039
trim -0.68352512817424649 -0.65835042435000113 1472 -0.65835042435000113 -0.56370336633990559 1473 -0.56370336633990559 -0.46975346988582761 1474 -0.46975346988582761 -0.37621501321240103 1475 -0.37621501321240103 -0.28277873818344668 1476 -0.28277873818344668 -0.18912905961365939 1477 -0.18912905961365939 -0.09496126753994874 1478 -0.09496126753994874 0 1479 -1.8026815199106034 0 1480 -0.4804067310724463 0 1481 -1.1057586604364218 0 1482 -1.6691283130698289 -0 1483
end
# - trim loop
vp -0.45000085699999914 -0.032450052255891738
vp -0.30000087799999164 -0.032450014543528027
vp -0.15000089799999472 -0.032449976831166794
vp -9.1899999787870001E-07 -0.032449937704596268
cstype bspline
deg 3
curv2 4401 4402 4403 4404
parm u 0 0 0 0 0.44999993800001581 0.44999993800001581 0.44999993800001581 0.44999993800001581
end
vp -9.1899999787870001E-07 -0.032449937704596268
vp 0 1.7702111785713053
cstype bspline
deg 1
curv2 4405 4406
parm u 0 0 1.8026611162761361 1.8026611162761361
end
vp 0 1.7702111785713053
vp -0.44999999999999929 1.7702111785713053
cstype bspline
deg 1
curv2 4407 4408
parm u 0 0 0.44999999999999929 0.44999999999999929
end
vp -0.44999999999999929 1.7702111785713053
vp -0.45000085699999914 -0.032450052255891738
cstype bspline
deg 1
curv2 4409 4410
parm u 0 0 1.8026612308274008 1.8026612308274008
end
v 160.49582772910119 15.704879057300005 -161.56692492732776
v 160.49582772910119 17.445120085700005 -161.56692492732776
v 162.0256765057012 15.704879057300005 -160.03707615072776
v 162.0256765057012 17.445120085700005 -160.03707615072776
cstype bspline
deg 1 1
surf -1.0951209426999988 0.64512008569999968 -0.21288588096609884 1.9506470072815125 3012 3013 3014 3015
parm u -1.0951209426999988 -1.0951209426999988 0.64512008569999968 0.64512008569999968
parm v -0.21288588096609884 -0.21288588096609884 1.9506470072815125 1.9506470072815125
trim 0 0.44999993800001581 1484 0 1.8026611162761361 1485 0 0.44999999999999929 1486 0 1.8026612308274008 1487
end
# - trim loop
vp -0.49998558100000068 -0.032472046812319071
vp -0.33331848099868111 -0.032471493147710362
vp -0.1666513809993404 -0.032470925340959411
vp 1.5719000000302685E-05 -0.032470340563655574
cstype bspline
deg 3
curv2 4411 4412 4413 4414
parm u 0 0 0 0 0.50000130000291365 0.50000130000291365 0.50000130000291365 0.50000130000291365
end
vp 1.5719000000302685E-05 -0.032470340563655574
vp 0 1.7702111792784145
cstype bspline
deg 1
curv2 4415 4416
parm u 0 0 1.8026815199106034 1.8026815199106034
end
vp 0 1.7702111792784145
vp -0.5 1.7702111792784145
cstype bspline
deg 1
curv2 4417 4418
parm u 0 0 0.5 0.5
end
vp -0.5 1.7702111792784145
vp -0.49998558100000068 -0.032472046812319071
cstype bspline
deg 1
curv2 4419 4420
parm u 0 0 1.8026832261484 1.8026832261484
end
v 160.49581062130119 17.572203694150005 -173.48902415837776
v 160.49581062130119 17.572203694150005 -175.28928302117777
v 162.0256780615012 19.102071134350009 -173.48902415837776
v 162.0256780615012 19.102071134350009 -175.28928302117777
cstype bspline
deg 1 1
surf -1.1501215718999998 0.65013729090000005 -0.21291007504887985 1.9506492075149755 3016 3017 3018 3019
parm u -1.1501215718999998 -1.1501215718999998 0.65013729090000005 0.65013729090000005
parm v -0.21291007504887985 -0.21291007504887985 1.9506492075149755 1.9506492075149755
trim 0 0.50000130000291365 1488 0 1.8026815199106034 1489 0 0.5 1490 0 1.8026832261484 1491
end
# - trim loop
vp 3.1415917870434926 1.2725215511159897
vp 3.2531708837225981 1.2725061831835165
cstype bspline
deg 1
curv2 4421 4422
parm u -1.4166632487683082 -1.4166632487683082 -1.3129718497618761 -1.3129718497618761
end
vp 3.2531708837225981 1.2725061831835165
vp 3.3593304731970504 1.2724012793163062
cstype bspline
deg 1
curv2 4423 4424
parm u -1.3129718497618761 -1.3129718497618761 -1.2117353212903672 -1.2117353212903672
end
vp 3.3593304731970504 1.2724012793163062
vp 3.4609330068353743 1.2721945612609784
cstype bspline
deg 1
curv2 4425 4426
parm u -1.2117353212903672 -1.2117353212903672 -1.1640464061965226 -1.1640464061965226
end
vp 3.4609330068353743 1.2721945612609784
vp 3.5587944153880255 1.2719550812853009
cstype bspline
deg 1
curv2 4427 4428
parm u -1.1640464061965226 -1.1640464061965226 -1.1083839217924796 -1.1083839217924796
end
vp 3.5587944153880255 1.2719550812853009
vp 3.6536953515041559 1.2716473500965304
cstype bspline
deg 1
curv2 4429 4430
parm u -1.1083839217924796 -1.1083839217924796 -1.0099554789621665 -1.0099554789621665
end
vp 3.6536953515041559 1.2716473500965304
vp 3.7463902199498702 1.2713750203668526
cstype bspline
deg 1
curv2 4431 4432
parm u -1.0099554789621665 -1.0099554789621665 -0.91246134954989044 -0.91246134954989044
end
vp 3.7463902199498702 1.2713750203668526
vp 4.1096136136489507 1.2713713870923522
cstype bspline
deg 1
curv2 4433 4434
parm u -0.91246134954989044 -0.91246134954989044 -0.49979240178025791 -0.49979240178025791
end
vp 4.1096136136489507 1.2713713870923522
vp 4.2021123016242905 1.2716139055101139
cstype bspline
deg 1
curv2 4435 4436
parm u -0.49979240178025791 -0.49979240178025791 -0.40250597233715296 -0.40250597233715296
end
vp 4.2021123016242905 1.2716139055101139
vp 4.2967462540257051 1.2718837168632282
cstype bspline
deg 1
curv2 4437 4438
parm u -0.40250597233715296 -0.40250597233715296 -0.30438325825996876 -0.30438325825996876
end
vp 4.2967462540257051 1.2718837168632282
vp 4.3942780189357844 1.2721368657929542
cstype bspline
deg 1
curv2 4439 4440
parm u -0.30438325825996876 -0.30438325825996876 -0.25088868693428784 -0.25088868693428784
end
vp 4.3942780189357844 1.2721368657929542
vp 4.4955003211850713 1.2723643901038451
cstype bspline
deg 1
curv2 4441 4442
parm u -0.25088868693428784 -0.25088868693428784 -0.20425305304109281 -0.20425305304109281
end
vp 4.4955003211850713 1.2723643901038451
vp 4.6012443680683814 1.2724937292573004
cstype bspline
deg 1
curv2 4443 4444
parm u -0.20425305304109281 -0.20425305304109281 -0.10328093059310973 -0.10328093059310973
end
vp 4.6012443680683814 1.2724937292573004
vp 4.7123901147953831 1.2725210752332587
cstype bspline
deg 1
curv2 4445 4446
parm u -0.10328093059310973 -0.10328093059310973 0 0
end
vp 4.7123901147953831 1.2725210752332587
vp 4.7123889803846897 3.0751821915088291
cstype bspline
deg 1
curv2 4447 4448
parm u -1.8026611162761361 -1.8026611162761361 0 0
end
vp 4.7123889803846897 3.0751821915088291
vp 3.1415926535897931 3.0751821915088287
cstype bspline
deg 1
curv2 4449 4450
parm u -3.4156686225957555 -3.4156686225957555 0 0
end
vp 3.1415926535897931 3.0751821915088287
vp 3.1415917870434926 1.2725215511159897
cstype bspline
deg 1
curv2 4451 4452
parm u -1.8026606403931731 -1.8026606403931731 0 0
end
v 159.7236069271512 16.800000000000004 -162.33914573027775 1
v 159.7236069271512 16.800000000000004 -162.33914573027775 0.70710678118654757
v 159.7236069271512 16.800000000000004 -162.33914573027775 1
v 159.7236069271512 16.800000000000004 -162.33914573027775 0.70710678118654757
v 159.7236069271512 16.800000000000004 -162.33914573027775 1
v 159.7236069271512 16.800000000000004 -162.33914573027775 0.70710678118654757
v 159.7236069271512 16.800000000000004 -162.33914573027775 1
v 159.7236069271512 16.800000000000004 -162.33914573027775 0.70710678118654757
v 159.7236069271512 16.800000000000004 -162.33914573027775 1
v 162.11565732625121 14.407949600899999 -162.33914573027775 1
v 162.11565732625121 14.407949600899999 -164.73119612937776 0.70710678118654757
v 162.11565732625121 16.800000000000004 -164.73119612937776 1
v 162.11565732625121 19.192050399100008 -164.73119612937776 0.70710678118654757
v 162.11565732625121 19.192050399100012 -162.33914573027775 1
v 162.11565732625121 19.192050399100012 -159.94709533117774 0.70710678118654757
v 162.11565732625121 16.800000000000004 -159.94709533117774 1
v 162.11565732625121 14.407949600899999 -159.94709533117774 0.70710678118654757
v 162.11565732625121 14.407949600899999 -162.33914573027775 1
cstype rat bspline
deg 2 1
surf 0 6.2831853071795862 0 3.3828701162872039 3020 3021 3022 3023 3024 3025 3026 3027 3028 3029 3030 3031 3032 3033 3034 3035 3036 3037
parm u 0 0 0 1.5707963267948966 1.5707963267948966 3.1415926535897931 3.1415926535897931 4.7123889803846897 4.7123889803846897 6.2831853071795862 6.2831853071795862 6.2831853071795862
parm v 0 0 3.3828701162872039 3.3828701162872039
trim -1.4166632487683082 -1.3129718497618761 1492 -1.3129718497618761 -1.2117353212903672 1493 -1.2117353212903672 -1.1640464061965226 1494 -1.1640464061965226 -1.1083839217924796 1495 -1.1083839217924796 -1.0099554789621665 1496 -1.0099554789621665 -0.91246134954989044 1497 -0.91246134954989044 -0.49979240178025791 1498 -0.49979240178025791 -0.40250597233715296 1499 -0.40250597233715296 -0.30438325825996876 1500 -0.30438325825996876 -0.25088868693428784 1501 -0.25088868693428784 -0.20425305304109281 1502 -0.20425305304109281 -0.10328093059310973 1503 -0.10328093059310973 0 1504 -1.8026611162761361 0 1505 -3.4156686225957555 0 1506 -1.8026606403931731 0 1507
end
# - trim loop
vp -0.49999929800000054 -0.032449461114621485
vp 3.4333386080000032 -0.03245094203192167
vp 7.366676512999998 -0.032464464977707053
vp 11.300014419 -0.032472046812319071
cstype bspline
deg 3
curv2 4453 4454 4455 4456
parm u 0 0 0 0 11.800013717030831 11.800013717030831 11.800013717030831 11.800013717030831
end
vp 11.300014419 -0.032472046812319071
vp 11.300000000000001 1.7702111792784145
cstype bspline
deg 1
curv2 4457 4458
parm u 0 0 1.8026832261484 1.8026832261484
end
vp 11.300000000000001 1.7702111792784145
vp -0.5 1.7702111792784145
cstype bspline
deg 1
curv2 4459 4460
parm u 0 0 11.800000000000001 11.800000000000001
end
vp -0.5 1.7702111792784145
vp -0.49999929800000054 -0.032449461114621485
cstype bspline
deg 1
curv2 4461 4462
parm u 0 0 1.8026606403931731 1.8026606403931731
end
v 160.49581062130119 17.572203694150005 -161.15902428837774
v 160.49581062130119 17.572203694150005 -175.31928159117774
v 162.0256780615012 19.102071134350009 -161.15902428837774
v 162.0256780615012 19.102071134350009 -175.31928159117774
cstype bspline
deg 1 1
surf -1.6801214418999997 12.480135860899999 -0.21291007504887985 1.9506492075149755 3038 3039 3040 3041
parm u -1.6801214418999997 -1.6801214418999997 12.480135860899999 12.480135860899999
parm v -0.21291007504887985 -0.21291007504887985 1.9506492075149755 1.9506492075149755
trim 0 11.800013717030831 1508 0 1.8026832261484 1509 0 11.800000000000001 1510 0 1.8026606403931731 1511
end
# - trim loop
vp 0.11082000579527659 1.0002630306140301
vp 0.073880086684359109 1.0002692633530634
vp 0.036940167573517223 1.000275496540088
vp 2.4846275095184222E-07 1.0002817301751765
cstype bspline
deg 3
curv2 4463 4464 4465 4466
parm u -0.48994288817606946 -0.48994288817606946 -0.48994288817606946 -0.48994288817606946 -0 -0 -0 -0
end
vp 2.4846275095184222E-07 1.0002817301751765
vp 0 0
cstype bspline
deg 1
curv2 4467 4468
parm u -12.949463435752703 -12.949463435752703 -0 -0
end
vp 0 0
vp 0.11070156101473642 0
cstype bspline
deg 1
curv2 4469 4470
parm u -0.48942027160048152 -0.48942027160048152 -0 -0
end
vp 0.11070156101473642 0
vp 0.10981066208056002 0.33342241843670023
vp 0.10985131883560724 0.66684083569179409
vp 0.11082000579527659 1.0002630306140301
cstype bspline
deg 3
curv2 4471 4472 4473 4474
parm u -12.950147908004734 -12.950147908004734 -12.950147908004734 -12.950147908004734 -0 -0 -0 -0
end
v 160.11753045215119 16.349517386000002 -175.53953005027776
v 160.60747388615121 16.349964175 -175.53899751827777
v 160.12147018915121 12.034247263000005 -175.53953182527775
v 160.6114139031512 12.034383199000006 -175.53899601927776
v 160.1212917701512 7.7189765010000047 -175.53952914827775
v 160.61123547415121 7.7188021960000057 -175.53899590827774
v 160.1170082021512 3.4037051070000053 -175.53951825727776
v 160.60695161215119 3.4032211750000045 -175.53899691827775
v 160.11700699499312 3.402489365679076 -175.53951825422936
v 160.60695040499309 3.40200534629221 -175.53899691929388
v 160.11700578680248 3.4012736253906599 -175.53951825118099
v 160.60694919680247 3.4007895186169277 -175.53899691927751
v 160.11700457967768 3.4000578850855927 -175.53951824813262
v 160.60694798967768 3.3995736909249947 -175.53899691927776
cstype bspline
deg 1 3
surf 0 0.110820006 0 1.0002817301751765 3042 3043 3044 3045 3046 3047 3048 3049 3050 3051 3052 3053 3054 3055
parm u 0 0 0.110820006 0.110820006
parm v 0 0 0 0 1 1 1 1.0002817301751765 1.0002817301751765 1.0002817301751765 1.0002817301751765
trim -0.48994288817606946 -0 1512 -12.949463435752703 -0 1513 -0.48942027160048152 -0 1514 -12.950147908004734 -0 1515
end
# - trim loop
vp 0.24449920017314775 0.22335615274020182
vp 0.08135911039493493 0.22335079430155957
vp -0.081780980384202451 0.2233454368619725
vp -0.24492107116333375 0.2233400784223861
cstype bspline
deg 3
curv2 4475 4476 4477 4478
parm u -0.48942027160048152 -0.48942027160048152 -0.48942027160048152 -0.48942027160048152 -0 -0 -0 -0
end
vp -0.24492107116333375 0.2233400784223861
vp -0.24491566664295306 0.074446690395859605
vp -0.24491516311570649 -0.07444669723617281
vp -0.24491956358375372 -0.22334008450131443
cstype bspline
deg 3
curv2 4479 4480 4481 4482
parm u -0.44668016308770186 -0.44668016308770186 -0.44668016308770186 -0.44668016308770186 -0 -0 -0 -0
end
vp -0.24491956358375372 -0.22334008450131443
vp -0.081647478892996617 -0.22197875639053422
vp 0.081624605797742333 -0.22061742827976616
vp 0.24491385223573603 -0.21925595807701131
cstype bspline
deg 3
curv2 4483 4484 4485 4486
parm u -0.48985044272850359 -0.48985044272850359 -0.48985044272850359 -0.48985044272850359 -0 -0 -0 -0
end
vp 0.24491385223573603 -0.21925595807701131
vp 0.24477563783558764 -0.071718586455901345
vp 0.24463742048166637 0.075818783143546398
vp 0.24449920017314775 0.22335615274020182
cstype bspline
deg 3
curv2 4487 4488 4489 4490
parm u -0.44261230606256985 -0.44261230606256985 -0.44261230606256985 -0.44261230606256985 -0 -0 -0 -0
end
v 160.11710769905807 16.796213437375624 -175.53953089633436
v 160.60694810532331 16.796676220093378 -175.53899865085219
v 160.1175297358399 16.349501297682917 -175.53953091625672
v 160.60737014210514 16.349964080400671 -175.53899867077456
cstype bspline
deg 1 1
surf -0.24492180458549759 0.24491910945008843 -0.22335617300122088 0.22335616605365993 3056 3057 3058 3059
parm u -0.24492180458549759 -0.24492180458549759 0.24491910945008843 0.24491910945008843
parm v -0.22335617300122088 -0.22335617300122088 0.22335616605365993 0.22335616605365993
trim -0.48942027160048152 -0 1516 -0.44668016308770186 -0 1517 -0.48985044272850359 -0 1518 -0.44261230606256985 -0 1519
end
# - trim loop
vp 4.8286341841076644E-07 0.75006636699999996
vp 0.11083212293680061 0.75006636699999996
cstype bspline
deg 1
curv2 4491 4492
parm u 4.9350529372358218E-07 4.9350529372358218E-07 0.11083212166312677 0.11083212166312677
end
vp 0.11083212293680061 0.75006636699999996
vp 0.11079582463952568 0.77280447722023848
vp 0.11076651677828524 0.79554256643028776
vp 0.11074584244393317 0.81828064811987289
cstype bspline
deg 3
curv2 4493 4494 4495 4496
parm u -0.17095744293161466 -0.17095744293161466 -0.17095744293161466 -0.17095744293161466 -0.1242980202117107 -0.1242980202117107 -0.1242980202117107 -0.1242980202117107
end
vp 0.11074584244393317 0.81828064811987289
vp 0.1106907672055493 0.87885359078986369
vp 0.11069696056565533 0.93942648009020668
vp 0.11079548500438793 0.99999957104290504
cstype bspline
deg 3
curv2 4497 4498 4499 4500
parm u -0.1242980202117107 -0.1242980202117107 -0.1242980202117107 -0.1242980202117107 0 0 0 0
end
vp 0.11079548500438793 0.99999957104290504
vp 0.073863851495681629 0.99794437044612871
vp 0.036932193467101512 0.99588961071782334
vp 5.0891564550224724E-07 0.99383532755135584
cstype bspline
deg 3
curv2 4501 4502 4503 4504
parm u -0.48985044272850353 -0.48985044272850353 -0.48985044272850353 -0.48985044272850353 -0 -0 -0 -0
end
vp 5.0891564550224724E-07 0.99383532755135584
vp 4.8286341841076644E-07 0.75006636699999996
cstype bspline
deg 1
curv2 4505 4506
parm u -0.67969089012979289 -0.67969089012979289 -0.51293209800823081 -0.51293209800823081
end
v 160.11693192115121 16.959495680000003 -175.52574490327777
v 160.61336298889682 16.959972644350447 -175.5252088558839
v 160.11696500415121 16.931527451000004 -175.53041692327776
v 160.61339606889683 16.932005919351553 -175.52987985188315
v 160.1169968501512 16.903490169000005 -175.53399810227776
v 160.61342791289684 16.903970168352679 -175.53346021688256
v 160.11702742715121 16.875426770000004 -175.53650474227777
v 160.61345848789682 16.875908304353807 -175.53596625688212
v 160.11705716415122 16.847591128990448 -175.53852697627843
v 160.61348822189686 16.848074193345379 -175.53798804488247
v 160.11708560315122 16.819803980980929 -175.53951723427843
v 160.61351665989687 16.820288536336953 -175.53897806288228
v 160.11711273515121 16.792096471971465 -175.53950062127774
v 160.61354379089687 16.792582460328543 -175.53896140488155
cstype bspline
deg 1 3
surf 2.36E-07 0.11228767950159634 0.75006636699999996 0.99999957104290504 3060 3061 3062 3063 3064 3065 3066 3067 3068 3069 3070 3071 3072 3073
parm u 2.36E-07 2.36E-07 0.11228767950159634 0.11228767950159634
parm v 0.75006636699999996 0.75006636699999996 0.75006636699999996 0.75006636699999996 0.87503296900000005 0.87503296900000005 0.87503296900000005 0.99999957104290504 0.99999957104290504 0.99999957104290504 0.99999957104290504
trim 4.9350529372358218E-07 0.11083212166312677 1520 -0.17095744293161466 -0.1242980202117107 1521 -0.1242980202117107 0 1522 -0.48985044272850353 -0 1523 -0.67969089012979289 -0.51293209800823081 1524
end
# - trim loop
vp 3.7219977409989815E-07 0.25019996100000003
vp 3.2624985581469461E-07 0.00026675670293208639
cstype bspline
deg 1
curv2 4507 4508
parm u -0.17097806057611392 -0.17097806057611392 0 0
end
vp 3.2624985581469461E-07 0.00026675670293208639
vp 0.037429451778340582 -0.0012096003182297313
vp 0.074858569390423679 -0.0026861579728842239
vp 0.11228767950159634 -0.0041629058064660005
cstype bspline
deg 3
curv2 4509 4510 4511 4512
parm u -0.49643950127854919 -0.49643950127854919 -0.49643950127854919 -0.49643950127854919 -0 -0 -0 -0
end
vp 0.11228767950159634 -0.0041629058064660005
vp 0.11228542975037825 -0.0024690753546649544
vp 0.11228317818390636 -0.00077524491411542422
vp 0.11228092463367699 0.00091858551508239305
cstype bspline
deg 3
curv2 4513 4514 4515 4516
parm u -0.68685888230352254 -0.68685888230352254 -0.68685888230352254 -0.68685888230352254 -0.68338304461479038 -0.68338304461479038 -0.68338304461479038 -0.68338304461479038
end
vp 0.11228092463367699 0.00091858551508239305
vp 0.11221416278833755 0.05109862750962136
vp 0.11214565989496691 0.10127865954131125
vp 0.11207103475860361 0.15145867900499424
cstype bspline
deg 3
curv2 4517 4518 4519 4520
parm u -0.68338304461479038 -0.68338304461479038 -0.68338304461479038 -0.68338304461479038 -0.58041070560126595 -0.58041070560126595 -0.58041070560126595 -0.58041070560126595
end
vp 0.11207103475860361 0.15145867900499424
vp 0.11202208710322414 0.18437244532208952
vp 0.11197050551877948 0.21728620623214048
vp 0.11191505367971133 0.25019996100000003
cstype bspline
deg 3
curv2 4521 4522 4523 4524
parm u -0.58041070560126595 -0.58041070560126595 -0.58041070560126595 -0.58041070560126595 -0.51286972933941455 -0.51286972933941455 -0.51286972933941455 -0.51286972933941455
end
vp 0.11191505367971133 0.25019996100000003
vp 3.7219977409989815E-07 0.25019996100000003
cstype bspline
deg 1
curv2 4525 4526
parm u -0.11191505622399159 -0.11191505622399159 -3.7219962462942221E-07 -3.7219962462942221E-07
end
v 160.11621695572748 17.412977322331326 -175.29796678652426
v 160.61264806469356 17.413452470372309 -175.29746647631785
v 160.11626013444348 17.391891709048078 -175.31725455697884
v 160.61269124118664 17.392365482987525 -175.31675227118095
v 160.11630330571438 17.370027931170245 -175.33581394619878
v 160.61273441253093 17.370500452587262 -175.33530960845869
v 160.11634640515121 17.347390537000006 -175.35360217327775
v 160.61277750989689 17.347861946346367 -175.35309571390565
v 160.11638830315121 17.325029716000003 -175.37059266627776
v 160.61281940789686 17.325500220345699 -175.37008404790407
v 160.1164300151512 17.301969320000005 -175.38678343827775
v 160.61286111689688 17.302439081345156 -175.38627261990246
v 160.1164714621512 17.278227719000004 -175.40213370327774
v 160.61290256289686 17.278696913344739 -175.4016206569008
cstype bspline
deg 1 3
surf 2.36E-07 0.11228767950159634 -0.0041629058064660005 0.25019996100000003 3074 3075 3076 3077 3078 3079 3080 3081 3082 3083 3084 3085 3086 3087
parm u 2.36E-07 2.36E-07 0.11228767950159634 0.11228767950159634
parm v -0.0041629058064660005 -0.0041629058064660005 -0.0041629058064660005 -0.0041629058064660005 0.12523335899999999 0.12523335899999999 0.12523335899999999 0.25019996100000003 0.25019996100000003 0.25019996100000003 0.25019996100000003
trim -0.17097806057611392 -0 1525 -0.49643950127854919 -0 1526 -0.68685888230352254 -0.68338304461479038 1527 -0.68338304461479038 -0.58041070560126595 1528 -0.58041070560126595 -0.51286972933941455 1529 -0.11191505622399159 -3.7219962462942221E-07 1530
end
# - trim loop
vp 3.9517482607455875E-07 0.37516656300000001
vp 3.7219977409989815E-07 0.25019996100000003
cstype bspline
deg 1
curv2 4527 4528
parm u -0.25646706473698394 -0.25646706473698394 -0.17097806057611392 -0.17097806057611392
end
vp 3.7219977409989815E-07 0.25019996100000003
vp 0.11191505367971133 0.25019996100000003
cstype bspline
deg 1
curv2 4529 4530
parm u 3.7219962462942221E-07 3.7219962462942221E-07 0.11191505622399159 0.11191505622399159
end
vp 0.11191505367971133 0.25019996100000003
vp 0.11188358785156569 0.26887727591277694
vp 0.1118508760808989 0.28755443524902369
vp 0.11181669233504503 0.30623147351203461
cstype bspline
deg 3
curv2 4531 4532 4533 4534
parm u -0.51286972933941455 -0.51286972933941455 -0.51286972933941455 -0.51286972933941455 -0.47454415473667494 -0.47454415473667494 -0.47454415473667494 -0.47454415473667494
end
vp 0.11181669233504503 0.30623147351203461
vp 0.11177463577083414 0.32920999852024169
vp 0.11173035113694718 0.35218834026475809
vp 0.1116834174997533 0.37516656300000001
cstype bspline
deg 3
curv2 4535 4536 4537 4538
parm u -0.47454415473667494 -0.47454415473667494 -0.47454415473667494 -0.47454415473667494 -0.42739186206256935 -0.42739186206256935 -0.42739186206256935 -0.42739186206256935
end
vp 0.1116834174997533 0.37516656300000001
vp 3.9517482607455875E-07 0.37516656300000001
cstype bspline
deg 1
curv2 4539 4540
parm u -0.11168341906417086 -0.11168341906417086 -3.9517463336170634E-07 -3.9517463336170634E-07
end
v 160.1164714621512 17.278227719000004 -175.40213370327774
v 160.61290256289686 17.278696913344739 -175.4016206569008
v 160.1165129791512 17.254042938000005 -175.41717348227775
v 160.61294407789686 17.254511769344472 -175.41665814389913
v 160.11655408315119 17.229228886000005 -175.43129334827776
v 160.61298517889688 17.229697547344344 -175.43077572989745
v 160.11659468615119 17.203818930000004 -175.44445611227775
v 160.61302577889685 17.204287618344367 -175.4439362458958
cstype bspline
deg 1 3
surf 2.36E-07 0.11228767950159634 0.25019996100000003 0.37516656300000001 3088 3089 3090 3091 3092 3093 3094 3095
parm u 2.36E-07 2.36E-07 0.11228767950159634 0.11228767950159634
parm v 0.25019996100000003 0.25019996100000003 0.25019996100000003 0.25019996100000003 0.37516656300000001 0.37516656300000001 0.37516656300000001 0.37516656300000001
trim -0.25646706473698394 -0.17097806057611392 1531 3.7219962462942221E-07 0.11191505622399159 1532 -0.51286972933941455 -0.47454415473667494 1533 -0.47454415473667494 -0.42739186206256935 1534 -0.11168341906417086 -3.9517463336170634E-07 1535
end
# - trim loop
vp 4.1814956933279342E-07 0.50013316399999996
vp 3.9517472971813254E-07 0.37516656300000001
cstype bspline
deg 1
curv2 4541 4542
parm u -0.34195520629510767 -0.34195520629510767 -0.25646706473698394 -0.25646706473698394
end
vp 3.9517472971813254E-07 0.37516656300000001
vp 0.1116834174997533 0.37516656300000001
cstype bspline
deg 1
curv2 4543 4544
parm u 3.9517463336170634E-07 3.9517463336170634E-07 0.11168341906417086 0.11168341906417086
end
vp 0.1116834174997533 0.37516656300000001
vp 0.11162067860712553 0.40588393438929105
vp 0.11155320788649309 0.43660024023010985
vp 0.11147999984782428 0.46731627040728885
cstype bspline
deg 3
curv2 4545 4546 4547 4548
parm u -0.42739186206256935 -0.42739186206256935 -0.42739186206256935 -0.42739186206256935 -0.36436159873237434 -0.36436159873237434 -0.36436159873237434 -0.36436159873237434
end
vp 0.11147999984782428 0.46731627040728885
vp 0.11145509581021687 0.47776530284407009
vp 0.11142952782943849 0.488214303380059
vp 0.1114032563223034 0.49866330311069873
vp 0.11140202445124467 0.49915325674353045
vp 0.11140079203703092 0.49964321037434789
vp 0.11139955782447522 0.50013316399999996
cstype bspline
deg 3
curv2 4549 4550 4551 4552 4553 4554 4555
parm u -0.36436159873237434 -0.36436159873237434 -0.36436159873237434 -0.36436159873237434 -0.34291985439767225 -0.34291985439767225 -0.34291985439767225 -0.34191445093304856 -0.34191445093304856 -0.34191445093304856 -0.34191445093304856
end
vp 0.11139955782447522 0.50013316399999996
vp 4.1814956933279342E-07 0.50013316399999996
cstype bspline
deg 1
curv2 4556 4557
parm u -0.11139955667663851 -0.11139955667663851 -4.1814956933279379E-07 -4.1814956933279379E-07
end
v 160.11659468615119 17.203818930000004 -175.44445611227775
v 160.61302577889685 17.204287618344367 -175.4439362458958
v 160.11663512115121 17.178065592000006 -175.45719754227775
v 160.61306621189686 17.178534523344549 -175.45667542589413
v 160.1166748921512 17.151796366000006 -175.46891607127776
v 160.61310597989686 17.152265735344866 -175.46839178389254
v 160.1167139121512 17.125056895000004 -175.47958438527775
v 160.61314499689686 17.125526888345327 -175.47905802789103
cstype bspline
deg 1 3
surf 2.36E-07 0.11228767950159634 0.37516656300000001 0.50013316399999996 3096 3097 3098 3099 3100 3101 3102 3103
parm u 2.36E-07 2.36E-07 0.11228767950159634 0.11228767950159634
parm v 0.37516656300000001 0.37516656300000001 0.37516656300000001 0.37516656300000001 0.50013316399999996 0.50013316399999996 0.50013316399999996 0.50013316399999996
trim -0.34195520629510767 -0.25646706473698394 1536 3.9517463336170634E-07 0.11168341906417086 1537 -0.42739186206256935 -0.36436159873237434 1538 -0.36436159873237434 -0.34191445093304856 1539 -0.11139955667663851 -4.1814956933279379E-07 1540
end
# - trim loop
vp 4.4112420962334747E-07 0.62509976599999995
vp 4.1814956933279363E-07 0.50013316399999996
cstype bspline
deg 1
curv2 4558 4559
parm u -0.42744260617895841 -0.42744260617895841 -0.34195520629510767 -0.34195520629510767
end
vp 4.1814956933279363E-07 0.50013316399999996
vp 0.11139955782447522 0.50013316399999996
cstype bspline
deg 1
curv2 4560 4561
parm u 4.1814956933279379E-07 4.1814956933279379E-07 0.11139955667663851 0.11139955667663851
end
vp 0.11139955782447522 0.50013316399999996
vp 0.11129473520747089 0.5417886528823983
vp 0.11118614315649394 0.58344411443712152
vp 0.11108691016166877 0.62509976599999995
cstype bspline
deg 3
curv2 4562 4563 4564 4565
parm u -0.34191445093304856 -0.34191445093304856 -0.34191445093304856 -0.34191445093304856 -0.2564358933470412 -0.2564358933470412 -0.2564358933470412 -0.2564358933470412
end
vp 0.11108691016166877 0.62509976599999995
vp 4.4112420962334747E-07 0.62509976599999995
cstype bspline
deg 1
curv2 4566 4567
parm u -0.11108669695351783 -0.11108669695351783 -4.6569615062491286E-07 -4.6569615062491286E-07
end
v 160.1167139121512 17.125056895000004 -175.47958438527775
v 160.61314499689686 17.125526888345327 -175.47905802789103
v 160.1167525241512 17.098110292000005 -175.48974994527777
v 160.61318360589686 17.098581102345925 -175.48922158588954
v 160.11679023115121 17.070792628000007 -175.49882443527775
v 160.61322131089685 17.071264416346647 -175.49829421688818
v 160.1168269571512 17.043155853000005 -175.50679500727776
v 160.61325803389684 17.043628762347467 -175.50626309188695
cstype bspline
deg 1 3
surf 2.36E-07 0.11228767950159634 0.50013316399999996 0.62509976599999995 3104 3105 3106 3107 3108 3109 3110 3111
parm u 2.36E-07 2.36E-07 0.11228767950159634 0.11228767950159634
parm v 0.50013316399999996 0.50013316399999996 0.50013316399999996 0.50013316399999996 0.62509976599999995 0.62509976599999995 0.62509976599999995 0.62509976599999995
trim -0.42744260617895841 -0.34195520629510767 1541 4.1814956933279379E-07 0.11139955667663851 1542 -0.34191445093304856 -0.2564358933470412 1543 -0.11108669695351783 -4.6569615062491286E-07 1544
end
# - trim loop
vp 4.7222154309795075E-07 0.75006636699999996
vp 4.5341018012413019E-07 0.62509976599999995
cstype bspline
deg 1
curv2 4568 4569
parm u -0.51293209800823081 -0.51293209800823081 -0.42744260617895841 -0.42744260617895841
end
vp 4.5341018012413019E-07 0.62509976599999995
vp 0.11108691016166877 0.62509976599999995
cstype bspline
deg 1
curv2 4570 4571
parm u 4.6569615062491286E-07 4.6569615062491286E-07 0.11108669695351783 0.11108669695351783
end
vp 0.11108691016166877 0.62509976599999995
vp 0.11107744747429465 0.62908935298171742
vp 0.11106807051921203 0.63307894011849997
vp 0.11105879122259227 0.63706852745016684
cstype bspline
deg 3
curv2 4572 4573 4574 4575
parm u -0.2564358933470412 -0.2564358933470412 -0.2564358933470412 -0.2564358933470412 -0.24824911211347817 -0.24824911211347817 -0.24824911211347817 -0.24824911211347817
end
vp 0.11105879122259227 0.63706852745016684
vp 0.11097408482717333 0.67348761996580297
vp 0.11089751632843596 0.70990672872118343
vp 0.11083815775636652 0.74632588400614341
vp 0.11083612573913787 0.74757261802300878
vp 0.11083411446689331 0.74881935197448679
vp 0.11083212293680061 0.75006636699999996
cstype bspline
deg 3
curv2 4576 4577 4578 4579 4580 4581 4582
parm u -0.24824911211347817 -0.24824911211347817 -0.24824911211347817 -0.24824911211347817 -0.17351578298346276 -0.17351578298346276 -0.17351578298346276 -0.17095744293161466 -0.17095744293161466 -0.17095744293161466 -0.17095744293161466
end
vp 0.11083212293680061 0.75006636699999996
vp 4.7222154309795075E-07 0.75006636699999996
cstype bspline
deg 1
curv2 4583 4584
parm u -0.11083212166312677 -0.11083212166312677 -4.9350529372358218E-07 -4.9350529372358218E-07
end
v 160.1168269571512 17.043155853000005 -175.50679500727776
v 160.61325803389684 17.043628762347467 -175.50626309188695
v 160.1168630671512 17.015466943000003 -175.51422442427776
v 160.61329414089684 17.015941111348393 -175.51369093688578
v 160.11689807415121 16.987563299000005 -175.52054009627776
v 160.61332914489685 16.988038827349396 -175.52000522888477
v 160.11693192115121 16.959495680000003 -175.52574490327777
v 160.61336298889682 16.959972644350447 -175.5252088558839
cstype bspline
deg 1 3
surf 2.36E-07 0.11228767950159634 0.62509976599999995 0.75006636699999996 3112 3113 3114 3115 3116 3117 3118 3119
parm u 2.36E-07 2.36E-07 0.11228767950159634 0.11228767950159634
parm v 0.62509976599999995 0.62509976599999995 0.62509976599999995 0.62509976599999995 0.75006636699999996 0.75006636699999996 0.75006636699999996 0.75006636699999996
trim -0.51293209800823081 -0.42744260617895841 1545 4.6569615062491286E-07 0.11108669695351783 1546 -0.2564358933470412 -0.24824911211347817 1547 -0.24824911211347817 -0.17095744293161466 1548 -0.11083212166312677 -4.9350529372358218E-07 1549
end
# - trim loop
vp 2.7985631144328763E-07 0.875
vp 0.11475243939181978 0.875
cstype bspline
deg 1
curv2 4585 4586
parm u 3.8361417813470592E-07 3.8361417813470592E-07 0.11475243940310441 0.11475243940310441
end
vp 0.11475243939181978 0.875
vp 0.11475005679820301 0.88600824509434051
vp 0.11474769867663719 0.89701635842096672
vp 0.11474536763467734 0.90802447175410639
cstype bspline
deg 3
curv2 4587 4588 4589 4590
parm u -0.024859865256751601 -0.024859865256751601 -0.024859865256751601 -0.024859865256751601 -0 -0 -0 -0
end
vp 0.11474536763467734 0.90802447175410639
vp 0.11392909435969299 0.90810039524082853
vp 0.11311292104904622 0.90817735757400941
vp 0.11229684385888285 0.90825536050284672
cstype bspline
deg 3
curv2 4591 4592 4593 4594
parm u -0.010826465673576448 -0.010826465673576448 -0.010826465673576448 -0.010826465673576448 -0 -0 -0 -0
end
vp 0.11229684385888285 0.90825536050284672
vp 0.11230592147603126 0.923835447490299
vp 0.11230761408936932 0.93941553228720498
vp 0.11230504378310836 0.95499562092910284
vp 0.11230375964765976 0.96277949650116279
vp 0.11230141037796633 0.9705633716148262
vp 0.11229838222527462 0.97834724667494388
vp 0.11229508741998255 0.98681655299859417
vp 0.11228961022875172 0.99528585823653004
vp 0.11228765282614039 1.0037551652750196
cstype bspline
deg 3
curv2 4595 4596 4597 4598 4599 4600 4601 4602 4603 4604
parm u -0.069939800952672104 -0.069939800952672104 -0.069939800952672104 -0.069939800952672104 -0.035709316275176588 -0.035709316275176588 -0.035709316275176588 -0.018607627085526816 -0.018607627085526816 -0.018607627085526816 0 0 0 0
end
vp 0.11228765282614039 1.0037551652750196
vp 0.074858526783382395 1.0066949707720394
vp 0.037429398826546445 1.0096347518990028
vp 2.7012361237056835E-07 1.0125745235268393
cstype bspline
deg 3
curv2 4605 4606 4607 4608
parm u -0.49643950127854919 -0.49643950127854919 -0.49643950127854919 -0.49643950127854919 -0 -0 -0 -0
end
vp 2.7012361237056835E-07 1.0125745235268393
vp 2.7985631144328763E-07 0.875
cstype bspline
deg 1
curv2 4609 4610
parm u -0.74441687123849454 -0.74441687123849454 -0.64327685205003171 -0.64327685205003171
end
v 160.11607096115119 17.478706260000006 -175.22983757227775
v 160.62425153534792 17.479198367000198 -175.22933113127755
v 160.11611773915121 17.458144209000004 -175.25306425427775
v 160.62429831334791 17.458634309000193 -175.25255610327756
v 160.11616480715119 17.436523486000006 -175.27550721227774
v 160.62434538234791 17.437011699000195 -175.27499717627757
v 160.1162120421512 17.413872769000005 -175.29709420227775
v 160.6243926163479 17.414359238000195 -175.29658212727756
v 160.1162137681512 17.413062309000004 -175.29785172627777
v 160.6243943423479 17.41354871900019 -175.29733957727757
v 160.11621549415122 17.412251849000004 -175.29860925027776
v 160.62439606834792 17.412738200000195 -175.29809702727755
v 160.11621722015121 17.411441389000004 -175.29936677427776
v 160.62439779434791 17.411927680000193 -175.29885447627757
v 160.11621766415121 17.411232734000009 -175.29956180127778
v 160.62439823834791 17.411719010000198 -175.29904948427756
v 160.1162181081512 17.411024079000004 -175.29975682827776
v 160.62439868234793 17.411510340000195 -175.29924449127756
v 160.11621855315121 17.410815424000006 -175.29995185427777
v 160.62439912734791 17.411301669000192 -175.29943949827756
cstype bspline
deg 1 3
surf -4.6199999999999998E-07 0.11494458604449401 0.875 1.0125745260000001 3120 3121 3122 3123 3124 3125 3126 3127 3128 3129 3130 3131 3132 3133 3134 3135 3136 3137 3138 3139
parm u -4.6199999999999998E-07 -4.6199999999999998E-07 0.11494458604449401 0.11494458604449401
parm v 0.875 0.875 0.875 0.875 1 1 1 1.01 1.01 1.01 1.0125745260000001 1.0125745260000001 1.0125745260000001 1.0125745260000001
trim 3.8361417813470592E-07 0.11475243940310441 1550 -0.024859865256751601 -0 1551 -0.010826465673576448 -0 1552 -0.069939800952672104 0 1553 -0.49643950127854919 -0 1554 -0.74441687123849454 -0.64327685205003171 1555
end
# - trim loop
vp 3.3279056538791544E-08 0.125
vp 0 7.0500989071937694E-07
cstype bspline
deg 1
curv2 4611 4612
parm u -0.091896099209651375 -0.091896099209651375 -0 -0
end
vp 0 7.0500989071937694E-07
vp 0.11494458604449401 7.0755147125284934E-07
cstype bspline
deg 1
curv2 4613 4614
parm u -0.5081790210751993 -0.5081790210751993 -0 -0
end
vp 0.11494458604449401 7.0755147125284934E-07
vp 0.11493762608723034 0.04166670326514902
vp 0.11493002170331121 0.083332698821551018
vp 0.11492191020650119 0.125
cstype bspline
deg 3
curv2 4615 4616 4617 4618
parm u -0.68352512817424649 -0.68352512817424649 -0.68352512817424649 -0.68352512817424649 -0.58943148497692588 -0.58943148497692588 -0.58943148497692588 -0.58943148497692588
end
vp 0.11492191020650119 0.125
vp 3.3279056538791544E-08 0.125
cstype bspline
deg 1
curv2 4619 4620
parm u -0.11492190540340741 -0.11492190540340741 -3.3279056538796157E-08 -3.3279056538796157E-08
end
v 160.11522025115121 17.699268269000004 -174.63967696627776
v 160.62340078034791 17.699794119000206 -174.63916092427755
v 160.1152518661512 17.698968263000001 -174.67073951327774
v 160.62343239734793 17.699494220000208 -174.67022520127756
v 160.1152848821512 17.697357834000002 -174.70165450727777
v 160.62346541434792 17.697883631000206 -174.70114191027756
v 160.1153191861512 17.694465801000007 -174.73235259727775
v 160.62349972134791 17.694991177000208 -174.73184168027757
cstype bspline
deg 1 3
surf -4.6199999999999998E-07 0.11494458604449401 0 0.125 3140 3141 3142 3143 3144 3145 3146 3147
parm u -4.6199999999999998E-07 -4.6199999999999998E-07 0.11494458604449401 0.11494458604449401
parm v 0 0 0 0 0.125 0.125 0.125 0.125
trim -0.091896099209651375 -0 1556 -0.5081790210751993 -0 1557 -0.68352512817424649 -0.58943148497692588 1558 -0.11492190540340741 -3.3279056538796157E-08 1559
end
# - trim loop
vp 6.6634640007496353E-08 0.25
vp 3.3279056538791544E-08 0.125
cstype bspline
deg 1
curv2 4621 4622
parm u -0.18379269577270008 -0.18379269577270008 -0.091896099209651375 -0.091896099209651375
end
vp 3.3279056538791544E-08 0.125
vp 0.11492191020650119 0.125
cstype bspline
deg 1
curv2 4623 4624
parm u 3.3279056538796157E-08 3.3279056538796157E-08 0.11492190540340741 0.11492190540340741
end
vp 0.11492191020650119 0.125
vp 0.1149138043405968 0.16666541911665167
vp 0.11490519606435409 0.2083308381105046
vp 0.11489621880847287 0.25
cstype bspline
deg 3
curv2 4625 4626 4627 4628
parm u -0.58943148497692588 -0.58943148497692588 -0.58943148497692588 -0.58943148497692588 -0.49533898636193013 -0.49533898636193013 -0.49533898636193013 -0.49533898636193013
end
vp 0.11489621880847287 0.25
vp 6.6634640007496353E-08 0.25
cstype bspline
deg 1
curv2 4629 4630
parm u -0.11489621010970669 -0.11489621010970669 -6.6634643809742391E-08 -6.6634643809742391E-08
end
v 160.1153191861512 17.694465801000007 -174.73235259727775
v 160.62349972134791 17.694991177000208 -174.73184168027757
v 160.11535408815121 17.690995591000004 -174.76292730627776
v 160.6235346253479 17.691520345000207 -174.76241800727757
v 160.11539022915122 17.686259669000005 -174.79325695727775
v 160.62357076934791 17.686783555000208 -174.79274919427755
v 160.1154275011512 17.680286283000004 -174.82327608227774
v 160.62360804334793 17.680809064000208 -174.82276975527756
cstype bspline
deg 1 3
surf -4.6199999999999998E-07 0.11494458604449401 0.125 0.25 3148 3149 3150 3151 3152 3153 3154 3155
parm u -4.6199999999999998E-07 -4.6199999999999998E-07 0.11494458604449401 0.11494458604449401
parm v 0.125 0.125 0.125 0.125 0.25 0.25 0.25 0.25
trim -0.18379269577270008 -0.091896099209651375 1560 3.3279056538796157E-08 0.11492190540340741 1561 -0.58943148497692588 -0.49533898636193013 1562 -0.11489621010970669 -6.6634643809742391E-08 1563
end
# - trim loop
vp 9.9990194489760776E-08 0.375
vp 6.6634640007496353E-08 0.25
cstype bspline
deg 1
curv2 4631 4632
parm u -0.27568913261702699 -0.27568913261702699 -0.18379269577270008 -0.18379269577270008
end
vp 6.6634640007496353E-08 0.25
vp 0.11489621880847287 0.25
cstype bspline
deg 1
curv2 4633 4634
parm u 6.6634643809742391E-08 6.6634643809742391E-08 0.11489621010970669 0.11489621010970669
end
vp 0.11489621880847287 0.25
vp 0.1148872518267989 0.29166496506838507
vp 0.11487792429155257 0.33332993004841099
vp 0.11486837779684575 0.375
cstype bspline
deg 3
curv2 4635 4636 4637 4638
parm u -0.49533898636193013 -0.49533898636193013 -0.49533898636193013 -0.49533898636193013 -0.40124697742982607 -0.40124697742982607 -0.40124697742982607 -0.40124697742982607
end
vp 0.11486837779684575 0.375
vp 9.9990194489760776E-08 0.375
cstype bspline
deg 1
curv2 4639 4640
parm u -0.11486837721203598 -0.11486837721203598 -9.9990227901705298E-08 -9.9990227901705298E-08
end
v 160.1154275011512 17.680286283000004 -174.82327608227774
v 160.62360804334793 17.680809064000208 -174.82276975527756
v 160.11546530015121 17.673757135000006 -174.85313474527777
v 160.62364584534791 17.674278643000207 -174.85262972727756
v 160.11550418615121 17.666004119000004 -174.88266092927776
v 160.62368473334791 17.666524144000206 -174.88215708027755
v 160.1155440511512 17.657053929000003 -174.91179142527776
v 160.62372460134793 17.657572279000206 -174.91128859727758
cstype bspline
deg 1 3
surf -4.6199999999999998E-07 0.11494458604449401 0.25 0.375 3156 3157 3158 3159 3160 3161 3162 3163
parm u -4.6199999999999998E-07 -4.6199999999999998E-07 0.11494458604449401 0.11494458604449401
parm v 0.25 0.25 0.25 0.25 0.375 0.375 0.375 0.375
trim -0.27568913261702699 -0.18379269577270008 1564 6.6634643809742391E-08 0.11489621010970669 1565 -0.49533898636193013 -0.40124697742982607 1566 -0.11486837721203598 -9.9990227901705298E-08 1567
end
# - trim loop
vp 1.3334579648029231E-07 0.5
vp 9.9990194489760776E-08 0.375
cstype bspline
deg 1
curv2 4641 4642
parm u -0.3675858312375434 -0.3675858312375434 -0.27568913261702699 -0.27568913261702699
end
vp 9.9990194489760776E-08 0.375
vp 0.11486837779684575 0.375
cstype bspline
deg 1
curv2 4643 4644
parm u 9.9990227901705298E-08 9.9990227901705298E-08 0.11486837721203598 0.11486837721203598
end
vp 0.11486837779684575 0.375
vp 0.11485883134206881 0.41666666670905717
vp 0.1148490665327711 0.45833333336426801
vp 0.11483922494982635 0.5
cstype bspline
deg 3
curv2 4645 4646 4647 4648
parm u -0.40124697742982607 -0.40124697742982607 -0.40124697742982607 -0.40124697742982607 -0.30714634893205334 -0.30714634893205334 -0.30714634893205334 -0.30714634893205334
end
vp 0.11483922494982635 0.5
vp 1.3334579648029231E-07 0.5
cstype bspline
deg 1
curv2 4649 4650
parm u -0.11483922555775444 -0.11483922555775444 -1.3334578893456563E-07 -1.3334578893456563E-07
end
v 160.1155440511512 17.657053929000003 -174.91179142527776
v 160.62372460134793 17.657572279000206 -174.91128859727758
v 160.11558438115119 17.647565829000005 -174.94073115127776
v 160.62376493534791 17.648082382000208 -174.94022916127756
v 160.11562565115122 17.636890675000004 -174.96925602027775
v 160.62380620734791 17.637405273000205 -174.96875468727757
v 160.11566775415122 17.625053402000006 -174.99730334927776
v 160.62384831334791 17.625565908000205 -174.99680248727756
cstype bspline
deg 1 3
surf -4.6199999999999998E-07 0.11494458604449401 0.375 0.5 3164 3165 3166 3167 3168 3169 3170 3171
parm u -4.6199999999999998E-07 -4.6199999999999998E-07 0.11494458604449401 0.11494458604449401
parm v 0.375 0.375 0.375 0.375 0.5 0.5 0.5 0.5
trim -0.3675858312375434 -0.27568913261702699 1568 9.9990227901705298E-08 0.11486837721203598 1569 -0.40124697742982607 -0.30714634893205334 1570 -0.11483922555775444 -1.3334578893456563E-07 1571
end
# - trim loop
vp 2.0410048807213325E-07 0.625
vp 1.3334579648029231E-07 0.5
cstype bspline
deg 1
curv2 4651 4652
parm u -0.45948115877356771 -0.45948115877356771 -0.3675858312375434 -0.3675858312375434
end
vp 1.3334579648029231E-07 0.5
vp 0.11483922494982635 0.5
cstype bspline
deg 1
curv2 4653 4654
parm u 1.3334578893456563E-07 1.3334578893456563E-07 0.11483922555775444 0.11483922555775444
end
vp 0.11483922494982635 0.5
vp 0.11482938405230993 0.54166710047238764
vp 0.11481946705616365 0.5833337177916369
vp 0.11480961561336837 0.625
cstype bspline
deg 3
curv2 4655 4656 4657 4658
parm u -0.30714634893205334 -0.30714634893205334 -0.30714634893205334 -0.30714634893205334 -0.21304894486802256 -0.21304894486802256 -0.21304894486802256 -0.21304894486802256
end
vp 0.11480961561336837 0.625
vp 2.0410048807213325E-07 0.625
cstype bspline
deg 1
curv2 4659 4660
parm u -0.11480961612100708 -0.11480961612100708 -2.415000659475134E-07 -2.415000659475134E-07
end
v 160.11566775415122 17.625053402000006 -174.99730334927776
v 160.62384831334791 17.625565908000205 -174.99680248727756
v 160.1157102621512 17.612690866000005 -175.02513119127775
v 160.62389082434791 17.613201216000199 -175.02463057927756
v 160.1157535631512 17.599173163000007 -175.05246171827775
v 160.62393412734792 17.599681261000203 -175.05196115027755
v 160.1157975501512 17.584523973000007 -175.07923117027775
v 160.6239781163479 17.585029749000203 -175.07873043827757
cstype bspline
deg 1 3
surf -4.6199999999999998E-07 0.11494458604449401 0.5 0.625 3172 3173 3174 3175 3176 3177 3178 3179
parm u -4.6199999999999998E-07 -4.6199999999999998E-07 0.11494458604449401 0.11494458604449401
parm v 0.5 0.5 0.5 0.5 0.625 0.625 0.625 0.625
trim -0.45948115877356771 -0.3675858312375434 1572 1.3334578893456563E-07 0.11483922555775444 1573 -0.30714634893205334 -0.21304894486802256 1574 -0.11480961612100708 -2.415000659475134E-07 1575
end
# - trim loop
vp 2.2539347454973977E-07 0.75
vp 2.0410048807183475E-07 0.625
cstype bspline
deg 1
curv2 4661 4662
parm u -0.55137520857854339 -0.55137520857854339 -0.45948115877356771 -0.45948115877356771
end
vp 2.0410048807183475E-07 0.625
vp 0.11480961561336837 0.625
cstype bspline
deg 1
curv2 4663 4664
parm u 2.415000659475134E-07 2.415000659475134E-07 0.11480961612100708 0.11480961612100708
end
vp 0.11480961561336837 0.625
vp 0.11479976457960941 0.66666766672872235
vp 0.11478997970911754 0.70833416073790201
vp 0.11478040288659253 0.75
cstype bspline
deg 3
curv2 4665 4666 4667 4668
parm u -0.21304894486802256 -0.21304894486802256 -0.21304894486802256 -0.21304894486802256 -0.11895444968717792 -0.11895444968717792 -0.11895444968717792 -0.11895444968717792
end
vp 0.11478040288659253 0.75
vp 2.2539347454973977E-07 0.75
cstype bspline
deg 1
curv2 4669 4670
parm u -0.11478040311254049 -0.11478040311254049 -3.5200652960042062E-07 -3.5200652960042062E-07
end
v 160.1157975501512 17.584523973000007 -175.07923117027775
v 160.6239781163479 17.585029749000203 -175.07873043827757
v 160.11584187915122 17.569358476000005 -175.10574922027774
v 160.62402244734793 17.569861930000197 -175.10524808227757
v 160.1158868491512 17.553066948000005 -175.13168289727776
v 160.62406741934791 17.553568056000202 -175.13118113627755
v 160.11593234915119 17.535672960000003 -175.15696609427775
v 160.62411292034793 17.536171719000194 -175.15646350027757
cstype bspline
deg 1 3
surf -4.6199999999999998E-07 0.11494458604449401 0.625 0.75 3180 3181 3182 3183 3184 3185 3186 3187
parm u -4.6199999999999998E-07 -4.6199999999999998E-07 0.11494458604449401 0.11494458604449401
parm v 0.625 0.625 0.625 0.625 0.75 0.75 0.75 0.75
trim -0.55137520857854339 -0.45948115877356771 1576 2.415000659475134E-07 0.11480961612100708 1577 -0.21304894486802256 -0.11895444968717792 1578 -0.11478040311254049 -3.5200652960042062E-07 1579
end
# - trim loop
vp 2.7985631144328763E-07 0.875
vp 2.887000020750802E-07 0.75
cstype bspline
deg 1
curv2 4671 4672
parm u -0.64327685205003171 -0.64327685205003171 -0.55137520857854339 -0.55137520857854339
end
vp 2.887000020750802E-07 0.75
vp 0.11478040288659253 0.75
cstype bspline
deg 1
curv2 4673 4674
parm u 3.5200652960042062E-07 3.5200652960042062E-07 0.11478040311254049 0.11478040311254049
end
vp 0.11478040288659253 0.75
vp 0.11477082596611331 0.7916680545903394
vp 0.11476145746975984 0.83333422422406089
vp 0.11475243939181978 0.875
cstype bspline
deg 3
curv2 4675 4676 4677 4678
parm u -0.11895444968717792 -0.11895444968717792 -0.11895444968717792 -0.11895444968717792 -0.024859865256751601 -0.024859865256751601 -0.024859865256751601 -0.024859865256751601
end
vp 0.11475243939181978 0.875
vp 2.7985631144328763E-07 0.875
cstype bspline
deg 1
curv2 4679 4680
parm u -0.11475243940310441 -0.11475243940310441 -3.8361417813470592E-07 -3.8361417813470592E-07
end
v 160.11593234915119 17.535672960000003 -175.15696609427775
v 160.62411292034793 17.536171719000194 -175.15646350027757
v 160.11597811615121 17.517771344000003 -175.18195899427775
v 160.62415868934792 17.518267830000195 -175.18145531927757
v 160.1160243591512 17.498774070000007 -175.20627254827775
v 160.62420493334793 17.499268330000199 -175.20576758727756
v 160.11607096115119 17.478706260000006 -175.22983757227775
v 160.62425153534792 17.479198367000198 -175.22933113127755
cstype bspline
deg 1 3
surf -4.6199999999999998E-07 0.11494458604449401 0.75 0.875 3188 3189 3190 3191 3192 3193 3194 3195
parm u -4.6199999999999998E-07 -4.6199999999999998E-07 0.11494458604449401 0.11494458604449401
parm v 0.75 0.75 0.75 0.75 0.875 0.875 0.875 0.875
trim -0.64327685205003171 -0.55137520857854339 1580 3.5200652960042062E-07 0.11478040311254049 1581 -0.11895444968717792 -0.024859865256751601 1582 -0.11475243940310441 -3.8361417813470592E-07 1583
end
# - trim loop
vp 0.1150520140140279 1.0005482559188963E-08
vp 0.11501800213674818 0.33333334200487308
vp 0.11498222213659082 0.66666667379961964
vp 0.11494458602350924 1.0000000054098253
cstype bspline
deg 3
curv2 4681 4682 4683 4684
parm u -0.50000130000291365 -0.50000130000291365 -0.50000130000291365 -0.50000130000291365 -0 -0 -0 -0
end
vp 0.11494458602350924 1.0000000054098253
vp 0 1.0000000000000018
cstype bspline
deg 1
curv2 4685 4686
parm u -0.5081790210751993 -0.5081790210751993 -0 -0
end
vp 0 1.0000000000000018
vp 0 0
cstype bspline
deg 1
curv2 4687 4688
parm u -0.50004430716604187 -0.50004430716604187 -0 -0
end
vp 0 0
vp 0.1150520140140279 1.0005482559188963E-08
cstype bspline
deg 1
curv2 4689 4690
parm u -0.50865396916493166 -0.50865396916493166 -0 -0
end
v 160.1147460911512 17.699273358000006 -174.13963340727776
v 160.62339957321322 17.699794534000066 -174.1391601442777
v 160.11489686815202 17.699270990999995 -174.30631440217948
v 160.62355033421403 17.699794451000066 -174.30582707617933
v 160.1150554721529 17.699269190999992 -174.4729957630812
v 160.62370892221495 17.699794387000068 -174.47249401708098
v 160.11522229415391 17.699268005999979 -174.63967748998292
v 160.62387572821592 17.699794345000065 -174.63916096698262
cstype bspline
deg 1 3
surf -6.9057912828116944E-16 0.1150520140140279 0 1.0000000054098253 3196 3197 3198 3199 3200 3201 3202 3203
parm u -6.9057912828116944E-16 -6.9057912828116944E-16 0.1150520140140279 0.1150520140140279
parm v 0 0 0 0 1.0000000054098253 1.0000000054098253 1.0000000054098253 1.0000000054098253
trim -0.50000130000291365 -0 1584 -0.5081790210751993 -0 1585 -0.50004430716604187 -0 1586 -0.50865396916493166 -0 1587
end
# - trim loop
vp 0.11571839210444194 -6.0013752523569776E-08
vp 0.11567404753951262 0.33333345932566
vp 0.11583956643641485 0.66666654413949666
vp 0.11505201433908299 1.0000000003679543
cstype bspline
deg 3
curv2 4691 4692 4693 4694
parm u -11.800013717030831 -11.800013717030831 -11.800013717030831 -11.800013717030831 -0 -0 -0 -0
end
vp 0.11505201433908299 1.0000000003679543
vp 0 1.0000000000000007
cstype bspline
deg 1
curv2 4695 4696
parm u -0.50865396916493155 -0.50865396916493155 -0 -0
end
vp 0 1.0000000000000007
vp -1.7542800640634848E-05 0.66666666609282677
vp 1.8365143590380788E-05 0.33333333361482892
vp 0 -3.3662865894794758E-10
cstype bspline
deg 3
curv2 4697 4698 4699 4700
parm u -11.800441150511995 -11.800441150511995 -11.800441150511995 -11.800441150511995 -0 -0 -0 -0
end
vp 0 -3.3662865894794758E-10
vp 0.11571839210444194 -6.0013752523569776E-08
cstype bspline
deg 1
curv2 4701 4702
parm u -0.51160007757051251 -0.51160007757051251 -0 -0
end
v 160.11179346215323 17.699743345159149 -162.33919329113144
v 160.6240287481512 17.699809457000004 -162.33914637611548
v 160.11198846815341 17.699698836300161 -166.27246817018406
v 160.62422375215129 17.699808210000004 -166.27247824161685
v 160.11124723615697 17.69932738677975 -170.20594868684029
v 160.62348242115061 17.699797941999996 -170.20581552711823
v 160.11472408217793 17.699271449447117 -174.13963343209949
v 160.62695888315505 17.699796294000002 -174.13915683761962
cstype bspline
deg 1 3
surf -4.9786492075830157E-06 0.11585709199999999 -6.0013752523569776E-08 1.0000000003679543 3204 3205 3206 3207 3208 3209 3210 3211
parm u -4.9786492075830157E-06 -4.9786492075830157E-06 0.11585709199999999 0.11585709199999999
parm v -6.0013752523569776E-08 -6.0013752523569776E-08 -6.0013752523569776E-08 -6.0013752523569776E-08 1.0000000003679543 1.0000000003679543 1.0000000003679543 1.0000000003679543
trim -11.800013717030831 -0 1588 -0.50865396916493155 -0 1589 -11.800441150511995 -0 1590 -0.51160007757051251 -0 1591
end
# - trim loop
vp 0 0.9375
vp 0.11571622403583798 0.9375
cstype bspline
deg 1
curv2 4703 4704
parm u 1.0628564471352685E-07 1.0628564471352685E-07 0.11571622403583783 0.11571622403583783
end
vp 0.11571622403583798 0.9375
vp 0.11571856688904669 0.9583331767876786
vp 0.11571890856102857 0.9791663537311539
vp 0.1157183927743483 0.99999953126578656
cstype bspline
deg 3
curv2 4705 4706 4707 4708
parm u -0.088541078471202656 -0.088541078471202656 -0.088541078471202656 -0.088541078471202656 0 0 0 0
end
vp 0.1157183927743483 0.99999953126578656
vp 0 1.0000000000000138
cstype bspline
deg 1
curv2 4709 4710
parm u -0.51160007757051251 -0.51160007757051251 -0 -0
end
vp 0 1.0000000000000138
vp 0 0.9375
cstype bspline
deg 1
curv2 4711 4712
parm u -1.4183607193804184 -1.4183607193804184 -1.329713207298022 -1.329713207298022
end
v 160.11180894815121 17.695005553000005 -162.24712480927775
v 160.62341045815123 17.695070666000007 -162.24707810327774
v 160.11181097415121 17.697854075000009 -162.27755684227776
v 160.6234124841512 17.697919470000006 -162.27751006827776
v 160.1118131491512 17.699446674000008 -162.30826827727776
v 160.62341465915119 17.699512376000005 -162.30822145127777
v 160.11181547415123 17.699741828000008 -162.33919399327777
v 160.6234169831512 17.699807858000007 -162.33914713527778
cstype bspline
deg 1 3
surf 0 0.115718718 0.9375 1.0000000000000138 3212 3213 3214 3215 3216 3217 3218 3219
parm u 0 0 0.115718718 0.115718718
parm v 0.9375 0.9375 0.9375 0.9375 1.0000000000000138 1.0000000000000138 1.0000000000000138 1.0000000000000138
trim 1.0628564471352685E-07 0.11571622403583783 1592 -0.088541078471202656 0 1593 -0.51160007757051251 -0 1594 -1.4183607193804184 -1.329713207298022 1595
end
# - trim loop
vp 0 0.0625
vp 0 1.3590490488345309E-08
cstype bspline
deg 1
curv2 4713 4714
parm u -0.088647041897460685 -0.088647041897460685 -0 -0
end
vp 0 1.3590490488345309E-08
vp 0.11571242385814001 6.346265222912582E-07
cstype bspline
deg 1
curv2 4715 4716
parm u -0.51157368946294157 -0.51157368946294157 -0 -0
end
vp 0.11571242385814001 6.346265222912582E-07
vp 0.11571319517328676 0.020833757160216439
vp 0.11571231163678665 0.041666878726423516
vp 0.11570909217850883 0.0625
cstype bspline
deg 3
curv2 4717 4718 4719 4720
parm u -1.4166632487683084 -1.4166632487683084 -1.4166632487683084 -1.4166632487683084 -1.3281226117454372 -1.3281226117454372 -1.3281226117454372 -1.3281226117454372
end
vp 0.11570909217850883 0.0625
vp 0 0.0625
cstype bspline
deg 1
curv2 4721 4722
parm u -0.11570909217850853 -0.11570909217850853 -3.5008539241627651E-08 -3.5008539241627651E-08
end
v 160.11184152515119 16.799936395000007 -161.43938926027775
v 160.62344303515118 16.799998146000007 -161.43933744127776
v 160.11183805615121 16.830738725000003 -161.43968355227776
v 160.62343956615121 16.830800811000007 -161.43963189527776
v 160.11183473715121 16.86132841900001 -161.44126667627776
v 160.6234362471512 16.861390825000008 -161.44121521027776
v 160.11183156915121 16.891640610000007 -161.44409730427776
v 160.62343307815121 16.891703318000005 -161.44404605527777
cstype bspline
deg 1 3
surf 0 0.115718718 0 0.0625 3220 3221 3222 3223 3224 3225 3226 3227
parm u 0 0 0.115718718 0.115718718
parm v 0 0 0 0 0.0625 0.0625 0.0625 0.0625
trim -0.088647041897460685 -0 1596 -0.51157368946294157 -0 1597 -1.4166632487683084 -1.3281226117454372 1598 -0.11570909217850853 -3.5008539241627651E-08 1599
end
# - trim loop
vp 0 0.125
vp 0 0.0625
cstype bspline
deg 1
curv2 4723 4724
parm u -0.17729538918699772 -0.17729538918699772 -0.088647041897460685 -0.088647041897460685
end
vp 0 0.0625
vp 0.11570909217850883 0.0625
cstype bspline
deg 1
curv2 4725 4726
parm u 3.5008539241627651E-08 3.5008539241627651E-08 0.11570909217850853 0.11570909217850853
end
vp 0.11570909217850883 0.0625
vp 0.11570607569826714 0.082019649972314437
vp 0.11570100855801126 0.10153929968821569
vp 0.11569333055544431 0.12105894969560935
vp 0.11569281382194947 0.12237263211212737
vp 0.11569228638598616 0.12368631452068486
vp 0.11569174785604081 0.125
cstype bspline
deg 3
curv2 4727 4728 4729 4730 4731 4732 4733
parm u -1.3281226117454372 -1.3281226117454372 -1.3281226117454372 -1.3281226117454372 -1.2451642196258454 -1.2451642196258454 -1.2451642196258454 -1.2395810774594216 -1.2395810774594216 -1.2395810774594216 -1.2395810774594216
end
vp 0.11569174785604081 0.125
vp 0 0.125
cstype bspline
deg 1
curv2 4734 4735
parm u -0.11569174718817599 -0.11569174718817599 -4.5076632123847257E-08 -4.5076632123847257E-08
end
v 160.11183156915121 16.891640610000007 -161.44409730427776
v 160.62343307815121 16.891703318000005 -161.44404605527777
v 160.11182847215122 16.921826618000004 -161.44749724227776
v 160.62342998215121 16.921889605000004 -161.44744621927777
v 160.1118255311512 16.951681848000007 -161.45212550327776
v 160.6234270401512 16.951745094000007 -161.45207472727776
v 160.1118227441512 16.981147363000005 -161.45793624127776
v 160.62342425415119 16.981210847000007 -161.45788573127774
cstype bspline
deg 1 3
surf 0 0.115718718 0.0625 0.125 3228 3229 3230 3231 3232 3233 3234 3235
parm u 0 0 0.115718718 0.115718718
parm v 0.0625 0.0625 0.0625 0.0625 0.125 0.125 0.125 0.125
trim -0.17729538918699772 -0.088647041897460685 1600 3.5008539241627651E-08 0.11570909217850853 1601 -1.3281226117454372 -1.2395810774594216 1602 -0.11569174718817599 -4.5076632123847257E-08 1603
end
# - trim loop
vp 0 0.1875
vp 0 0.125
cstype bspline
deg 1
curv2 4736 4737
parm u -0.26594332963483325 -0.26594332963483325 -0.17729538918699772 -0.17729538918699772
end
vp 0 0.125
vp 0.11569174785604081 0.125
cstype bspline
deg 1
curv2 4738 4739
parm u 4.5076632123847257E-08 4.5076632123847257E-08 0.11569174718817599 0.11569174718817599
end
vp 0.11569174785604081 0.125
vp 0.11568321839267368 0.1458333342486943
vp 0.11567206658762284 0.16666666738956848
vp 0.11565936580143393 0.1875
cstype bspline
deg 3
curv2 4740 4741 4742 4743
parm u -1.2395810774594216 -1.2395810774594216 -1.2395810774594216 -1.2395810774594216 -1.1510392882175191 -1.1510392882175191 -1.1510392882175191 -1.1510392882175191
end
vp 0.11565936580143393 0.1875
vp 0 0.1875
cstype bspline
deg 1
curv2 4744 4745
parm u -0.11565933695542044 -0.11565933695542044 -3.256441187658837E-08 -3.256441187658837E-08
end
v 160.1118227441512 16.981147363000005 -161.45793624127776
v 160.62342425415119 16.981210847000007 -161.45788573127774
v 160.11182003315122 17.010416016000004 -161.46428186127775
v 160.62342154215122 17.010479712000006 -161.46423161927777
v 160.11181747715119 17.039254114000006 -161.47178425027775
v 160.62341898715121 17.039318001000005 -161.47173428927775
v 160.11181507815121 17.067608968000005 -161.48039551627775
v 160.6234165881512 17.067673022000005 -161.48034584727776
cstype bspline
deg 1 3
surf 0 0.115718718 0.125 0.1875 3236 3237 3238 3239 3240 3241 3242 3243
parm u 0 0 0.115718718 0.115718718
parm v 0.125 0.125 0.125 0.125 0.1875 0.1875 0.1875 0.1875
trim -0.26594332963483325 -0.17729538918699772 1604 4.5076632123847257E-08 0.11569174718817599 1605 -1.2395810774594216 -1.1510392882175191 1606 -0.11565933695542044 -3.256441187658837E-08 1607
end
# - trim loop
vp 0 0.25
vp 0 0.1875
cstype bspline
deg 1
curv2 4746 4747
parm u -0.35459081648680763 -0.35459081648680763 -0.26594332963483325 -0.26594332963483325
end
vp 0 0.1875
vp 0.11565936580143393 0.1875
cstype bspline
deg 1
curv2 4748 4749
parm u 3.256441187658837E-08 3.256441187658837E-08 0.11565933695542044 0.11565933695542044
end
vp 0.11565936580143393 0.1875
vp 0.11564765590208377 0.20679942450369249
vp 0.11563461274227753 0.22609867959436844
vp 0.11562114146015036 0.24539793471794608
vp 0.11562007068100154 0.24693195648209426
vp 0.11561899838909079 0.2484659782445722
vp 0.11561792450098776 0.25
cstype bspline
deg 3
curv2 4750 4751 4752 4753 4754 4755 4756
parm u -1.1510392882175191 -1.1510392882175191 -1.1510392882175191 -1.1510392882175191 -1.0690175576137948 -1.0690175576137948 -1.0690175576137948 -1.0624979733566027 -1.0624979733566027 -1.0624979733566027 -1.0624979733566027
end
vp 0.11561792450098776 0.25
vp 0 0.25
cstype bspline
deg 1
curv2 4757 4758
parm u -0.11561792391988153 -0.11561792391988153 -1.5326224414064314E-10 -1.5326224414064314E-10
end
v 160.11181507815121 17.067608968000005 -161.48039551627775
v 160.6234165881512 17.067673022000005 -161.48034584727776
v 160.1118127541512 17.095714913000005 -161.48950105927776
v 160.62341426415119 17.095779110000006 -161.48945167727777
v 160.11181058615119 17.123308774000005 -161.49968791727775
v 160.62341209615121 17.123373091000008 -161.49963882827777
v 160.11180857315119 17.150343427000006 -161.51090827227776
v 160.6234100821512 17.150407842000003 -161.51085947927777
cstype bspline
deg 1 3
surf 0 0.115718718 0.1875 0.25 3244 3245 3246 3247 3248 3249 3250 3251
parm u 0 0 0.115718718 0.115718718
parm v 0.1875 0.1875 0.1875 0.1875 0.25 0.25 0.25 0.25
trim -0.35459081648680763 -0.26594332963483325 1608 3.256441187658837E-08 0.11565933695542044 1609 -1.1510392882175191 -1.0624979733566027 1610 -0.11561792391988153 -1.5326224414064314E-10 1611
end
# - trim loop
vp 0 0.3125
vp 0 0.25
cstype bspline
deg 1
curv2 4759 4760
parm u -0.44323766185911706 -0.44323766185911706 -0.35459081648680763 -0.35459081648680763
end
vp 0 0.25
vp 0.11561792450098776 0.25
cstype bspline
deg 1
curv2 4761 4762
parm u 1.5326224414064314E-10 1.5326224414064314E-10 0.11561792391988153 0.11561792391988153
end
vp 0.11561792450098776 0.25
vp 0.11560334836628328 0.27083333325400771
vp 0.11558858485830953 0.29166666626972321
vp 0.11557486867147504 0.3125
cstype bspline
deg 3
curv2 4763 4764 4765 4766
parm u -1.0624979733566027 -1.0624979733566027 -1.0624979733566027 -1.0624979733566027 -0.97395641878128003 -0.97395641878128003 -0.97395641878128003 -0.97395641878128003
end
vp 0.11557486867147504 0.3125
vp 0 0.3125
cstype bspline
deg 1
curv2 4767 4768
parm u -0.1155748566854565 -0.1155748566854565 -1.9468093644866979E-13 -1.9468093644866979E-13
end
v 160.11180857315119 17.150343427000006 -161.51090827227776
v 160.6234100821512 17.150407842000003 -161.51085947927777
v 160.1118066321512 17.177093754000005 -161.52258244727776
v 160.62340814215122 17.177158244000005 -161.52253393927776
v 160.1118048451512 17.203265948000006 -161.53526434927775
v 160.62340635515119 17.203330492000006 -161.53521612427775
v 160.11180321015121 17.228817134000003 -161.54890772427777
v 160.6234047201512 17.228881714000007 -161.54885977827774
cstype bspline
deg 1 3
surf 0 0.115718718 0.25 0.3125 3252 3253 3254 3255 3256 3257 3258 3259
parm u 0 0 0.115718718 0.115718718
parm v 0.25 0.25 0.25 0.25 0.3125 0.3125 0.3125 0.3125
trim -0.44323766185911706 -0.35459081648680763 1612 1.5326224414064314E-10 0.11561792391988153 1613 -1.0624979733566027 -0.97395641878128003 1614 -0.1155748566854565 -1.9468093644866979E-13 1615
end
# - trim loop
vp 0 0.375
vp 0 0.3125
cstype bspline
deg 1
curv2 4769 4770
parm u -0.53188617256880788 -0.53188617256880788 -0.44323766185911706 -0.44323766185911706
end
vp 0 0.3125
vp 0.11557486867147504 0.3125
cstype bspline
deg 1
curv2 4771 4772
parm u 1.9468093644866979E-13 1.9468093644866979E-13 0.1155748566854565 0.1155748566854565
end
vp 0.11557486867147504 0.3125
vp 0.1155617070946106 0.33252664993515518
vp 0.11554951239261715 0.35255330052940864
vp 0.11553940394954101 0.37257995265893484
vp 0.11553899677696161 0.37338663510676884
vp 0.11553859311920771 0.37419331755374313
vp 0.11553819300309739 0.375
cstype bspline
deg 3
curv2 4773 4774 4775 4776 4777 4778 4779
parm u -0.97395641878128003 -0.97395641878128003 -0.97395641878128003 -0.97395641878128003 -0.88884326606107467 -0.88884326606107467 -0.88884326606107467 -0.88541487044431666 -0.88541487044431666 -0.88541487044431666 -0.88541487044431666
end
vp 0.11553819300309739 0.375
vp 0 0.375
cstype bspline
deg 1
curv2 4780 4781
parm u -0.11553819300309737 -0.11553819300309737 -1.7722086478350864E-13 -1.7722086478350864E-13
end
v 160.11180321015121 17.228817134000003 -161.54890772427777
v 160.6234047201512 17.228881714000007 -161.54885977827774
v 160.11180164515122 17.254061293000007 -161.56296907727776
v 160.62340315515121 17.254125889000008 -161.56292139527775
v 160.11180023115122 17.278672448000005 -161.57797020827775
v 160.62340174115121 17.278737043000007 -161.57792278227777
v 160.1117989671512 17.302610378000004 -161.59386722027776
v 160.62340047715119 17.302674958000001 -161.59382004027776
cstype bspline
deg 1 3
surf 0 0.115718718 0.3125 0.375 3260 3261 3262 3263 3264 3265 3266 3267
parm u 0 0 0.115718718 0.115718718
parm v 0.3125 0.3125 0.3125 0.3125 0.375 0.375 0.375 0.375
trim -0.53188617256880788 -0.44323766185911706 1616 1.9468093644866979E-13 0.1155748566854565 1617 -0.97395641878128003 -0.88541487044431666 1618 -0.11553819300309737 -1.7722086478350864E-13 1619
end
# - trim loop
vp 0 0.625
vp 0 0.375
cstype bspline
deg 1
curv2 4782 4783
parm u -0.88647599571087343 -0.88647599571087343 -0.53188617256880788 -0.53188617256880788
end
vp 0 0.375
vp 0.11553819300309739 0.375
cstype bspline
deg 1
curv2 4784 4785
parm u 1.7722086478350864E-13 1.7722086478350864E-13 0.11553819300309737 0.11553819300309737
end
vp 0.11553819300309739 0.375
vp 0.11551730019001709 0.41712243679021693
vp 0.11550606402984544 0.45924487143595244
vp 0.11550830274548303 0.50136731435603443
vp 0.11551049300581728 0.54257804892193373
vp 0.11552692615056757 0.58378877191186129
vp 0.11554994669045916 0.625
cstype bspline
deg 3
curv2 4786 4787 4788 4789 4790 4791 4792
parm u -0.88541487044431666 -0.88541487044431666 -0.88541487044431666 -0.88541487044431666 -0.70639476365824716 -0.70639476365824716 -0.70639476365824716 -0.5312494114117754 -0.5312494114117754 -0.5312494114117754 -0.5312494114117754
end
vp 0.11554994669045916 0.625
vp 0 0.625
cstype bspline
deg 1
curv2 4793 4794
parm u -0.11554991890054982 -0.11554991890054982 -1.073799552979895E-13 -1.073799552979895E-13
end
v 160.1117989671512 17.302610378000004 -161.59386722027776
v 160.62340047715119 17.302674958000001 -161.59382004027776
v 160.1117977691512 17.326226539000004 -161.61015336827776
v 160.62339927915122 17.326291089000005 -161.61010641527776
v 160.11179671915119 17.349161162000005 -161.62731869527775
v 160.62339822915121 17.34922566900001 -161.62727195727774
v 160.11179581615119 17.371375076000007 -161.64532180827774
v 160.62339732615121 17.371439532000004 -161.64527527027775
v 160.11179497715119 17.393255658000005 -161.66369266327774
v 160.62339648715118 17.393320052000004 -161.66364630327774
v 160.1117942831512 17.414407844000007 -161.68288931427776
v 160.62339579315119 17.414472170000003 -161.68284311727777
v 160.1117937351512 17.434792092000006 -161.70287246827775
v 160.62339524515119 17.434856345 -161.70282641827777
v 160.1117932481512 17.454830355000006 -161.72320822427776
v 160.62339475815122 17.454894532000001 -161.72316229627776
v 160.11179290615121 17.474091034000004 -161.74432193727776
v 160.6233944161512 17.474155136000004 -161.74427611327775
v 160.11179270915119 17.492533078000005 -161.76617556627775
v 160.62339421915121 17.492597105000005 -161.76612982827777
v 160.11179257215122 17.510611996000005 -161.78837036927774
v 160.6233940831512 17.510675951000007 -161.78832469427775
v 160.11179258015119 17.527858759000004 -161.81129790727775
v 160.6233940911512 17.527922647000008 -161.81125227727776
v 160.11179273415121 17.544230042000006 -161.83492017927776
v 160.6233942441512 17.544293872000004 -161.83487457527775
cstype bspline
deg 1 3
surf 0 0.115718718 0.375 0.625 3268 3269 3270 3271 3272 3273 3274 3275 3276 3277 3278 3279 3280 3281 3282 3283 3284 3285 3286 3287 3288 3289 3290 3291 3292 3293
parm u 0 0 0.115718718 0.115718718
parm v 0.375 0.375 0.375 0.375 0.4375 0.4375 0.4375 0.5 0.5 0.5 0.5625 0.5625 0.5625 0.625 0.625 0.625 0.625
trim -0.88647599571087343 -0.53188617256880788 1620 1.7722086478350864E-13 0.11553819300309737 1621 -0.88541487044431666 -0.5312494114117754 1622 -0.11554991890054982 -1.073799552979895E-13 1623
end
# - trim loop
vp 0 0.6875
vp 0 0.625
cstype bspline
deg 1
curv2 4795 4796
parm u -0.97512344965579434 -0.97512344965579434 -0.88647599571087343 -0.88647599571087343
end
vp 0 0.625
vp 0.11554994669045916 0.625
cstype bspline
deg 1
curv2 4797 4798
parm u 1.073799552979895E-13 1.073799552979895E-13 0.11554991890054982 0.11554991890054982
end
vp 0.11554994669045916 0.625
vp 0.11556161181961459 0.64583333409913346
vp 0.11557496110494697 0.66666666711312361
vp 0.11558899053151778 0.6875
cstype bspline
deg 3
curv2 4799 4800 4801 4802
parm u -0.5312494114117754 -0.5312494114117754 -0.5312494114117754 -0.5312494114117754 -0.44270723668930029 -0.44270723668930029 -0.44270723668930029 -0.44270723668930029
end
vp 0.11558899053151778 0.6875
vp 0 0.6875
cstype bspline
deg 1
curv2 4803 4804
parm u -0.11558896866892235 -0.11558896866892235 -2.9710856881870063E-08 -2.9710856881870063E-08
end
v 160.11179273415121 17.544230042000006 -161.83492017927776
v 160.6233942441512 17.544293872000004 -161.83487457527775
v 160.11179294815122 17.560214297000005 -161.85887229427775
v 160.62339445815121 17.560278078000003 -161.85882669327776
v 160.1117933071512 17.575304600000006 -161.88351060927775
v 160.62339481715119 17.575368344000005 -161.88346499627775
v 160.11179381315122 17.589455063000006 -161.90879568327776
v 160.62339532315121 17.589518784000003 -161.90875004127776
cstype bspline
deg 1 3
surf 0 0.115718718 0.625 0.6875 3294 3295 3296 3297 3298 3299 3300 3301
parm u 0 0 0.115718718 0.115718718
parm v 0.625 0.625 0.625 0.625 0.6875 0.6875 0.6875 0.6875
trim -0.97512344965579434 -0.88647599571087343 1624 1.073799552979895E-13 0.11554991890054982 1625 -0.5312494114117754 -0.44270723668930029 1626 -0.11558896866892235 -2.9710856881870063E-08 1627
end
# - trim loop
vp 0 0.75
vp 0 0.6875
cstype bspline
deg 1
curv2 4805 4806
parm u -1.0637709036007152 -1.0637709036007152 -0.97512344965579434 -0.97512344965579434
end
vp 0 0.6875
vp 0.11558899053151778 0.6875
cstype bspline
deg 1
curv2 4807 4808
parm u 2.9710856881870063E-08 2.9710856881870063E-08 0.11558896866892235 0.11558896866892235
end
vp 0.11558899053151778 0.6875
vp 0.11560306158339244 0.70833353457525572
vp 0.11561781598203379 0.72916677962546406
vp 0.11563228725032973 0.75
cstype bspline
deg 3
curv2 4809 4810 4811 4812
parm u -0.44270723668930029 -0.44270723668930029 -0.44270723668930029 -0.44270723668930029 -0.35416603170380895 -0.35416603170380895 -0.35416603170380895 -0.35416603170380895
end
vp 0.11563228725032973 0.75
vp 0 0.75
cstype bspline
deg 1
curv2 4813 4814
parm u -0.11563228624424997 -0.11563228624424997 -1.1882350245704455E-07 -1.1882350245704455E-07
end
v 160.11179381315122 17.589455063000006 -161.90879568327776
v 160.62339532315121 17.589518784000003 -161.90875004127776
v 160.11179438115121 17.603186964000006 -161.93439492427777
v 160.6233958911512 17.603250677000005 -161.93434923427776
v 160.11179509615121 17.615955564000004 -161.96062788927776
v 160.6233966061512 17.616019287 -161.96058213927776
v 160.1117959601512 17.627712690000006 -161.98745206627777
v 160.62339747015122 17.627776443000005 -161.98740624227776
cstype bspline
deg 1 3
surf 0 0.115718718 0.6875 0.75 3302 3303 3304 3305 3306 3307 3308 3309
parm u 0 0 0.115718718 0.115718718
parm v 0.6875 0.6875 0.6875 0.6875 0.75 0.75 0.75 0.75
trim -1.0637709036007152 -0.97512344965579434 1628 2.9710856881870063E-08 0.11558896866892235 1629 -0.44270723668930029 -0.35416603170380895 1630 -0.11563228624424997 -1.1882350245704455E-07 1631
end
# - trim loop
vp 0 0.8125
vp 0 0.75
cstype bspline
deg 1
curv2 4815 4816
parm u -1.1524181768276713 -1.1524181768276713 -1.0637709036007152 -1.0637709036007152
end
vp 0 0.75
vp 0.11563228725032973 0.75
cstype bspline
deg 1
curv2 4817 4818
parm u 1.1882350245704455E-07 1.1882350245704455E-07 0.11563228624424997 0.11563228624424997
end
vp 0.11563228725032973 0.75
vp 0.11563358607298115 0.75186824296972732
vp 0.11563488162076703 0.75373648409209681
vp 0.11563617420351129 0.75560472522159405
vp 0.11564929557254588 0.77456976356400253
vp 0.11566164421181069 0.79353480195265425
vp 0.11567248551016866 0.8125
cstype bspline
deg 3
curv2 4819 4820 4821 4822 4823 4824 4825
parm u -0.35416603170380895 -0.35416603170380895 -0.35416603170380895 -0.35416603170380895 -0.34622600513125656 -0.34622600513125656 -0.34622600513125656 -0.26562457418603291 -0.26562457418603291 -0.26562457418603291 -0.26562457418603291
end
vp 0.11567248551016866 0.8125
vp 0 0.8125
cstype bspline
deg 1
curv2 4826 4827
parm u -0.11567245627311035 -0.11567245627311035 -1.6589657529543544E-07 -1.6589657529543544E-07
end
v 160.1117959601512 17.627712690000006 -161.98745206627777
v 160.62339747015122 17.627776443000005 -161.98740624227776
v 160.11179688615121 17.639012942000004 -162.01456552227776
v 160.62339839715122 17.639076746000004 -162.01451961127776
v 160.11179796315122 17.649274487000007 -162.04224939527776
v 160.62339947315121 17.649338364000005 -162.04220338927774
v 160.11179918915121 17.658447821000006 -162.07045652327776
v 160.6234006991512 17.658511796000006 -162.07041041627775
cstype bspline
deg 1 3
surf 0 0.115718718 0.75 0.8125 3310 3311 3312 3313 3314 3315 3316 3317
parm u 0 0 0.115718718 0.115718718
parm v 0.75 0.75 0.75 0.75 0.8125 0.8125 0.8125 0.8125
trim -1.1524181768276713 -1.0637709036007152 1632 1.1882350245704455E-07 0.11563228624424997 1633 -0.35416603170380895 -0.26562457418603291 1634 -0.11567245627311035 -1.6589657529543544E-07 1635
end
# - trim loop
vp 0 0.875
vp 0 0.8125
cstype bspline
deg 1
curv2 4828 4829
parm u -1.2410656952156449 -1.2410656952156449 -1.1524181768276713 -1.1524181768276713
end
vp 0 0.8125
vp 0.11567248551016866 0.8125
cstype bspline
deg 1
curv2 4830 4831
parm u 1.6589657529543544E-07 1.6589657529543544E-07 0.11567245627311035 0.11567245627311035
end
vp 0.11567248551016866 0.8125
vp 0.1156844543045575 0.83333333232168083
vp 0.1156946138549208 0.85416666564267663
vp 0.11570205218292819 0.875
cstype bspline
deg 3
curv2 4832 4833 4834 4835
parm u -0.26562457418603291 -0.26562457418603291 -0.26562457418603291 -0.26562457418603291 -0.17708282101404416 -0.17708282101404416 -0.17708282101404416 -0.17708282101404416
end
vp 0.11570205218292819 0.875
vp 0 0.875
cstype bspline
deg 1
curv2 4836 4837
parm u -0.11570205137844354 -0.11570205137844354 -1.6276789774011861E-07 -1.6276789774011861E-07
end
v 160.11179918915121 17.658447821000006 -162.07045652327776
v 160.6234006991512 17.658511796000006 -162.07041041627775
v 160.11180048115119 17.667122055000004 -162.09891414427776
v 160.62340199115118 17.667186153000006 -162.09886793027775
v 160.11180192315121 17.674679688000005 -162.12786359727775
v 160.6234034331512 17.674743936000006 -162.12781727627777
v 160.1118035171512 17.681071543000005 -162.15725186227775
v 160.62340502715119 17.681135967000007 -162.15720543527775
cstype bspline
deg 1 3
surf 0 0.115718718 0.8125 0.875 3318 3319 3320 3321 3322 3323 3324 3325
parm u 0 0 0.115718718 0.115718718
parm v 0.8125 0.8125 0.8125 0.8125 0.875 0.875 0.875 0.875
trim -1.2410656952156449 -1.1524181768276713 1636 1.6589657529543544E-07 0.11567245627311035 1637 -0.26562457418603291 -0.17708282101404416 1638 -0.11570205137844354 -1.6276789774011861E-07 1639
end
# - trim loop
vp 0 0.9375
vp 0 0.875
cstype bspline
deg 1
curv2 4838 4839
parm u -1.329713207298022 -1.329713207298022 -1.2410656952156449 -1.2410656952156449
end
vp 0 0.875
vp 0.11570205218292819 0.875
cstype bspline
deg 1
curv2 4840 4841
parm u 1.6276789774011861E-07 1.6276789774011861E-07 0.11570205137844354 0.11570205137844354
end
vp 0.11570205218292819 0.875
vp 0.1157025809498102 0.8764785628418067
vp 0.11570309520979574 0.87795712472405785
vp 0.11570359544165026 0.87943568661677274
vp 0.11571014361061796 0.89879045783987099
vp 0.11571404744087345 0.91814522885288774
vp 0.11571622403583798 0.9375
cstype bspline
deg 3
curv2 4842 4843 4844 4845 4846 4847 4848
parm u -0.17708282101404416 -0.17708282101404416 -0.17708282101404416 -0.17708282101404416 -0.17079892751938983 -0.17079892751938983 -0.17079892751938983 -0.088541078471202656 -0.088541078471202656 -0.088541078471202656 -0.088541078471202656
end
vp 0.11571622403583798 0.9375
vp 0 0.9375
cstype bspline
deg 1
curv2 4849 4850
parm u -0.11571622403583783 -0.11571622403583783 -1.0628564471352685E-07 -1.0628564471352685E-07
end
v 160.1118035171512 17.681071543000005 -162.15725186227775
v 160.62340502715119 17.681135967000007 -162.15720543527775
v 160.11180517615119 17.686923120000007 -162.18683432727775
v 160.62340668615121 17.686987747 -162.18678779827775
v 160.11180698615121 17.691583325000003 -162.21681176527775
v 160.6234084961512 17.691648182000005 -162.21676514327777
v 160.11180894815121 17.695005553000005 -162.24712480927775
v 160.62341045815123 17.695070666000007 -162.24707810327774
cstype bspline
deg 1 3
surf 0 0.115718718 0.875 0.9375 3326 3327 3328 3329 3330 3331 3332 3333
parm u 0 0 0.115718718 0.115718718
parm v 0.875 0.875 0.875 0.875 0.9375 0.9375 0.9375 0.9375
trim -1.329713207298022 -1.2410656952156449 1640 1.6276789774011861E-07 0.11570205137844354 1641 -0.17708282101404416 -0.088541078471202656 1642 -0.11571622403583783 -1.0628564471352685E-07 1643
end
# - trim loop
vp 0.11570150089224041 1.9054213249847741E-06
vp 0.11570501406358374 0.3333352836158186
vp 0.11570865480561172 0.66666866180884488
vp 0.11571242402314345 1.0000020400005418
cstype bspline
deg 3
curv2 4851 4852 4853 4854
parm u -0.44999993800001581 -0.44999993800001581 -0.44999993800001581 -0.44999993800001581 -0 -0 -0 -0
end
vp 0.11571242402314345 1.0000020400005418
vp 0 0.99999999999999256
cstype bspline
deg 1
curv2 4855 4856
parm u -0.51157368946294157 -0.51157368946294157 -0 -0
end
vp 0 0.99999999999999256
vp 0 0
cstype bspline
deg 1
curv2 4857 4858
parm u -0.44999574759041339 -0.44999574759041339 -0 -0
end
vp 0 0
vp 0.11570150089224041 1.9054213249847741E-06
cstype bspline
deg 1
curv2 4859 4860
parm u -0.5115253981962633 -0.5115253981962633 -0 -0
end
v 160.1118897351451 16.349940669999729 -161.43939150827777
v 160.62346341925354 16.349998290999739 -161.43933749527775
v 160.11187423011347 16.499939557997006 -161.4393907872763
v 160.62344791422191 16.49999855399982 -161.43933748227772
v 160.11185816007952 16.64993844499428 -161.43939004127472
v 160.62343184418796 16.649998816999911 -161.43933746727768
v 160.11184152504327 16.799937332991572 -161.43938927027304
v 160.6234152081517 16.799999081000006 -161.43933745327766
cstype bspline
deg 1 3
surf -1.3826658150790872E-12 0.11571242402314345 -6.1456335011878874E-13 1.0000020400005418 3334 3335 3336 3337 3338 3339 3340 3341
parm u -1.3826658150790872E-12 -1.3826658150790872E-12 0.11571242402314345 0.11571242402314345
parm v -6.1456335011878874E-13 -6.1456335011878874E-13 -6.1456335011878874E-13 -6.1456335011878874E-13 1.0000020400005418 1.0000020400005418 1.0000020400005418 1.0000020400005418
trim -0.44999993800001581 -0 1644 -0.51157368946294157 -0 1645 -0.44999574759041339 -0 1646 -0.5115253981962633 -0 1647
end
# - trim loop
vp 0.89974684263158089 0.49977506340528333
vp 0.89975833782847525 0.33318338183919644
vp 0.89976972059205851 0.16659170026540931
vp 0.89978115739494891 1.8695322706374831E-08
cstype bspline
deg 3
curv2 4861 4862 4863 4864
parm u -0.4997564715972731 -0.4997564715972731 -0.4997564715972731 -0.4997564715972731 -0 -0 -0 -0
end
vp 0.89978115739494891 1.8695322706374831E-08
vp 13.849697425053787 2.5710016443270239E-07
cstype bspline
deg 1
curv2 4865 4866
parm u -12.94990892983035 -12.94990892983035 -0 -0
end
vp 13.849697425053787 2.5710016443270239E-07
vp 14.299693427570489 4.5857121018023406E-08
cstype bspline
deg 1
curv2 4867 4868
parm u -0.44999574759041339 -0.44999574759041339 -0 -0
end
vp 14.299693427570489 4.5857121018023406E-08
vp 14.330304706012939 3.3453617677716921E-08
vp 14.360926028496461 0.0015973665797274282
vp 14.391392604013552 0.0047578076888017363
cstype bspline
deg 3
curv2 4869 4870 4871 4872
parm u -1.4183607193804182 -1.4183607193804182 -1.4183607193804182 -1.4183607193804182 -1.326049592536471 -1.326049592536471 -1.326049592536471 -1.326049592536471
end
vp 14.391392604013552 0.0047578076888017363
vp 14.421427377073984 0.0078734558990396948
vp 14.451311758537678 0.012508218253181576
vp 14.480887865303469 0.018629292414964697
cstype bspline
deg 3
curv2 4873 4874 4875 4876
parm u -1.326049592536471 -1.326049592536471 -1.326049592536471 -1.326049592536471 -1.2350467903293343 -1.2350467903293343 -1.2350467903293343 -1.2350467903293343
end
vp 14.480887865303469 0.018629292414964697
vp 14.510060332079661 0.024666829202117185
vp 14.538932881099845 0.032150385740832794
vp 14.567354005574979 0.041048484459392208
cstype bspline
deg 3
curv2 4877 4878 4879 4880
parm u -1.2350467903293343 -1.2350467903293343 -1.2350467903293343 -1.2350467903293343 -1.1452859490884408 -1.1452859490884408 -1.1452859490884408 -1.1452859490884408
end
vp 14.567354005574979 0.041048484459392208
vp 14.592961845427894 0.049065798734893536
vp 14.618203206743063 0.05823147624259474
vp 14.642967267220442 0.068522492160176779
vp 14.645349024866208 0.069512261421432908
vp 14.647726894774872 0.070512749012815498
vp 14.650100778935036 0.071523885409008239
cstype bspline
deg 3
curv2 4881 4882 4883 4884 4885 4886 4887
parm u -1.1452859490884408 -1.1452859490884408 -1.1452859490884408 -1.1452859490884408 -1.0644101466700415 -1.0644101466700415 -1.0644101466700415 -1.056631674276816 -1.056631674276816 -1.056631674276816 -1.056631674276816
end
vp 14.650100778935036 0.071523885409008239
vp 14.676799068952658 0.082895802036585989
vp 14.702993211330167 0.095614660102757709
vp 14.72854377859978 0.10958155540520294
cstype bspline
deg 3
curv2 4888 4889 4890 4891
parm u -1.056631674276816 -1.056631674276816 -1.056631674276816 -1.056631674276816 -0.96914976790024665 -0.96914976790024665 -0.96914976790024665 -0.96914976790024665
end
vp 14.72854377859978 0.10958155540520294
vp 14.753806017474499 0.12339083962755916
vp 14.778439124285464 0.13842015276723202
vp 14.802308338657278 0.15457390126833778
cstype bspline
deg 3
curv2 4892 4893 4894 4895
parm u -0.96914976790024665 -0.96914976790024665 -0.96914976790024665 -0.96914976790024665 -0.88265506143129335 -0.88265506143129335 -0.88265506143129335 -0.88265506143129335
end
vp 14.802308338657278 0.15457390126833778
vp 14.849588536853114 0.18657128580060148
vp 14.893871543230208 0.22298048054758154
vp 14.93411002258245 0.26305854830493386
vp 14.974620530785568 0.30340756046408474
vp 15.011800739325041 0.34824049654654216
vp 15.043986209285903 0.39554927663722128
cstype bspline
deg 3
curv2 4896 4897 4898 4899 4900 4901 4902
parm u -0.88265506143129335 -0.88265506143129335 -0.88265506143129335 -0.88265506143129335 -0.71132613534934253 -0.71132613534934253 -0.71132613534934253 -0.53883895449150998 -0.53883895449150998 -0.53883895449150998 -0.53883895449150998
end
vp 15.043986209285903 0.39554927663722128
vp 15.044854853816092 0.39682607989987506
vp 15.045719860224519 0.39810468654459708
vp 15.046581195791081 0.39938505709588207
vp 15.050701162578418 0.40550936491687517
vp 15.054744673894588 0.41168179276011546
vp 15.058714081276051 0.41790473411051893
vp 15.062679402331275 0.42412126922289262
vp 15.066567471040219 0.43038381907404127
vp 15.070379596521812 0.43669546233538581
vp 15.076891507637846 0.44747707487999905
vp 15.083169592075464 0.45838097484392881
vp 15.089220643002012 0.46942247187502922
cstype bspline
deg 3
curv2 4903 4904 4905 4906 4907 4908 4909 4910 4911 4912 4913 4914 4915
parm u -0.53883895449150998 -0.53883895449150998 -0.53883895449150998 -0.53883895449150998 -0.53418374683527536 -0.53418374683527536 -0.53418374683527536 -0.51191681432201841 -0.51191681432201841 -0.51191681432201841 -0.48967280461356388 -0.48967280461356388 -0.48967280461356388 -0.45167536334751851 -0.45167536334751851 -0.45167536334751851 -0.45167536334751851
end
vp 15.089220643002012 0.46942247187502922
vp 15.090249322941375 0.47129952870933978
vp 15.091271441595916 0.47318056210880205
vp 15.092287032340593 0.47506564728999717
vp 15.105134194088652 0.49891186128775566
vp 15.116834822295345 0.52320514066109025
vp 15.127469787744083 0.54808891129225523
cstype bspline
deg 3
curv2 4916 4917 4918 4919 4920 4921 4922
parm u -0.45167536334751851 -0.45167536334751851 -0.45167536334751851 -0.45167536334751851 -0.44521579028293773 -0.44521579028293773 -0.44521579028293773 -0.36350258009553682 -0.36350258009553682 -0.36350258009553682 -0.36350258009553682
end
vp 15.127469787744083 0.54808891129225523
vp 15.128449098959029 0.55038031089923067
vp 15.129419373906497 0.55267671756581616
vp 15.130380675732445 0.55497824328258383
vp 15.140762027924248 0.57983302707615991
vp 15.150053578859334 0.605280906869057
vp 15.158186206013236 0.63110511877429532
cstype bspline
deg 3
curv2 4923 4924 4925 4926 4927 4928 4929
parm u -0.36350258009553682 -0.36350258009553682 -0.36350258009553682 -0.36350258009553682 -0.35597809273052189 -0.35597809273052189 -0.35597809273052189 -0.27471916729144497 -0.27471916729144497 -0.27471916729144497 -0.27471916729144497
end
vp 15.158186206013236 0.63110511877429532
vp 15.167183249964687 0.65967418571005321
vp 15.174761913146815 0.68870383706015281
vp 15.180828606188175 0.71790058244521071
cstype bspline
deg 3
curv2 4930 4931 4932 4933
parm u -0.27471916729144497 -0.27471916729144497 -0.27471916729144497 -0.27471916729144497 -0.18482323209251314 -0.18482323209251314 -0.18482323209251314 -0.18482323209251314
end
vp 15.180828606188175 0.71790058244521071
vp 15.181250224842071 0.71992967678101849
vp 15.181664540874209 0.72195957815957268
vp 15.182071522870112 0.72399018806703097
vp 15.18764240981681 0.7517857621740105
vp 15.191874802878797 0.7797160298783028
vp 15.194773085558243 0.80777845935355275
cstype bspline
deg 3
curv2 4934 4935 4936 4937 4938 4939 4940
parm u -0.18482323209251314 -0.18482323209251314 -0.18482323209251314 -0.18482323209251314 -0.17857570927725944 -0.17857570927725944 -0.17857570927725944 -0.093057814994058796 -0.093057814994058796 -0.093057814994058796 -0.093057814994058796
end
vp 15.194773085558243 0.80777845935355275
vp 15.197926903313521 0.83831509022221795
vp 15.199500988875137 0.86900821504152326
vp 15.199500990426401 0.8998545715296663
cstype bspline
deg 3
curv2 4941 4942 4943 4944
parm u -0.093057814994058796 -0.093057814994058796 -0.093057814994058796 -0.093057814994058796 0 0 0 0
end
vp 15.199500990426401 0.8998545715296663
vp 15.199503922701533 12.700293738241095
cstype bspline
deg 1
curv2 4945 4946
parm u -11.800441150511995 -11.800441150511995 -0 -0
end
vp 15.199503922701533 12.700293738241095
vp 15.19950582362544 13.200304667827087
cstype bspline
deg 1
curv2 4947 4948
parm u -0.50004430716604187 -0.50004430716604187 -0 -0
end
vp 15.19950582362544 13.200304667827087
vp 15.199505557200757 13.231359602477188
vp 15.197907555195206 13.262249907206293
vp 15.194715894962876 13.292974520784137
cstype bspline
deg 3
curv2 4949 4950 4951 4952
parm u -0.74441687123849454 -0.74441687123849454 -0.74441687123849454 -0.74441687123849454 -0.65088876818838359 -0.65088876818838359 -0.65088876818838359 -0.65088876818838359
end
vp 15.194715894962876 13.292974520784137
vp 15.191550849301857 13.323442928387806
vp 15.186818612947953 13.353748396644892
vp 15.180523162102894 13.383889890652487
cstype bspline
deg 3
curv2 4953 4954 4955 4956
parm u -0.65088876818838359 -0.65088876818838359 -0.65088876818838359 -0.65088876818838359 -0.55814057596429967 -0.55814057596429967 -0.55814057596429967 -0.55814057596429967
end
vp 15.180523162102894 13.383889890652487
vp 15.180463904866144 13.384173603716146
vp 15.180404509130062 13.384457302251841
vp 15.18034497489796 13.384740986258707
vp 15.174153939233852 13.414241623821301
vp 15.166436119581114 13.44354519065968
vp 15.157274910512916 13.472393428379606
cstype bspline
deg 3
curv2 4957 4958 4959 4960 4961 4962 4963
parm u -0.55814057596429967 -0.55814057596429967 -0.55814057596429967 -0.55814057596429967 -0.55726756436912017 -0.55726756436912017 -0.55726756436912017 -0.46648204938071824 -0.46648204938071824 -0.46648204938071824 -0.46648204938071824
end
vp 15.157274910512916 13.472393428379606
vp 15.14804865680121 13.501446488773542
vp 15.137358444764319 13.530037731416479
vp 15.125289457923074 13.557903357856476
cstype bspline
deg 3
curv2 4964 4965 4966 4967
parm u -0.46648204938071824 -0.46648204938071824 -0.46648204938071824 -0.46648204938071824 -0.37505195664994728 -0.37505195664994728 -0.37505195664994728 -0.37505195664994728
end
vp 15.125289457923074 13.557903357856476
vp 15.124793585364182 13.55904825921974
vp 15.124295385293653 13.560191935669298
vp 15.123794863619656 13.561334368908563
vp 15.112062148812138 13.588114115079959
vp 15.098986442506193 13.614293719774599
vp 15.084665151264986 13.639772785512866
cstype bspline
deg 3
curv2 4968 4969 4970 4971 4972 4973 4974
parm u -0.37505195664994728 -0.37505195664994728 -0.37505195664994728 -0.37505195664994728 -0.37129541315229386 -0.37129541315229386 -0.37129541315229386 -0.28323838024091275 -0.28323838024091275 -0.28323838024091275 -0.28323838024091275
end
vp 15.084665151264986 13.639772785512866
vp 15.069666658409856 13.666456663313731
vp 15.053301997158178 13.692372183890894
vp 15.035683055778085 13.717404023391904
cstype bspline
deg 3
curv2 4975 4976 4977 4978
parm u -0.28323838024091275 -0.28323838024091275 -0.28323838024091275 -0.28323838024091275 -0.191017451504714 -0.191017451504714 -0.191017451504714 -0.191017451504714
end
vp 15.035683055778085 13.717404023391904
vp 15.017932869721449 13.742622326744952
vp 14.998909647504476 13.766943734788361
vp 14.978727796456766 13.790250327259193
cstype bspline
deg 3
curv2 4979 4980 4981 4982
parm u -0.191017451504714 -0.191017451504714 -0.191017451504714 -0.191017451504714 -0.098109562882485263 -0.098109562882485263 -0.098109562882485263 -0.098109562882485263
end
vp 14.978727796456766 13.790250327259193
vp 14.957416015360316 13.814861796032217
vp 14.934812236293778 13.838341634359836
vp 14.911051178644506 13.860550986229628
cstype bspline
deg 3
curv2 4983 4984 4985 4986
parm u -0.098109562882485263 -0.098109562882485263 -0.098109562882485263 -0.098109562882485263 0 0 0 0
end
vp 14.911051178644506 13.860550986229628
vp 14.870090534909204 13.898390303775093
vp 14.825627911280151 13.932684744142197
vp 14.778404013287476 13.962637919820343
cstype bspline
deg 3
curv2 4987 4988 4989 4990
parm u -0.67969089012979289 -0.67969089012979289 -0.67969089012979289 -0.67969089012979289 -0.51104536417598478 -0.51104536417598478 -0.51104536417598478 -0.51104536417598478
end
vp 14.778404013287476 13.962637919820343
vp 14.754299297420005 13.977927059847755
vp 14.72947514925642 13.992085111250159
vp 14.704030075580727 14.005006162070234
cstype bspline
deg 3
curv2 4991 4992 4993 4994
parm u -0.51104536417598478 -0.51104536417598478 -0.51104536417598478 -0.51104536417598478 -0.4249628369337955 -0.4249628369337955 -0.4249628369337955 -0.4249628369337955
end
vp 14.704030075580727 14.005006162070234
vp 14.678866938729652 14.017784044900889
vp 14.653096560108059 14.029352187740031
vp 14.626814208219004 14.039608160346623
vp 14.626307878583424 14.039805741708227
vp 14.625801358707145 14.040002836173116
vp 14.625294649586037 14.040199443789779
cstype bspline
deg 3
curv2 4995 4996 4997 4998 4999 5000 5001
parm u -0.4249628369337955 -0.4249628369337955 -0.4249628369337955 -0.4249628369337955 -0.33983412239007055 -0.33983412239007055 -0.33983412239007055 -0.33819411729485238 -0.33819411729485238 -0.33819411729485238 -0.33819411729485238
end
vp 14.625294649586037 14.040199443789779
vp 14.598467027592319 14.050608798192961
vp 14.571108923252792 14.059653442184171
vp 14.543368135797049 14.067340572139031
cstype bspline
deg 3
curv2 5002 5003 5004 5005
parm u -0.33819411729485238 -0.33819411729485238 -0.33819411729485238 -0.33819411729485238 -0.2513643466640697 -0.2513643466640697 -0.2513643466640697 -0.2513643466640697
end
vp 14.543368135797049 14.067340572139031
vp 14.515808115093098 14.074977610599028
vp 14.487870382364516 14.081274769264473
vp 14.459699866323813 14.08623910474491
cstype bspline
deg 3
curv2 5006 5007 5008 5009
parm u -0.2513643466640697 -0.2513643466640697 -0.2513643466640697 -0.2513643466640697 -0.16510038317269032 -0.16510038317269032 -0.16510038317269032 -0.16510038317269032
end
vp 14.459699866323813 14.08623910474491
vp 14.405784386391613 14.095740333958663
vp 14.351016220348903 14.100359427046437
vp 14.296411407369121 14.100145855169663
cstype bspline
deg 3
curv2 5010 5011 5012 5013
parm u -0.16510038317269032 -0.16510038317269032 -0.16510038317269032 -0.16510038317269032 0 0 0 0
end
vp 14.296411407369121 14.100145855169663
vp 13.849700406519512 14.100146014543293
cstype bspline
deg 1
curv2 5014 5015
parm u -0.44668016308770186 -0.44668016308770186 -0 -0
end
vp 13.849700406519512 14.100146014543293
vp 0.89934233235994965 14.100144960336365
cstype bspline
deg 1
curv2 5016 5017
parm u -12.949463435752703 -12.949463435752703 -0 -0
end
vp 0.89934233235994965 14.100144960336365
vp 0.89932347106950528 13.933348514685076
vp 0.89930455454612701 13.76655206904004
vp 0.89928575264857813 13.599755623382023
cstype bspline
deg 3
curv2 5018 5019 5020 5021
parm u -0.50037280585012445 -0.50037280585012445 -0.50037280585012445 -0.50037280585012445 -0 -0 -0 -0
end
vp 0.89928575264857813 13.599755623382023
vp 5.3662618489727176 13.599744299199383
vp 9.8332379452879763 13.599741817730422
vp 14.300214041621727 13.599744008823354
cstype bspline
deg 3
curv2 5022 5023 5024 5025
parm u -13.400004334481373 -13.400004334481373 -13.400004334481373 -13.400004334481373 -0 -0 -0 -0
end
vp 14.300214041621727 13.599744008823354
vp 14.405082937688237 13.599744060262275
vp 14.508926231927616 13.556741367280475
vp 14.583083385717382 13.482587027721697
vp 14.657248572067628 13.408424655907274
vp 14.700240913897604 13.304656161645793
vp 14.700240168254561 13.199769612579022
cstype bspline
deg 3
curv2 5026 5027 5028 5029 5030 5031 5032
parm u -0.64422893451200447 -0.64422893451200447 -0.64422893451200447 -0.64422893451200447 -0.32213191172146183 -0.32213191172146183 -0.32213191172146183 0 0 0 0
end
vp 14.700240168254561 13.199769612579022
vp 14.700238983483585 13.033112809631156
vp 14.700237183449595 12.866456006693047
vp 14.700234817016911 12.699799203757886
cstype bspline
deg 3
curv2 5033 5034 5035 5036
parm u -0.50000023188135945 -0.50000023188135945 -0.50000023188135945 -0.50000023188135945 -0 -0 -0 -0
end
vp 14.700234817016911 12.699799203757886
vp 14.700178965927647 8.7664663516670842
vp 14.699807641006849 4.8331335164139047
vp 14.699763169022805 0.89980066355857014
cstype bspline
deg 3
curv2 5037 5038 5039 5040
parm u -11.800001704098449 -11.800001704098449 -11.800001704098449 -11.800001704098449 -0 -0 -0 -0
end
vp 14.699763169022805 0.89980066355857014
vp 14.699762568562919 0.84669287869749721
vp 14.689252593923982 0.79434535874263812
vp 14.668745891401196 0.74535534280681148
vp 14.658530087965358 0.72095003568526184
vp 14.645859083980252 0.69757059131026322
vp 14.631037000181747 0.67565953331661155
vp 14.616276090821877 0.65383890772712727
vp 14.59932358913678 0.63339677268570982
vp 14.580552442790982 0.61490530562259471
vp 14.50649500383779 0.54195127990918124
vp 14.403736064197497 0.49977561826227851
vp 14.299759431456092 0.49977508395258485
cstype bspline
deg 3
curv2 5041 5042 5043 5044 5045 5046 5047 5048 5049 5050 5051 5052 5053
parm u -0.63830893616551665 -0.63830893616551665 -0.63830893616551665 -0.63830893616551665 -0.47677662114273839 -0.47677662114273839 -0.47677662114273839 -0.39630622971951734 -0.39630622971951734 -0.39630622971951734 -0.31616795968280359 -0.31616795968280359 -0.31616795968280359 0 0 0 0
end
vp 14.299759431456092 0.49977508395258485
vp 9.8330885684556844 0.49975213085777725
vp 5.3664177056369002 0.49975120057387462
vp 0.89974684263158089 0.49977506340528333
cstype bspline
deg 3
curv2 5054 5055 5056 5057
parm u -13.400000059750514 -13.400000059750514 -13.400000059750514 -13.400000059750514 -0 -0 -0 -0
end
v 160.11173941608683 2.5002468619163793 -161.43938452053851
v 160.11175805716681 2.6585185787732071 -161.43938536668682
v 160.11177669924763 2.816790289538377 -161.43938620718012
v 160.11179534033121 2.9750620048316878 -161.43938705100123
v 160.112354803367 7.7250205911830472 -161.43941234431657
v 160.11235390423315 12.474979171707371 -161.43941124061135
v 160.11179236636596 17.224937741170333 -161.43938712853168
v 160.1117736552863 17.383209465170157 -161.43938632464003
v 160.11175494420871 17.54148119027937 -161.43938552507606
v 160.11173623413222 17.699752916497825 -161.43938471785665
v 160.1117541531878 2.5002477180562375 -161.59765466943048
v 160.11177305126674 2.6585194292180492 -161.59765551186206
v 160.11179194834776 2.8167911397785983 -161.59765635429397
v 160.11181084543136 2.9750628558690648 -161.59765719683489
v 160.11237798433024 7.725020850254702 -161.59768248540522
v 160.11237675320433 12.474978876779334 -161.597681384352
v 160.11180789446195 17.224936929286887 -161.59765727572662
v 160.11178893938217 17.383208655505108 -161.59765647411922
v 160.11176998530442 17.541480379504847 -161.59765566922428
v 160.1117510302285 17.699752101286606 -161.5976548641803
v 160.11176889128959 2.500248566541059 -161.75592481407278
v 160.11178804436878 2.6585202796259049 -161.75592565637541
v 160.11180719745019 2.8167919933291152 -161.75592649989534
v 160.11182635053382 2.975063706795587 -161.75592734441628
v 160.11240116429281 7.7250211104723636 -161.75595262622139
v 160.11239960217452 12.474978579152637 -161.75595152365099
v 160.11182342255933 17.22493612073054 -161.7559274210451
v 160.11180422448027 17.383207842512242 -161.7559266192066
v 160.11178502540221 17.541479565403005 -161.7559258138316
v 160.11176582632672 17.699751289403299 -161.75592501365742
v 160.11178362839419 2.5002494183537687 -161.91419496255949
v 160.11180303747341 2.6585211311426837 -161.91419580454061
v 160.11182244655478 2.8167928458798732 -161.91419664752178
v 160.111841855638 2.975064557722078 -161.9141974895029
v 160.11242434425492 7.7250213704699986 -161.91422277090996
v 160.11242245014481 12.474978284354282 -161.91422166850592
v 160.11183895065918 17.224935308846693 -161.91419756811624
v 160.1118195085798 17.383207030628448 -161.91419676542222
v 160.11180006550208 17.541478754628628 -161.9141959628484
v 160.11178062342589 17.699750480847086 -161.91419515915439
v 160.11219178027136 2.5002729932634393 -166.29739316411309
v 160.11221826901598 2.6585447060658485 -166.29740438022773
v 160.11224475802248 2.8168164197688705 -166.29741559734185
v 160.11227124729183 2.9750881326691783 -166.29742681357749
v 160.11306635243554 7.7250285520372772 -166.29776344858016
v 160.11305527418637 12.474970120312957 -166.29776529952878
v 160.11226898866187 17.224912835986618 -166.29742616573148
v 160.11224279351825 17.38318455999076 -166.29741486550142
v 160.11221659864438 17.541456283993263 -166.29740356419055
v 160.11219040404106 17.699728007995226 -166.29739226490034
v 160.11090100120126 2.5007276810955212 -170.68089862608252
v 160.11106414652713 2.6589993933388265 -170.68090964412272
v 160.11122729209396 2.8172711100938592 -170.68092066216528
v 160.11139043889227 2.9755428211554125 -170.68093168014482
v 160.11628647858419 7.7251821490353096 -170.68126231758697
v 160.11630303803844 12.474819263095394 -170.68126535690777
v 160.11137973634587 17.224454173674498 -170.68093520077576
v 160.11121568216385 17.382725896451902 -170.68092420077195
v 160.11105162720469 17.540997620451588 -170.68091320183052
v 160.1108875734661 17.6992693476721 -170.68090219947857
v 160.11556518547894 2.5007396616404383 -175.06470796492948
v 160.11573192793827 2.659011374439082 -175.06470832285078
v 160.11589867039913 2.8172830871494949 -175.06470868076909
v 160.11606541285852 2.9755547990258906 -175.0647090396904
v 160.12106924201584 7.7251876740122603 -175.06471982045042
v 160.12110665029331 12.47481989724368 -175.06472231030159
v 160.11615947885568 17.224451473512655 -175.06472158834703
v 160.11599462474794 17.38272319751492 -175.06472156254446
v 160.11582977064029 17.540994922515949 -175.06472153673892
v 160.11566491653565 17.699266647515913 -175.06472151375348
v 160.11576366601528 2.5007401697302551 -175.25125704492694
v 160.11593056147518 2.6590118829410465 -175.2512574028483
v 160.11609745693636 2.817283595200879 -175.2512577626525
v 160.11626435239822 2.9755553093591431 -175.2512581215758
v 160.12127278391119 7.7251879090431403 -175.2512689003359
v 160.12131108018269 12.474819926566147 -175.25127138830112
v 160.11636287797495 17.224451356057745 -175.25127066446686
v 160.11619798886932 17.382723081057506 -175.25127064054249
v 160.11603309976232 17.540994807165571 -175.2512706166188
v 160.11586821165349 17.699266533381273 -175.25127059175531
v 160.11596214655137 2.5007406788201338 -175.43780612398533
v 160.11612919501476 2.6590123946649324 -175.43780648284758
v 160.11629624447471 2.81728410447908 -175.43780684265195
v 160.11646329293757 2.9755558186924067 -175.43780720151625
v 160.12147632680302 7.7251881441437629 -175.43781797733644
v 160.12151551007523 12.4748199519185 -175.43782046530163
v 160.11656627609176 17.224451242923035 -175.43781974152571
v 160.11640135298703 17.382722966925488 -175.4378197185421
v 160.11623642988158 17.540994691926368 -175.43781969461875
v 160.1160715067748 17.699266416926466 -175.43781966975519
v 160.11616062609068 2.5007411902373522 -175.62435520210477
v 160.1163278285531 2.6590129031298071 -175.6243555628491
v 160.11649503101359 2.8172846165048719 -175.62435592076736
v 160.11666223347657 2.9755563289147848 -175.62435628151169
v 160.12167986869321 7.7251883802839432 -175.62436705345203
v 160.12171993996736 12.474819977338704 -175.62436954230344
v 160.11676967420968 17.224451128795543 -175.62436881952362
v 160.11660471710738 17.382722851577185 -175.62436879654402
v 160.11643975899963 17.540994576575962 -175.62436877073856
v 160.11627480189273 17.699266302791852 -175.6243687477531
cstype bspline
deg 3 3
surf 0 15.199506127474338 0 14.1849872042069 3342 3343 3344 3345 3346 3347 3348 3349 3350 3351 3352 3353 3354 3355 3356 3357 3358 3359 3360 3361 3362 3363 3364 3365 3366 3367 3368 3369 3370 3371 3372 3373 3374 3375 3376 3377 3378 3379 3380 3381 3382 3383 3384 3385 3386 3387 3388 3389 3390 3391 3392 3393 3394 3395 3396 3397 3398 3399 3400 3401 3402 3403 3404 3405 3406 3407 3408 3409 3410 3411 3412 3413 3414 3415 3416 3417 3418 3419 3420 3421 3422 3423 3424 3425 3426 3427 3428 3429 3430 3431 3432 3433 3434 3435 3436 3437 3438 3439 3440 3441
parm u 0 0 0 0 0.47481113039703782 0.47481113039703782 0.47481113039703782 14.7246949970773 14.7246949970773 14.7246949970773 15.199506127474338 15.199506127474338 15.199506127474338 15.199506127474338
parm v 0 0 0 0 0.47482764761079932 0.47482764761079932 0.47482764761079932 13.62531840336006 13.62531840336006 13.62531840336006 14.1849872042069 14.1849872042069 14.1849872042069 14.1849872042069
trim -0.4997564715972731 -0 1648 -12.94990892983035 -0 1649 -0.44999574759041339 -0 1650 -1.4183607193804182 -1.326049592536471 1651 -1.326049592536471 -1.2350467903293343 1652 -1.2350467903293343 -1.1452859490884408 1653 -1.1452859490884408 -1.056631674276816 1654 -1.056631674276816 -0.96914976790024665 1655 -0.96914976790024665 -0.88265506143129335 1656 -0.88265506143129335 -0.53883895449150998 1657 -0.53883895449150998 -0.45167536334751851 1658 -0.45167536334751851 -0.36350258009553682 1659 -0.36350258009553682 -0.27471916729144497 1660 -0.27471916729144497 -0.18482323209251314 1661 -0.18482323209251314 -0.093057814994058796 1662 -0.093057814994058796 0 1663 -11.800441150511995 -0 1664 -0.50004430716604187 -0 1665 -0.74441687123849454 -0.65088876818838359 1666 -0.65088876818838359 -0.55814057596429967 1667 -0.55814057596429967 -0.46648204938071824 1668 -0.46648204938071824 -0.37505195664994728 1669 -0.37505195664994728 -0.28323838024091275 1670 -0.28323838024091275 -0.191017451504714 1671 -0.191017451504714 -0.098109562882485263 1672 -0.098109562882485263 0 1673 -0.67969089012979289 -0.51104536417598478 1674 -0.51104536417598478 -0.4249628369337955 1675 -0.4249628369337955 -0.33819411729485238 1676 -0.33819411729485238 -0.2513643466640697 1677 -0.2513643466640697 -0.16510038317269032 1678 -0.16510038317269032 0 1679 -0.44668016308770186 -0 1680 -12.949463435752703 -0 1681 -0.50037280585012445 -0 1682 -13.400004334481373 -0 1683 -0.64422893451200447 0 1684 -0.50000023188135945 -0 1685 -11.800001704098449 -0 1686 -0.63830893616551665 0 1687 -13.400000059750514 -0 1688
end
# - trim loop
vp 0.24363564156770809 -0.22668237458715762
vp 0.24349336555179946 -0.076669560051985997
vp 0.24335108653913551 0.073343254474430353
vp 0.2432088045306923 0.22335606799801505
cstype bspline
deg 3
curv2 5058 5059 5060 5061
parm u -0.45003864500612245 -0.45003864500612245 -0.45003864500612245 -0.45003864500612245 -0 -0 -0 -0
end
vp 0.2432088045306923 0.22335606799801505
vp 0.080924834612098095 0.22335073847248665
vp -0.08135913430447772 0.22334540794791735
vp -0.24364310422292593 0.22334007842239073
cstype bspline
deg 3
curv2 5062 5063 5064 5065
parm u -0.48685190901622005 -0.48685190901622005 -0.48685190901622005 -0.48685190901622005 -0 -0 -0 -0
end
vp -0.24364310422292593 0.22334007842239073
vp -0.24363769977873062 0.074446690395863158
vp -0.24363719632985692 -0.074446697236165704
vp -0.24364159687410156 -0.22334008450131113
cstype bspline
deg 3
curv2 5066 5067 5068 5069
parm u -0.44668016308770231 -0.44668016308770231 -0.44668016308770231 -0.44668016308770231 -0 -0 -0 -0
end
vp -0.24364159687410156 -0.22334008450131113
vp -0.081219635168444881 -0.224454154905672
vp 0.081202327538122177 -0.22556822631591444
vp 0.24363564156770809 -0.22668237458715762
cstype bspline
deg 3
curv2 5070 5071 5072 5073
parm u -0.487288700885954 -0.487288700885954 -0.487288700885954 -0.487288700885954 -0 -0 -0 -0
end
v 160.11710455659016 16.799539637477121 -157.57044974504981
v 160.60438903203669 16.800000005195042 -157.56992027681744
v 160.11752973552908 16.349501381682622 -157.57044976663207
v 160.6048142109756 16.349961749400542 -157.56992029839969
cstype bspline
deg 1 1
surf -0.243643837876932 0.24364114269015491 -0.22668237458715762 0.22335608205369983 3442 3443 3444 3445
parm u -0.243643837876932 -0.243643837876932 0.24364114269015491 0.24364114269015491
parm v -0.22668237458715762 -0.22668237458715762 0.22335608205369983 0.22335608205369983
trim -0.45003864500612245 -0 1689 -0.48685190901622005 -0 1690 -0.44668016308770231 -0 1691 -0.487288700885954 -0 1692
end
# - trim loop
vp 4.8286337264746116E-07 0.75006636699999996
vp 0.11043444975929784 0.75006636699999996
cstype bspline
deg 1
curv2 5074 5075
parm u 4.9350515426301408E-07 4.9350515426301408E-07 0.11043444493192175 0.11043444493192175
end
vp 0.11043444975929784 0.75006636699999996
vp 0.11032110242966224 0.82965862159602455
vp 0.1102344522049248 0.90924789162128639
vp 0.11021736610780281 0.98883727629539298
cstype bspline
deg 3
curv2 5076 5077 5078 5079
parm u -0.16330307838054195 -0.16330307838054195 -0.16330307838054195 -0.16330307838054195 0 0 0 0
end
vp 0.11021736610780281 0.98883727629539298
vp 0.07347840738750272 0.99050315395157418
vp 0.036739455301832633 0.99216917789741355
vp 5.0891586032648223E-07 0.99383532754921244
cstype bspline
deg 3
curv2 5080 5081 5082 5083
parm u -0.48728870088595405 -0.48728870088595405 -0.48728870088595405 -0.48728870088595405 -0 -0 -0 -0
end
vp 5.0891586032648223E-07 0.99383532754921244
vp 4.8286337264746116E-07 0.75006636699999996
cstype bspline
deg 1
curv2 5084 5085
parm u -0.67969088979167158 -0.67969088979167158 -0.5129320977684303 -0.5129320977684303
end
v 160.11693192115121 16.959495680000003 -157.55666375227776
v 160.6102707630115 16.959969673351516 -157.5561310448827
v 160.11696500415121 16.931527451000004 -157.56133577327776
v 160.61030384301151 16.932002938352625 -157.56080204688195
v 160.1169968501512 16.903490169000005 -157.56491695127775
v 160.61033568701151 16.903967178353756 -157.56438241688136
v 160.11702742715121 16.875426770000004 -157.56742359227775
v 160.6103662620115 16.875905304354891 -157.56688845988091
v 160.11705716415122 16.847591129000001 -157.56944582527777
v 160.6103959960115 16.848071184356016 -157.56891025188057
v 160.11708560315122 16.819803981000003 -157.57043608327777
v 160.61042443401152 16.820285518357114 -157.5699002708804
v 160.11711273515121 16.792096472000004 -157.57041947127775
v 160.61045156501149 16.792579433358167 -157.56988361388036
cstype bspline
deg 1 3
surf 2.36E-07 0.11158825175372215 0.75006636699999996 0.99999957100000003 3446 3447 3448 3449 3450 3451 3452 3453 3454 3455 3456 3457 3458 3459
parm u 2.36E-07 2.36E-07 0.11158825175372215 0.11158825175372215
parm v 0.75006636699999996 0.75006636699999996 0.75006636699999996 0.75006636699999996 0.87503296900000005 0.87503296900000005 0.87503296900000005 0.99999957100000003 0.99999957100000003 0.99999957100000003 0.99999957100000003
trim 4.9350515426301408E-07 0.11043444493192175 1693 -0.16330307838054195 0 1694 -0.48728870088595405 -0 1695 -0.67969088979167158 -0.5129320977684303 1696
end
# - trim loop
vp 3.7219982797186614E-07 0.25019996100000003
vp 3.2624985558151914E-07 0.00026675670292974966
cstype bspline
deg 1
curv2 5086 5087
parm u -0.17097806054317563 -0.17097806054317563 0 0
end
vp 3.2624985558151914E-07 0.00026675670292974966
vp 0.037196309252015003 -0.0012096003561887158
vp 0.074392284252483662 -0.0026861589473369239
vp 0.11158825175372215 -0.0041629064905789829
cstype bspline
deg 3
curv2 5088 5089 5090 5091
parm u -0.49334732568482365 -0.49334732568482365 -0.49334732568482365 -0.49334732568482365 -0 -0 -0 -0
end
vp 0.11158825175372215 -0.0041629064905789829
vp 0.11133935902417831 0.08011544553668562
vp 0.11120105327909861 0.16439390162414075
vp 0.11109929223328462 0.24867251664656134
vp 0.11109867746944539 0.24918166476429446
vp 0.11109806400169359 0.24969081288336967
vp 0.11109744867756308 0.25019996100000003
cstype bspline
deg 3
curv2 5092 5093 5094 5095 5096 5097 5098
parm u -0.6791480993350496 -0.6791480993350496 -0.6791480993350496 -0.6791480993350496 -0.50622122524639857 -0.50622122524639857 -0.50622122524639857 -0.5051765309022368 -0.5051765309022368 -0.5051765309022368 -0.5051765309022368
end
vp 0.11109744867756308 0.25019996100000003
vp 3.7219982797186614E-07 0.25019996100000003
cstype bspline
deg 1
curv2 5099 5100
parm u -0.11109745181080237 -0.11109745181080237 -3.7219967849426073E-07 -3.7219967849426073E-07
end
v 160.1162169557268 17.41297732266576 -157.32888563621833
v 160.60955583769351 17.413449510857149 -157.32838844173466
v 160.11626013444302 17.39189170927926 -157.34817340678259
v 160.60959901537427 17.392362531651376 -157.34767424913539
v 160.11630330571415 17.370027931289926 -157.36673279610474
v 160.60964218560991 17.370497509459888 -157.36623159886727
v 160.11634640515121 17.347390537000006 -157.38452102327776
v 160.60968528401153 17.347859010347424 -157.38401771890452
v 160.11638830315121 17.325029716000007 -157.40151151627776
v 160.60972718201154 17.32549728934676 -157.40100606590292
v 160.1164300151512 17.301969320000005 -157.41770228827775
v 160.60976889101153 17.302436155346211 -157.4171946519013
v 160.1164714621512 17.278227719000004 -157.43305255227776
v 160.60981033701154 17.278693990345793 -157.43254270289964
cstype bspline
deg 1 3
surf 2.36E-07 0.11158825175372215 -0.0041629064905789829 0.25019996100000003 3460 3461 3462 3463 3464 3465 3466 3467 3468 3469 3470 3471 3472 3473
parm u 2.36E-07 2.36E-07 0.11158825175372215 0.11158825175372215
parm v -0.0041629064905789829 -0.0041629064905789829 -0.0041629064905789829 -0.0041629064905789829 0.12523335899999999 0.12523335899999999 0.12523335899999999 0.25019996100000003 0.25019996100000003 0.25019996100000003 0.25019996100000003
trim -0.17097806054317563 -0 1697 -0.49334732568482365 -0 1698 -0.6791480993350496 -0.5051765309022368 1699 -0.11109745181080237 -3.7219967849426073E-07 1700
end
# - trim loop
vp 3.9517490699684181E-07 0.37516656300000001
vp 3.7219982797186614E-07 0.25019996100000003
cstype bspline
deg 1
curv2 5101 5102
parm u -0.25646706466148828 -0.25646706466148828 -0.17097806054317563 -0.17097806054317563
end
vp 3.7219982797186614E-07 0.25019996100000003
vp 0.11109744867756308 0.25019996100000003
cstype bspline
deg 1
curv2 5103 5104
parm u 3.7219967849426073E-07 3.7219967849426073E-07 0.11109745181080237 0.11109745181080237
end
vp 0.11109744867756308 0.25019996100000003
vp 0.11104736374139673 0.29185663098825376
vp 0.11100582527245485 0.33351193264023249
vp 0.11096219043827506 0.37516656300000001
cstype bspline
deg 3
curv2 5105 5106 5107 5108
parm u -0.5051765309022368 -0.5051765309022368 -0.5051765309022368 -0.5051765309022368 -0.41970780986586648 -0.41970780986586648 -0.41970780986586648 -0.41970780986586648
end
vp 0.11096219043827506 0.37516656300000001
vp 3.9517490699684181E-07 0.37516656300000001
cstype bspline
deg 1
curv2 5109 5110
parm u -0.11096208282782583 -0.11096208282782583 -3.9517471428148304E-07 -3.9517471428148304E-07
end
v 160.1164714621512 17.278227719000004 -157.43305255227776
v 160.60981033701154 17.278693990345793 -157.43254270289964
v 160.1165129791512 17.254042938000005 -157.44809233127776
v 160.60985185201153 17.254508849345523 -157.44758020389796
v 160.11655408315119 17.229228886000005 -157.46221219727775
v 160.60989295301152 17.229694628345399 -157.46169780289628
v 160.11659468615119 17.203818930000004 -157.47537496227775
v 160.60993355301153 17.204284699345418 -157.47485833389462
cstype bspline
deg 1 3
surf 2.36E-07 0.11158825175372215 0.25019996100000003 0.37516656300000001 3474 3475 3476 3477 3478 3479 3480 3481
parm u 2.36E-07 2.36E-07 0.11158825175372215 0.11158825175372215
parm v 0.25019996100000003 0.25019996100000003 0.25019996100000003 0.25019996100000003 0.37516656300000001 0.37516656300000001 0.37516656300000001 0.37516656300000001
trim -0.25646706466148828 -0.17097806054317563 1701 3.7219967849426073E-07 0.11109745181080237 1702 -0.5051765309022368 -0.41970780986586648 1703 -0.11096208282782583 -3.9517471428148304E-07 1704
end
# - trim loop
vp 4.1814967730137863E-07 0.50013316399999996
vp 3.9517481063916242E-07 0.37516656300000001
cstype bspline
deg 1
curv2 5111 5112
parm u -0.34195520616685965 -0.34195520616685965 -0.25646706466148828 -0.25646706466148828
end
vp 3.9517481063916242E-07 0.37516656300000001
vp 0.11096219043827506 0.37516656300000001
cstype bspline
deg 1
curv2 5113 5114
parm u 3.9517471428148304E-07 3.9517471428148304E-07 0.11096208282782583 0.11096208282782583
end
vp 0.11096219043827506 0.37516656300000001
vp 0.11092115542275116 0.41454711793412491
vp 0.11087823918834058 0.4539229331830274
vp 0.11082465356602081 0.49329873760058729
vp 0.11082155329498182 0.49557687977358156
vp 0.11081842807703665 0.49785502190674225
vp 0.11081527777870398 0.50013316399999996
cstype bspline
deg 3
curv2 5115 5116 5117 5118 5119 5120 5121
parm u -0.41970780986586648 -0.41970780986586648 -0.41970780986586648 -0.41970780986586648 -0.3389150344086781 -0.3389150344086781 -0.3389150344086781 -0.33424065551623833 -0.33424065551623833 -0.33424065551623833 -0.33424065551623833
end
vp 0.11081527777870398 0.50013316399999996
vp 4.1814967730137863E-07 0.50013316399999996
cstype bspline
deg 1
curv2 5122 5123
parm u -0.11081527913529568 -0.11081527913529568 -4.1814967730137905E-07 -4.1814967730137905E-07
end
v 160.11659468615119 17.203818930000004 -157.47537496227775
v 160.60993355301153 17.204284699345418 -157.47485833389462
v 160.11663512115121 17.178065592000006 -157.48811639127774
v 160.60997398601154 17.178531602345601 -157.48759752789297
v 160.1166748921512 17.151796366000006 -157.49983492027775
v 160.61001375401153 17.152262811345917 -157.49931389889136
v 160.1167139121512 17.125056895000004 -157.51050323527775
v 160.61005277101151 17.125523961346385 -157.50998015588985
cstype bspline
deg 1 3
surf 2.36E-07 0.11158825175372215 0.37516656300000001 0.50013316399999996 3482 3483 3484 3485 3486 3487 3488 3489
parm u 2.36E-07 2.36E-07 0.11158825175372215 0.11158825175372215
parm v 0.37516656300000001 0.37516656300000001 0.37516656300000001 0.37516656300000001 0.50013316399999996 0.50013316399999996 0.50013316399999996 0.50013316399999996
trim -0.34195520616685965 -0.25646706466148828 1705 3.9517471428148304E-07 0.11096208282782583 1706 -0.41970780986586648 -0.33424065551623833 1707 -0.11081527913529568 -4.1814967730137905E-07 1708
end
# - trim loop
vp 4.4112434464116064E-07 0.62509976599999995
vp 4.1814967730137884E-07 0.50013316399999996
cstype bspline
deg 1
curv2 5124 5125
parm u -0.42744260600505518 -0.42744260600505518 -0.34195520616685965 -0.34195520616685965
end
vp 4.1814967730137884E-07 0.50013316399999996
vp 0.11081527777870398 0.50013316399999996
cstype bspline
deg 1
curv2 5126 5127
parm u 4.1814967730137905E-07 4.1814967730137905E-07 0.11081527913529568 0.11081527913529568
end
vp 0.11081527777870398 0.50013316399999996
vp 0.11075770094950395 0.54178819147643209
vp 0.11069219346632214 0.58344266416139723
vp 0.11062609861324113 0.62509976599999995
cstype bspline
deg 3
curv2 5128 5129 5130 5131
parm u -0.33424065551623833 -0.33424065551623833 -0.33424065551623833 -0.33424065551623833 -0.2487747395389672 -0.2487747395389672 -0.2487747395389672 -0.2487747395389672
end
vp 0.11062609861324113 0.62509976599999995
vp 4.4112434464116064E-07 0.62509976599999995
cstype bspline
deg 1
curv2 5132 5133
parm u -0.11062596569891642 -0.11062596569891642 -4.6569594036803649E-07 -4.6569594036803649E-07
end
v 160.1167139121512 17.125056895000004 -157.51050323527775
v 160.61005277101151 17.125523961346385 -157.50998015588985
v 160.1167525241512 17.098110292000005 -157.52066879527774
v 160.61009138001151 17.09857816934699 -157.52014372688836
v 160.11679023115121 17.070792628000007 -157.52974328427774
v 160.61012908501152 17.071261477347704 -157.52921636888701
v 160.1168269571512 17.043155853000005 -157.53771385627775
v 160.61016580801152 17.043625816348534 -157.53718525488574
cstype bspline
deg 1 3
surf 2.36E-07 0.11158825175372215 0.50013316399999996 0.62509976599999995 3490 3491 3492 3493 3494 3495 3496 3497
parm u 2.36E-07 2.36E-07 0.11158825175372215 0.11158825175372215
parm v 0.50013316399999996 0.50013316399999996 0.50013316399999996 0.50013316399999996 0.62509976599999995 0.62509976599999995 0.62509976599999995 0.62509976599999995
trim -0.42744260600505518 -0.34195520616685965 1709 4.1814967730137905E-07 0.11081527913529568 1710 -0.33424065551623833 -0.2487747395389672 1711 -0.11062596569891642 -4.6569594036803649E-07 1712
end
# - trim loop
vp 4.7222159103190824E-07 0.75006636699999996
vp 4.5341014250459856E-07 0.62509976599999995
cstype bspline
deg 1
curv2 5134 5135
parm u -0.5129320977684303 -0.5129320977684303 -0.42744260600505518 -0.42744260600505518
end
vp 4.5341014250459856E-07 0.62509976599999995
vp 0.11062609861324113 0.62509976599999995
cstype bspline
deg 1
curv2 5136 5137
parm u 4.6569594036803649E-07 4.6569594036803649E-07 0.11062596569891642 0.11062596569891642
end
vp 0.11062609861324113 0.62509976599999995
vp 0.11056667680985499 0.66270499429388052
vp 0.110506756406069 0.700310012117765
vp 0.11045196683261113 0.73791503806513237
vp 0.1104460654393824 0.74196548108716209
vp 0.11044022755254977 0.74601592406423489
vp 0.11043444975929784 0.75006636699999996
cstype bspline
deg 3
curv2 5138 5139 5140 5141 5142 5143 5144
parm u -0.2487747395389672 -0.2487747395389672 -0.2487747395389672 -0.2487747395389672 -0.17161406615923613 -0.17161406615923613 -0.17161406615923613 -0.16330307838054195 -0.16330307838054195 -0.16330307838054195 -0.16330307838054195
end
vp 0.11043444975929784 0.75006636699999996
vp 4.7222159103190824E-07 0.75006636699999996
cstype bspline
deg 1
curv2 5145 5146
parm u -0.11043444493192175 -0.11043444493192175 -4.9350515426301408E-07 -4.9350515426301408E-07
end
v 160.1168269571512 17.043155853000005 -157.53771385627775
v 160.61016580801152 17.043625816348534 -157.53718525488574
v 160.1168630671512 17.015466943000003 -157.54514327327774
v 160.61020191501152 17.01593815834946 -157.54461310988458
v 160.11689807415121 16.987563299000005 -157.55145894627776
v 160.61023691901153 16.988035865350458 -157.55092740988357
v 160.11693192115121 16.959495680000003 -157.55666375227776
v 160.6102707630115 16.959969673351516 -157.5561310448827
cstype bspline
deg 1 3
surf 2.36E-07 0.11158825175372215 0.62509976599999995 0.75006636699999996 3498 3499 3500 3501 3502 3503 3504 3505
parm u 2.36E-07 2.36E-07 0.11158825175372215 0.11158825175372215
parm v 0.62509976599999995 0.62509976599999995 0.62509976599999995 0.62509976599999995 0.75006636699999996 0.75006636699999996 0.75006636699999996 0.75006636699999996
trim -0.5129320977684303 -0.42744260600505518 1713 4.6569594036803649E-07 0.11062596569891642 1714 -0.2487747395389672 -0.16330307838054195 1715 -0.11043444493192175 -4.9350515426301408E-07 1716
end
# - trim loop
vp 2.7985623598259286E-07 0.875
vp 0.11194070278509916 0.875
cstype bspline
deg 1
curv2 5147 5148
parm u 3.8361406861474387E-07 3.8361406861474387E-07 0.11194070241537923 0.11194070241537923
end
vp 0.11194070278509916 0.875
vp 0.1119348617650338 0.87695108108677744
vp 0.11192903312527559 0.87890216221210704
vp 0.11192321720324476 0.88085324337710247
vp 0.11186321471039073 0.90098242204211343
vp 0.11180471012219513 0.921111604769004
vp 0.11174860004434745 0.94124079471825206
vp 0.11172053993289439 0.95130720943556579
vp 0.11169307841473544 0.9613736257211819
vp 0.11166632534456494 0.97144004400177031
vp 0.11165294144214538 0.97647602526011679
vp 0.11163973481752029 0.98151200697319774
vp 0.11162671902219774 0.9865479891967226
vp 0.11162020860801074 0.98906695398535627
vp 0.11161374593551492 0.99158591889506553
vp 0.11160733268726525 0.99410488393297791
vp 0.11160412535549376 0.99536464439800965
vp 0.11160093038485804 0.99662440489420601
vp 0.11159774798501594 0.99788416542246883
vp 0.11159280422902708 0.99984116296053516
vp 0.11159040402648317 1.0017981627728916
vp 0.11158822392414834 1.003755164247359
cstype bspline
deg 3
curv2 5149 5150 5151 5152 5153 5154 5155 5156 5157 5158 5159 5160 5161 5162 5163 5164 5165 5166 5167 5168 5169 5170
parm u -0.09509235954090825 -0.09509235954090825 -0.09509235954090825 -0.09509235954090825 -0.09076943329734026 -0.09076943329734026 -0.09076943329734026 -0.046170081782076308 -0.046170081782076308 -0.046170081782076308 -0.023866374101446451 -0.023866374101446451 -0.023866374101446451 -0.012708378204545878 -0.012708378204545878 -0.012708378204545878 -0.0071272229247048118 -0.0071272229247048118 -0.0071272229247048118 -0.0043360294524151556 -0.0043360294524151556 -0.0043360294524151556 0 0 0 0
end
vp 0.11158822392414834 1.003755164247359
vp 0.074392240835056259 1.0066949697694529
vp 0.037196256448644931 1.0096347588768602
vp 2.7012361930354335E-07 1.0125745234559529
cstype bspline
deg 3
curv2 5171 5172 5173 5174
parm u -0.49334732568482365 -0.49334732568482365 -0.49334732568482365 -0.49334732568482365 -0 -0 -0 -0
end
vp 2.7012361930354335E-07 1.0125745234559529
vp 2.7985623598259286E-07 0.875
cstype bspline
deg 1
curv2 5175 5176
parm u -0.74441687150345759 -0.74441687150345759 -0.64327685234452603 -0.64327685234452603
end
v 160.11607096115119 17.478706260000006 -157.26075642227775
v 160.6242515353469 17.479198367000198 -157.26024998127755
v 160.11611773915121 17.458144209000004 -157.28398310327776
v 160.62429831334688 17.458634309000193 -157.28347495227757
v 160.11616480715119 17.436523486000006 -157.30642606227775
v 160.62434538234692 17.437011699000195 -157.30591602627757
v 160.1162120421512 17.413872769000005 -157.32801305127776
v 160.62439261634691 17.414359238000195 -157.32750097727757
v 160.1162137681512 17.413062309000004 -157.32877057627775
v 160.6243943423469 17.41354871900019 -157.32825842627756
v 160.11621549415122 17.412251849000004 -157.32952810027774
v 160.6243960683469 17.412738200000195 -157.32901587627757
v 160.11621722015121 17.411441389000004 -157.33028562427776
v 160.62439779434692 17.411927680000193 -157.32977332627755
v 160.11621766415121 17.411232734000009 -157.33048065127775
v 160.62439823834691 17.411719010000198 -157.32996833327755
v 160.1162181081512 17.411024079000004 -157.33067567727775
v 160.62439868234691 17.411510340000195 -157.33016334127757
v 160.11621855315121 17.410815424000006 -157.33087070427774
v 160.62439912734692 17.411301669000192 -157.33035834827757
cstype bspline
deg 1 3
surf -4.6199999999999998E-07 0.1149445860442647 0.875 1.0125745260000001 3506 3507 3508 3509 3510 3511 3512 3513 3514 3515 3516 3517 3518 3519 3520 3521 3522 3523 3524 3525
parm u -4.6199999999999998E-07 -4.6199999999999998E-07 0.1149445860442647 0.1149445860442647
parm v 0.875 0.875 0.875 0.875 1 1 1 1.01 1.01 1.01 1.0125745260000001 1.0125745260000001 1.0125745260000001 1.0125745260000001
trim 3.8361406861474387E-07 0.11194070241537923 1717 -0.09509235954090825 0 1718 -0.49334732568482365 -0 1719 -0.74441687150345759 -0.64327685234452603 1720
end
# - trim loop
vp 3.3279057285254496E-08 0.125
vp 0 7.050099194825893E-07
cstype bspline
deg 1
curv2 5177 5178
parm u -0.091896099248774926 -0.091896099248774926 -0 -0
end
vp 0 7.050099194825893E-07
vp 0.1149445860442647 7.0889264421485859E-07
cstype bspline
deg 1
curv2 5179 5180
parm u -0.50817902107519919 -0.50817902107519919 -0 -0
end
vp 0.1149445860442647 7.0889264421485859E-07
vp 0.11494315496206738 0.0085316414997468077
vp 0.11492636901113253 0.017062502692510237
vp 0.11489431325042501 0.025593375091229432
cstype bspline
deg 3
curv2 5181 5182 5183 5184
parm u -0.019069028616761019 -0.019069028616761019 -0.019069028616761019 -0.019069028616761019 -0 -0 -0 -0
end
vp 0.11489431325042501 0.025593375091229432
vp 0.11476972575480614 0.058728850748007808
vp 0.11464469146771039 0.091864324537171929
vp 0.11451965764907596 0.125
cstype bspline
deg 3
curv2 5185 5186 5187 5188
parm u -0.72242260055091745 -0.72242260055091745 -0.72242260055091745 -0.72242260055091745 -0.6490057652007919 -0.6490057652007919 -0.6490057652007919 -0.6490057652007919
end
vp 0.11451965764907596 0.125
vp 3.3279057285254496E-08 0.125
cstype bspline
deg 1
curv2 5189 5190
parm u -0.11451949364465215 -0.11451949364465215 -3.3279057285259128E-08 -3.3279057285259128E-08
end
v 160.11522025115121 17.699268269000004 -156.67059581627777
v 160.62340078034691 17.699794119000206 -156.67007977327756
v 160.1152518661512 17.698968263000001 -156.70165836227775
v 160.6234323973469 17.699494220000208 -156.70114405027755
v 160.1152848821512 17.697357834000002 -156.73257335727774
v 160.6234654143469 17.697883631000206 -156.73206075927754
v 160.1153191861512 17.694465801000007 -156.76327144727776
v 160.62349972134689 17.694991177000208 -156.76276053027755
cstype bspline
deg 1 3
surf -4.6199999999999998E-07 0.1149445860442647 0 0.125 3526 3527 3528 3529 3530 3531 3532 3533
parm u -4.6199999999999998E-07 -4.6199999999999998E-07 0.1149445860442647 0.1149445860442647
parm v 0 0 0 0 0.125 0.125 0.125 0.125
trim -0.091896099248774926 -0 1721 -0.50817902107519919 -0 1722 -0.019069028616761019 -0 1723 -0.72242260055091745 -0.6490057652007919 1724 -0.11451949364465215 -3.3279057285259128E-08 1725
end
# - trim loop
vp 6.6634641634628049E-08 0.25
vp 3.3279057285254496E-08 0.125
cstype bspline
deg 1
curv2 5191 5192
parm u -0.18379269588809763 -0.18379269588809763 -0.091896099248774926 -0.091896099248774926
end
vp 3.3279057285254496E-08 0.125
vp 0.11451965764907596 0.125
cstype bspline
deg 1
curv2 5193 5194
parm u 3.3279057285259128E-08 3.3279057285259128E-08 0.11451949364465215 0.11451949364465215
end
vp 0.11451965764907596 0.125
vp 0.11436269144524774 0.16666650925674481
vp 0.11420596842443433 0.20833301924642486
vp 0.11405053137065328 0.25
cstype bspline
deg 3
curv2 5195 5196 5197 5198
parm u -0.6490057652007919 -0.6490057652007919 -0.6490057652007919 -0.6490057652007919 -0.5566870643854257 -0.5566870643854257 -0.5566870643854257 -0.5566870643854257
end
vp 0.11405053137065328 0.25
vp 6.6634641634628049E-08 0.25
cstype bspline
deg 1
curv2 5199 5200
parm u -0.11405035334815257 -0.11405035334815257 -6.6634645430135861E-08 -6.6634645430135861E-08
end
v 160.1153191861512 17.694465801000007 -156.76327144727776
v 160.62349972134689 17.694991177000208 -156.76276053027755
v 160.11535408815121 17.690995591000004 -156.79384615627777
v 160.62353462534691 17.691520345000207 -156.79333685727755
v 160.11539022915122 17.686259669000005 -156.82417580727775
v 160.62357076934688 17.686783555000208 -156.82366804327756
v 160.1154275011512 17.680286283000004 -156.85419493127776
v 160.62360804334691 17.680809064000208 -156.85368860527757
cstype bspline
deg 1 3
surf -4.6199999999999998E-07 0.1149445860442647 0.125 0.25 3534 3535 3536 3537 3538 3539 3540 3541
parm u -4.6199999999999998E-07 -4.6199999999999998E-07 0.1149445860442647 0.1149445860442647
parm v 0.125 0.125 0.125 0.125 0.25 0.25 0.25 0.25
trim -0.18379269588809763 -0.091896099248774926 1726 3.3279057285259128E-08 0.11451949364465215 1727 -0.6490057652007919 -0.5566870643854257 1728 -0.11405035334815257 -6.6634645430135861E-08 1729
end
# - trim loop
vp 9.9990196981194E-08 0.375
vp 6.6634641634628049E-08 0.25
cstype bspline
deg 1
curv2 5201 5202
parm u -0.2756891327185173 -0.2756891327185173 -0.18379269588809763 -0.18379269588809763
end
vp 6.6634641634628049E-08 0.25
vp 0.11405053137065328 0.25
cstype bspline
deg 1
curv2 5203 5204
parm u 6.6634645430135861E-08 6.6634645430135861E-08 0.11405035334815257 0.11405035334815257
end
vp 0.11405053137065328 0.25
vp 0.11389535538472925 0.29166665984767637
vp 0.11374160378470156 0.33333332501619062
vp 0.11359043039046544 0.375
cstype bspline
deg 3
curv2 5205 5206 5207 5208
parm u -0.5566870643854257 -0.5566870643854257 -0.5566870643854257 -0.5566870643854257 -0.46436774837855116 -0.46436774837855116 -0.46436774837855116 -0.46436774837855116
end
vp 0.11359043039046544 0.375
vp 9.9990196981194E-08 0.375
cstype bspline
deg 1
curv2 5209 5210
parm u -0.11359034578239541 -0.11359034578239541 -9.9990230401663021E-08 -9.9990230401663021E-08
end
v 160.1154275011512 17.680286283000004 -156.85419493127776
v 160.62360804334691 17.680809064000208 -156.85368860527757
v 160.11546530015121 17.673757135000006 -156.88405359427776
v 160.62364584534689 17.674278643000203 -156.88354857627758
v 160.11550418615121 17.666004119000004 -156.91357977827775
v 160.62368473334689 17.666524144000206 -156.91307593027756
v 160.1155440511512 17.657053929000003 -156.94271027427774
v 160.62372460134691 17.657572279000206 -156.94220744627756
cstype bspline
deg 1 3
surf -4.6199999999999998E-07 0.1149445860442647 0.25 0.375 3542 3543 3544 3545 3546 3547 3548 3549
parm u -4.6199999999999998E-07 -4.6199999999999998E-07 0.1149445860442647 0.1149445860442647
parm v 0.25 0.25 0.25 0.25 0.375 0.375 0.375 0.375
trim -0.2756891327185173 -0.18379269588809763 1730 6.6634645430135861E-08 0.11405035334815257 1731 -0.5566870643854257 -0.46436774837855116 1732 -0.11359034578239541 -9.9990230401663021E-08 1733
end
# - trim loop
vp 1.3334579984497579E-07 0.5
vp 9.9990196981194E-08 0.375
cstype bspline
deg 1
curv2 5211 5212
parm u -0.36758583137442835 -0.36758583137442835 -0.2756891327185173 -0.2756891327185173
end
vp 9.9990196981194E-08 0.375
vp 0.11359043039046544 0.375
cstype bspline
deg 1
curv2 5213 5214
parm u 9.9990230401663021E-08 9.9990230401663021E-08 0.11359034578239541 0.11359034578239541
end
vp 0.11359043039046544 0.375
vp 0.11343941951174744 0.41666684114563718
vp 0.11329100386427141 0.45833342935660687
vp 0.11314648439994715 0.5
cstype bspline
deg 3
curv2 5215 5216 5217 5218
parm u -0.46436774837855116 -0.46436774837855116 -0.46436774837855116 -0.46436774837855116 -0.37204895042175062 -0.37204895042175062 -0.37204895042175062 -0.37204895042175062
end
vp 0.11314648439994715 0.5
vp 1.3334579984497579E-07 0.5
cstype bspline
deg 1
curv2 5219 5220
parm u -0.11314648379910523 -0.11314648379910523 -1.3334579230049613E-07 -1.3334579230049613E-07
end
v 160.1155440511512 17.657053929000003 -156.94271027427774
v 160.62372460134691 17.657572279000206 -156.94220744627756
v 160.11558438115119 17.647565829000005 -156.97165000127777
v 160.62376493534691 17.648082382000204 -156.97114801027757
v 160.11562565115122 17.636890675000004 -157.00017486927774
v 160.62380620734689 17.637405273000205 -156.99967353627756
v 160.11566775415122 17.625053402000006 -157.02822219827775
v 160.62384831334691 17.625565908000205 -157.02772133727757
cstype bspline
deg 1 3
surf -4.6199999999999998E-07 0.1149445860442647 0.375 0.5 3550 3551 3552 3553 3554 3555 3556 3557
parm u -4.6199999999999998E-07 -4.6199999999999998E-07 0.1149445860442647 0.1149445860442647
parm v 0.375 0.375 0.375 0.375 0.5 0.5 0.5 0.5
trim -0.36758583137442835 -0.2756891327185173 1734 9.9990230401663021E-08 0.11359034578239541 1735 -0.46436774837855116 -0.37204895042175062 1736 -0.11314648379910523 -1.3334579230049613E-07 1737
end
# - trim loop
vp 2.0410027825452679E-07 0.625
vp 1.3334579984497579E-07 0.5
cstype bspline
deg 1
curv2 5221 5222
parm u -0.45948115896485947 -0.45948115896485947 -0.36758583137442835 -0.36758583137442835
end
vp 1.3334579984497579E-07 0.5
vp 0.11314648439994715 0.5
cstype bspline
deg 1
curv2 5223 5224
parm u 1.3334579230049613E-07 1.3334579230049613E-07 0.11314648379910523 0.11314648379910523
end
vp 0.11314648439994715 0.5
vp 0.11313067291230908 0.50455882738697189
vp 0.11311490747211921 0.50911764808626736
vp 0.11309919038495048 0.51367646897060448
vp 0.11297125663092832 0.55078430348133733
vp 0.11284629577707447 0.58789214693418912
vp 0.11272429626168727 0.625
cstype bspline
deg 3
curv2 5225 5226 5227 5228 5229 5230 5231
parm u -0.37204895042175062 -0.37204895042175062 -0.37204895042175062 -0.37204895042175062 -0.36194814801059655 -0.36194814801059655 -0.36194814801059655 -0.27972976000888933 -0.27972976000888933 -0.27972976000888933 -0.27972976000888933
end
vp 0.11272429626168727 0.625
vp 2.0410027825452679E-07 0.625
cstype bspline
deg 1
curv2 5232 5233
parm u -0.11272429675197913 -0.11272429675197913 -2.4149964207082573E-07 -2.4149964207082573E-07
end
v 160.11566775415122 17.625053402000006 -157.02822219827775
v 160.62384831334691 17.625565908000205 -157.02772133727757
v 160.1157102621512 17.612690866000005 -157.05605004027777
v 160.62389082434692 17.613201216000196 -157.05554942927756
v 160.1157535631512 17.599173163000007 -157.08338056727774
v 160.6239341273469 17.5996812610002 -157.08288000027756
v 160.1157975501512 17.584523973000007 -157.11015001927777
v 160.6239781163469 17.585029749000199 -157.10964928827755
cstype bspline
deg 1 3
surf -4.6199999999999998E-07 0.1149445860442647 0.5 0.625 3558 3559 3560 3561 3562 3563 3564 3565
parm u -4.6199999999999998E-07 -4.6199999999999998E-07 0.1149445860442647 0.1149445860442647
parm v 0.5 0.5 0.5 0.5 0.625 0.625 0.625 0.625
trim -0.45948115896485947 -0.36758583137442835 1738 1.3334579230049613E-07 0.11314648379910523 1739 -0.37204895042175062 -0.27972976000888933 1740 -0.11272429675197913 -2.4149964207082573E-07 1741
end
# - trim loop
vp 2.2539333464150626E-07 0.75
vp 2.0410027825512623E-07 0.625
cstype bspline
deg 1
curv2 5234 5235
parm u -0.55137520881502522 -0.55137520881502522 -0.45948115896485947 -0.45948115896485947
end
vp 2.0410027825512623E-07 0.625
vp 0.11272429626168727 0.625
cstype bspline
deg 1
curv2 5236 5237
parm u 2.4149964207082573E-07 2.4149964207082573E-07 0.11272429675197913 0.11272429675197913
end
vp 0.11272429626168727 0.625
vp 0.11258730920236015 0.66666683498812462
vp 0.112454056818104 0.70833342423957002
vp 0.11232452305435968 0.75
cstype bspline
deg 3
curv2 5238 5239 5240 5241
parm u -0.27972976000888933 -0.27972976000888933 -0.27972976000888933 -0.27972976000888933 -0.18741105258002635 -0.18741105258002635 -0.18741105258002635 -0.18741105258002635
end
vp 0.11232452305435968 0.75
vp 2.2539333464150626E-07 0.75
cstype bspline
deg 1
curv2 5242 5243
parm u -0.11232452306751872 -0.11232452306751872 -3.5200636886833164E-07 -3.5200636886833164E-07
end
v 160.1157975501512 17.584523973000007 -157.11015001927777
v 160.6239781163469 17.585029749000199 -157.10964928827755
v 160.11584187915122 17.569358476000005 -157.13666806927776
v 160.6240224473469 17.569861930000197 -157.13616693127756
v 160.1158868491512 17.553066948000005 -157.16260174727776
v 160.62406741934689 17.553568056000199 -157.16209998627755
v 160.11593234915119 17.535672960000007 -157.18788494427776
v 160.6241129203469 17.536171719000198 -157.18738235027757
cstype bspline
deg 1 3
surf -4.6199999999999998E-07 0.1149445860442647 0.625 0.75 3566 3567 3568 3569 3570 3571 3572 3573
parm u -4.6199999999999998E-07 -4.6199999999999998E-07 0.1149445860442647 0.1149445860442647
parm v 0.625 0.625 0.625 0.625 0.75 0.75 0.75 0.75
trim -0.55137520881502522 -0.45948115896485947 1742 2.4149964207082573E-07 0.11272429675197913 1743 -0.27972976000888933 -0.18741105258002635 1744 -0.11232452306751872 -3.5200636886833164E-07 1745
end
# - trim loop
vp 2.7985623598259286E-07 0.875
vp 2.8869985175491893E-07 0.75
cstype bspline
deg 1
curv2 5244 5245
parm u -0.64327685234452603 -0.64327685234452603 -0.55137520881502522 -0.55137520881502522
end
vp 2.8869985175491893E-07 0.75
vp 0.11232452305435968 0.75
cstype bspline
deg 1
curv2 5246 5247
parm u 3.5200636886833164E-07 3.5200636886833164E-07 0.11232452306751872 0.11232452306751872
end
vp 0.11232452305435968 0.75
vp 0.11231474458485567 0.75314540331660762
vp 0.11230498731967742 0.75629079813894495
vp 0.11229525123875372 0.75943619303619614
vp 0.11217601490386725 0.79795737648343279
vp 0.11205601813310243 0.83647855743784016
vp 0.11194070278509916 0.875
cstype bspline
deg 3
curv2 5248 5249 5250 5251 5252 5253 5254
parm u -0.18741105258002635 -0.18741105258002635 -0.18741105258002635 -0.18741105258002635 -0.18044194790324261 -0.18044194790324261 -0.18044194790324261 -0.09509235954090825 -0.09509235954090825 -0.09509235954090825 -0.09509235954090825
end
vp 0.11194070278509916 0.875
vp 2.7985623598259286E-07 0.875
cstype bspline
deg 1
curv2 5255 5256
parm u -0.11194070241537923 -0.11194070241537923 -3.8361406861474387E-07 -3.8361406861474387E-07
end
v 160.11593234915119 17.535672960000007 -157.18788494427776
v 160.6241129203469 17.536171719000198 -157.18738235027757
v 160.11597811615121 17.517771344000003 -157.21287784327777
v 160.6241586893469 17.518267830000198 -157.21237416927755
v 160.1160243591512 17.498774070000007 -157.23719139827776
v 160.6242049333469 17.499268330000199 -157.23668643727757
v 160.11607096115119 17.478706260000006 -157.26075642227775
v 160.6242515353469 17.479198367000198 -157.26024998127755
cstype bspline
deg 1 3
surf -4.6199999999999998E-07 0.1149445860442647 0.75 0.875 3574 3575 3576 3577 3578 3579 3580 3581
parm u -4.6199999999999998E-07 -4.6199999999999998E-07 0.1149445860442647 0.1149445860442647
parm v 0.75 0.75 0.75 0.75 0.875 0.875 0.875 0.875
trim -0.64327685234452603 -0.55137520881502522 1746 3.5200636886833164E-07 0.11232452306751872 1747 -0.18741105258002635 -0.09509235954090825 1748 -0.11194070241537923 -3.8361406861474387E-07 1749
end
# - trim loop
vp 0.11505201401402937 1.000547848744602E-08
vp 0.11501800213674765 0.3333333420048693
vp 0.11498222213659369 0.66666667379961608
vp 0.11494458602350613 1.0000000054098219
cstype bspline
deg 3
curv2 5257 5258 5259 5260
parm u -0.50000130000291276 -0.50000130000291276 -0.50000130000291276 -0.50000130000291276 -0 -0 -0 -0
end
vp 0.11494458602350613 1.0000000054098219
vp 0 0.99999999999999956
cstype bspline
deg 1
curv2 5261 5262
parm u -0.5081790210751993 -0.5081790210751993 -0 -0
end
vp 0 0.99999999999999956
vp 0 0
cstype bspline
deg 1
curv2 5263 5264
parm u -0.50004430816604239 -0.50004430816604239 -0 -0
end
vp 0 0
vp 0.11505201401402937 1.000547848744602E-08
cstype bspline
deg 1
curv2 5265 5266
parm u -0.50865396916400107 -0.50865396916400107 -0 -0
end
v 160.1147460911512 17.699273358000006 -156.17055225627774
v 160.62339957321322 17.699794534000066 -156.1700789942777
v 160.11489686815202 17.699270990999995 -156.33723325117947
v 160.62355033421406 17.699794451000066 -156.33674592617933
v 160.1150554721529 17.699269190999988 -156.50391461208119
v 160.62370892221495 17.699794387000065 -156.50341286708098
v 160.11522229415391 17.699268005999983 -156.67059633998292
v 160.62387572821595 17.699794345000065 -156.67007981698262
cstype bspline
deg 1 3
surf -2.0613131763793483E-15 0.11505201401402937 0 1.0000000054098219 3582 3583 3584 3585 3586 3587 3588 3589
parm u -2.0613131763793483E-15 -2.0613131763793483E-15 0.11505201401402937 0.11505201401402937
parm v 0 0 0 0 1.0000000054098219 1.0000000054098219 1.0000000054098219 1.0000000054098219
trim -0.50000130000291276 -0 1750 -0.5081790210751993 -0 1751 -0.50004430816604239 -0 1752 -0.50865396916400107 -0 1753
end
# - trim loop
vp 0.11576397682738553 -4.3345342865532601E-10
vp 0.11573353372503657 0.00053876060572789536
vp 0.11571830860110938 0.0010773059949176079
vp 0.11571835121479719 0.0016169280721643913
cstype bspline
deg 3
curv2 5267 5268 5269 5270
parm u -0.019081534263009386 -0.019081534263009386 -0.019081534263009386 -0.019081534263009386 -0 -0 -0 -0
end
vp 0.11571835121479719 0.0016169280721643913
vp 0.11567469395463018 0.33441145248522475
vp 0.11583835114967855 0.66720554127823595
vp 0.11505201496969772 1.0000000004612235
cstype bspline
deg 3
curv2 5271 5272 5273 5274
parm u -11.78093326903284 -11.78093326903284 -11.78093326903284 -11.78093326903284 -0 -0 -0 -0
end
vp 0.11505201496969772 1.0000000004612235
vp 0 1
cstype bspline
deg 1
curv2 5275 5276
parm u -0.50865396916400119 -0.50865396916400119 -0 -0
end
vp 0 1
vp -1.7542801547360046E-05 0.66666666606428471
vp 1.836511611412214E-05 0.33333333355774453
vp 0 -4.2225252067642273E-10
cstype bspline
deg 3
curv2 5277 5278 5279 5280
parm u -11.800441150511997 -11.800441150511997 -11.800441150511997 -11.800441150511997 -0 -0 -0 -0
end
vp 0 -4.2225252067642273E-10
vp 0.11576397682738553 -4.3345342865532601E-10
cstype bspline
deg 1
curv2 5281 5282
parm u -0.51180160740946534 -0.51180160740946534 -0 -0
end
v 160.11179346213947 17.699743345159217 -144.37011284417906
v 160.62394588015096 17.69980944600001 -144.370065936163
v 160.11198846814054 17.699698836300431 -148.30338701724915
v 160.62414088415193 17.699808193000017 -148.30339708668205
v 160.11124723614188 17.699327386779686 -152.23686753592307
v 160.623399553149 17.699797865999997 -152.23673439720113
v 160.11472408216531 17.6992714494471 -156.17055228220019
v 160.62687601615602 17.699796209000009 -156.1700757647202
cstype bspline
deg 1 3
surf -4.9786523018141392E-06 0.11583834899999999 -4.3345342865532601E-10 1.0000000004612235 3590 3591 3592 3593 3594 3595 3596 3597
parm u -4.9786523018141392E-06 -4.9786523018141392E-06 0.11583834899999999 0.11583834899999999
parm v -4.3345342865532601E-10 -4.3345342865532601E-10 -4.3345342865532601E-10 -4.3345342865532601E-10 1.0000000004612235 1.0000000004612235 1.0000000004612235 1.0000000004612235
trim -0.019081534263009386 -0 1754 -11.78093326903284 -0 1755 -0.50865396916400119 -0 1756 -11.800441150511997 -0 1757 -0.51180160740946534 -0 1758
end
# - trim loop
vp 0 0.93749997399999996
vp 0.11620271171965169 0.93749997399999996
cstype bspline
deg 1
curv2 5283 5284
parm u 1.0628563673983148E-07 1.0628563673983148E-07 0.11620271171376727 0.11620271171376727
end
vp 0.11620271171965169 0.93749997399999996
vp 0.11605968772707791 0.95833333647056407
vp 0.11591283739668916 0.97916667416327463
vp 0.11576397629135035 0.99999999988917831
cstype bspline
deg 3
curv2 5285 5286 5287 5288
parm u -0.088551970015003381 -0.088551970015003381 -0.088551970015003381 -0.088551970015003381 0 0 0 0
end
vp 0.11576397629135035 0.99999999988917831
vp 0 1.0000000000000133
cstype bspline
deg 1
curv2 5289 5290
parm u -0.51180160740946534 -0.51180160740946534 -0 -0
end
vp 0 1.0000000000000133
vp 0 0.93749997399999996
cstype bspline
deg 1
curv2 5291 5292
parm u -1.4183270994500945 -1.4183270994500945 -1.3296817554532643 -1.3296817554532643
end
v 160.11180894815121 17.695005553000005 -144.27804365827777
v 160.64246813215121 17.695073092000001 -144.27799521327776
v 160.11181097415121 17.697854075000006 -144.30847569227777
v 160.64247015715119 17.697921906000001 -144.30842717527776
v 160.1118131491512 17.699446674000004 -144.33918712627778
v 160.6424723331512 17.699514823000008 -144.33913855627776
v 160.11181547415123 17.699741828000004 -144.37011284227776
v 160.64247465715121 17.699810318000008 -144.37006423927778
cstype bspline
deg 1 3
surf -1.4465827543567197E-15 0.120029357 0.93749997399999996 1.0000000000000133 3598 3599 3600 3601 3602 3603 3604 3605
parm u -1.4465827543567197E-15 -1.4465827543567197E-15 0.120029357 0.120029357
parm v 0.93749997399999996 0.93749997399999996 0.93749997399999996 0.93749997399999996 1.0000000000000133 1.0000000000000133 1.0000000000000133 1.0000000000000133
trim 1.0628563673983148E-07 0.11620271171376727 1759 -0.088551970015003381 0 1760 -0.51180160740946534 -0 1761 -1.4183270994500945 -1.3296817554532643 1762
end
# - trim loop
vp 0 0.062499609999999997
vp 0 -2.1778937882958437E-07
cstype bspline
deg 1
curv2 5293 5294
parm u -0.088643823811545869 -0.088643823811545869 -0 -0
end
vp 0 -2.1778937882958437E-07
vp 0.12002881052687715 -4.1577205525716589E-07
cstype bspline
deg 1
curv2 5295 5296
parm u -0.53065677355291618 -0.53065677355291618 -0 -0
end
vp 0.12002881052687715 -4.1577205525716589E-07
vp 0.12002960315329943 0.020832941830916756
vp 0.12002128731127717 0.041666279556167356
vp 0.12000352454770374 0.062499609999999997
cstype bspline
deg 3
curv2 5297 5298 5299 5300
parm u -1.4168095446781419 -1.4168095446781419 -1.4168095446781419 -1.4168095446781419 -1.3282598858800603 -1.3282598858800603 -1.3282598858800603 -1.3282598858800603
end
vp 0.12000352454770374 0.062499609999999997
vp 0 0.062499609999999997
cstype bspline
deg 1
curv2 5301 5302
parm u -0.12000352454768115 -0.12000352454768115 -3.4705209948765882E-08 -3.4705209948765882E-08
end
v 160.11184152515119 16.799936122000005 -143.47030811027776
v 160.6425007081512 16.800000174000001 -143.47025436027775
v 160.11183805615121 16.830738725000003 -143.47060240127774
v 160.64249724015122 16.830803124000003 -143.47054882027777
v 160.11183473715118 16.861328419000007 -143.47218552627777
v 160.6424939201512 16.861393150000005 -143.47213214327775
v 160.11183156915121 16.891640610000007 -143.47501615427777
v 160.64249075215119 16.891705653000006 -143.47496299527776
cstype bspline
deg 1 3
surf -1.4465827543567197E-15 0.120029357 -4.1600000000000002E-07 0.062499609999999997 3606 3607 3608 3609 3610 3611 3612 3613
parm u -1.4465827543567197E-15 -1.4465827543567197E-15 0.120029357 0.120029357
parm v -4.1600000000000002E-07 -4.1600000000000002E-07 -4.1600000000000002E-07 -4.1600000000000002E-07 0.062499609999999997 0.062499609999999997 0.062499609999999997 0.062499609999999997
trim -0.088643823811545869 -0 1763 -0.53065677355291618 -0 1764 -1.4168095446781419 -1.3282598858800603 1765 -0.12000352454768115 -3.4705209948765882E-08 1766
end
# - trim loop
vp 0 0.124999636
vp 0 0.062499609999999997
cstype bspline
deg 1
curv2 5303 5304
parm u -0.17729132632959088 -0.17729132632959088 -0.088643823811545869 -0.088643823811545869
end
vp 0 0.062499609999999997
vp 0.12000352454770374 0.062499609999999997
cstype bspline
deg 1
curv2 5305 5306
parm u 3.4705209948765882E-08 3.4705209948765882E-08 0.12000352454768115 0.12000352454768115
end
vp 0.12000352454770374 0.062499609999999997
vp 0.11998687849325153 0.082023190924957357
vp 0.11996193599715672 0.10154676546170849
vp 0.11992841851095333 0.1210703438804506
vp 0.11992616994973437 0.1223801068209409
vp 0.11992388437087108 0.12368986963092403
vp 0.11992155984402067 0.124999636
cstype bspline
deg 3
curv2 5307 5308 5309 5310 5311 5312 5313
parm u -1.3282598858800603 -1.3282598858800603 -1.3282598858800603 -1.3282598858800603 -1.2452771653220618 -1.2452771653220618 -1.2452771653220618 -1.2397101688546728 -1.2397101688546728 -1.2397101688546728 -1.2397101688546728
end
vp 0.11992155984402067 0.124999636
vp 0 0.124999636
cstype bspline
deg 1
curv2 5314 5315
parm u -0.11992155755660776 -0.11992155755660776 -4.4589602021461098E-08 -4.4589602021461098E-08
end
v 160.11183156915121 16.891640610000007 -143.47501615427777
v 160.64249075215119 16.891705653000006 -143.47496299527776
v 160.11182847215119 16.921826618000004 -143.47841609127775
v 160.64248765615122 16.921891951000006 -143.47836316827775
v 160.1118255311512 16.951681848000007 -143.48304435227774
v 160.64248471415121 16.951747450000006 -143.48299168627776
v 160.1118227441512 16.981147363000005 -143.48885509127774
v 160.6424819281512 16.981213211000004 -143.48880269927776
cstype bspline
deg 1 3
surf -1.4465827543567197E-15 0.120029357 0.062499609999999997 0.124999636 3614 3615 3616 3617 3618 3619 3620 3621
parm u -1.4465827543567197E-15 -1.4465827543567197E-15 0.120029357 0.120029357
parm v 0.062499609999999997 0.062499609999999997 0.062499609999999997 0.062499609999999997 0.124999636 0.124999636 0.124999636 0.124999636
trim -0.17729132632959088 -0.088643823811545869 1767 3.4705209948765882E-08 0.12000352454768115 1768 -1.3282598858800603 -1.2397101688546728 1769 -0.11992155755660776 -4.4589602021461098E-08 1770
end
# - trim loop
vp 0 0.18749966200000001
vp 0 0.124999636
cstype bspline
deg 1
curv2 5316 5317
parm u -0.26593789483595676 -0.26593789483595676 -0.17729132632959088 -0.17729132632959088
end
vp 0 0.124999636
vp 0.11992155984402067 0.124999636
cstype bspline
deg 1
curv2 5318 5319
parm u 4.4589602021461098E-08 4.4589602021461098E-08 0.11992155755660776 0.11992155755660776
end
vp 0.11992155984402067 0.124999636
vp 0.11988462298380337 0.14583300524863557
vp 0.11983841009683791 0.16666634327098276
vp 0.11978425227929596 0.18749966200000001
cstype bspline
deg 3
curv2 5320 5321 5322 5323
parm u -1.2397101688546728 -1.2397101688546728 -1.2397101688546728 -1.2397101688546728 -1.1511600673158149 -1.1511600673158149 -1.1511600673158149 -1.1511600673158149
end
vp 0.11978425227929596 0.18749966200000001
vp 0 0.18749966200000001
cstype bspline
deg 1
curv2 5324 5325
parm u -0.11978414650401281 -0.11978414650401281 -3.2318473053267745E-08 -3.2318473053267745E-08
end
v 160.1118227441512 16.981147363000005 -143.48885509127774
v 160.6424819281512 16.981213211000004 -143.48880269927776
v 160.11182003315119 17.010416016000004 -143.49520071127776
v 160.6424792161512 17.010482085000007 -143.49514859727776
v 160.11181747715119 17.039254114000006 -143.50270309927777
v 160.64247666115122 17.039320381000007 -143.50265127827777
v 160.11181507815121 17.067608968000005 -143.51131436527777
v 160.64247426215121 17.067675408000007 -143.51126284627776
cstype bspline
deg 1 3
surf -1.4465827543567197E-15 0.120029357 0.124999636 0.18749966200000001 3622 3623 3624 3625 3626 3627 3628 3629
parm u -1.4465827543567197E-15 -1.4465827543567197E-15 0.120029357 0.120029357
parm v 0.124999636 0.124999636 0.124999636 0.124999636 0.18749966200000001 0.18749966200000001 0.18749966200000001 0.18749966200000001
trim -0.26593789483595676 -0.17729132632959088 1771 4.4589602021461098E-08 0.11992155755660776 1772 -1.2397101688546728 -1.1511600673158149 1773 -0.11978414650401281 -3.2318473053267745E-08 1774
end
# - trim loop
vp 0 0.249999688
vp 0 0.18749966200000001
cstype bspline
deg 1
curv2 5326 5327
parm u -0.3545832135940778 -0.3545832135940778 -0.26593789483595676 -0.26593789483595676
end
vp 0 0.18749966200000001
vp 0.11978425227929596 0.18749966200000001
cstype bspline
deg 1
curv2 5328 5329
parm u 3.2318473053267745E-08 3.2318473053267745E-08 0.11978414650401281 0.11978414650401281
end
vp 0.11978425227929596 0.18749966200000001
vp 0.11973427047899284 0.20680526564990453
vp 0.11967745179076543 0.22611068301017176
vp 0.11961504569551565 0.2454160937545336
vp 0.11961010676877733 0.24694395748223333
vp 0.11960513525164841 0.24847182105773458
vp 0.1196001286562739 0.249999688
cstype bspline
deg 3
curv2 5330 5331 5332 5333 5334 5335 5336
parm u -1.1511600673158149 -1.1511600673158149 -1.1511600673158149 -1.1511600673158149 -1.0691043242037388 -1.0691043242037388 -1.0691043242037388 -1.0626102902144852 -1.0626102902144852 -1.0626102902144852 -1.0626102902144852
end
vp 0.1196001286562739 0.249999688
vp 0 0.249999688
cstype bspline
deg 1
curv2 5337 5338
parm u -0.11960012560849506 -0.11960012560849506 -1.532303118577636E-10 -1.532303118577636E-10
end
v 160.11181507815121 17.067608968000005 -143.51131436527777
v 160.64247426215121 17.067675408000007 -143.51126284627776
v 160.1118127541512 17.095714913000005 -143.52041990827774
v 160.6424719381512 17.095781501000005 -143.52036868727777
v 160.11181058615119 17.123308774000005 -143.53060676627774
v 160.64246976915121 17.123375487000004 -143.53055584927776
v 160.11180857315119 17.150343427000006 -143.54182712127775
v 160.64246775615121 17.150410241000007 -143.54177651027774
cstype bspline
deg 1 3
surf -1.4465827543567197E-15 0.120029357 0.18749966200000001 0.249999688 3630 3631 3632 3633 3634 3635 3636 3637
parm u -1.4465827543567197E-15 -1.4465827543567197E-15 0.120029357 0.120029357
parm v 0.18749966200000001 0.18749966200000001 0.18749966200000001 0.18749966200000001 0.249999688 0.249999688 0.249999688 0.249999688
trim -0.3545832135940778 -0.26593789483595676 1775 3.2318473053267745E-08 0.11978414650401281 1776 -1.1511600673158149 -1.0626102902144852 1777 -0.11960012560849506 -1.532303118577636E-10 1778
end
# - trim loop
vp 0 0.31249971399999998
vp 0 0.249999688
cstype bspline
deg 1
curv2 5339 5340
parm u -0.44322789089150916 -0.44322789089150916 -0.3545832135940778 -0.3545832135940778
end
vp 0 0.249999688
vp 0.1196001286562739 0.249999688
cstype bspline
deg 1
curv2 5341 5342
parm u 1.532303118577636E-10 1.532303118577636E-10 0.11960012560849506 0.11960012560849506
end
vp 0.1196001286562739 0.249999688
vp 0.11953190333392193 0.27083293313918638
vp 0.11945772246051128 0.29166615073619495
vp 0.11937886702281775 0.31249971399999998
cstype bspline
deg 3
curv2 5343 5344 5345 5346
parm u -1.0626102902144852 -1.0626102902144852 -1.0626102902144852 -1.0626102902144852 -0.97406061658171073 -0.97406061658171073 -0.97406061658171073 -0.97406061658171073
end
vp 0.11937886702281775 0.31249971399999998
vp 0 0.31249971399999998
cstype bspline
deg 1
curv2 5347 5348
parm u -0.11937872842683743 -0.11937872842683743 -5.0346543759455525E-12 -5.0346543759455525E-12
end
v 160.11180857315119 17.150343427000006 -143.54182712127775
v 160.64246775615121 17.150410241000007 -143.54177651027774
v 160.1118066321512 17.177093754000005 -143.55350129727776
v 160.64246581515121 17.177160646000008 -143.55345098227775
v 160.1118048451512 17.203265948000006 -143.56618319927776
v 160.64246402815121 17.203332896000006 -143.56613317727775
v 160.11180321015121 17.228817134000003 -143.57982657327776
v 160.64246239415121 17.228884119000007 -143.57977684227777
cstype bspline
deg 1 3
surf -1.4465827543567197E-15 0.120029357 0.249999688 0.31249971399999998 3638 3639 3640 3641 3642 3643 3644 3645
parm u -1.4465827543567197E-15 -1.4465827543567197E-15 0.120029357 0.120029357
parm v 0.249999688 0.249999688 0.249999688 0.249999688 0.31249971399999998 0.31249971399999998 0.31249971399999998 0.31249971399999998
trim -0.44322789089150916 -0.3545832135940778 1779 1.532303118577636E-10 0.11960012560849506 1780 -1.0626102902144852 -0.97406061658171073 1781 -0.11937872842683743 -5.0346543759455525E-12 1782
end
# - trim loop
vp 0 0.37499974000000003
vp 0 0.31249971399999998
cstype bspline
deg 1
curv2 5349 5350
parm u -0.53187423349468232 -0.53187423349468232 -0.44322789089150916 -0.44322789089150916
end
vp 0 0.31249971399999998
vp 0.11937886702281775 0.31249971399999998
cstype bspline
deg 1
curv2 5351 5352
parm u 5.0346543759455525E-12 5.0346543759455525E-12 0.11937872842683743 0.11937872842683743
end
vp 0.11937886702281775 0.31249971399999998
vp 0.11930019520409496 0.33333307422278163
vp 0.11921697213949721 0.35416641410441124
vp 0.11913039982398405 0.37499974000000003
cstype bspline
deg 3
curv2 5353 5354 5355 5356
parm u -0.97406061658171073 -0.97406061658171073 -0.97406061658171073 -0.97406061658171073 -0.88550941926165416 -0.88550941926165416 -0.88550941926165416 -0.88550941926165416
end
vp 0.11913039982398405 0.37499974000000003
vp 0 0.37499974000000003
cstype bspline
deg 1
curv2 5357 5358
parm u -0.11913017943219768 -0.11913017943219768 -4.5768300516166938E-12 -4.5768300516166938E-12
end
v 160.11180321015121 17.228817134000003 -143.57982657327776
v 160.64246239415121 17.228884119000007 -143.57977684227777
v 160.11180164515119 17.254061293000003 -143.59388792727776
v 160.64246082915122 17.254128295000001 -143.59383846927776
v 160.11180023115119 17.278672448000005 -143.60888905727776
v 160.64245941515119 17.278739450000003 -143.60883986527776
v 160.1117989671512 17.302610378000004 -143.62478606927775
v 160.6424581511512 17.302677363000004 -143.62473713227774
cstype bspline
deg 1 3
surf -1.4465827543567197E-15 0.120029357 0.31249971399999998 0.37499974000000003 3646 3647 3648 3649 3650 3651 3652 3653
parm u -1.4465827543567197E-15 -1.4465827543567197E-15 0.120029357 0.120029357
parm v 0.31249971399999998 0.31249971399999998 0.31249971399999998 0.31249971399999998 0.37499974000000003 0.37499974000000003 0.37499974000000003 0.37499974000000003
trim -0.53187423349468232 -0.44322789089150916 1783 5.0346543759455525E-12 0.11937872842683743 1784 -0.97406061658171073 -0.88550941926165416 1785 -0.11913017943219768 -4.5768300516166938E-12 1786
end
# - trim loop
vp 0 0.62499984399999997
vp 0 0.37499974000000003
cstype bspline
deg 1
curv2 5359 5360
parm u -0.88645538429023363 -0.88645538429023363 -0.53187423349468232 -0.53187423349468232
end
vp 0 0.37499974000000003
vp 0.11913039982398405 0.37499974000000003
cstype bspline
deg 1
curv2 5361 5362
parm u 4.5768300516166938E-12 4.5768300516166938E-12 0.11913017943219768 0.11913017943219768
end
vp 0.11913039982398405 0.37499974000000003
vp 0.1189576606634517 0.41672972269628561
vp 0.1187721571969033 0.45845909814696845
vp 0.11858555886816841 0.5001884796765339
vp 0.11839952195028555 0.5417923117019976
vp 0.11820334233061378 0.58339609344048005
vp 0.11800061677460807 0.62499984399999997
cstype bspline
deg 3
curv2 5363 5364 5365 5366 5367 5368 5369
parm u -0.88550941926165416 -0.88550941926165416 -0.88550941926165416 -0.88550941926165416 -0.70814177731157435 -0.70814177731157435 -0.70814177731157435 -0.53130777421916087 -0.53130777421916087 -0.53130777421916087 -0.53130777421916087
end
vp 0.11800061677460807 0.62499984399999997
vp 0 0.62499984399999997
cstype bspline
deg 1
curv2 5370 5371
parm u -0.11800061678131117 -0.11800061678131117 -2.7455164229740466E-12 -2.7455164229740466E-12
end
v 160.1117989671512 17.302610378000004 -143.62478606927775
v 160.6424581511512 17.302677363000004 -143.62473713227774
v 160.1117977691512 17.326226539000004 -143.64107221827777
v 160.6424569531512 17.326293493000005 -143.64102351627776
v 160.11179671915119 17.349161162000005 -143.65823754527776
v 160.6424559021512 17.349228072000006 -143.65818906627777
v 160.11179581615119 17.371375076000007 -143.67624065727776
v 160.64245500015122 17.371441933000003 -143.67619238627776
v 160.11179497715119 17.393255658000005 -143.69461151227776
v 160.6424541601512 17.393322451000003 -143.69456342627777
v 160.1117942831512 17.414407844000007 -143.71380816327775
v 160.6424534671512 17.414474566000003 -143.71376024627776
v 160.1117937351512 17.434792092000006 -143.73379131827775
v 160.6424529191512 17.434858739000006 -143.73374355227776
v 160.1117932481512 17.454830355000006 -143.75412707427776
v 160.6424524321512 17.454896923000007 -143.75407943427774
v 160.11179290615121 17.474091034000004 -143.77524078627775
v 160.64245209015121 17.474157523000002 -143.77519325527777
v 160.11179270915119 17.492533078000005 -143.79709441527777
v 160.64245189315119 17.492599490000003 -143.79704697427775
v 160.11179257215119 17.510611996000005 -143.81928921927775
v 160.64245175615122 17.510678333000005 -143.81924184227776
v 160.11179258015119 17.527858759000004 -143.84221675727775
v 160.64245176415119 17.527925027000006 -143.84216942627776
v 160.11179273415121 17.544230042000006 -143.86583902927777
v 160.64245191815121 17.544296250000002 -143.86579172627776
cstype bspline
deg 1 3
surf -1.4465827543567197E-15 0.120029357 0.37499974000000003 0.62499984399999997 3654 3655 3656 3657 3658 3659 3660 3661 3662 3663 3664 3665 3666 3667 3668 3669 3670 3671 3672 3673 3674 3675 3676 3677 3678 3679
parm u -1.4465827543567197E-15 -1.4465827543567197E-15 0.120029357 0.120029357
parm v 0.37499974000000003 0.37499974000000003 0.37499974000000003 0.37499974000000003 0.43749976600000001 0.43749976600000001 0.43749976600000001 0.499999792 0.499999792 0.499999792 0.56249981800000004 0.56249981800000004 0.56249981800000004 0.62499984399999997 0.62499984399999997 0.62499984399999997 0.62499984399999997
trim -0.88645538429023363 -0.53187423349468232 1787 4.5768300516166938E-12 0.11913017943219768 1788 -0.88550941926165416 -0.53130777421916087 1789 -0.11800061678131117 -2.7455164229740466E-12 1790
end
# - trim loop
vp 0 0.68749987000000001
vp 0 0.62499984399999997
cstype bspline
deg 1
curv2 5372 5373
parm u -0.97510067015020729 -0.97510067015020729 -0.88645538429023363 -0.88645538429023363
end
vp 0 0.62499984399999997
vp 0.11800061677460807 0.62499984399999997
cstype bspline
deg 1
curv2 5374 5375
parm u 2.7455164229740466E-12 2.7455164229740466E-12 0.11800061678131117 0.11800061678131117
end
vp 0.11800061677460807 0.62499984399999997
vp 0.11799439583677337 0.62627651892176639
vp 0.11798816874159425 0.62755319106551144
vp 0.11798193558630021 0.62882986318311895
vp 0.11788645310031702 0.64838654384068406
vp 0.11778917611358533 0.66794321398055934
vp 0.11768912328074012 0.68749987000000001
cstype bspline
deg 3
curv2 5376 5377 5378 5379 5380 5381 5382
parm u -0.53130777421916087 -0.53130777421916087 -0.53130777421916087 -0.53130777421916087 -0.52588136355706649 -0.52588136355706649 -0.52588136355706649 -0.44275698183698742 -0.44275698183698742 -0.44275698183698742 -0.44275698183698742
end
vp 0.11768912328074012 0.68749987000000001
vp 0 0.68749987000000001
cstype bspline
deg 1
curv2 5383 5384
parm u -0.1176891232802533 -0.1176891232802533 -2.9710851300632721E-08 -2.9710851300632721E-08
end
v 160.11179273415121 17.544230042000006 -143.86583902927777
v 160.64245191815121 17.544296250000002 -143.86579172627776
v 160.11179294815119 17.560214297000005 -143.88979114327776
v 160.6424521311512 17.560280453000004 -143.88974384427775
v 160.1117933071512 17.575304600000006 -143.91442945827777
v 160.6424524911512 17.575370718000009 -143.91438214627775
v 160.11179381315119 17.589455063000006 -143.93971453227775
v 160.6424529971512 17.589521157000007 -143.93966719027776
cstype bspline
deg 1 3
surf -1.4465827543567197E-15 0.120029357 0.62499984399999997 0.68749987000000001 3680 3681 3682 3683 3684 3685 3686 3687
parm u -1.4465827543567197E-15 -1.4465827543567197E-15 0.120029357 0.120029357
parm v 0.62499984399999997 0.62499984399999997 0.62499984399999997 0.62499984399999997 0.68749987000000001 0.68749987000000001 0.68749987000000001 0.68749987000000001
trim -0.97510067015020729 -0.88645538429023363 1791 2.7455164229740466E-12 0.11800061678131117 1792 -0.53130777421916087 -0.44275698183698742 1793 -0.1176891232802533 -2.9710851300632721E-08 1794
end
# - trim loop
vp 0 0.74999989600000005
vp 0 0.68749987000000001
cstype bspline
deg 1
curv2 5385 5386
parm u -1.063745956010181 -1.063745956010181 -0.97510067015020729 -0.97510067015020729
end
vp 0 0.68749987000000001
vp 0.11768912328074012 0.68749987000000001
cstype bspline
deg 1
curv2 5387 5388
parm u 2.9710851300632721E-08 2.9710851300632721E-08 0.1176891232802533 0.1176891232802533
end
vp 0.11768912328074012 0.68749987000000001
vp 0.1175825387671771 0.7083332296421031
vp 0.11747280415020825 0.7291665732041821
vp 0.11735873307191214 0.74999989600000005
cstype bspline
deg 3
curv2 5389 5390 5391 5392
parm u -0.44275698183698742 -0.44275698183698742 -0.44275698183698742 -0.44275698183698742 -0.35420604710433373 -0.35420604710433373 -0.35420604710433373 -0.35420604710433373
end
vp 0.11735873307191214 0.74999989600000005
vp 0 0.74999989600000005
cstype bspline
deg 1
curv2 5393 5394
parm u -0.11735873307178571 -0.11735873307178571 -1.1882352904833622E-07 -1.1882352904833622E-07
end
v 160.11179381315119 17.589455063000006 -143.93971453227775
v 160.6424529971512 17.589521157000007 -143.93966719027776
v 160.11179438115119 17.603186964000006 -143.96531377327776
v 160.64245356515121 17.603253050000006 -143.96526638227775
v 160.11179509615118 17.615955564000004 -143.99154673927777
v 160.64245428015121 17.616021660000008 -143.99149928427775
v 160.1117959601512 17.627712690000006 -144.01837091627775
v 160.6424551441512 17.62777881800001 -144.01832338427775
cstype bspline
deg 1 3
surf -1.4465827543567197E-15 0.120029357 0.68749987000000001 0.74999989600000005 3688 3689 3690 3691 3692 3693 3694 3695
parm u -1.4465827543567197E-15 -1.4465827543567197E-15 0.120029357 0.120029357
parm v 0.68749987000000001 0.68749987000000001 0.68749987000000001 0.68749987000000001 0.74999989600000005 0.74999989600000005 0.74999989600000005 0.74999989600000005
trim -1.063745956010181 -0.97510067015020729 1795 2.9710851300632721E-08 0.1176891232802533 1796 -0.44275698183698742 -0.35420604710433373 1797 -0.11735873307178571 -1.1882352904833622E-07 1798
end
# - trim loop
vp 0 0.81249992199999999
vp 0 0.74999989600000005
cstype bspline
deg 1
curv2 5395 5396
parm u -1.1523910611551449 -1.1523910611551449 -1.063745956010181 -1.063745956010181
end
vp 0 0.74999989600000005
vp 0.11735873307191214 0.74999989600000005
cstype bspline
deg 1
curv2 5397 5398
parm u 1.1882352904833622E-07 1.1882352904833622E-07 0.11735873307178571 0.11735873307178571
end
vp 0.11735873307191214 0.74999989600000005
vp 0.11734846878933081 0.75187450885199236
vp 0.11733816939575367 0.75374912158165042
vp 0.11732783402698659 0.75562373413934925
vp 0.11722330839754304 0.77458242462946392
vp 0.11711526962145802 0.79354109140636386
vp 0.11700319897264216 0.81249992199999999
cstype bspline
deg 3
curv2 5399 5400 5401 5402 5403 5404 5405
parm u -0.35420604710433373 -0.35420604710433373 -0.35420604710433373 -0.35420604710433373 -0.34623810428553176 -0.34623810428553176 -0.34623810428553176 -0.26565518003049193 -0.26565518003049193 -0.26565518003049193 -0.26565518003049193
end
vp 0.11700319897264216 0.81249992199999999
vp 0 0.81249992199999999
cstype bspline
deg 1
curv2 5406 5407
parm u -0.11700319435195609 -0.11700319435195609 -1.6589656729576081E-07 -1.6589656729576081E-07
end
v 160.1117959601512 17.627712690000006 -144.01837091627775
v 160.6424551441512 17.62777881800001 -144.01832338427775
v 160.11179688615118 17.639012942000004 -144.04548437227777
v 160.64245607015121 17.639079122000009 -144.04543675027776
v 160.11179796315119 17.649274487000007 -144.07316824427775
v 160.64245714715119 17.649340744000003 -144.07312052427775
v 160.11179918915121 17.658447821000006 -144.10137537227774
v 160.64245837315121 17.658514179000004 -144.10132754827777
cstype bspline
deg 1 3
surf -1.4465827543567197E-15 0.120029357 0.74999989600000005 0.81249992199999999 3696 3697 3698 3699 3700 3701 3702 3703
parm u -1.4465827543567197E-15 -1.4465827543567197E-15 0.120029357 0.120029357
parm v 0.74999989600000005 0.74999989600000005 0.74999989600000005 0.74999989600000005 0.81249992199999999 0.81249992199999999 0.81249992199999999 0.81249992199999999
trim -1.1523910611551449 -1.063745956010181 1799 1.1882352904833622E-07 0.11735873307178571 1800 -0.35420604710433373 -0.26565518003049193 1801 -0.11700319435195609 -1.6589656729576081E-07 1802
end
# - trim loop
vp 0 0.87499994800000003
vp 0 0.81249992199999999
cstype bspline
deg 1
curv2 5408 5409
parm u -1.2410364114564529 -1.2410364114564529 -1.1523910611551449 -1.1523910611551449
end
vp 0 0.81249992199999999
vp 0.11700319897264216 0.81249992199999999
cstype bspline
deg 1
curv2 5410 5411
parm u 1.6589656729576081E-07 1.6589656729576081E-07 0.11700319435195609 0.11700319435195609
end
vp 0.11700319897264216 0.81249992199999999
vp 0.1168800545114026 0.8333332952429322
vp 0.1167520438861803 0.85416663930947934
vp 0.1166184877739945 0.87499994800000003
cstype bspline
deg 3
curv2 5412 5413 5414 5415
parm u -0.26565518003049193 -0.26565518003049193 -0.26565518003049193 -0.26565518003049193 -0.17710370235604375 -0.17710370235604375 -0.17710370235604375 -0.17710370235604375
end
vp 0.1166184877739945 0.87499994800000003
vp 0 0.87499994800000003
cstype bspline
deg 1
curv2 5416 5417
parm u -0.1166184877920769 -0.1166184877920769 -1.6276789425671081E-07 -1.6276789425671081E-07
end
v 160.11179918915121 17.658447821000006 -144.10137537227774
v 160.64245837315121 17.658514179000004 -144.10132754827777
v 160.11180048115119 17.667122055000004 -144.12983299327774
v 160.6424596641512 17.667188541000005 -144.12978505827775
v 160.11180192315121 17.674679688000005 -144.15878244727776
v 160.64246110715121 17.674746329000005 -144.15873440027775
v 160.1118035171512 17.681071543000005 -144.18817071227775
v 160.6424627011512 17.681138367000003 -144.18812255527774
cstype bspline
deg 1 3
surf -1.4465827543567197E-15 0.120029357 0.81249992199999999 0.87499994800000003 3704 3705 3706 3707 3708 3709 3710 3711
parm u -1.4465827543567197E-15 -1.4465827543567197E-15 0.120029357 0.120029357
parm v 0.81249992199999999 0.81249992199999999 0.81249992199999999 0.81249992199999999 0.87499994800000003 0.87499994800000003 0.87499994800000003 0.87499994800000003
trim -1.2410364114564529 -1.1523910611551449 1803 1.6589656729576081E-07 0.11700319435195609 1804 -0.26565518003049193 -0.17710370235604375 1805 -0.1166184877920769 -1.6276789425671081E-07 1806
end
# - trim loop
vp 0 0.93749997399999996
vp 0 0.87499994800000003
cstype bspline
deg 1
curv2 5418 5419
parm u -1.3296817554532643 -1.3296817554532643 -1.2410364114564529 -1.2410364114564529
end
vp 0 0.87499994800000003
vp 0.1166184877739945 0.87499994800000003
cstype bspline
deg 1
curv2 5420 5421
parm u 1.6276789425671081E-07 1.6276789425671081E-07 0.1166184877920769 0.1166184877920769
end
vp 0.1166184877739945 0.87499994800000003
vp 0.11660897615490826 0.87648366070227546
vp 0.11659943642708016 0.87796736761241922
vp 0.11658986832703765 0.8794510743715469
vp 0.11646508658521387 0.89880073762097723
vp 0.11633554951307228 0.91815036637982594
vp 0.11620271171965169 0.93749997399999996
cstype bspline
deg 3
curv2 5422 5423 5424 5425 5426 5427 5428
parm u -0.17710370235604375 -0.17710370235604375 -0.17710370235604375 -0.17710370235604375 -0.17079724287527384 -0.17079724287527384 -0.17079724287527384 -0.088551970015003381 -0.088551970015003381 -0.088551970015003381 -0.088551970015003381
end
vp 0.11620271171965169 0.93749997399999996
vp 0 0.93749997399999996
cstype bspline
deg 1
curv2 5429 5430
parm u -0.11620271171376727 -0.11620271171376727 -1.0628563673983148E-07 -1.0628563673983148E-07
end
v 160.1118035171512 17.681071543000005 -144.18817071227775
v 160.6424627011512 17.681138367000003 -144.18812255527774
v 160.11180517615119 17.686923120000007 -144.21775317627777
v 160.64246436015119 17.686990154000004 -144.21770491427776
v 160.11180698615118 17.691583325000003 -144.24773061527776
v 160.64246617015121 17.691650598000006 -144.24768225527777
v 160.11180894815121 17.695005553000005 -144.27804365827777
v 160.64246813215121 17.695073092000001 -144.27799521327776
cstype bspline
deg 1 3
surf -1.4465827543567197E-15 0.120029357 0.87499994800000003 0.93749997399999996 3712 3713 3714 3715 3716 3717 3718 3719
parm u -1.4465827543567197E-15 -1.4465827543567197E-15 0.120029357 0.120029357
parm v 0.87499994800000003 0.87499994800000003 0.87499994800000003 0.87499994800000003 0.93749997399999996 0.93749997399999996 0.93749997399999996 0.93749997399999996
trim -1.3296817554532643 -1.2410364114564529 1807 1.6276789425671081E-07 0.1166184877920769 1808 -0.17710370235604375 -0.088551970015003381 1809 -0.11620271171376727 -1.0628563673983148E-07 1810
end
# - trim loop
vp 0.12001790641965526 -4.8426647164572486E-07
vp 0.12002141355606355 0.33333279419404843
vp 0.12002504848916656 0.66666607265310152
vp 0.12002881099276613 0.99999935111083693
cstype bspline
deg 3
curv2 5431 5432 5433 5434
parm u -0.44999995699999928 -0.44999995699999928 -0.44999995699999928 -0.44999995699999928 -0 -0 -0 -0
end
vp 0.12002881099276613 0.99999935111083693
vp 0 1.0000000000000107
cstype bspline
deg 1
curv2 5435 5436
parm u -0.53065677355291629 -0.53065677355291629 -0 -0
end
vp 0 1.0000000000000107
vp 0 -7.7431266015493894E-10
cstype bspline
deg 1
curv2 5437 5438
parm u -0.44999574759041339 -0.44999574759041339 -0 -0
end
vp 0 -7.7431266015493894E-10
vp 0.12001790641965526 -4.8426647164572486E-07
cstype bspline
deg 1
curv2 5439 5440
parm u -0.53060856330178363 -0.53060856330178363 -0 -0
end
v 160.11188973515124 16.349940452430101 -143.47031035727775
v 160.64254650215128 16.350000222430097 -143.47025433027775
v 160.11187423015124 16.49993925162007 -143.47030963627776
v 160.64253099715125 16.500000448620064 -143.47025434327776
v 160.11185816015123 16.649937832810043 -143.47030889027775
v 160.64251492715121 16.650000456810037 -143.47025435627776
v 160.11184152515119 16.799936415000008 -143.47030811927775
v 160.6424982921512 16.800000466000011 -143.47025436927777
cstype bspline
deg 1 3
surf 0 0.120028811 -4.8426647164572486E-07 1.0000000000000107 3720 3721 3722 3723 3724 3725 3726 3727
parm u 0 0 0.120028811 0.120028811
parm v -4.8426647164572486E-07 -4.8426647164572486E-07 -4.8426647164572486E-07 -4.8426647164572486E-07 1.0000000000000107 1.0000000000000107 1.0000000000000107 1.0000000000000107
trim -0.44999995699999928 -0 1811 -0.53065677355291629 -0 1812 -0.44999574759041339 -0 1813 -0.53060856330178363 -0 1814
end
# - trim loop
vp 0.89934233235995586 14.100144958404774
vp 0.89932345444099226 13.939708530956338
vp 0.89930456357205657 13.779272103509427
vp 0.89928569858985519 13.618835676059469
cstype bspline
deg 3
curv2 5441 5442 5443 5444
parm u -0.48129164414524017 -0.48129164414524017 -0.48129164414524017 -0.48129164414524017 -0 -0 -0 -0
end
vp 0.89928569858985519 13.618835676059469
vp 5.3662618179274713 13.618825580197056
vp 9.8332379372604795 13.618823098805818
vp 14.300214056605949 13.618824024863804
cstype bspline
deg 3
curv2 5445 5446 5447 5448
parm u -13.40000433506135 -13.40000433506135 -13.40000433506135 -13.40000433506135 -0 -0 -0 -0
end
vp 14.300214056605949 13.618824024863804
vp 14.353321977709882 13.618824035873478
vp 14.405670051553471 13.608315450593514
vp 14.454660934910017 13.587810295839761
vp 14.479066241866263 13.577595444388551
vp 14.502445843433646 13.564925493563422
vp 14.524357166054548 13.550104444603296
vp 14.546177723730262 13.535344790006247
vp 14.566619957528395 13.518393582525881
vp 14.58511159761313 13.499623662024904
vp 14.658064484884333 13.425572907839623
vp 14.700241011003246 13.322821467948355
vp 14.70024030120419 13.218849585074519
cstype bspline
deg 3
curv2 5449 5450 5451 5452 5453 5454 5455 5456 5457 5458 5459 5460 5461
parm u -0.63830947814554051 -0.63830947814554051 -0.63830947814554051 -0.63830947814554051 -0.47677136821665433 -0.47677136821665433 -0.47677136821665433 -0.39629951533629532 -0.39629951533629532 -0.39629951533629532 -0.31616100715822837 -0.31616100715822837 -0.31616100715822837 0 0 0 0
end
vp 14.70024030120419 13.218849585074519
vp 14.700212311212205 9.1188606809444153
vp 14.699810843701119 5.0188717969963381
vp 14.699763387335935 0.91888289419669023
cstype bspline
deg 3
curv2 5462 5463 5464 5465
parm u -12.300002157838069 -12.300002157838069 -12.300002157838069 -12.300002157838069 -0 -0 -0 -0
end
vp 14.699763387335935 0.91888289419669023
vp 14.699762772626441 0.86577511255737194
vp 14.689252780947031 0.81342760007684456
vp 14.668746066985916 0.7644375934333808
vp 14.658530256145903 0.74003228686551104
vp 14.645859245260771 0.71665284348047342
vp 14.631037155945277 0.69474178644952356
vp 14.616276241170921 0.67292116193663176
vp 14.599323730799769 0.65247902185621187
vp 14.580552581039646 0.6339875551305455
vp 14.506495128952235 0.56103353107970588
vp 14.403736179158948 0.5188578395850254
vp 14.299759533034692 0.51885727721254349
cstype bspline
deg 3
curv2 5466 5467 5468 5469 5470 5471 5472 5473 5474 5475 5476 5477 5478
parm u -0.63830893616529538 -0.63830893616529538 -0.63830893616529538 -0.63830893616529538 -0.47677664038588757 -0.47677664038588757 -0.47677664038588757 -0.39630624511121726 -0.39630624511121726 -0.39630624511121726 -0.31616797167181648 -0.31616797167181648 -0.31616797167181648 0 0 0 0
end
vp 14.299759533034692 0.51885727721254349
vp 9.8330886010047731 0.51883311858498793
vp 5.3664176691757124 0.51883219922484869
vp 0.89974673714068787 0.51885725492549062
cstype bspline
deg 3
curv2 5479 5480 5481 5482
parm u -13.400000059953676 -13.400000059953676 -13.400000059953676 -13.400000059953676 -0 -0 -0 -0
end
vp 0.89974673714068787 0.51885725492549062
vp 0.89975831285976926 0.34590484316089137
vp 0.89976968850841954 0.17295243138308017
vp 0.89978115739495335 1.9611424058061014E-08
cstype bspline
deg 3
curv2 5483 5484 5485 5486
parm u -0.51883762165770553 -0.51883762165770553 -0.51883762165770553 -0.51883762165770553 -0 -0 -0 -0
end
vp 0.89978115739495335 1.9611424058061014E-08
vp 13.84969742505378 2.5626236221556489E-07
cstype bspline
deg 1
curv2 5487 5488
parm u -12.949908929830354 -12.949908929830354 -0 -0
end
vp 13.84969742505378 2.5626236221556489E-07
vp 14.299693427570485 4.4941022298126817E-08
cstype bspline
deg 1
curv2 5489 5490
parm u -0.44999574759041339 -0.44999574759041339 -0 -0
end
vp 14.299693427570485 4.4941022298126817E-08
vp 14.330163721959968 3.2505735722539113E-08
vp 14.360811690431259 0.0016279784088392855
vp 14.391384800809917 0.0048317884324990557
cstype bspline
deg 3
curv2 5491 5492 5493 5494
parm u -1.4183270994500945 -1.4183270994500945 -1.4183270994500945 -1.4183270994500945 -1.3262785612505996 -1.3262785612505996 -1.3262785612505996 -1.3262785612505996
end
vp 14.391384800809917 0.0048317884324990557
vp 14.421362025426392 0.007973154538801536
vp 14.451267281559144 0.012629554588960243
vp 14.480862517056279 0.018751881412041097
cstype bspline
deg 3
curv2 5495 5496 5497 5498
parm u -1.3262785612505996 -1.3262785612505996 -1.3262785612505996 -1.3262785612505996 -1.2360240967538965 -1.2360240967538965 -1.2360240967538965 -1.2360240967538965
end
vp 14.480862517056279 0.018751881412041097
vp 14.510064754101728 0.024792909170533582
vp 14.538965149441715 0.03226118978379796
vp 14.567335008914791 0.041109546516868274
cstype bspline
deg 3
curv2 5499 5500 5501 5502
parm u -1.2360240967538965 -1.2360240967538965 -1.2360240967538965 -1.2360240967538965 -1.146968131414547 -1.146968131414547 -1.146968131414547 -1.146968131414547
end
vp 14.567335008914791 0.041109546516868274
vp 14.593045817002718 0.049128564096896497
vp 14.618320880671069 0.058281078025247533
vp 14.642989972034725 0.068531972425901547
vp 14.645364163489747 0.069518534335847385
vp 14.647734506419585 0.07051576454273388
vp 14.650100903016355 0.071523593459252119
cstype bspline
deg 3
curv2 5503 5504 5505 5506 5507 5508 5509
parm u -1.146968131414547 -1.146968131414547 -1.146968131414547 -1.146968131414547 -1.0662592073503128 -1.0662592073503128 -1.0662592073503128 -1.0584916558409143 -1.0584916558409143 -1.0584916558409143 -1.0584916558409143
end
vp 14.650100903016355 0.071523593459252119
vp 14.676797802121024 0.082893583990760938
vp 14.702992427670651 0.095612536070264501
vp 14.728544338722715 0.10958053027739845
cstype bspline
deg 3
curv2 5510 5511 5512 5513
parm u -1.0584916558409143 -1.0584916558409143 -1.0584916558409143 -1.0584916558409143 -0.97086072397603196 -0.97086072397603196 -0.97086072397603196 -0.97086072397603196
end
vp 14.728544338722715 0.10958053027739845
vp 14.753805744810176 0.12338971946777758
vp 14.778438967631788 0.13841971099869138
vp 14.802308302098128 0.1545739548639051
cstype bspline
deg 3
curv2 5514 5515 5516 5517
parm u -0.97086072397603196 -0.97086072397603196 -0.97086072397603196 -0.97086072397603196 -0.88422608631035071 -0.88422608631035071 -0.88422608631035071 -0.88422608631035071
end
vp 14.802308302098128 0.1545739548639051
vp 14.849595955926564 0.18657720542941811
vp 14.893885518802552 0.22299289497043406
vp 14.934121830270467 0.26307030920642427
vp 14.974627658787629 0.30341617614178901
vp 15.011803789148734 0.34824497953791345
vp 15.043986209492605 0.39554927705631743
cstype bspline
deg 3
curv2 5518 5519 5520 5521 5522 5523 5524
parm u -0.88422608631035071 -0.88422608631035071 -0.88422608631035071 -0.88422608631035071 -0.71259378708292109 -0.71259378708292109 -0.71259378708292109 -0.53981183399418808 -0.53981183399418808 -0.53981183399418808 -0.53981183399418808
end
vp 15.043986209492605 0.39554927705631743
vp 15.04485720747825 0.39682953961614115
vp 15.04572454766171 0.39811161543059354
vp 15.046588197055309 0.39939546470376625
vp 15.050707988202641 0.40551969857613235
vp 15.054751330894842 0.41169204661170056
vp 15.058720569857075 0.41791490640683698
vp 15.062685711669689 0.42413134280749398
vp 15.066573604029792 0.43039379090026825
vp 15.070385556007485 0.4367053291193399
vp 15.076895341938494 0.4474837342361857
vp 15.083171441819326 0.45838434984006748
vp 15.089220642960315 0.46942247139612242
cstype bspline
deg 3
curv2 5525 5526 5527 5528 5529 5530 5531 5532 5533 5534 5535 5536 5537
parm u -0.53981183399418808 -0.53981183399418808 -0.53981183399418808 -0.53981183399418808 -0.53513559362793683 -0.53513559362793683 -0.53513559362793683 -0.51282893330203361 -0.51282893330203361 -0.51282893330203361 -0.49054529847943718 -0.49054529847943718 -0.49054529847943718 -0.45249085988504889 -0.45249085988504889 -0.45249085988504889 -0.45249085988504889
end
vp 15.089220642960315 0.46942247139612242
vp 15.090251000151509 0.47130258873021363
vp 15.091274774527765 0.47318669540438213
vp 15.092291999629388 0.47507486700300389
vp 15.105137224007173 0.49891815184659422
vp 15.116836206581375 0.52320837683298738
vp 15.127469788432155 0.54808891135036963
cstype bspline
deg 3
curv2 5538 5539 5540 5541 5542 5543 5544
parm u -0.45249085988504889 -0.45249085988504889 -0.45249085988504889 -0.45249085988504889 -0.44600906773616894 -0.44600906773616894 -0.44600906773616894 -0.36415887116743639 -0.36415887116743639 -0.36415887116743639 -0.36415887116743639
end
vp 15.127469788432155 0.54808891135036963
vp 15.128450202774903 0.55038289217812153
vp 15.129421560351739 0.55268189111325705
vp 15.130383924523711 0.55498602052481483
vp 15.140763956042164 0.57983829226470551
vp 15.150054420855144 0.60528357173772984
vp 15.158186206342727 0.63110511788327284
cstype bspline
deg 3
curv2 5545 5546 5547 5548 5549 5550 5551
parm u -0.36415887116743639 -0.36415887116743639 -0.36415887116743639 -0.36415887116743639 -0.35661229769871922 -0.35661229769871922 -0.35661229769871922 -0.27521517928651634 -0.27521517928651634 -0.27521517928651634 -0.27521517928651634
end
vp 15.158186206342727 0.63110511788327284
vp 15.167183249548545 0.65967419003442651
vp 15.174761917836758 0.68870386176558052
vp 15.180828606210344 0.71790058254493172
cstype bspline
deg 3
curv2 5552 5553 5554 5555
parm u -0.27521517928651634 -0.27521517928651634 -0.27521517928651634 -0.27521517928651634 -0.18515704970330293 -0.18515704970330293 -0.18515704970330293 -0.18515704970330293
end
vp 15.180828606210344 0.71790058254493172
vp 15.181250507784839 0.71993103832381999
vp 15.181665096875147 0.72196230201259615
vp 15.182072341998175 0.72399427487850654
vp 15.187642825219992 0.75178851995759877
vp 15.191874945122189 0.77971741682989215
vp 15.194773085429967 0.80777845840732576
cstype bspline
deg 3
curv2 5556 5557 5558 5559 5560 5561 5562
parm u -0.18515704970330293 -0.18515704970330293 -0.18515704970330293 -0.18515704970330293 -0.17889405013461734 -0.17889405013461734 -0.17889405013461734 -0.093225905710700788 -0.093225905710700788 -0.093225905710700788 -0.093225905710700788
end
vp 15.194773085429967 0.80777845840732576
vp 15.197926903653599 0.83831508358852336
vp 15.199500988883914 0.86900819793303052
vp 15.199500990426598 0.89985457055702089
cstype bspline
deg 3
curv2 5563 5564 5565 5566
parm u -0.093225905710700788 -0.093225905710700788 -0.093225905710700788 -0.093225905710700788 0 0 0 0
end
vp 15.199500990426598 0.89985457055702089
vp 15.199503922701638 12.700293737162642
cstype bspline
deg 1
curv2 5567 5568
parm u -11.800441150511997 -11.800441150511997 -0 -0
end
vp 15.199503922701638 12.700293737162642
vp 15.199505823625557 13.20030466780536
cstype bspline
deg 1
curv2 5569 5570
parm u -0.50004430816604239 -0.50004430816604239 -0 -0
end
vp 15.199505823625557 13.20030466780536
vp 15.199505557225143 13.231359602868173
vp 15.197907555202493 13.262249907389934
vp 15.194715894951653 13.292974520756195
cstype bspline
deg 3
curv2 5571 5572 5573 5574
parm u -0.74441687150345759 -0.74441687150345759 -0.74441687150345759 -0.74441687150345759 -0.65088876755899283 -0.65088876755899283 -0.65088876755899283 -0.65088876755899283
end
vp 15.194715894951653 13.292974520756195
vp 15.191550849302342 13.323442927860636
vp 15.186818612988526 13.353748395617421
vp 15.180523162250788 13.3838898897242
cstype bspline
deg 3
curv2 5575 5576 5577 5578
parm u -0.65088876755899283 -0.65088876755899283 -0.65088876755899283 -0.65088876755899283 -0.55814057532898631 -0.55814057532898631 -0.55814057532898631 -0.55814057532898631
end
vp 15.180523162250788 13.3838898897242
vp 15.180463904945787 13.384173603120411
vp 15.180404509141134 13.384457301988677
vp 15.180344974840143 13.384740986328135
vp 15.17415393932299 13.414241623641189
vp 15.166436119869871 13.443545190119394
vp 15.157274911013364 13.47239342748639
cstype bspline
deg 3
curv2 5579 5580 5581 5582 5583 5584 5585
parm u -0.55814057532898631 -0.55814057532898631 -0.55814057532898631 -0.55814057532898631 -0.55726756271332945 -0.55726756271332945 -0.55726756271332945 -0.4664820488091207 -0.4664820488091207 -0.4664820488091207 -0.4664820488091207
end
vp 15.157274911013364 13.47239342748639
vp 15.148048657396059 13.501446487898924
vp 15.137358445428116 13.530037730555918
vp 15.125289458592189 13.557903357115626
cstype bspline
deg 3
curv2 5586 5587 5588 5589
parm u -0.4664820488091207 -0.4664820488091207 -0.4664820488091207 -0.4664820488091207 -0.37505195599311719 -0.37505195599311719 -0.37505195599311719 -0.37505195599311719
end
vp 15.125289458592189 13.557903357115626
vp 15.124793585902278 13.559048258786818
vp 15.124295385699389 13.560191935543839
vp 15.123794863891694 13.561334369090089
vp 15.112062149241186 13.588114114945817
vp 15.098986443108203 13.614293719366795
vp 15.084665152052031 13.639772784857806
cstype bspline
deg 3
curv2 5590 5591 5592 5593 5594 5595 5596
parm u -0.37505195599311719 -0.37505195599311719 -0.37505195599311719 -0.37505195599311719 -0.37129541149774797 -0.37129541149774797 -0.37129541149774797 -0.28323837989873507 -0.28323837989873507 -0.28323837989873507 -0.28323837989873507
end
vp 15.084665152052031 13.639772784857806
vp 15.069666659093748 13.666456662928004
vp 15.053301997698062 13.692372183773033
vp 15.035683056135294 13.717404023515671
cstype bspline
deg 3
curv2 5597 5598 5599 5600
parm u -0.28323837989873507 -0.28323837989873507 -0.28323837989873507 -0.28323837989873507 -0.19101745071119289 -0.19101745071119289 -0.19101745071119289 -0.19101745071119289
end
vp 15.035683056135294 13.717404023515671
vp 15.017932870061172 13.742622326875525
vp 14.998909647811356 13.766943734915941
vp 14.978727796714471 13.79025032735197
cstype bspline
deg 3
curv2 5601 5602 5603 5604
parm u -0.19101745071119289 -0.19101745071119289 -0.19101745071119289 -0.19101745071119289 -0.098109562506010675 -0.098109562506010675 -0.098109562506010675 -0.098109562506010675
end
vp 14.978727796714471 13.79025032735197
vp 14.957416015552203 13.814861796104273
vp 14.934812236399946 13.838341634374224
vp 14.911051178644161 13.860550986123211
cstype bspline
deg 3
curv2 5605 5606 5607 5608
parm u -0.098109562506010675 -0.098109562506010675 -0.098109562506010675 -0.098109562506010675 0 0 0 0
end
vp 14.911051178644161 13.860550986123211
vp 14.870090536900117 13.898390301843538
vp 14.825627912455632 13.932684742930105
vp 14.778404013653967 13.96263791946228
cstype bspline
deg 3
curv2 5609 5610 5611 5612
parm u -0.67969088979167158 -0.67969088979167158 -0.67969088979167158 -0.67969088979167158 -0.51104536765568054 -0.51104536765568054 -0.51104536765568054 -0.51104536765568054
end
vp 14.778404013653967 13.96263791946228
vp 14.754299297592116 13.977927059786987
vp 14.729475149248875 13.992085111542261
vp 14.704030075779691 14.005006162453144
cstype bspline
deg 3
curv2 5613 5614 5615 5616
parm u -0.51104536765568054 -0.51104536765568054 -0.51104536765568054 -0.51104536765568054 -0.42496284314275123 -0.42496284314275123 -0.42496284314275123 -0.42496284314275123
end
vp 14.704030075779691 14.005006162453144
vp 14.678866938483663 14.017784045703257
vp 14.653096559763434 14.029352188643147
vp 14.626814208488664 14.039608160716666
vp 14.626307878817469 14.039805742086516
vp 14.625801358905555 14.040002836559605
vp 14.625294649748794 14.040199444184426
cstype bspline
deg 3
curv2 5617 5618 5619 5620 5621 5622 5623
parm u -0.42496284314275123 -0.42496284314275123 -0.42496284314275123 -0.42496284314275123 -0.33983412910183702 -0.33983412910183702 -0.33983412910183702 -0.33819412386262304 -0.33819412386262304 -0.33819412386262304 -0.33819412386262304
end
vp 14.625294649748794 14.040199444184426
vp 14.598467027754275 14.050608798287046
vp 14.571108923425557 14.059653442040053
vp 14.543368135991837 14.067340571805577
cstype bspline
deg 3
curv2 5624 5625 5626 5627
parm u -0.33819412386262304 -0.33819412386262304 -0.33819412386262304 -0.33819412386262304 -0.25136435171583915 -0.25136435171583915 -0.25136435171583915 -0.25136435171583915
end
vp 14.543368135991837 14.067340571805577
vp 14.515808115232915 14.074977610098751
vp 14.487870382458318 14.081274768638121
vp 14.459699866381381 14.086239104020054
cstype bspline
deg 3
curv2 5628 5629 5630 5631
parm u -0.25136435171583915 -0.25136435171583915 -0.25136435171583915 -0.25136435171583915 -0.16510038647782907 -0.16510038647782907 -0.16510038647782907 -0.16510038647782907
end
vp 14.459699866381381 14.086239104020054
vp 14.405784386392133 14.095740333043096
vp 14.351016220328559 14.10035942604336
vp 14.29641140736911 14.100145854089803
cstype bspline
deg 3
curv2 5632 5633 5634 5635
parm u -0.16510038647782907 -0.16510038647782907 -0.16510038647782907 -0.16510038647782907 0 0 0 0
end
vp 14.29641140736911 14.100145854089803
vp 13.849700406519496 14.100146014383224
cstype bspline
deg 1
curv2 5636 5637
parm u -0.44668016308770231 -0.44668016308770231 -0 -0
end
vp 13.849700406519496 14.100146014383224
vp 0.89934233235995586 14.100144958404774
cstype bspline
deg 1
curv2 5638 5639
parm u -12.949463435752701 -12.949463435752701 -0 -0
end
v 160.11173941608683 2.5002468619160689 -143.47030336953819
v 160.11175805716681 2.6585185787729877 -143.4703042166868
v 160.1117766992476 2.8167902895387593 -143.47030505718044
v 160.11179534033118 2.9750620048316772 -143.47030590000091
v 160.112354803367 7.7250205911830516 -143.47033119431646
v 160.11235390423315 12.474979171707371 -143.47033008961145
v 160.11179236636596 17.224937741170333 -143.470305978532
v 160.1117736552863 17.383209465170374 -143.47030517464032
v 160.11175494420871 17.54148119027947 -143.47030437407574
v 160.11173623413222 17.699752916497516 -143.47030356785697
v 160.1117541531878 2.5002477180562379 -143.62857351943029
v 160.11177305126674 2.6585194292183645 -143.62857436186241
v 160.11179194834776 2.8167911397784375 -143.62857520329376
v 160.11181084543136 2.9750628558690675 -143.62857604683509
v 160.11237798433024 7.7250208502546984 -143.62860133540528
v 160.11237675320433 12.474978876779353 -143.6286002333517
v 160.11180789446198 17.224936929286891 -143.62857612472683
v 160.11178893938217 17.383208655504877 -143.62857532311898
v 160.11176998530442 17.541480379504765 -143.62857451922437
v 160.1117510302285 17.699752101286908 -143.6285737131802
v 160.11176889128959 2.5002485665413676 -143.78684366407316
v 160.11178804436878 2.6585202796256913 -143.78684450537523
v 160.11180719745019 2.8167919933292875 -143.78684534989551
v 160.11182635053379 2.9750637067955741 -143.7868461934161
v 160.11240116429281 7.7250211104722473 -143.78687147622136
v 160.11239960217452 12.474978579152923 -143.78687037365063
v 160.11182342255933 17.224936120730209 -143.78684627004472
v 160.11180422448027 17.383207842512377 -143.78684546920678
v 160.11178502540224 17.541479565403105 -143.78684466283181
v 160.11176582632672 17.699751289403 -143.7868438636572
v 160.11178362839419 2.5002494183534587 -143.94511381155948
v 160.11180303747341 2.6585211311428889 -143.94511465454062
v 160.11182244655478 2.816792845879716 -143.94511549652177
v 160.111841855638 2.975064557722078 -143.9451163395029
v 160.11242434425492 7.7250213704701078 -143.94514162090996
v 160.11242245014481 12.474978284354011 -143.94514051850592
v 160.11183895065918 17.224935308847019 -143.94511641811621
v 160.1118195085798 17.383207030628554 -143.94511561442224
v 160.11180006550208 17.54147875462851 -143.94511481184838
v 160.11178062342589 17.699750480846774 -143.94511400915439
v 160.11219178027136 2.5002729932636774 -148.3283120141131
v 160.11221826901598 2.6585447060655043 -148.32832323022777
v 160.11224475802248 2.8168164197689869 -148.32833444634184
v 160.11227124729183 2.9750881326691783 -148.32834566357747
v 160.11306635243557 7.725028552037454 -148.32868229858016
v 160.11305527418634 12.474970120312532 -148.32868414952983
v 160.11226898866187 17.224912835987116 -148.32834501573251
v 160.11224279351825 17.38318455999088 -148.32833371450243
v 160.11221659864438 17.541456283993629 -148.32832241419055
v 160.11219040404109 17.699728007995944 -148.32831111390033
v 160.11090100120126 2.5007276810953312 -152.7118174760825
v 160.11106414652713 2.6589993933397129 -152.71182849412273
v 160.11122729209396 2.8172711100931807 -152.71183951216523
v 160.11139043889227 2.9755428211554125 -152.7118505291449
v 160.11628647858419 7.725182149034957 -152.7121811665871
v 160.11630303803841 12.474819263096178 -152.71218420690516
v 160.11137973634587 17.22445417367366 -152.71185404977322
v 160.11121568216385 17.382725896451113 -152.71184305076937
v 160.11105162720472 17.540997620450494 -152.71183205083054
v 160.1108875734661 17.699269347671063 -152.7118210494786
v 160.11556518547894 2.5007396616404383 -157.09562681492949
v 160.11573192793827 2.6590113744379003 -157.09562717285078
v 160.11589867039913 2.8172830871536312 -157.09562753076909
v 160.11606541285852 2.9755547990258906 -157.09562788869039
v 160.12106924201584 7.7251876740121821 -157.09563866945044
v 160.12110665029331 12.474819897243595 -157.09564116030467
v 160.11615947885568 17.224451473512655 -157.09564043835013
v 160.11599462474794 17.382723197517329 -157.09564041254754
v 160.11582977064026 17.540994922518372 -157.0956403857389
v 160.11566491653565 17.699266647515916 -157.0956403627535
v 160.11576366601528 2.5007401697302551 -157.28217589492695
v 160.11593056147518 2.6590118829398559 -157.28217625284825
v 160.11609745693639 2.8172835952050219 -157.28217661265256
v 160.11626435239822 2.9755553093591431 -157.2821769705738
v 160.12127278391117 7.7251879090431386 -157.28218774933384
v 160.12131108018275 12.474819926566159 -157.28219023730009
v 160.11636287797495 17.224451356057749 -157.2821895134679
v 160.11619798886932 17.382723081057538 -157.28218948954344
v 160.11603309976232 17.540994807165578 -157.2821894656189
v 160.11586821165349 17.699266533381273 -157.28218944075533
v 160.1159621465514 2.5007406788201343 -157.46872497398536
v 160.11612919501476 2.6590123946649418 -157.46872533284761
v 160.11629624447471 2.817284104479076 -157.4687256926519
v 160.11646329293757 2.9755558186924067 -157.46872605151424
v 160.12147632680308 7.7251881441437211 -157.46873682733437
v 160.12151551007514 12.474819951918645 -157.46873931529959
v 160.11656627609179 17.224451242923038 -157.4687385905257
v 160.11640135298703 17.382722966925503 -157.46873856754223
v 160.11623642988158 17.540994691926336 -157.46873854361866
v 160.11607150677483 17.69926641692647 -157.4687385187552
v 160.1161606260907 2.5007411902373522 -157.65527405210477
v 160.11632782855312 2.659012903129808 -157.65527441284908
v 160.11649503101361 2.8172846165048724 -157.65527477076739
v 160.1166622334766 2.9755563289147848 -157.6552751315117
v 160.12167986869323 7.7251883802839059 -157.65528590345207
v 160.12171993996736 12.474819977338846 -157.65528839230342
v 160.11676967420971 17.224451128795547 -157.65528766852361
v 160.11660471710738 17.382722851577189 -157.65528764554404
v 160.11643975899963 17.540994576575969 -157.65528761973857
v 160.11627480189273 17.699266302791859 -157.65528759675311
cstype bspline
deg 3 3
surf 0 15.199506127474336 0 14.184987203206594 3728 3729 3730 3731 3732 3733 3734 3735 3736 3737 3738 3739 3740 3741 3742 3743 3744 3745 3746 3747 3748 3749 3750 3751 3752 3753 3754 3755 3756 3757 3758 3759 3760 3761 3762 3763 3764 3765 3766 3767 3768 3769 3770 3771 3772 3773 3774 3775 3776 3777 3778 3779 3780 3781 3782 3783 3784 3785 3786 3787 3788 3789 3790 3791 3792 3793 3794 3795 3796 3797 3798 3799 3800 3801 3802 3803 3804 3805 3806 3807 3808 3809 3810 3811 3812 3813 3814 3815 3816 3817 3818 3819 3820 3821 3822 3823 3824 3825 3826 3827
parm u 0 0 0 0 0.47481113039703776 0.47481113039703776 0.47481113039703776 14.724694997077298 14.724694997077298 14.724694997077298 15.199506127474336 15.199506127474336 15.199506127474336 15.199506127474336
parm v 0 0 0 0 0.47482764757731516 0.47482764757731516 0.47482764757731516 13.625318402399222 13.625318402399222 13.625318402399222 14.184987203206594 14.184987203206594 14.184987203206594 14.184987203206594
trim -0.48129164414524017 -0 1815 -13.40000433506135 -0 1816 -0.63830947814554051 0 1817 -12.300002157838069 -0 1818 -0.63830893616529538 0 1819 -13.400000059953676 -0 1820 -0.51883762165770553 -0 1821 -12.949908929830354 -0 1822 -0.44999574759041339 -0 1823 -1.4183270994500945 -1.3262785612505996 1824 -1.3262785612505996 -1.2360240967538965 1825 -1.2360240967538965 -1.146968131414547 1826 -1.146968131414547 -1.0584916558409143 1827 -1.0584916558409143 -0.97086072397603196 1828 -0.97086072397603196 -0.88422608631035071 1829 -0.88422608631035071 -0.53981183399418808 1830 -0.53981183399418808 -0.45249085988504889 1831 -0.45249085988504889 -0.36415887116743639 1832 -0.36415887116743639 -0.27521517928651634 1833 -0.27521517928651634 -0.18515704970330293 1834 -0.18515704970330293 -0.093225905710700788 1835 -0.093225905710700788 0 1836 -11.800441150511997 -0 1837 -0.50004430816604239 -0 1838 -0.74441687150345759 -0.65088876755899283 1839 -0.65088876755899283 -0.55814057532898631 1840 -0.55814057532898631 -0.4664820488091207 1841 -0.4664820488091207 -0.37505195599311719 1842 -0.37505195599311719 -0.28323837989873507 1843 -0.28323837989873507 -0.19101745071119289 1844 -0.19101745071119289 -0.098109562506010675 1845 -0.098109562506010675 0 1846 -0.67969088979167158 -0.51104536765568054 1847 -0.51104536765568054 -0.42496284314275123 1848 -0.42496284314275123 -0.33819412386262304 1849 -0.33819412386262304 -0.25136435171583915 1850 -0.25136435171583915 -0.16510038647782907 1851 -0.16510038647782907 0 1852 -0.44668016308770231 -0 1853 -12.949463435752701 -0 1854
end
