# OBJ generated by ONSHAPE BY PTC INC, 1.207 Units = meters
mtllib bottom_arm_2 - Part 1.mtl
g Part 1
v -0.00635 0.00615776 0.00811758 
v -0.00635 0.00635 0.008128 
v 0 0.00635 0.008128 
v -0.00635 0.00596778 0.00808643 
v 0 0.00615776 0.00811758 
v -0.00635 0.00578228 0.00803493 
v 0 0.00596778 0.00808643 
v -0.00635 0.00560344 0.00796367 
v 0 0.00578228 0.00803493 
v -0.00635 0.00543335 0.00787349 
v 0 0.00560344 0.00796367 
v -0.00635 0.005274 0.00776545 
v 0 0.00543335 0.00787349 
v -0.00635 0.00512727 0.00764082 
v 0 0.005274 0.00776545 
v -0.00635 0.00499488 0.00750105 
v 0 0.00512727 0.00764082 
v -0.00635 0.00487837 0.00734779 
v 0 0.00499488 0.00750105 
v -0.00635 0.00477912 0.00718283 
v 0 0.00487837 0.00734779 
v -0.00635 0.00469828 0.00700811 
v 0 0.00477912 0.00718283 
v -0.00635 0.00463681 0.00682567 
v 0 0.00469828 0.00700811 
v -0.00635 0.00459542 0.00663765 
v 0 0.00463681 0.00682567 
v -0.00635 0.00457461 0.00644626 
v 0 0.00459542 0.00663765 
v -0.00635 0.00457461 0.00625374 
v 0 0.00457461 0.00644626 
v -0.00635 0.00459542 0.00606235 
v 0 0.00457461 0.00625374 
v -0.00635 0.00463681 0.00587433 
v 0 0.00459542 0.00606235 
v -0.00635 0.00469828 0.00569189 
v 0 0.00463681 0.00587433 
v -0.00635 0.00477912 0.00551717 
v 0 0.00469828 0.00569189 
v -0.00635 0.00487837 0.00535221 
v 0 0.00477912 0.00551717 
v -0.00635 0.00499488 0.00519895 
v 0 0.00487837 0.00535221 
v -0.00635 0.00512727 0.00505918 
v 0 0.00499488 0.00519895 
v -0.00635 0.005274 0.00493455 
v 0 0.00512727 0.00505918 
v -0.00635 0.00543335 0.00482651 
v 0 0.005274 0.00493455 
v -0.00635 0.00560344 0.00473633 
v 0 0.00543335 0.00482651 
v -0.00635 0.00578228 0.00466507 
v 0 0.00560344 0.00473633 
v -0.00635 0.00596778 0.00461357 
v 0 0.00578228 0.00466507 
v -0.00635 0.00615776 0.00458242 
v 0 0.00596778 0.00461357 
v -0.00635 0.00635 0.004572 
v 0 0.00615776 0.00458242 
v -0.00635 0.00654224 0.00458242 
v 0 0.00635 0.004572 
v -0.00635 0.00673222 0.00461357 
v 0 0.00654224 0.00458242 
v -0.00635 0.00691772 0.00466507 
v 0 0.00673222 0.00461357 
v -0.00635 0.00709656 0.00473633 
v 0 0.00691772 0.00466507 
v -0.00635 0.00726665 0.00482651 
v 0 0.00709656 0.00473633 
v -0.00635 0.007426 0.00493455 
v 0 0.00726665 0.00482651 
v -0.00635 0.00757273 0.00505918 
v 0 0.007426 0.00493455 
v -0.00635 0.00770512 0.00519895 
v 0 0.00757273 0.00505918 
v -0.00635 0.00782163 0.00535221 
v 0 0.00770512 0.00519895 
v -0.00635 0.00792088 0.00551717 
v 0 0.00782163 0.00535221 
v -0.00635 0.00800172 0.00569189 
v 0 0.00792088 0.00551717 
v -0.00635 0.00806319 0.00587433 
v 0 0.00800172 0.00569189 
v -0.00635 0.00810458 0.00606235 
v 0 0.00806319 0.00587433 
v -0.00635 0.00812539 0.00625374 
v 0 0.00810458 0.00606235 
v 0 0.00812539 0.00625374 
v 0 0.00812539 0.00644626 
v -0.00635 0.008128 0.00635 
v -0.00635 0.00812539 0.00644626 
v -0.00635 0.00810458 0.00663765 
v -0.00635 0.00806319 0.00682567 
v 0 0.00810458 0.00663765 
v -0.00635 0.00800172 0.00700811 
v 0 0.00806319 0.00682567 
v -0.00635 0.00792088 0.00718283 
v 0 0.00800172 0.00700811 
v -0.00635 0.00782163 0.00734779 
v 0 0.00792088 0.00718283 
v -0.00635 0.00770512 0.00750105 
v 0 0.00782163 0.00734779 
v -0.00635 0.00757273 0.00764082 
v 0 0.00770512 0.00750105 
v -0.00635 0.007426 0.00776545 
v 0 0.00757273 0.00764082 
v -0.00635 0.00726665 0.00787349 
v 0 0.007426 0.00776545 
v -0.00635 0.00709656 0.00796367 
v 0 0.00726665 0.00787349 
v -0.00635 0.00691772 0.00803493 
v 0 0.00709656 0.00796367 
v -0.00635 0.00673222 0.00808643 
v 0 0.00691772 0.00803493 
v -0.00635 0.00654224 0.00811758 
v 0 0.00673222 0.00808643 
v 0 0.00654224 0.00811758 
v -0.00635 0.0127186 0.00703756 
v -0.00635 0.0127186 0.00566244 
v -0.00635 -0.0222668 0.00583634 
v -0.00635 -0.0222297 0.00617811 
v -0.00635 -0.00782163 0.00535221 
v -0.00635 -0.00459542 0.00606235 
v -0.00635 -0.00812539 0.00625374 
v -0.00635 -0.00810458 0.00606235 
v -0.00635 -0.00770512 0.00519895 
v -0.00635 -0.0223407 0.0055006 
v -0.00635 -0.00806319 0.00587433 
v -0.00635 -0.0222297 0.00652189 
v -0.00635 -0.00812539 0.00644626 
v -0.00635 -0.0224505 0.00517481 
v -0.00635 -0.007426 0.00776545 
v -0.00635 -0.00757273 0.00764082 
v -0.00635 -0.00806319 0.00682567 
v -0.00635 -0.00810458 0.00663765 
v -0.00635 -0.00782163 0.00734779 
v -0.00635 -0.00792088 0.00718283 
v -0.00635 0.013602 0.00164925 
v -0.00635 0.0136855 0.000564811 
v -0.00635 0.0133554 0.000617404 
v -0.00635 0.0141693 0.000420294 
v -0.00635 0.0140082 0.000477803 
v -0.00635 0.0128673 0.00429537 
v -0.00635 -0.00726665 0.00787349 
v -0.00635 -0.00673222 0.00808643 
v -0.00635 -0.00691772 0.00803493 
v -0.00635 -0.0222668 0.00686366 
v -0.00635 -0.00654224 0.00811758 
v -0.00635 -0.00800172 0.00700811 
v -0.00635 -0.00709656 0.00473633 
v -0.00635 -0.00691772 0.00466507 
v -0.00635 -0.007426 0.00493455 
v -0.00635 -0.00726665 0.00482651 
v -0.00635 -0.00757273 0.00505918 
v -0.00635 -0.0254 0.000635 
v -0.00635 -0.0254 0.003175 
v -0.00635 -0.0250567 0.00319361 
v -0.00635 -0.0260179 0.000668502 
v -0.00635 -0.0257433 0.00319361 
v -0.00635 -0.0266286 0.000768614 
v -0.00635 -0.0260825 0.00324923 
v -0.00635 -0.0272248 0.000934162 
v -0.00635 -0.0264138 0.0033412 
v -0.00635 0.0131629 0.00295239 
v -0.00635 -0.00770512 0.00750105 
v -0.00635 -0.00709656 0.00796367 
v -0.00635 -0.0224505 0.00752519 
v -0.00635 -0.00635 0.008128 
v -0.00635 -0.00800172 0.00569189 
v -0.00635 -0.00792088 0.00551717 
v -0.00635 -0.00673222 0.00461357 
v -0.00635 -0.0311066 0.0066594 
v -0.00635 -0.0285703 0.00652189 
v -0.00635 -0.028575 0.00635 
v -0.00635 0.013602 0.0110508 
v -0.00635 0.0136855 0.0121352 
v -0.00635 0.0140082 0.0122222 
v -0.00635 0.0130216 0.012065 
v -0.00635 0.0128673 0.00840463 
v -0.00635 0.0130216 0.000635 
v -0.00635 -0.00459542 0.00663765 
v -0.00635 -0.00457461 0.00625374 
v -0.00635 -0.004572 0.00635 
v -0.00635 -0.0234786 0.0088776 
v -0.00635 -0.0237631 0.00907052 
v -0.00635 -0.0223407 0.0071994 
v -0.00635 -0.0247175 0.00324923 
v -0.00635 -0.0243862 0.0033412 
v -0.00635 -0.0277997 0.00116321 
v -0.00635 -0.0267331 0.00346845 
v -0.00635 -0.0283464 0.00145306 
v -0.00635 -0.0270369 0.00362948 
v -0.00635 -0.0288586 0.00180033 
v -0.00635 -0.0293302 0.00220094 
v -0.00635 -0.0275834 0.00404496 
v -0.00635 -0.0297558 0.00265019 
v -0.00635 -0.0278199 0.00429455 
v -0.00635 -0.0311066 0.0060406 
v -0.00635 -0.0310397 0.00727458 
v -0.00635 -0.0285332 0.00686366 
v -0.00635 0.0133554 0.0120826 
v -0.00635 0.0131629 0.00974761 
v -0.00635 -0.00512727 0.00764082 
v -0.00635 -0.005274 0.00776545 
v -0.00635 -0.00463681 0.00682567 
v -0.00635 -0.00457461 0.00644626 
v -0.00635 -0.0254 0.012065 
v -0.00635 -0.0247175 0.00945077 
v -0.00635 -0.0250567 0.00950639 
v -0.00635 -0.0240669 0.00923155 
v -0.00635 -0.0243862 0.0093588 
v -0.00635 -0.0232166 0.00865504 
v -0.00635 -0.00654224 0.00458242 
v -0.00635 -0.0237631 0.00362948 
v -0.00635 -0.0273214 0.0038224 
v -0.00635 -0.0285703 0.00617811 
v -0.00635 -0.0285332 0.00583634 
v -0.00635 -0.00560344 0.00796367 
v -0.00635 -0.00578228 0.00803493 
v -0.00635 -0.00499488 0.00750105 
v -0.00635 -0.00477912 0.00718283 
v -0.00635 -0.00487837 0.00734779 
v -0.00635 -0.00469828 0.00700811 
v -0.00635 -0.005274 0.00493455 
v -0.00635 -0.00512727 0.00505918 
v -0.00635 -0.0227721 0.00456823 
v -0.00635 -0.0225948 0.0048628 
v -0.00635 -0.0240669 0.00346845 
v -0.00635 -0.0309067 0.00482108 
v -0.00635 -0.0310397 0.00542542 
v -0.00635 0.0141693 0.0122797 
v -0.00635 -0.00596778 0.00808643 
v -0.00635 -0.00615776 0.00811758 
v -0.00635 -0.00543335 0.00787349 
v -0.00635 -0.00463681 0.00587433 
v -0.00635 -0.00477912 0.00551717 
v -0.00635 -0.00469828 0.00569189 
v -0.00635 -0.00499488 0.00519895 
v -0.00635 -0.00487837 0.00535221 
v -0.00635 -0.00543335 0.00482651 
v -0.00635 -0.00578228 0.00466507 
v -0.00635 -0.00560344 0.00473633 
v -0.00635 -0.00615776 0.00458242 
v -0.00635 -0.00596778 0.00461357 
v -0.00635 -0.0227721 0.00813177 
v -0.00635 -0.0229801 0.00840545 
v -0.00635 -0.0225948 0.0078372 
v -0.00635 -0.0234786 0.0038224 
v -0.00635 -0.0301302 0.00314282 
v -0.00635 -0.0280279 0.00456823 
v -0.00635 -0.0304493 0.00367305 
v -0.00635 -0.0282052 0.0048628 
v -0.00635 -0.0307091 0.00423466 
v -0.00635 -0.0283495 0.00517481 
v -0.00635 -0.0284593 0.0055006 
v -0.00635 -0.0309067 0.00787892 
v -0.00635 -0.0284593 0.0071994 
v -0.00635 -0.00635 0.004572 
v -0.00635 -0.0293302 0.0104991 
v -0.00635 -0.0275834 0.00865504 
v -0.00635 -0.0278199 0.00840545 
v -0.00635 -0.0288586 0.0108997 
v -0.00635 -0.0273214 0.0088776 
v -0.00635 -0.0232166 0.00404496 
v -0.00635 -0.0229801 0.00429455 
v -0.00635 -0.0283464 0.0112469 
v -0.00635 -0.0270369 0.00907052 
v -0.00635 -0.0277997 0.0115368 
v -0.00635 -0.0267331 0.00923155 
v -0.00635 -0.0272248 0.0117658 
v -0.00635 -0.0264138 0.0093588 
v -0.00635 -0.0266286 0.0119314 
v -0.00635 -0.0260825 0.00945077 
v -0.00635 -0.0260179 0.0120315 
v -0.00635 -0.0257433 0.00950639 
v -0.00635 -0.0307091 0.00846534 
v -0.00635 -0.0283495 0.00752519 
v -0.00635 -0.0304493 0.00902695 
v -0.00635 -0.0282052 0.0078372 
v -0.00635 -0.0254 0.009525 
v -0.00635 -0.0301302 0.00955718 
v -0.00635 -0.0280279 0.00813177 
v -0.00635 -0.0297558 0.0100498 
v 0 -0.00635 0.008128 
v 0 -0.00654224 0.00811758 
v 0 -0.00673222 0.00808643 
v 0 -0.00691772 0.00803493 
v 0 -0.00709656 0.00796367 
v 0 -0.00726665 0.00787349 
v 0 -0.007426 0.00776545 
v 0 -0.00757273 0.00764082 
v 0 -0.00770512 0.00750105 
v 0 -0.00782163 0.00734779 
v 0 -0.00792088 0.00718283 
v 0 -0.00800172 0.00700811 
v 0 -0.00806319 0.00682567 
v 0 -0.00810458 0.00663765 
v 0 -0.00812539 0.00644626 
v 0 -0.00812539 0.00625374 
v 0 -0.00810458 0.00606235 
v 0 -0.00806319 0.00587433 
v 0 -0.00800172 0.00569189 
v 0 -0.00792088 0.00551717 
v 0 -0.00782163 0.00535221 
v 0 -0.00770512 0.00519895 
v 0 -0.00757273 0.00505918 
v 0 -0.007426 0.00493455 
v 0 -0.00726665 0.00482651 
v 0 -0.00709656 0.00473633 
v 0 -0.00691772 0.00466507 
v 0 -0.00673222 0.00461357 
v 0 -0.00654224 0.00458242 
v 0 -0.00635 0.004572 
v 0 -0.00615776 0.00458242 
v 0 -0.00596778 0.00461357 
v 0 -0.00578228 0.00466507 
v 0 -0.00560344 0.00473633 
v 0 -0.00543335 0.00482651 
v 0 -0.005274 0.00493455 
v 0 -0.00512727 0.00505918 
v 0 -0.00499488 0.00519895 
v 0 -0.00487837 0.00535221 
v 0 -0.00477912 0.00551717 
v 0 -0.00469828 0.00569189 
v 0 -0.00463681 0.00587433 
v 0 -0.00459542 0.00606235 
v 0 -0.00457461 0.00625374 
v 0 -0.00457461 0.00644626 
v 0 -0.00459542 0.00663765 
v 0 -0.00463681 0.00682567 
v 0 -0.00469828 0.00700811 
v 0 -0.00477912 0.00718283 
v 0 -0.00487837 0.00734779 
v 0 -0.00499488 0.00750105 
v 0 -0.00512727 0.00764082 
v 0 -0.005274 0.00776545 
v 0 -0.00543335 0.00787349 
v 0 -0.00560344 0.00796367 
v 0 -0.00578228 0.00803493 
v 0 -0.00596778 0.00808643 
v 0 -0.00615776 0.00811758 
v -0.005715 0.0135527 0.0127562 
v -0.005715 0.0132886 0.0127141 
v -0.005715 0.0130216 0.0127 
v -0.005715 0.0149174 0.0135496 
v -0.005715 0.0150846 0.0137583 
v -0.00571931 0.0150064 0.0136482 
v -0.00573202 0.0149301 0.0135383 
v -0.00574264 0.0148883 0.0134771 
v -0.005715 0.0147292 0.0133597 
v -0.005715 0.0145221 0.0131906 
v -0.00578441 0.0147759 0.0133083 
v -0.00582643 0.0146952 0.0131835 
v -0.005715 0.0142983 0.0130442 
v -0.00587653 0.0146175 0.0130602 
v -0.005715 0.0140603 0.0129221 
v -0.00601681 0.01445 0.0127833 
v -0.005715 0.0138109 0.0128258 
v -0.0063364 0.0141795 0.0122987 
v -0.00622022 0.014267 0.0124611 
v -0.005715 -0.0254 0.0127 
v -0.000635 0.0149174 0.0135496 
v -0.000635 0.0150846 0.0137583 
v -0.000635 0.0147292 0.0133597 
v -0.000635 0.0145221 0.0131906 
v -0.000635 0.0142983 0.0130442 
v -0.000635 0.0140603 0.0129221 
v -0.000635 0.0138109 0.0128258 
v -0.000635 0.0135527 0.0127562 
v -0.000635 0.0132886 0.0127141 
v -0.000635 0.0130216 0.0127 
v -0.005715 -0.0260866 0.0126628 
v -0.005715 -0.0257433 0.0126814 
v -0.005715 -0.0264258 0.0126072 
v -0.005715 -0.0267651 0.0125515 
v -0.005715 -0.0270963 0.0124596 
v -0.005715 -0.0274276 0.0123676 
v -0.005715 -0.0277469 0.0122404 
v -0.005715 -0.0280663 0.0121131 
v -0.005715 -0.02837 0.0119521 
v -0.005715 -0.0286738 0.011791 
v -0.005715 -0.0292429 0.0114052 
v -0.005715 -0.0289583 0.0115981 
v -0.005715 -0.0295049 0.0111826 
v -0.005715 -0.0297669 0.0109601 
v -0.005715 -0.0300033 0.0107105 
v -0.005715 -0.0302397 0.0104609 
v -0.005715 -0.0304478 0.0101872 
v -0.005715 -0.0306558 0.00991354 
v -0.005715 -0.0308331 0.00961897 
v -0.005715 -0.0310103 0.00932439 
v -0.005715 -0.031299 0.00870038 
v -0.005715 -0.0311547 0.00901239 
v -0.005715 -0.0314088 0.00837459 
v -0.005715 -0.0315185 0.0080488 
v -0.005715 -0.0316663 0.00737732 
v -0.005715 -0.0315924 0.00771306 
v -0.005715 -0.0317035 0.00703555 
v -0.005715 -0.0317407 0.00669378 
v -0.005715 -0.0317407 0.00635 
v -0.005715 -0.0317407 0.00600622 
v -0.005715 -0.0316663 0.00532268 
v -0.005715 -0.0317035 0.00566445 
v -0.005715 -0.0315924 0.00498694 
v -0.005715 -0.0315185 0.0046512 
v -0.005715 -0.031299 0.00399962 
v -0.005715 -0.0314088 0.00432541 
v -0.005715 -0.0310103 0.00337561 
v -0.005715 -0.0311547 0.00368761 
v -0.005715 -0.0306558 0.00278646 
v -0.005715 -0.0308331 0.00308103 
v -0.005715 -0.0302397 0.0022391 
v -0.005715 -0.0304478 0.00251278 
v -0.005715 -0.0297669 0.00173993 
v -0.005715 -0.0300033 0.00198951 
v -0.005715 -0.0292429 0.00129481 
v -0.005715 -0.0295049 0.00151737 
v -0.005715 -0.0286738 0.000908957 
v -0.005715 -0.0289583 0.00110188 
v -0.005715 -0.0280663 0.000586896 
v -0.005715 -0.02837 0.000747927 
v -0.005715 -0.0274276 0.000332402 
v -0.005715 -0.0277469 0.000459649 
v -0.005715 -0.0270963 0.000240431 
v -0.005715 -0.0267651 0.000148459 
v -0.005715 -0.0260866 3.7224e-05 
v -0.005715 -0.0264258 9.28417e-05 
v -0.005715 -0.0254 0 
v -0.005715 -0.0257433 1.8612e-05 
v -0.005715 0.0130216 0 
v -0.005715 0.0132886 -1.40769e-05 
v -0.005715 0.0135527 -5.61514e-05 
v -0.005715 0.0138109 -0.000125757 
v -0.0063364 0.0141795 0.000401287 
v -0.00622022 0.014267 0.000238912 
v -0.005715 0.0140603 -0.000222123 
v -0.00601681 0.01445 -8.32711e-05 
v -0.005715 0.0142983 -0.000344181 
v -0.00587653 0.0146175 -0.000360242 
v -0.005715 0.0145221 -0.000490577 
v -0.00582629 0.0146954 -0.000483911 
v -0.00578441 0.0147759 -0.000608304 
v -0.005715 0.0149174 -0.000849643 
v -0.005715 0.0147292 -0.000659689 
v -0.00574264 0.0148883 -0.000777076 
v -0.00573435 0.0149303 -0.000837855 
v -0.00571931 0.0150064 -0.000948135 
v -0.005715 0.0150846 -0.00105833 
v -0.000635 0.0132886 -1.40769e-05 
v -0.000635 0.0130216 0 
v -0.000635 0.0135527 -5.61514e-05 
v -0.000635 0.0138109 -0.000125757 
v -0.000635 0.0140603 -0.000222123 
v -0.000635 0.0142983 -0.000344181 
v -0.000635 0.0145221 -0.000490577 
v -0.000635 0.0147292 -0.000659689 
v -0.000635 0.0149174 -0.000849643 
v -0.000635 0.0150846 -0.00105833 
v 0.00508 -0.0254 0.009525 
v 0.00508 -0.0257433 0.00950639 
v 0.00508 -0.0260825 0.00945077 
v 0.00508 -0.0264138 0.0093588 
v 0.00508 -0.0267331 0.00923155 
v 0.00508 -0.0270369 0.00907052 
v 0.00508 -0.0273214 0.0088776 
v 0.00508 -0.0275834 0.00865504 
v 0.00508 -0.0278199 0.00840545 
v 0.00508 -0.0280279 0.00813177 
v 0.00508 -0.0282052 0.0078372 
v 0.00508 -0.0283495 0.00752519 
v 0.00508 -0.0284593 0.0071994 
v 0.00508 -0.0285332 0.00686366 
v 0.00508 -0.0285703 0.00652189 
v 0.00508 -0.0285703 0.00617811 
v 0.00508 -0.0285332 0.00583634 
v 0.00508 -0.0284593 0.0055006 
v 0.00508 -0.0283495 0.00517481 
v 0.00508 -0.0282052 0.0048628 
v 0.00508 -0.0280279 0.00456823 
v 0.00508 -0.0278199 0.00429455 
v 0.00508 -0.0275834 0.00404496 
v 0.00508 -0.0273214 0.0038224 
v 0.00508 -0.0270369 0.00362948 
v 0.00508 -0.0267331 0.00346845 
v 0.00508 -0.0264138 0.0033412 
v 0.00508 -0.0260825 0.00324923 
v 0.00508 -0.0257433 0.00319361 
v 0.00508 -0.0254 0.003175 
v 0.00508 -0.0250567 0.00319361 
v 0.00508 -0.0247175 0.00324923 
v 0.00508 -0.0243862 0.0033412 
v 0.00508 -0.0240669 0.00346845 
v 0.00508 -0.0237631 0.00362948 
v 0.00508 -0.0234786 0.0038224 
v 0.00508 -0.0232166 0.00404496 
v 0.00508 -0.0229801 0.00429455 
v 0.00508 -0.0227721 0.00456823 
v 0.00508 -0.0225948 0.0048628 
v 0.00508 -0.0224505 0.00517481 
v 0.00508 -0.0223407 0.0055006 
v 0.00508 -0.0222668 0.00583634 
v 0.00508 -0.0222297 0.00617811 
v 0.00508 -0.0222297 0.00652189 
v 0.00508 -0.0222668 0.00686366 
v 0.00508 -0.0223407 0.0071994 
v 0.00508 -0.0224505 0.00752519 
v 0.00508 -0.0225948 0.0078372 
v 0.00508 -0.0227721 0.00813177 
v 0.00508 -0.0229801 0.00840545 
v 0.00508 -0.0232166 0.00865504 
v 0.00508 -0.0234786 0.0088776 
v 0.00508 -0.0237631 0.00907052 
v 0.00508 -0.0240669 0.00923155 
v 0.00508 -0.0243862 0.0093588 
v 0.00508 -0.0247175 0.00945077 
v 0.00508 -0.0250567 0.00950639 
v 0.00508 -0.0257094 0.0120566 
v 0.00508 -0.0263246 0.0119897 
v 0.00508 -0.0250906 0.0120566 
v 0.00508 -0.0254 0.012065 
v 0.00508 -0.0199842 0.00452519 
v 0.00508 -0.0197185 0.0057321 
v 0.00508 -0.0232847 0.0116591 
v 0.00508 -0.0238711 0.0118567 
v 0.00508 -0.0244754 0.0119897 
v 0.00508 -0.0244754 0.000710286 
v 0.00508 -0.0202132 0.00395033 
v 0.00508 -0.0198186 0.00512144 
v 0.00508 -0.019685 0.00635 
v 0.00508 -0.0197185 0.0069679 
v 0.00508 -0.0198186 0.00757856 
v 0.00508 -0.0199842 0.00817481 
v 0.00508 -0.0202132 0.00874967 
v 0.00508 -0.0269289 0.0118567 
v 0.00508 -0.0275153 0.0116591 
v 0.00508 -0.0295491 0.0102802 
v 0.00508 -0.0310815 0.0069679 
v 0.00508 -0.031115 0.00635 
v 0.00508 -0.0250906 0.000643382 
v 0.00508 -0.0232847 0.0010409 
v 0.00508 -0.022723 0.00130073 
v 0.00508 -0.0221928 0.00161976 
v 0.00508 -0.0217002 0.00199424 
v 0.00508 -0.0212509 0.0024198 
v 0.00508 -0.028077 0.0113993 
v 0.00508 -0.0286072 0.0110802 
v 0.00508 -0.0290998 0.0107058 
v 0.00508 -0.0310815 0.0057321 
v 0.00508 -0.0309814 0.00512144 
v 0.00508 -0.0308158 0.00452519 
v 0.00508 -0.0238711 0.000843312 
v 0.00508 -0.0208503 0.00289143 
v 0.00508 -0.0205031 0.00340361 
v 0.00508 -0.0217002 0.0107058 
v 0.00508 -0.0221928 0.0110802 
v 0.00508 -0.022723 0.0113993 
v 0.00508 -0.0299497 0.00980857 
v 0.00508 -0.0309814 0.00757856 
v 0.00508 -0.0295491 0.0024198 
v 0.00508 -0.0205031 0.00929639 
v 0.00508 -0.0208503 0.00980857 
v 0.00508 -0.0308158 0.00817481 
v 0.00508 -0.0305868 0.00395033 
v 0.00508 -0.0299497 0.00289143 
v 0.00508 -0.0212509 0.0102802 
v 0.00508 -0.0290998 0.00199424 
v 0.00508 -0.0286072 0.00161976 
v 0.00508 -0.028077 0.00130073 
v 0.00508 -0.0275153 0.0010409 
v 0.00508 -0.0269289 0.000843312 
v 0.00508 -0.0263246 0.000710286 
v 0.00508 -0.0257094 0.000643382 
v 0.00508 -0.0305868 0.00874967 
v 0.00508 -0.0302969 0.00340361 
v 0.00508 -0.0302969 0.00929639 
v 0.00508 -0.0254 0.000635 
v 0.004445 -0.0254 0.0127 
v 0.004445 -0.0250562 0.0126907 
v 0.004445 -0.0243727 0.0126163 
v 0.004445 -0.0237012 0.0124685 
v 0.004445 -0.0230496 0.012249 
v 0.004445 -0.0224256 0.0119603 
v 0.004445 -0.0218365 0.0116058 
v 0.004445 -0.0212891 0.0111897 
v 0.004445 -0.0207899 0.0107169 
v 0.004445 -0.0203448 0.0101929 
v 0.004445 -0.019959 0.00962377 
v 0.004445 -0.0196369 0.0090163 
v 0.004445 -0.0193824 0.00837756 
v 0.004445 -0.0191985 0.00771506 
v 0.004445 -0.0190872 0.00703656 
v 0.004445 -0.01905 0.00635 
v 0.004445 -0.0190872 0.00566344 
v 0.004445 -0.0191985 0.00498494 
v 0.004445 -0.0193824 0.00432244 
v 0.004445 -0.0196369 0.0036837 
v 0.004445 -0.019959 0.00307623 
v 0.004445 -0.0203448 0.00250714 
v 0.004445 -0.0207899 0.00198311 
v 0.004445 -0.0212891 0.00151027 
v 0.004445 -0.0218365 0.00109417 
v 0.004445 -0.0224256 0.000739699 
v 0.004445 -0.0230496 0.000450998 
v 0.004445 -0.0237012 0.000231458 
v 0.004445 -0.0243727 8.36516e-05 
v 0.004445 -0.0254 0 
v 0.004445 -0.0250562 9.31282e-06 
v 0.004445 -0.0257438 9.31282e-06 
v 0.004445 -0.0264273 8.36516e-05 
v 0.004445 -0.0270988 0.000231458 
v 0.004445 -0.0277504 0.000450998 
v 0.004445 -0.0283744 0.000739699 
v 0.004445 -0.0289635 0.00109417 
v 0.004445 -0.0295109 0.00151027 
v 0.004445 -0.0300101 0.00198311 
v 0.004445 -0.0304552 0.00250714 
v 0.004445 -0.030841 0.00307623 
v 0.004445 -0.0311631 0.0036837 
v 0.004445 -0.0314176 0.00432244 
v 0.004445 -0.0316015 0.00498494 
v 0.004445 -0.0317128 0.00566344 
v 0.004445 -0.03175 0.00635 
v 0.004445 -0.0317128 0.00703656 
v 0.004445 -0.0316015 0.00771506 
v 0.004445 -0.0314176 0.00837756 
v 0.004445 -0.0311631 0.0090163 
v 0.004445 -0.030841 0.00962377 
v 0.004445 -0.0304552 0.0101929 
v 0.004445 -0.0300101 0.0107169 
v 0.004445 -0.0295109 0.0111897 
v 0.004445 -0.0289635 0.0116058 
v 0.004445 -0.0283744 0.0119603 
v 0.004445 -0.0277504 0.012249 
v 0.004445 -0.0270988 0.0124685 
v 0.004445 -0.0264273 0.0126163 
v 0.004445 -0.0257438 0.0126907 
v 0.00254 -0.0254 -2.1684e-19 
v 0.00254 -0.0251435 5.18364e-06 
v 0.00254 -0.0250566 1.34369e-05 
v 0.00254 -0.024457 7.0404e-05 
v 0.00254 -0.0243735 8.76306e-05 
v 0.00254 -0.0237817 0.000209668 
v 0.00254 -0.0237024 0.000235247 
v 0.00254 -0.0231255 0.000421332 
v 0.00254 -0.0230512 0.000454559 
v 0.00254 -0.0224961 0.000702903 
v 0.00254 -0.0224275 0.000742995 
v 0.00254 -0.0219009 0.00105106 
v 0.00254 -0.0218387 0.00109718 
v 0.00254 -0.021347 0.00146169 
v 0.00254 -0.0212916 0.00151295 
v 0.00254 -0.0208409 0.00192997 
v 0.00254 -0.0207926 0.00198545 
v 0.00254 -0.0203885 0.00245036 
v 0.00254 -0.0203477 0.00250913 
v 0.00254 -0.0199952 0.00301673 
v 0.00254 -0.0199619 0.00307786 
v 0.00254 -0.0196657 0.00362241 
v 0.00254 -0.01964 0.00368496 
v 0.00254 -0.0194037 0.00426024 
v 0.00254 -0.0193855 0.00432333 
v 0.00254 -0.0192125 0.00492272 
v 0.00254 -0.0192016 0.00498548 
v 0.00254 -0.0190942 0.00560203 
v 0.00254 -0.0190903 0.00566364 
v 0.00254 -0.0190503 0.00629015 
v 0.00254 -0.019053 0.00634987 
v 0.00254 -0.0190812 0.00697898 
v 0.00254 -0.0190901 0.00703612 
v 0.00254 -0.0191867 0.0076604 
v 0.00254 -0.0192012 0.00771434 
v 0.00254 -0.0193654 0.00832636 
v 0.00254 -0.0193849 0.00837659 
v 0.00254 -0.0196153 0.00896902 
v 0.00254 -0.0196392 0.00901509 
v 0.00254 -0.0199333 0.0095808 
v 0.00254 -0.0199611 0.00962237 
v 0.00254 -0.0203159 0.0101545 
v 0.00254 -0.0203467 0.0101913 
v 0.00254 -0.0207584 0.0106833 
v 0.00254 -0.0207915 0.0107152 
v 0.00254 -0.0212556 0.011161 
v 0.00254 -0.0212905 0.011188 
v 0.00254 -0.0218016 0.011582 
v 0.00254 -0.0218376 0.011604 
v 0.00254 -0.0223901 0.0119414 
v 0.00254 -0.0224265 0.0119584 
v 0.00254 -0.0230141 0.0122347 
v 0.00254 -0.0230503 0.0122471 
v 0.00254 -0.0236663 0.0124587 
v 0.00254 -0.0237016 0.0124667 
v 0.00254 -0.0243388 0.0126107 
v 0.00254 -0.0243729 0.0126146 
v 0.00254 -0.0250239 0.0126889 
v 0.00254 -0.0254 0.0127 
v 0.00254 -0.0250562 0.0126898 
v 0.00198389 -0.0246205 0.0127 
v 0.00170547 -0.0242303 0.0127 
v 0.00142725 -0.0238403 0.0127 
v 0.00226218 -0.0250106 0.0127 
v -0.000332726 -0.0204837 0.0127 
v -0.000453925 -0.02001 0.0127 
v -4.66464e-05 -0.0212731 0.0127 
v -0.000173317 -0.0209236 0.0127 
v 0.000896877 -0.0230468 0.0127 
v 0.000651077 -0.0226392 0.0127 
v -0.000635 -0.0185904 0.0127 
v -0.000604061 -0.0191782 0.0127 
v -0.0006098 -0.0190692 0.0127 
v -0.000509233 -0.0197939 0.0127 
v -0.000547956 -0.0195425 0.0127 
v 0.000207909 -0.0217997 0.0127 
v -1.39034e-07 -0.0213693 0.0127 
v 0.000463084 -0.0223274 0.0127 
v 0.000414993 -0.022228 0.0127 
v 0.00109224 -0.0233707 0.0127 
v 0.00114956 -0.0234511 0.0127 
v 0 0.0130216 0.012065 
v -0.0003175 -0.0185904 0.0123825 
v 4.33681e-19 -0.0185904 0.012065 
v 0.00246764 -0.0252636 0.0126949 
v 0.00233863 -0.0250204 0.0126859 
v 0.000517079 -0.0211494 0.0123747 
v 0.000418443 -0.0208627 0.0123397 
v 0.00085108 -0.0219957 0.0124705 
v 0.000758046 -0.021792 0.0124497 
v 0.000677364 -0.0216154 0.0124317 
v 0.000576487 -0.0213221 0.0123958 
v 0.000547092 -0.0212367 0.0123854 
v 0.000293612 -0.0204998 0.0122954 
v 0.000270294 -0.0204026 0.0122833 
v 0.000370658 -0.0207238 0.0123227 
v 0.000244417 -0.0202947 0.0122699 
v 0.000164631 -0.0199621 0.0122286 
v 0.000245038 -0.0202973 0.0122702 
v 0.000119399 -0.0197735 0.0122052 
v 8.36699e-05 -0.0195304 0.0121757 
v 0.000142416 -0.0198695 0.0122171 
v 2.90549e-05 -0.0191587 0.0121304 
v 2.64087e-05 -0.0191069 0.0121245 
v 7.05893e-05 -0.0194413 0.0121648 
v 3.52979e-05 -0.0192012 0.0121356 
v 2.17194e-05 -0.0190152 0.0121139 
v 5.7041e-06 -0.018702 0.0120778 
v 0.00157607 -0.0235829 0.0126325 
v 0.0016366 -0.023697 0.0126368 
v 0.00159345 -0.0236157 0.0126337 
v 0.00196794 -0.0243216 0.0126599 
v 0.00193494 -0.0242594 0.0126576 
v 0.00208707 -0.0245462 0.0126683 
v 0.00231346 -0.0249729 0.0126841 
v 0.00220193 -0.0247627 0.0126763 
v 0.0018613 -0.0241206 0.0126525 
v 0.00166589 -0.0237522 0.0126388 
v 0.00143075 -0.0232648 0.0126 
v 0.00124466 -0.0228574 0.0125584 
v 0.0014322 -0.0232679 0.0126004 
v 0.00121034 -0.0227822 0.0125508 
v 0.00123654 -0.0228396 0.0125566 
v 0.000986112 -0.0222913 0.0125007 
v 0.00104271 -0.0224152 0.0125133 
v 0.000888011 -0.0220765 0.0124787 
v 0.000623299 -0.022116 0.0125884 
v -4.87139e-05 -0.0203862 0.0124845 
v 0.000249303 -0.0212628 0.0125376 
v 8.92454e-05 -0.020827 0.0125112 
v 0.000428355 -0.0216928 0.0125635 
v -0.000245924 -0.0194931 0.0124318 
v -0.000298968 -0.0190425 0.0124066 
v -0.000161472 -0.0199413 0.0124579 
v 0.00105349 -0.0229493 0.0126334 
v 0.000832093 -0.0225341 0.0126119 
v 0.00166105 -0.0237358 6.74438e-05 
v 0.000947242 -0.0222187 0.000204448 
v 0.00246813 -0.0252639 5.51471e-06 
v 0.00231428 -0.0249726 1.73201e-05 
v 0.00220421 -0.0247642 2.57656e-05 
v 0.0024031 -0.0251408 1.0505e-05 
v 0.0020887 -0.0245455 3.46291e-05 
v 0.00203384 -0.0244416 3.8839e-05 
v 0.001939 -0.0242621 4.61158e-05 
v 0.00186372 -0.0241195 5.18922e-05 
v 0.0016717 -0.023756 6.66262e-05 
v 0.00142544 -0.0232706 9.50253e-05 
v 0.00141901 -0.0232564 9.64954e-05 
v 0.0016398 -0.0236956 6.90746e-05 
v 0.00148792 -0.023408 8.07286e-05 
v 0.00123059 -0.022842 0.000139611 
v 0.00120003 -0.0227747 0.000146604 
v 0.00130087 -0.0229965 0.000123529 
v 0.00103755 -0.0224173 0.000183783 
v 0.000977234 -0.0222846 0.000197585 
v 0.000846702 -0.0219975 0.000227454 
v 0.000750592 -0.0217861 0.000249446 
v 0.000709241 -0.0216951 0.000258909 
v 0.000667911 -0.0215774 0.000273247 
v 0.000578872 -0.0213238 0.000304137 
v 0.000602611 -0.0213914 0.000295901 
v 0.00051758 -0.0211492 0.000325401 
v 0.000416579 -0.0208614 0.000360441 
v 0.000368486 -0.0207244 0.000377126 
v 0.000312197 -0.0205641 0.000396654 
v 0.000273191 -0.0204044 0.000416477 
v 0.000289286 -0.0204703 0.000408297 
v 0.000246908 -0.0202968 0.000429834 
v 0.000165228 -0.0199624 0.000471345 
v 0.000120583 -0.0197797 0.000494034 
v 8.45613e-05 -0.019531 0.000524248 
v 0.000142514 -0.0198694 0.000482889 
v 7.15615e-05 -0.0194412 0.000535151 
v 2.58571e-05 -0.0191257 0.000573486 
v 2.48973e-05 -0.0191058 0.00057577 
v 6.57196e-05 -0.0194009 0.000540051 
v 2.05247e-05 -0.0190153 0.000586172 
v 5.37825e-06 -0.0187017 0.000622205 
v 4.33681e-19 -0.0185904 0.000635 
v 0 -0.0183839 0.000890505 
v 0 -0.0178333 0.00168343 
v 0 -0.0173719 0.00253137 
v 0 -0.0170052 0.00342434 
v 0 -0.0167375 0.00435181 
v 0 -0.0165719 0.00530284 
v 0 -0.0165104 0.00626621 
v 0 -0.0165537 0.00723058 
v 0 -0.0167014 0.00818456 
v 0 -0.0169515 0.00911691 
v 0 -0.0173014 0.0100166 
v 0 -0.0177467 0.0108731 
v 0 -0.0182822 0.0116763 
v 0.0024652 -0.0243387 0.0126118 
v 0.0024652 -0.023666 0.0124598 
v 0.00219199 -0.0236597 0.0124818 
v 0.0024652 -0.0230137 0.0122358 
v 0.00219199 -0.0230051 0.0122569 
v 0.0024652 -0.0223896 0.0119423 
v 0.00219199 -0.0223788 0.0119625 
v 0.0024652 -0.021801 0.011583 
v 0.00219199 -0.0217881 0.0116018 
v 0.0024652 -0.0212548 0.0111619 
v 0.00219199 -0.0212399 0.0111792 
v 0.0024652 -0.0207575 0.0106841 
v 0.00219199 -0.0207408 0.0106997 
v 0.0024652 -0.020315 0.0101551 
v 0.00219199 -0.0202967 0.0101688 
v 0.0024652 -0.0199324 0.00958136 
v 0.00219199 -0.0199127 0.00959299 
v 0.0024652 -0.0196143 0.00896948 
v 0.00219199 -0.0195934 0.0089789 
v 0.0024652 -0.0193643 0.00832671 
v 0.00219199 -0.0193426 0.00833382 
v 0.0024652 -0.0191856 0.00766063 
v 0.00219199 -0.0191632 0.00766534 
v 0.0024652 -0.0190801 0.00697909 
v 0.00219199 -0.0190574 0.00698136 
v 0.0024652 -0.0190492 0.00629014 
v 0.00219199 -0.0190263 0.00628993 
v 0.0024652 -0.0190931 0.0056019 
v 0.00219199 -0.0190704 0.00559921 
v 0.0024652 -0.0192114 0.00492247 
v 0.00219199 -0.0191891 0.00491734 
v 0.0024652 -0.0194027 0.00425988 
v 0.00219199 -0.0193811 0.00425236 
v 0.0024652 -0.0196647 0.00362193 
v 0.00219199 -0.019644 0.00361212 
v 0.0024652 -0.0199943 0.00301615 
v 0.00219199 -0.0199748 0.00300416 
v 0.0024652 -0.0203876 0.00244968 
v 0.00219199 -0.0203696 0.00243565 
v 0.0024652 -0.0208401 0.0019292 
v 0.00219199 -0.0208237 0.0019133 
v 0.0024652 -0.0213463 0.00146085 
v 0.00219199 -0.0213317 0.00144325 
v 0.0024652 -0.0219003 0.00105014 
v 0.00219199 -0.0218877 0.00103107 
v 0.0024652 -0.0224956 0.000701923 
v 0.00219199 -0.0224851 0.0006816 
v 0.0024652 -0.0231251 0.000420304 
v 0.00219199 -0.0231169 0.000398968 
v 0.0024652 -0.0237814 0.000208602 
v 0.00219199 -0.0237756 0.000186505 
v 0.0024652 -0.0244569 6.93146e-05 
v 0.00219199 -0.0244535 4.67157e-05 
v 0.00192283 -0.0229855 0.0123053 
v 0.00192283 -0.0223541 0.0120084 
v 0.00192283 -0.0217585 0.0116448 
v 0.00192283 -0.0212059 0.0112187 
v 0.00192283 -0.0207027 0.0107353 
v 0.00192283 -0.0202549 0.0102001 
v 0.00192283 -0.0198678 0.00961953 
v 0.00192283 -0.0195459 0.00900042 
v 0.00192283 -0.0192931 0.00835006 
v 0.00192283 -0.0191122 0.00767611 
v 0.00192283 -0.0190055 0.00698652 
v 0.00192283 -0.0189742 0.00628944 
v 0.00192283 -0.0190186 0.00559306 
v 0.00192283 -0.0191383 0.00490561 
v 0.00192283 -0.0193318 0.00423519 
v 0.00192283 -0.0195969 0.00358971 
v 0.00192283 -0.0199304 0.00297678 
v 0.00192283 -0.0203284 0.00240361 
v 0.00192283 -0.0207862 0.00187698 
v 0.00192283 -0.0212984 0.0014031 
v 0.00192283 -0.021859 0.000987537 
v 0.00192283 -0.0224613 0.000635208 
v 0.00192283 -0.0230982 0.000350263 
v 0.00192283 -0.0237623 0.00013606 
v 0.00192283 -0.0236455 0.012532 
v 0.00166086 -0.0229552 0.0123802 
v 0.00166086 -0.0223157 0.0120796 
v 0.00166086 -0.0217127 0.0117114 
v 0.00166086 -0.0211531 0.01128 
v 0.00166086 -0.0206436 0.0107904 
v 0.00166086 -0.0201902 0.0102485 
v 0.00166086 -0.0197982 0.00966068 
v 0.00166086 -0.0194722 0.00903378 
v 0.00166086 -0.0192162 0.00837523 
v 0.00166086 -0.0190331 0.0076928 
v 0.00166086 -0.018925 0.00699454 
v 0.00166086 -0.0188933 0.00628867 
v 0.00166086 -0.0189383 0.00558354 
v 0.00166086 -0.0190595 0.00488743 
v 0.00166086 -0.0192555 0.00420858 
v 0.00166086 -0.0195239 0.00355497 
v 0.00166086 -0.0198616 0.00293432 
v 0.00166086 -0.0202646 0.00235395 
v 0.00166086 -0.0207281 0.00182069 
v 0.00166086 -0.0212468 0.00134084 
v 0.00166086 -0.0218144 0.00092005 
v 0.00166086 -0.0224243 0.000563287 
v 0.00166086 -0.0230693 0.000274755 
v 0.00140914 -0.0222642 0.0121753 
v 0.00140914 -0.0216511 0.0118009 
v 0.00140914 -0.0210822 0.0113623 
v 0.00140914 -0.0205642 0.0108646 
v 0.00140914 -0.0201032 0.0103136 
v 0.00140914 -0.0197047 0.00971595 
v 0.00140914 -0.0193733 0.00907858 
v 0.00140914 -0.019113 0.00840904 
v 0.00140914 -0.0189268 0.00771522 
v 0.00140914 -0.0188169 0.0070053 
v 0.00140914 -0.0187847 0.00628765 
v 0.00140914 -0.0188304 0.00557074 
v 0.00140914 -0.0189536 0.00486302 
v 0.00140914 -0.0191529 0.00417283 
v 0.00140914 -0.0194258 0.00350831 
v 0.00140914 -0.0197691 0.0028773 
v 0.00140914 -0.0201788 0.00228723 
v 0.00140914 -0.0206501 0.00174507 
v 0.00140914 -0.0211774 0.00125721 
v 0.00140914 -0.0217545 0.000829394 
v 0.00140914 -0.0223746 0.000466675 
v 0.00140914 -0.0230303 0.000173326 
v 0.00117059 -0.0215745 0.0119123 
v 0.00117059 -0.020994 0.0114647 
v 0.00117059 -0.0204654 0.0109568 
v 0.00117059 -0.019995 0.0103946 
v 0.00117059 -0.0195883 0.00978471 
v 0.00117059 -0.0192502 0.00913432 
v 0.00117059 -0.0189845 0.0084511 
v 0.00117059 -0.0187945 0.0077431 
v 0.00117059 -0.0186824 0.00701868 
v 0.00117059 -0.0186495 0.00628638 
v 0.00117059 -0.0186962 0.00555482 
v 0.00117059 -0.018822 0.00483264 
v 0.00117059 -0.0190253 0.00412835 
v 0.00117059 -0.0193037 0.00345026 
v 0.00117059 -0.0196541 0.00280636 
v 0.00117059 -0.0200722 0.00220424 
v 0.00117059 -0.0205531 0.00165101 
v 0.00117059 -0.0210912 0.00115318 
v 0.00117059 -0.0216801 0.000716626 
v 0.00117059 -0.0223128 0.000346497 
v 0.00117059 -0.0222002 0.0122942 
v 0.000947994 -0.0214838 0.0120441 
v 0.000947994 -0.0208895 0.011586 
v 0.000947994 -0.0203484 0.011066 
v 0.000947994 -0.0198668 0.0104905 
v 0.000947994 -0.0194505 0.00986615 
v 0.000947994 -0.0191044 0.00920033 
v 0.000947994 -0.0188324 0.00850091 
v 0.000947994 -0.0186379 0.00777613 
v 0.000947994 -0.0185232 0.00703454 
v 0.000947994 -0.0184895 0.00628487 
v 0.000947994 -0.0185373 0.00553597 
v 0.000947994 -0.018666 0.00479667 
v 0.000947994 -0.0188741 0.00407568 
v 0.000947994 -0.0191592 0.00338151 
v 0.000947994 -0.0195179 0.00272234 
v 0.000947994 -0.0199459 0.00210595 
v 0.000947994 -0.0204382 0.00153959 
v 0.000947994 -0.020989 0.00102996 
v 0.000947994 -0.0215919 0.000583059 
v 0.000743949 -0.02077 0.0117247 
v 0.000743949 -0.0202145 0.011191 
v 0.000743949 -0.0197202 0.0106002 
v 0.000743949 -0.0192929 0.00995932 
v 0.000743949 -0.0189375 0.00927586 
v 0.000743949 -0.0186584 0.00855791 
v 0.000743949 -0.0184587 0.00781392 
v 0.000743949 -0.0183409 0.00705267 
v 0.000743949 -0.0183064 0.00628314 
v 0.000743949 -0.0183554 0.0055144 
v 0.000743949 -0.0184876 0.00475551 
v 0.000743949 -0.0187012 0.00401541 
v 0.000743949 -0.0189938 0.00330285 
v 0.000743949 -0.019362 0.00262622 
v 0.000743949 -0.0198013 0.00199349 
v 0.000743949 -0.0203067 0.00141213 
v 0.000743949 -0.0208721 0.000888994 
v 0.000743949 -0.021491 0.000430249 
v 0.000743949 -0.0213801 0.012195 
v 0.000560829 -0.0206368 0.0118793 
v 0.000560829 -0.0200654 0.0113302 
v 0.000560829 -0.0195569 0.0107225 
v 0.000560829 -0.0191172 0.0100631 
v 0.000560829 -0.0187517 0.00936002 
v 0.000560829 -0.0184645 0.00862142 
v 0.000560829 -0.0182591 0.00785603 
v 0.000560829 -0.0181379 0.00707289 
v 0.000560829 -0.0181023 0.00628122 
v 0.000560829 -0.0181528 0.00549036 
v 0.000560829 -0.0182887 0.00470964 
v 0.000560829 -0.0185085 0.00394826 
v 0.000560829 -0.0188096 0.0032152 
v 0.000560829 -0.0191883 0.00251911 
v 0.000560829 -0.0196403 0.00186818 
v 0.000560829 -0.0201602 0.0012701 
v 0.000560829 -0.0207419 0.000731917 
v 0.000400768 -0.0199027 0.0114821 
v 0.000400768 -0.0193786 0.0108558 
v 0.000400768 -0.0189256 0.0101764 
v 0.000400768 -0.0185489 0.00945183 
v 0.000400768 -0.0182529 0.0086907 
v 0.000400768 -0.0180413 0.00790196 
v 0.000400768 -0.0179164 0.00709493 
v 0.000400768 -0.0178797 0.00627912 
v 0.000400768 -0.0179318 0.00546414 
v 0.000400768 -0.0180718 0.00465961 
v 0.000400768 -0.0182983 0.00387501 
v 0.000400768 -0.0186086 0.00311959 
v 0.000400768 -0.0189989 0.00240226 
v 0.000400768 -0.0194646 0.00173148 
v 0.000400768 -0.0200004 0.00111516 
v 0.000400768 -0.0205998 0.000560561 
v 0.000400768 -0.0204916 0.0120479 
v 0.000265632 -0.0197283 0.0116449 
v 0.000265632 -0.0191876 0.0109987 
v 0.000265632 -0.0187202 0.0102978 
v 0.000265632 -0.0183316 0.00955022 
v 0.000265632 -0.0180262 0.00876494 
v 0.000265632 -0.0178079 0.00795119 
v 0.000265632 -0.017679 0.00711856 
v 0.000265632 -0.0176412 0.00627687 
v 0.000265632 -0.0176949 0.00543604 
v 0.000265632 -0.0178394 0.00460599 
v 0.000265632 -0.0180731 0.0037965 
v 0.000265632 -0.0183931 0.00301712 
v 0.000265632 -0.0187958 0.00227704 
v 0.000265632 -0.0192764 0.00158499 
v 0.000265632 -0.0198291 0.000949113 
v 0.000156994 -0.0189861 0.0111496 
v 0.000156994 -0.0185035 0.0104258 
v 0.000156994 -0.0181022 0.00965404 
v 0.000156994 -0.017787 0.00884329 
v 0.000156994 -0.0175616 0.00800314 
v 0.000156994 -0.0174285 0.0071435 
v 0.000156994 -0.0173895 0.0062745 
v 0.000156994 -0.0174449 0.00540639 
v 0.000156994 -0.0175941 0.00454941 
v 0.000156994 -0.0178354 0.00371366 
v 0.000156994 -0.0181658 0.002909 
v 0.000156994 -0.0185816 0.00214491 
v 0.000156994 -0.0190777 0.0014304 
v 0.000156994 -0.0196484 0.000773896 
v 0.000156994 -0.0195443 0.0118167 
v 7.61206e-05 -0.0187764 0.0113065 
v 7.61206e-05 -0.018278 0.0105591 
v 7.61206e-05 -0.0178636 0.00976209 
v 7.61206e-05 -0.0175381 0.00892482 
v 7.61206e-05 -0.0173052 0.0080572 
v 7.61206e-05 -0.0171679 0.00716945 
v 7.61206e-05 -0.0171275 0.00627203 
v 7.61206e-05 -0.0171848 0.00537554 
v 7.61206e-05 -0.0173389 0.00449053 
v 7.61206e-05 -0.017588 0.00362745 
v 7.61206e-05 -0.0179292 0.00279647 
v 7.61206e-05 -0.0183586 0.00200739 
v 7.61206e-05 -0.018871 0.00126952 
v 7.61206e-05 -0.0194603 0.000591548 
v 2.39539e-05 -0.0180463 0.0106961 
v 2.39539e-05 -0.0176184 0.0098731 
v 2.39539e-05 -0.0172823 0.00900859 
v 2.39539e-05 -0.0170419 0.00811274 
v 2.39539e-05 -0.0169 0.00719611 
v 2.39539e-05 -0.0168584 0.00626949 
v 2.39539e-05 -0.0169175 0.00534383 
v 2.39539e-05 -0.0170766 0.00443003 
v 2.39539e-05 -0.0173338 0.00353887 
v 2.39539e-05 -0.0176862 0.00268086 
v 2.39539e-05 -0.0181295 0.00186611 
v 2.39539e-05 -0.0186585 0.00110422 
v 2.39539e-05 -0.0185609 0.0114678 
v 1.10158e-06 -0.0178111 0.0108351 
v 1.10158e-06 -0.0173695 0.00998578 
v 1.10158e-06 -0.0170226 0.00909363 
v 1.10158e-06 -0.0167745 0.00816912 
v 1.10158e-06 -0.0166281 0.00722317 
v 1.10158e-06 -0.0165852 0.00626692 
v 1.10158e-06 -0.0166462 0.00531165 
v 1.10158e-06 -0.0168104 0.00436862 
v 1.10158e-06 -0.0170758 0.00344896 
v 1.10158e-06 -0.0174395 0.0025635 
v 1.10158e-06 -0.0178969 0.00172269 
v 1.10158e-06 -0.0184429 0.000936439 
v 0.0024652 -0.0250239 0.01269 
v 0.0024652 -0.0251434 4.08297e-06 
v 1.10158e-06 -0.0183421 0.0116315 
v 7.61206e-05 -0.0193528 0.0119955 
v 0.000265632 -0.0203359 0.0122287 
v 0.000572571 -0.0212589 0.0123596 
v 0.000947994 -0.0221243 0.0124352 
v 0.00140914 -0.0229143 0.0124809 
v 0.00166086 -0.0236234 0.0126098 
v 0.00219199 -0.0243348 0.0126343 
v 1.44558e-06 -0.0213687 0 
v 0.000201911 -0.0218027 0 
v 0.00170744 -0.0242289 -9.65228e-20 
v 0.00198521 -0.0246196 -1.36665e-19 
v 0.0011528 -0.0234488 -1.63702e-20 
v 0.00142986 -0.0238385 -5.64087e-20 
v -7.77985e-05 -0.0211971 0 
v -0.000344096 -0.020446 0 
v -0.000174599 -0.0209241 0 
v 0.00226284 -0.0250101 -1.76786e-19 
v 0.00103953 -0.0232894 0 
v 0.000657304 -0.0226357 0 
v 0.000897519 -0.0230466 0 
v 0.000320849 -0.0220602 0 
v 0.000417714 -0.0222259 0 
v -0.000512556 -0.0197772 0 
v -0.000453904 -0.02001 0 
v -0.000605005 -0.0191688 0 
v -0.000548217 -0.0195425 0 
v -0.000635 -0.0185904 0 
v -0.000610172 -0.0190692 0 
v 0 0.0130216 0.000635 
v -0.0003175 -0.0185904 0.0003175 
v 0.000623299 -0.022116 0.000111572 
v 0.000428355 -0.0216928 0.000136508 
v -4.87139e-05 -0.0203862 0.000215511 
v -0.000161472 -0.0199413 0.000242071 
v 8.92454e-05 -0.020827 0.00018883 
v 0.000249303 -0.0212628 0.000162378 
v -0.000245924 -0.0194931 0.000268157 
v -0.000298968 -0.0190425 0.000293417 
v 0.000832093 -0.0225341 8.80958e-05 
v 0.00105349 -0.0229493 6.66123e-05 
v 0 0.0133554 0.0120826 
v 0 0.0136855 0.0121352 
v 0 0.0140082 0.0122222 
v 0 0.01432 0.0123427 
v 0 0.0146175 0.0124952 
v 0 0.0148972 0.0126782 
v 0 0.0151561 0.0128896 
v 0 0.0153914 0.0131271 
v 0 0.0156004 0.0133879 
v -5.20417e-18 0.0162045 0.0141607 
v -0.000635 0.0157205 0.0145718 
v -5.20417e-18 0.0171029 0.0151091 
v -0.000635 0.0166662 0.0155701 
v -5.20417e-18 0.0180986 0.0159549 
v -0.000635 0.0177143 0.0164604 
v -5.20417e-18 0.0191798 0.016688 
v -0.000635 0.0188525 0.0172321 
v -5.20417e-18 0.020334 0.0172999 
v -0.000635 0.0200674 0.0178762 
v -5.20417e-18 0.0215476 0.0177834 
v -0.000635 0.0213449 0.0183852 
v -5.20417e-18 0.0228064 0.0181329 
v -0.000635 0.0226699 0.0187531 
v -5.20417e-18 0.0240955 0.0183443 
v -0.000635 0.0240269 0.0189756 
v -5.20417e-18 0.0254 0.018415 
v -0.000635 0.0254 0.01905 
v -5.20417e-18 0.0267045 0.0183443 
v -0.000635 0.0267731 0.0189756 
v -5.20417e-18 0.0279936 0.0181329 
v -0.000635 0.0281301 0.0187531 
v -5.20417e-18 0.0292524 0.0177834 
v -0.000635 0.0294551 0.0183852 
v -5.20417e-18 0.030466 0.0172999 
v -0.000635 0.0307326 0.0178762 
v -5.20417e-18 0.0316202 0.016688 
v -0.000635 0.0319475 0.0172321 
v -5.20417e-18 0.0327014 0.0159549 
v -0.000635 0.0330857 0.0164604 
v -5.20417e-18 0.0336971 0.0151091 
v -0.000635 0.0341338 0.0155701 
v -5.20417e-18 0.0345955 0.0141607 
v -0.000635 0.0350795 0.0145718 
v 0 0.0351996 0.0133879 
v -0.000635 0.0357154 0.0137583 
v -2.40741e-35 0.0156004 -0.000687917 
v 4.33681e-19 0.0153914 -0.000427054 
v 4.33681e-19 0.0151561 -0.000189611 
v 4.33681e-19 0.0148972 2.1779e-05 
v 4.33681e-19 0.0146175 0.000204774 
v 4.33681e-19 0.01432 0.000357346 
v 4.33681e-19 0.0140082 0.000477803 
v 4.33681e-19 0.0136855 0.000564811 
v 4.33681e-19 0.0133554 0.000617404 
v -0.000635 0.0357154 -0.00105833 
v 0 0.0351996 -0.000687917 
v -5.20417e-18 0.0345955 -0.00146072 
v -0.000635 0.0350795 -0.00187181 
v -5.20417e-18 0.0336971 -0.00240914 
v -0.000635 0.0341338 -0.00287014 
v -5.20417e-18 0.0327014 -0.00325486 
v -0.000635 0.0330857 -0.00376038 
v -5.20417e-18 0.0316202 -0.00398798 
v -0.000635 0.0319475 -0.00453209 
v -5.20417e-18 0.030466 -0.0045999 
v -0.000635 0.0307326 -0.00517621 
v -5.20417e-18 0.0292524 -0.00508344 
v -0.000635 0.0294551 -0.0056852 
v -5.20417e-18 0.0279936 -0.00543293 
v -0.000635 0.0281301 -0.00605308 
v -5.20417e-18 0.0267045 -0.00564427 
v -0.000635 0.0267731 -0.00627555 
v -5.20417e-18 0.0254 -0.005715 
v -0.000635 0.0254 -0.00635 
v -5.20417e-18 0.0240955 -0.00564427 
v -0.000635 0.0240269 -0.00627555 
v -5.20417e-18 0.0228064 -0.00543293 
v -0.000635 0.0226699 -0.00605308 
v -5.20417e-18 0.0215476 -0.00508344 
v -0.000635 0.0213449 -0.0056852 
v -5.20417e-18 0.020334 -0.0045999 
v -0.000635 0.0200674 -0.00517621 
v -5.20417e-18 0.0191798 -0.00398798 
v -0.000635 0.0188525 -0.00453209 
v -5.20417e-18 0.0180986 -0.00325486 
v -0.000635 0.0177143 -0.00376038 
v -5.20417e-18 0.0171029 -0.00240914 
v -0.000635 0.0166662 -0.00287014 
v -5.20417e-18 0.0162045 -0.00146072 
v -0.000635 0.0157205 -0.00187181 
v 8.67362e-19 0.0354086 0.0131271 
v -0.000635 0.0358826 0.0135496 
v 8.67362e-19 0.0356439 0.0128896 
v -0.000635 0.0360708 0.0133597 
v 8.67362e-19 0.0359028 0.0126782 
v -0.000635 0.0362779 0.0131906 
v 8.67362e-19 0.0361825 0.0124952 
v -0.000635 0.0365017 0.0130442 
v 8.67362e-19 0.03648 0.0123427 
v -0.000635 0.0367397 0.0129221 
v 8.67362e-19 0.0367918 0.0122222 
v -0.000635 0.0369891 0.0128258 
v 8.67362e-19 0.0371145 0.0121352 
v -0.000635 0.0372473 0.0127562 
v 8.67362e-19 0.0374446 0.0120826 
v -0.000635 0.0375114 0.0127141 
v 0 0.0377784 0.012065 
v -0.000635 0.0377784 0.0127 
v -0.005715 0.0377784 0.0127 
v -0.005715 0.0375114 0.0127141 
v -0.005715 0.0372473 0.0127562 
v -0.005715 0.0369891 0.0128258 
v -0.005715 0.0367397 0.0129221 
v -0.005715 0.0365017 0.0130442 
v -0.005715 0.0362779 0.0131906 
v -0.005715 0.0360708 0.0133597 
v -0.005715 0.0358826 0.0135496 
v -0.005715 0.0357154 0.0137583 
v -0.000635 0.0479403 0.0127 
v 0 0.0479403 0.012065 
v -0.005715 0.0479403 0.0127 
v -6.57027e-17 0.0481455 0.0120539 
v -0.000635 0.0482139 0.0126852 
v -6.57027e-17 0.0483484 0.0120208 
v -0.000635 0.0484844 0.012641 
v -6.57027e-17 0.0485465 0.011966 
v -0.000635 0.0487485 0.012568 
v -6.57027e-17 0.0487375 0.0118901 
v -0.000635 0.0490033 0.0124669 
v -6.57027e-17 0.0489193 0.0117942 
v -0.000635 0.0492456 0.0123389 
v -6.57027e-17 0.0490897 0.0116792 
v -0.000635 0.0494728 0.0121856 
v -6.57027e-17 0.0492466 0.0115465 
v -0.000635 0.0496821 0.0120087 
v -6.57027e-17 0.0493884 0.0113977 
v -0.000635 0.0498711 0.0118103 
v -6.57027e-17 0.0495133 0.0112345 
v -0.000635 0.0500377 0.0115926 
v -6.57027e-17 0.0496199 0.0110587 
v -0.000635 0.0501798 0.0113583 
v -6.57027e-17 0.049707 0.0108725 
v -0.000635 0.0502959 0.01111 
v -6.57027e-17 0.0497735 0.010678 
v -0.000635 0.0503845 0.0108507 
v 0 0.0498186 0.0104775 
v -0.000635 0.0504447 0.0105833 
v -0.00635 0.0377784 0.012065 
v -0.00635 0.0374446 0.0120826 
v -0.00635 0.0371145 0.0121352 
v -0.00635 0.0367918 0.0122222 
v -0.0063364 0.0366205 0.0122987 
v -0.00622022 0.036533 0.0124611 
v -0.00635 0.0366307 0.0122797 
v -0.00601681 0.03635 0.0127833 
v -0.00587653 0.0361825 0.0130602 
v -0.00582629 0.0361046 0.0131839 
v -0.00578441 0.0360241 0.0133083 
v -0.00574264 0.0359117 0.0134771 
v -0.00573435 0.0358697 0.0135379 
v -0.00571931 0.0357936 0.0136481 
v -0.00635 0.0479403 0.012065 
v -0.005715 0.0482139 0.0126852 
v -0.005715 0.0484844 0.012641 
v -0.005715 0.0487485 0.012568 
v -0.005715 0.0490033 0.0124669 
v -0.005715 0.0492456 0.0123389 
v -0.005715 0.0494728 0.0121856 
v -0.005715 0.0496821 0.0120087 
v -0.005715 0.0498711 0.0118103 
v -0.005715 0.0500377 0.0115926 
v -0.005715 0.0501798 0.0113583 
v -0.005715 0.0502959 0.01111 
v -0.005715 0.0503845 0.0108507 
v -0.005715 0.0504447 0.0105833 
v -3.46945e-17 0.0500783 0.008421 
v -0.000635 0.050711 0.00847411 
v -3.46945e-17 0.050165 0.00635 
v -0.000635 0.0508 0.00635 
v -3.46945e-17 0.0500783 0.004279 
v -0.000635 0.050711 0.00422589 
v 0 0.0498186 0.0022225 
v -0.000635 0.0504447 0.00211667 
v -0.00635 0.0498186 0.0104775 
v -0.00635 0.0497735 0.010678 
v -0.00635 0.049707 0.0108725 
v -0.00635 0.0496199 0.0110587 
v -0.00635 0.0495133 0.0112345 
v -0.00635 0.0493884 0.0113977 
v -0.00635 0.0492466 0.0115465 
v -0.00635 0.0490897 0.0116792 
v -0.00635 0.0489193 0.0117942 
v -0.00635 0.0487375 0.0118901 
v -0.00635 0.0485465 0.011966 
v -0.00635 0.0483484 0.0120208 
v -0.00635 0.0481455 0.0120539 
v -0.005715 0.050711 0.00847411 
v -0.005715 0.0508 0.00635 
v -0.005715 0.050711 0.00422589 
v -0.005715 0.0504447 0.00211667 
v 0 0.0497735 0.00202197 
v -0.000635 0.0503845 0.0018493 
v 0 0.049707 0.00182748 
v -0.000635 0.0502959 0.00158997 
v 0 0.0496199 0.00164128 
v -0.000635 0.0501798 0.0013417 
v 0 0.0495133 0.00146554 
v -0.000635 0.0500377 0.00110739 
v 0 0.0493884 0.00130231 
v -0.000635 0.0498711 0.000889747 
v 0 0.0492466 0.00115349 
v -0.000635 0.0496821 0.00069132 
v 0 0.0490897 0.00102081 
v -0.000635 0.0494728 0.000514416 
v 0 0.0489193 0.000905819 
v -0.000635 0.0492456 0.000361093 
v 0 0.0487375 0.000809852 
v -0.000635 0.0490033 0.000233136 
v 0 0.0485465 0.000734027 
v -0.000635 0.0487485 0.000132036 
v 0 0.0483484 0.000679226 
v -0.000635 0.0484844 5.89685e-05 
v 0 0.0481455 0.000646089 
v -0.000635 0.0482139 1.47852e-05 
v 0 0.0479403 0.000635 
v -0.000635 0.0479403 0 
v -0.000635 0.0377784 0 
v 0 0.0377784 0.000635 
v -0.005715 0.0503845 0.0018493 
v -0.005715 0.0502959 0.00158997 
v -0.005715 0.0501798 0.0013417 
v -0.005715 0.0500377 0.00110739 
v -0.005715 0.0498711 0.000889747 
v -0.005715 0.0496821 0.00069132 
v -0.005715 0.0494728 0.000514416 
v -0.005715 0.0492456 0.000361093 
v -0.005715 0.0490033 0.000233136 
v -0.005715 0.0487485 0.000132036 
v -0.005715 0.0484844 5.89685e-05 
v -0.005715 0.0482139 1.47852e-05 
v -0.005715 0.0479403 0 
v -0.00635 0.0498186 0.0022225 
v -0.00635 0.0500783 0.004279 
v -0.00635 0.050165 0.00635 
v -0.00635 0.0500783 0.008421 
v 0 0.0374446 0.000617404 
v -0.000635 0.0375114 -1.40769e-05 
v 0 0.0371145 0.000564811 
v -0.000635 0.0372473 -5.61514e-05 
v 0 0.0367918 0.000477803 
v -0.000635 0.0369891 -0.000125757 
v 0 0.03648 0.000357346 
v -0.000635 0.0367397 -0.000222123 
v 0 0.0361825 0.000204774 
v -0.000635 0.0365017 -0.000344181 
v 0 0.0359028 2.1779e-05 
v -0.000635 0.0362779 -0.000490577 
v 0 0.0356439 -0.000189611 
v -0.000635 0.0360708 -0.000659689 
v 0 0.0354086 -0.000427054 
v -0.000635 0.0358826 -0.000849643 
v -0.005715 0.0377784 0 
v -0.00635 0.0479403 0.000635 
v -0.00635 0.0481455 0.000646089 
v -0.00635 0.0483484 0.000679226 
v -0.00635 0.0485465 0.000734027 
v -0.00635 0.0487375 0.000809852 
v -0.00635 0.0489193 0.000905819 
v -0.00635 0.0490897 0.00102081 
v -0.00635 0.0492466 0.00115349 
v -0.00635 0.0493884 0.00130231 
v -0.00635 0.0495133 0.00146554 
v -0.00635 0.0496199 0.00164128 
v -0.00635 0.049707 0.00182748 
v -0.00635 0.0497735 0.00202197 
v -0.005715 0.0357154 -0.00105833 
v -0.005715 0.0358826 -0.000849643 
v -0.005715 0.0360708 -0.000659689 
v -0.005715 0.0362779 -0.000490577 
v -0.005715 0.0365017 -0.000344181 
v -0.005715 0.0367397 -0.000222123 
v -0.005715 0.0369891 -0.000125757 
v -0.005715 0.0372473 -5.61514e-05 
v -0.005715 0.0375114 -1.40769e-05 
v -0.00635 0.0377784 0.000635 
v -0.00635 0.0367918 0.000477803 
v -0.00635 0.0371145 0.000564811 
v -0.00635 0.0374446 0.000617404 
v -0.00571931 0.0357936 -0.000948186 
v -0.00573202 0.0358699 -0.000838319 
v -0.00574264 0.0359117 -0.000777076 
v -0.00578441 0.0360241 -0.000608304 
v -0.00582643 0.0361048 -0.000483537 
v -0.00587653 0.0361825 -0.000360242 
v -0.00601681 0.03635 -8.32711e-05 
v -0.0063364 0.0366205 0.000401287 
v -0.00622022 0.036533 0.000238912 
v -0.00635 0.0366307 0.000420294 
v -0.012065 0.0254 -0.00635 
v -0.012065 0.0267731 -0.00627555 
v -0.012065 0.0281301 -0.00605308 
v -0.012065 0.0294551 -0.0056852 
v -0.012065 0.0307326 -0.00517621 
v -0.012065 0.0319475 -0.00453209 
v -0.012065 0.0330857 -0.00376038 
v -0.012065 0.0341338 -0.00287014 
v -0.012065 0.0350795 -0.00187181 
v -0.012065 0.0350795 0.0145718 
v -0.012065 0.0341338 0.0155701 
v -0.012065 0.0330857 0.0164604 
v -0.012065 0.0319475 0.0172321 
v -0.012065 0.0307326 0.0178762 
v -0.012065 0.0294551 0.0183852 
v -0.012065 0.0281301 0.0187531 
v -0.012065 0.0267731 0.0189756 
v -0.012065 0.0254 0.01905 
v -0.012065 0.0240269 0.0189756 
v -0.012065 0.0226699 0.0187531 
v -0.012065 0.0213449 0.0183852 
v -0.012065 0.0200674 0.0178762 
v -0.012065 0.0188525 0.0172321 
v -0.012065 0.0177143 0.0164604 
v -0.012065 0.0166662 0.0155701 
v -0.012065 0.0157205 0.0145718 
v -0.012065 0.0157205 -0.00187181 
v -0.012065 0.0166662 -0.00287014 
v -0.012065 0.0177143 -0.00376038 
v -0.012065 0.0188525 -0.00453209 
v -0.012065 0.0200674 -0.00517621 
v -0.012065 0.0213449 -0.0056852 
v -0.012065 0.0226699 -0.00605308 
v -0.012065 0.0240269 -0.00627555 
v -0.012065 0.0148883 -0.000777076 
v -0.012065 0.0141794 0.000401213 
v -0.012065 0.013602 0.00164925 
v -0.012065 0.0131629 0.00295239 
v -0.012065 0.0128673 0.00429537 
v -0.012065 0.0127186 0.00566244 
v -0.012065 0.0127186 0.00703756 
v -0.012065 0.0128673 0.00840463 
v -0.012065 0.0131629 0.00974761 
v -0.012065 0.013602 0.0110508 
v -0.012065 0.0141794 0.0122988 
v -0.012065 0.0148883 0.0134771 
v -0.012065 0.0359117 0.0134771 
v -0.012065 0.0366206 0.0122988 
v -0.012065 0.037198 0.0110508 
v -0.00635 0.0376371 0.00974761 
v -0.012065 0.0376371 0.00974761 
v -0.00635 0.0379327 0.00840463 
v -0.012065 0.0379327 0.00840463 
v -0.00635 0.0380814 0.00703756 
v -0.012065 0.0380814 0.00703756 
v -0.00635 0.0380814 0.00566244 
v -0.012065 0.0380814 0.00566244 
v -0.00635 0.0379327 0.00429537 
v -0.012065 0.0379327 0.00429537 
v -0.00635 0.0376371 0.00295239 
v -0.012065 0.0376371 0.00295239 
v -0.00635 0.037198 0.00164925 
v -0.012065 0.037198 0.00164925 
v -0.012065 0.0366206 0.000401213 
v -0.012065 0.0359117 -0.000777076 
v -0.00635 0.037198 0.0110508 
v -0.00635 0.045526 0.00493455 
v -0.00635 0.0429784 0.00535221 
v -0.00635 0.0456727 0.00505918 
v -0.00635 0.0430949 0.00519895 
v -0.00635 0.0440678 0.00461357 
v -0.00635 0.0442578 0.00458242 
v -0.00635 0.0451966 0.00473633 
v -0.00635 0.0453667 0.00482651 
v -0.00635 0.0446422 0.00458242 
v -0.00635 0.0448322 0.00461357 
v -0.00635 0.0438823 0.00466507 
v -0.00635 0.0430949 0.00750105 
v -0.00635 0.0429784 0.00734779 
v -0.00635 0.0458051 0.00519895 
v -0.00635 0.0459216 0.00535221 
v -0.00635 0.04445 0.004572 
v -0.00635 0.045526 0.00776545 
v -0.00635 0.0453667 0.00787349 
v -0.00635 0.0456727 0.00764082 
v -0.00635 0.0458051 0.00750105 
v -0.00635 0.0460209 0.00551717 
v -0.00635 0.0450177 0.00466507 
v -0.00635 0.043374 0.00493455 
v -0.00635 0.0435333 0.00482651 
v -0.00635 0.0428791 0.00551717 
v -0.00635 0.0442578 0.00811758 
v -0.00635 0.0460209 0.00718283 
v -0.00635 0.0437034 0.00473633 
v -0.00635 0.0427983 0.00569189 
v -0.00635 0.0440678 0.00808643 
v -0.00635 0.0459216 0.00734779 
v -0.00635 0.0432273 0.00505918 
v -0.00635 0.0426746 0.00644626 
v -0.00635 0.042672 0.00635 
v -0.00635 0.0428791 0.00718283 
v -0.00635 0.0432273 0.00764082 
v -0.00635 0.0435333 0.00787349 
v -0.00635 0.043374 0.00776545 
v -0.00635 0.04445 0.008128 
v -0.00635 0.0450177 0.00803493 
v -0.00635 0.0448322 0.00808643 
v -0.00635 0.0462046 0.00663765 
v -0.00635 0.0462254 0.00625374 
v -0.00635 0.0462254 0.00644626 
v -0.00635 0.0427368 0.00587433 
v -0.00635 0.0427983 0.00700811 
v -0.00635 0.0437034 0.00796367 
v -0.00635 0.0438823 0.00803493 
v -0.00635 0.0446422 0.00811758 
v -0.00635 0.0451966 0.00796367 
v -0.00635 0.0461017 0.00700811 
v -0.00635 0.0461632 0.00682567 
v -0.00635 0.0462046 0.00606235 
v -0.00635 0.0461632 0.00587433 
v -0.00635 0.0426954 0.00606235 
v -0.00635 0.0426746 0.00625374 
v -0.00635 0.0427368 0.00682567 
v -0.00635 0.0426954 0.00663765 
v -0.00635 0.0461017 0.00569189 
v 0 0.04445 0.008128 
v 0 0.0442578 0.00811758 
v 0 0.0440678 0.00808643 
v 0 0.0438823 0.00803493 
v 0 0.0437034 0.00796367 
v 0 0.0435333 0.00787349 
v 0 0.043374 0.00776545 
v 0 0.0432273 0.00764082 
v 0 0.0430949 0.00750105 
v 0 0.0429784 0.00734779 
v 0 0.0428791 0.00718283 
v 0 0.0427983 0.00700811 
v 0 0.0427368 0.00682567 
v 0 0.0426954 0.00663765 
v 0 0.0426746 0.00644626 
v 0 0.0426746 0.00625374 
v 0 0.0426954 0.00606235 
v 0 0.0427368 0.00587433 
v 0 0.0427983 0.00569189 
v 0 0.0428791 0.00551717 
v 0 0.0429784 0.00535221 
v 0 0.0430949 0.00519895 
v 0 0.0432273 0.00505918 
v 0 0.043374 0.00493455 
v 0 0.0435333 0.00482651 
v 0 0.0437034 0.00473633 
v 0 0.0438823 0.00466507 
v 0 0.0440678 0.00461357 
v 0 0.0442578 0.00458242 
v 0 0.04445 0.004572 
v 0 0.0446422 0.00458242 
v 0 0.0448322 0.00461357 
v 0 0.0450177 0.00466507 
v 0 0.0451966 0.00473633 
v 0 0.0453667 0.00482651 
v 0 0.045526 0.00493455 
v 0 0.0456727 0.00505918 
v 0 0.0458051 0.00519895 
v 0 0.0459216 0.00535221 
v 0 0.0460209 0.00551717 
v 0 0.0461017 0.00569189 
v 0 0.0461632 0.00587433 
v 0 0.0462046 0.00606235 
v 0 0.0462254 0.00625374 
v 0 0.0462254 0.00644626 
v 0 0.0462046 0.00663765 
v 0 0.0461632 0.00682567 
v 0 0.0461017 0.00700811 
v 0 0.0460209 0.00718283 
v 0 0.0459216 0.00734779 
v 0 0.0458051 0.00750105 
v 0 0.0456727 0.00764082 
v 0 0.045526 0.00776545 
v 0 0.0453667 0.00787349 
v 0 0.0451966 0.00796367 
v 0 0.0450177 0.00803493 
v 0 0.0448322 0.00808643 
v 0 0.0446422 0.00811758 
v 0 0.0229447 0.0104308 
v 0 0.0234003 0.0106723 
v 0 0.0211923 0.0041192 
v 0 0.0209757 0.00458722 
v 0 0.0225179 0.0101414 
v 0 0.0211923 0.0085808 
v 0 0.0214581 0.00902265 
v 0 0.0208111 0.0076241 
v 0 0.0221248 0.00980755 
v 0 0.0217702 0.00943318 
v 0 0.0207002 0.00712049 
v 0 0.0248851 0.0110846 
v 0 0.0209757 0.00811278 
v 0 0.0217702 0.00326682 
v 0 0.0214581 0.00367735 
v 0 0.0238793 0.0108632 
v 0 0.0254 0.0111125 
v 0 0.0243762 0.0110012 
v 0 0.0259149 0.0110846 
v 0 0.0264238 0.0110012 
v 0 0.0206445 0.00609216 
v 0 0.0206445 0.00660784 
v 0 0.0221248 0.00289245 
v 0 0.0225179 0.00255861 
v 0 0.0207002 0.00557951 
v 0 0.0229447 0.00226922 
v 0 0.0234003 0.00202767 
v 0 0.0238793 0.0018368 
v 0 0.0243762 0.00169884 
v 0 0.0248851 0.00161542 
v 0 0.0208111 0.0050759 
v 0 0.0254 0.0015875 
v 0 0.0273997 0.00202767 
v 0 0.0269207 0.0018368 
v 0 0.0301555 0.00609216 
v 0 0.0300998 0.00557951 
v 0 0.0286752 0.00980755 
v 0 0.0290298 0.00943318 
v 0 0.0278553 0.0104308 
v 0 0.0282821 0.0101414 
v 0 0.0269207 0.0108632 
v 0 0.0273997 0.0106723 
v 0 0.0264238 0.00169884 
v 0 0.0278553 0.00226922 
v 0 0.0299889 0.0050759 
v 0 0.0299889 0.0076241 
v 0 0.0300998 0.00712049 
v 0 0.0293419 0.00902265 
v 0 0.0282821 0.00255861 
v 0 0.0290298 0.00326682 
v 0 0.0286752 0.00289245 
v 0 0.0296077 0.0041192 
v 0 0.0293419 0.00367735 
v 0 0.0301555 0.00660784 
v 0 0.0298243 0.00811278 
v 0 0.0259149 0.00161542 
v 0 0.0298243 0.00458722 
v 0 0.0296077 0.0085808 
v -0.0127 0.0248851 0.0110846 
v -0.0127 0.0254 0.0111125 
v -0.0127 0.0243762 0.0110012 
v -0.0127 0.0238793 0.0108632 
v -0.0127 0.0234003 0.0106723 
v -0.0127 0.0229447 0.0104308 
v -0.0127 0.0225179 0.0101414 
v -0.0127 0.0221248 0.00980755 
v -0.0127 0.0217702 0.00943318 
v -0.0127 0.0214581 0.00902265 
v -0.0127 0.0211923 0.0085808 
v -0.0127 0.0209757 0.00811278 
v -0.0127 0.0208111 0.0076241 
v -0.0127 0.0207002 0.00712049 
v -0.0127 0.0206445 0.00660784 
v -0.0127 0.0206445 0.00609216 
v -0.0127 0.0207002 0.00557951 
v -0.0127 0.0208111 0.0050759 
v -0.0127 0.0209757 0.00458722 
v -0.0127 0.0211923 0.0041192 
v -0.0127 0.0214581 0.00367735 
v -0.0127 0.0217702 0.00326682 
v -0.0127 0.0221248 0.00289245 
v -0.0127 0.0225179 0.00255861 
v -0.0127 0.0229447 0.00226922 
v -0.0127 0.0234003 0.00202767 
v -0.0127 0.0238793 0.0018368 
v -0.0127 0.0243762 0.00169884 
v -0.0127 0.0248851 0.00161542 
v -0.0127 0.0254 0.0015875 
v -0.0127 0.0259149 0.00161542 
v -0.0127 0.0264238 0.00169884 
v -0.0127 0.0269207 0.0018368 
v -0.0127 0.0273997 0.00202767 
v -0.0127 0.0278553 0.00226922 
v -0.0127 0.0282821 0.00255861 
v -0.0127 0.0286752 0.00289245 
v -0.0127 0.0290298 0.00326682 
v -0.0127 0.0293419 0.00367735 
v -0.0127 0.0296077 0.0041192 
v -0.0127 0.0298243 0.00458722 
v -0.0127 0.0299889 0.0050759 
v -0.0127 0.0300998 0.00557951 
v -0.0127 0.0301555 0.00609216 
v -0.0127 0.0301555 0.00660784 
v -0.0127 0.0300998 0.00712049 
v -0.0127 0.0299889 0.0076241 
v -0.0127 0.0298243 0.00811278 
v -0.0127 0.0296077 0.0085808 
v -0.0127 0.0293419 0.00902265 
v -0.0127 0.0290298 0.00943318 
v -0.0127 0.0286752 0.00980755 
v -0.0127 0.0282821 0.0101414 
v -0.0127 0.0278553 0.0104308 
v -0.0127 0.0273997 0.0106723 
v -0.0127 0.0269207 0.0108632 
v -0.0127 0.0264238 0.0110012 
v -0.0127 0.0259149 0.0110846 
v -0.0127 0.0353861 -0.000420722 
v -0.0127 0.0345955 -0.00146072 
v -0.0127 0.0336971 -0.00240914 
v -0.0127 0.0327014 -0.00325486 
v -0.0127 0.0316202 -0.00398798 
v -0.0127 0.030466 -0.0045999 
v -0.0127 0.0292524 -0.00508344 
v -0.0127 0.0279936 -0.00543293 
v -0.0127 0.0267045 -0.00564427 
v -0.0127 0.0336971 0.0151091 
v -0.0127 0.0345955 0.0141607 
v -0.0127 0.0360596 0.000698652 
v -0.0127 0.0254 -0.005715 
v -0.0127 0.0240955 -0.00564427 
v -0.0127 0.0228064 -0.00543293 
v -0.0127 0.0215476 -0.00508344 
v -0.0127 0.020334 -0.0045999 
v -0.0127 0.0191798 -0.00398798 
v -0.0127 0.030466 0.0172999 
v -0.0127 0.0316202 0.016688 
v -0.0127 0.0327014 0.0159549 
v -0.0127 0.0162045 -0.00146072 
v -0.0127 0.0154139 -0.000420722 
v -0.0127 0.0147404 0.000698652 
v -0.0127 0.0134939 0.0043981 
v -0.0127 0.0133527 0.00569681 
v -0.0127 0.0133527 0.00700319 
v -0.0127 0.0353861 0.0131207 
v -0.0127 0.0360596 0.0120013 
v -0.0127 0.0180986 -0.00325486 
v -0.0127 0.0171029 -0.00240914 
v -0.0127 0.0141919 0.00188428 
v -0.0127 0.0134939 0.0083019 
v -0.0127 0.020334 0.0172999 
v -0.0127 0.0215476 0.0177834 
v -0.0127 0.0279936 0.0181329 
v -0.0127 0.0292524 0.0177834 
v -0.0127 0.0137748 0.00312227 
v -0.0127 0.0154139 0.0131207 
v -0.0127 0.0162045 0.0141607 
v -0.0127 0.0191798 0.016688 
v -0.0127 0.0171029 0.0151091 
v -0.0127 0.0180986 0.0159549 
v -0.0127 0.0366081 0.0108157 
v -0.0127 0.0374473 0.00700319 
v -0.0127 0.0374473 0.00569681 
v -0.0127 0.0137748 0.00957773 
v -0.0127 0.0141919 0.0108157 
v -0.0127 0.0228064 0.0181329 
v -0.0127 0.0240955 0.0183443 
v -0.0127 0.0267045 0.0183443 
v -0.0127 0.0370252 0.00957773 
v -0.0127 0.0373061 0.0083019 
v -0.0127 0.0373061 0.0043981 
v -0.0127 0.0370252 0.00312227 
v -0.0127 0.0366081 0.00188428 
v -0.0127 0.0147404 0.0120013 
v -0.0127 0.0254 0.018415 
vn 0 0.108119 -0.994138 
vn 0 2.44929e-16 -1 
vn 0 0.21497 -0.976621 
vn 0 0.108119 -0.994138 
vn 0 0.319302 -0.947653 
vn 0 0.21497 -0.976621 
vn 0 0.419889 -0.907575 
vn 0 0.319302 -0.947653 
vn 0 0.515554 -0.856857 
vn 0 0.419889 -0.907575 
vn 0 0.605174 -0.796093 
vn 0 0.515554 -0.856857 
vn 0 0.687699 -0.725995 
vn 0 0.605174 -0.796093 
vn 0 0.762162 -0.647386 
vn 0 0.687699 -0.725995 
vn 0 0.827689 -0.561187 
vn 0 0.762162 -0.647386 
vn 0 0.883512 -0.468408 
vn 0 0.827689 -0.561187 
vn 0 0.928977 -0.370138 
vn 0 0.883512 -0.468408 
vn 0 0.96355 -0.267528 
vn 0 0.928977 -0.370138 
vn 0 0.986827 -0.161782 
vn 0 0.96355 -0.267528 
vn 0 0.998533 -0.0541389 
vn 0 0.986827 -0.161782 
vn 0 0.998533 0.0541389 
vn 0 0.998533 -0.0541389 
vn 0 0.986827 0.161782 
vn 0 0.998533 0.0541389 
vn 0 0.96355 0.267528 
vn 0 0.986827 0.161782 
vn 0 0.928977 0.370138 
vn 0 0.96355 0.267528 
vn 0 0.883512 0.468408 
vn 0 0.928977 0.370138 
vn 0 0.827689 0.561187 
vn 0 0.883512 0.468408 
vn 0 0.762162 0.647386 
vn 0 0.827689 0.561187 
vn 0 0.687699 0.725995 
vn 0 0.762162 0.647386 
vn 0 0.605174 0.796093 
vn 0 0.687699 0.725995 
vn 0 0.515554 0.856857 
vn 0 0.605174 0.796093 
vn 0 0.419889 0.907575 
vn 0 0.515554 0.856857 
vn 0 0.319302 0.947653 
vn 0 0.419889 0.907575 
vn 0 0.21497 0.976621 
vn 0 0.319302 0.947653 
vn 0 0.108119 0.994138 
vn 0 0.21497 0.976621 
vn 0 -1.22465e-16 1 
vn 0 0.108119 0.994138 
vn 0 -0.108119 0.994138 
vn 0 -1.22465e-16 1 
vn 0 -0.21497 0.976621 
vn 0 -0.108119 0.994138 
vn 0 -0.319302 0.947653 
vn 0 -0.21497 0.976621 
vn 0 -0.419889 0.907575 
vn 0 -0.319302 0.947653 
vn 0 -0.515554 0.856857 
vn 0 -0.419889 0.907575 
vn 0 -0.605174 0.796093 
vn 0 -0.515554 0.856857 
vn 0 -0.687699 0.725995 
vn 0 -0.605174 0.796093 
vn 0 -0.762162 0.647386 
vn 0 -0.687699 0.725995 
vn 0 -0.827689 0.561187 
vn 0 -0.762162 0.647386 
vn 0 -0.883512 0.468408 
vn 0 -0.827689 0.561187 
vn 0 -0.928977 0.370138 
vn 0 -0.883512 0.468408 
vn 0 -0.96355 0.267528 
vn 0 -0.928977 0.370138 
vn 0 -0.986827 0.161782 
vn 0 -0.96355 0.267528 
vn 0 -0.998533 0.0541389 
vn 0 -0.986827 0.161782 
vn 0 -0.998533 -0.0541389 
vn 0 -1 -4.8783e-16 
vn 0 -0.986827 -0.161782 
vn 0 -0.96355 -0.267528 
vn 0 -0.928977 -0.370138 
vn 0 -0.883512 -0.468408 
vn 0 -0.827689 -0.561187 
vn 0 -0.762162 -0.647386 
vn 0 -0.687699 -0.725995 
vn 0 -0.605174 -0.796093 
vn 0 -0.515554 -0.856857 
vn 0 -0.419889 -0.907575 
vn 0 -0.319302 -0.947653 
vn 0 -0.21497 -0.976621 
vn 0 -0.108119 -0.994138 
vn -1 0 0 
vn 0 0.108119 -0.994138 
vn 0 2.44929e-16 -1 
vn 0 0.21497 -0.976621 
vn 0 0.108119 -0.994138 
vn 0 0.319302 -0.947653 
vn 0 0.21497 -0.976621 
vn 0 0.419889 -0.907575 
vn 0 0.319302 -0.947653 
vn 0 0.515554 -0.856857 
vn 0 0.419889 -0.907575 
vn 0 0.605174 -0.796093 
vn 0 0.515554 -0.856857 
vn 0 0.687699 -0.725995 
vn 0 0.605174 -0.796093 
vn 0 0.762162 -0.647386 
vn 0 0.687699 -0.725995 
vn 0 0.827689 -0.561187 
vn 0 0.762162 -0.647386 
vn 0 0.883512 -0.468408 
vn 0 0.827689 -0.561187 
vn 0 0.928977 -0.370138 
vn 0 0.883512 -0.468408 
vn 0 0.96355 -0.267528 
vn 0 0.928977 -0.370138 
vn 0 0.986827 -0.161782 
vn 0 0.96355 -0.267528 
vn 0 0.998533 -0.0541389 
vn 0 0.986827 -0.161782 
vn 0 0.998533 0.0541389 
vn 0 0.998533 -0.0541389 
vn 0 0.986827 0.161782 
vn 0 0.998533 0.0541389 
vn 0 0.96355 0.267528 
vn 0 0.986827 0.161782 
vn 0 0.928977 0.370138 
vn 0 0.96355 0.267528 
vn 0 0.883512 0.468408 
vn 0 0.928977 0.370138 
vn 0 0.827689 0.561187 
vn 0 0.883512 0.468408 
vn 0 0.762162 0.647386 
vn 0 0.827689 0.561187 
vn 0 0.687699 0.725995 
vn 0 0.762162 0.647386 
vn 0 0.605174 0.796093 
vn 0 0.687699 0.725995 
vn 0 0.515554 0.856857 
vn 0 0.605174 0.796093 
vn 0 0.419889 0.907575 
vn 0 0.515554 0.856857 
vn 0 0.319302 0.947653 
vn 0 0.419889 0.907575 
vn 0 0.21497 0.976621 
vn 0 0.319302 0.947653 
vn 0 0.108119 0.994138 
vn 0 0.21497 0.976621 
vn 0 -1.22465e-16 1 
vn 0 0.108119 0.994138 
vn 0 -0.108119 0.994138 
vn 0 -1.22465e-16 1 
vn 0 -0.21497 0.976621 
vn 0 -0.108119 0.994138 
vn 0 -0.319302 0.947653 
vn 0 -0.21497 0.976621 
vn 0 -0.419889 0.907575 
vn 0 -0.319302 0.947653 
vn 0 -0.515554 0.856857 
vn 0 -0.419889 0.907575 
vn 0 -0.605174 0.796093 
vn 0 -0.515554 0.856857 
vn 0 -0.687699 0.725995 
vn 0 -0.605174 0.796093 
vn 0 -0.762162 0.647386 
vn 0 -0.687699 0.725995 
vn 0 -0.827689 0.561187 
vn 0 -0.762162 0.647386 
vn 0 -0.883512 0.468408 
vn 0 -0.827689 0.561187 
vn 0 -0.928977 0.370138 
vn 0 -0.883512 0.468408 
vn 0 -0.96355 0.267528 
vn 0 -0.928977 0.370138 
vn 0 -0.986827 0.161782 
vn 0 -0.96355 0.267528 
vn 0 -0.998533 0.0541389 
vn 0 -0.986827 0.161782 
vn 0 -0.998533 -0.0541389 
vn 0 -1 -4.8783e-16 
vn 0 -0.986827 -0.161782 
vn 0 -0.96355 -0.267528 
vn 0 -0.928977 -0.370138 
vn 0 -0.883512 -0.468408 
vn 0 -0.827689 -0.561187 
vn 0 -0.762162 -0.647386 
vn 0 -0.687699 -0.725995 
vn 0 -0.605174 -0.796093 
vn 0 -0.515554 -0.856857 
vn 0 -0.419889 -0.907575 
vn 0 -0.319302 -0.947653 
vn 0 -0.21497 -0.976621 
vn 0 -0.108119 -0.994138 
vn -0.707107 -0.219739 0.672097 
vn -0.707107 -0.14786 0.691475 
vn -0.707107 -0.0743419 0.703188 
vn -0.707107 0 0.707107 
vn -0.707107 -0.527786 0.470576 
vn -0.707107 -0.574335 0.412479 
vn -0.707107 -0.551624 0.442393 
vn -0.707107 -0.527786 0.470576 
vn -0.707107 -0.514096 0.485495 
vn -0.707107 -0.475387 0.523457 
vn -0.707107 -0.417719 0.570536 
vn -0.707107 -0.446338 0.548436 
vn -0.707107 -0.35542 0.611291 
vn -0.707107 -0.417719 0.570536 
vn -0.707107 -0.289182 0.64527 
vn -0.707107 -0.35542 0.611291 
vn -0.707107 -0.219739 0.672097 
vn -0.707107 -0.259032 0.657953 
vn -0.707107 -0.289182 0.64527 
vn -0.707107 -0.255612 0.659289 
vn -0.707107 0 0.707107 
vn 0 -0.746402 0.665495 
vn 0 -0.812233 0.583333 
vn 0 -0.672299 0.74028 
vn 0 -0.746402 0.665495 
vn 0 -0.590743 0.80686 
vn 0 -0.672299 0.74028 
vn 0 -0.50264 0.864496 
vn 0 -0.590743 0.80686 
vn 0 -0.408965 0.91255 
vn 0 -0.50264 0.864496 
vn 0 -0.310758 0.950489 
vn 0 -0.408965 0.91255 
vn 0 -0.209105 0.977893 
vn 0 -0.310758 0.950489 
vn 0 -0.105135 0.994458 
vn 0 -0.209105 0.977893 
vn 0 0 1 
vn 0 -0.105135 0.994458 
vn -0.707107 -0.0764517 0.702962 
vn -0.707107 -0.038282 0.70607 
vn -0.707107 0 0.707107 
vn -0.707107 -0.152007 0.690575 
vn -0.707107 -0.114397 0.697792 
vn -0.707107 -0.22578 0.670092 
vn -0.707107 -0.189171 0.681333 
vn -0.707107 -0.296906 0.641753 
vn -0.707107 -0.261727 0.656886 
vn -0.707107 -0.364552 0.60589 
vn -0.707107 -0.331215 0.624737 
vn -0.707107 -0.427923 0.562923 
vn -0.707107 -0.396819 0.585265 
vn -0.707107 -0.486277 0.513356 
vn -0.707107 -0.457771 0.53893 
vn -0.707107 -0.53893 0.457771 
vn -0.707107 -0.513356 0.486277 
vn -0.707107 -0.585265 0.396819 
vn -0.707107 -0.562923 0.427923 
vn -0.707107 -0.624737 0.331215 
vn -0.707107 -0.60589 0.364552 
vn -0.707107 -0.656886 0.261727 
vn -0.707107 -0.641753 0.296906 
vn -0.707107 -0.681333 0.189171 
vn -0.707107 -0.670092 0.22578 
vn -0.707107 -0.697792 0.114397 
vn -0.707107 -0.690575 0.152007 
vn -0.707107 -0.70607 0.038282 
vn -0.707107 -0.702962 0.0764517 
vn -0.707107 -0.70607 -0.038282 
vn -0.707107 -0.707107 9.66563e-17 
vn -0.707107 -0.697792 -0.114397 
vn -0.707107 -0.702962 -0.0764517 
vn -0.707107 -0.681333 -0.189171 
vn -0.707107 -0.690575 -0.152007 
vn -0.707107 -0.656886 -0.261727 
vn -0.707107 -0.670092 -0.22578 
vn -0.707107 -0.624737 -0.331215 
vn -0.707107 -0.641753 -0.296906 
vn -0.707107 -0.585265 -0.396819 
vn -0.707107 -0.60589 -0.364552 
vn -0.707107 -0.53893 -0.457771 
vn -0.707107 -0.562923 -0.427923 
vn -0.707107 -0.486277 -0.513356 
vn -0.707107 -0.513356 -0.486277 
vn -0.707107 -0.427923 -0.562923 
vn -0.707107 -0.457771 -0.53893 
vn -0.707107 -0.364552 -0.60589 
vn -0.707107 -0.396819 -0.585265 
vn -0.707107 -0.296906 -0.641753 
vn -0.707107 -0.331215 -0.624737 
vn -0.707107 -0.22578 -0.670092 
vn -0.707107 -0.261727 -0.656886 
vn -0.707107 -0.152007 -0.690575 
vn -0.707107 -0.189171 -0.681333 
vn -0.707107 -0.0764517 -0.702962 
vn -0.707107 -0.114397 -0.697792 
vn -0.707107 0 -0.707107 
vn -0.707107 -0.038282 -0.70607 
vn -0.707107 0 0.707107 
vn -0.707107 0 -0.707107 
vn -0.707107 -0.0743419 -0.703188 
vn -0.707107 -0.14786 -0.691475 
vn -0.707107 -0.219739 -0.672097 
vn -0.707107 -0.259032 -0.657953 
vn -0.707107 -0.289182 -0.64527 
vn -0.707107 -0.255612 -0.659289 
vn -0.707107 -0.35542 -0.611291 
vn -0.707107 -0.417719 -0.570536 
vn -0.707107 -0.446425 -0.548365 
vn -0.707107 -0.475387 -0.523457 
vn -0.707107 -0.527786 -0.470576 
vn -0.707107 -0.514096 -0.485495 
vn -0.707107 -0.527741 -0.470626 
vn -0.707107 -0.551613 -0.442406 
vn -0.707107 -0.574335 -0.412479 
vn -0.707107 0 -0.707107 
vn 0 -0.105135 -0.994458 
vn 0 0 -1 
vn 0 -0.209105 -0.977893 
vn 0 -0.105135 -0.994458 
vn 0 -0.310758 -0.950489 
vn 0 -0.209105 -0.977893 
vn 0 -0.408965 -0.91255 
vn 0 -0.310758 -0.950489 
vn 0 -0.50264 -0.864496 
vn 0 -0.408965 -0.91255 
vn 0 -0.590743 -0.80686 
vn 0 -0.50264 -0.864496 
vn 0 -0.672299 -0.74028 
vn 0 -0.590743 -0.80686 
vn 0 -0.746402 -0.665495 
vn 0 -0.672299 -0.74028 
vn 0 -0.812233 -0.583333 
vn 0 -0.746402 -0.665495 
vn 0 0.108119 -0.994138 
vn 0 2.44929e-16 -1 
vn 0 0.21497 -0.976621 
vn 0 0.108119 -0.994138 
vn 0 0.319302 -0.947653 
vn 0 0.21497 -0.976621 
vn 0 0.419889 -0.907575 
vn 0 0.319302 -0.947653 
vn 0 0.515554 -0.856857 
vn 0 0.419889 -0.907575 
vn 0 0.605174 -0.796093 
vn 0 0.515554 -0.856857 
vn 0 0.687699 -0.725995 
vn 0 0.605174 -0.796093 
vn 0 0.762162 -0.647386 
vn 0 0.687699 -0.725995 
vn 0 0.827689 -0.561187 
vn 0 0.762162 -0.647386 
vn 0 0.883512 -0.468408 
vn 0 0.827689 -0.561187 
vn 0 0.928977 -0.370138 
vn 0 0.883512 -0.468408 
vn 0 0.96355 -0.267528 
vn 0 0.928977 -0.370138 
vn 0 0.986827 -0.161782 
vn 0 0.96355 -0.267528 
vn 0 0.998533 -0.0541389 
vn 0 0.986827 -0.161782 
vn 0 0.998533 0.0541389 
vn 0 1 1.09274e-15 
vn 0 0.986827 0.161782 
vn 0 0.96355 0.267528 
vn 0 0.928977 0.370138 
vn 0 0.883512 0.468408 
vn 0 0.827689 0.561187 
vn 0 0.762162 0.647386 
vn 0 0.687699 0.725995 
vn 0 0.605174 0.796093 
vn 0 0.515554 0.856857 
vn 0 0.419889 0.907575 
vn 0 0.319302 0.947653 
vn 0 0.21497 0.976621 
vn 0 0.108119 0.994138 
vn 0 -1.22465e-16 1 
vn 0 -0.108119 0.994138 
vn 0 -0.21497 0.976621 
vn 0 -0.319302 0.947653 
vn 0 -0.419889 0.907575 
vn 0 -0.515554 0.856857 
vn 0 -0.605174 0.796093 
vn 0 -0.687699 0.725995 
vn 0 -0.762162 0.647386 
vn 0 -0.827689 0.561187 
vn 0 -0.883512 0.468408 
vn 0 -0.928977 0.370138 
vn 0 -0.96355 0.267528 
vn 0 -0.986827 0.161782 
vn 0 -0.998533 0.0541389 
vn 0 -0.998533 -0.0541389 
vn 0 -0.986827 -0.161782 
vn 0 -0.96355 -0.267528 
vn 0 -0.928977 -0.370138 
vn 0 -0.883512 -0.468408 
vn 0 -0.827689 -0.561187 
vn 0 -0.762162 -0.647386 
vn 0 -0.687699 -0.725995 
vn 0 -0.605174 -0.796093 
vn 0 -0.515554 -0.856857 
vn 0 -0.419889 -0.907575 
vn 0 -0.319302 -0.947653 
vn 0 -0.21497 -0.976621 
vn 0 -0.108119 -0.994138 
vn 1 0 0 
vn 0.707107 0 0.707107 
vn 0.707107 0.038282 0.70607 
vn 0.707107 0.114397 0.697792 
vn 0.707107 0.189171 0.681333 
vn 0.707107 0.261727 0.656886 
vn 0.707107 0.331215 0.624737 
vn 0.707107 0.396819 0.585265 
vn 0.707107 0.457771 0.53893 
vn 0.707107 0.513356 0.486277 
vn 0.707107 0.562923 0.427923 
vn 0.707107 0.60589 0.364552 
vn 0.707107 0.641753 0.296906 
vn 0.707107 0.670092 0.22578 
vn 0.707107 0.690575 0.152007 
vn 0.707107 0.702962 0.0764517 
vn 0.707107 0.707107 4.32978e-17 
vn 0.707107 0.702962 -0.0764517 
vn 0.707107 0.690575 -0.152007 
vn 0.707107 0.670092 -0.22578 
vn 0.707107 0.641753 -0.296906 
vn 0.707107 0.60589 -0.364552 
vn 0.707107 0.562923 -0.427923 
vn 0.707107 0.513356 -0.486277 
vn 0.707107 0.457771 -0.53893 
vn 0.707107 0.396819 -0.585265 
vn 0.707107 0.331215 -0.624737 
vn 0.707107 0.261727 -0.656886 
vn 0.707107 0.189171 -0.681333 
vn 0.707107 0.114397 -0.697792 
vn 0.707107 0.038282 -0.70607 
vn 0.707107 0 -0.707107 
vn 0.707107 -0.038282 -0.70607 
vn 0.707107 0.038282 -0.70607 
vn 0.707107 -0.114397 -0.697792 
vn 0.707107 -0.189171 -0.681333 
vn 0.707107 -0.261727 -0.656886 
vn 0.707107 -0.331215 -0.624737 
vn 0.707107 -0.396819 -0.585265 
vn 0.707107 -0.457771 -0.53893 
vn 0.707107 -0.513356 -0.486277 
vn 0.707107 -0.562923 -0.427923 
vn 0.707107 -0.60589 -0.364552 
vn 0.707107 -0.641753 -0.296906 
vn 0.707107 -0.670092 -0.22578 
vn 0.707107 -0.690575 -0.152007 
vn 0.707107 -0.702962 -0.0764517 
vn 0.707107 -0.707107 -1.29893e-16 
vn 0.707107 -0.702962 0.0764517 
vn 0.707107 -0.690575 0.152007 
vn 0.707107 -0.670092 0.22578 
vn 0.707107 -0.641753 0.296906 
vn 0.707107 -0.60589 0.364552 
vn 0.707107 -0.562923 0.427923 
vn 0.707107 -0.513356 0.486277 
vn 0.707107 -0.457771 0.53893 
vn 0.707107 -0.396819 0.585265 
vn 0.707107 -0.331215 0.624737 
vn 0.707107 -0.261727 0.656886 
vn 0.707107 -0.189171 0.681333 
vn 0.707107 -0.114397 0.697792 
vn 0.707107 -0.038282 0.70607 
vn 2.44929e-16 -1 0 
vn 2.43494e-16 -0.994138 0.108119 
vn 2.73185e-16 -0.998533 0.0541389 
vn 2.39203e-16 -0.976621 0.21497 
vn 2.73185e-16 -0.986827 0.161782 
vn 2.32108e-16 -0.947653 0.319302 
vn 2.04889e-16 -0.96355 0.267528 
vn 2.22292e-16 -0.907575 0.419889 
vn 2.04889e-16 -0.928977 0.370138 
vn 2.09869e-16 -0.856857 0.515554 
vn 2.04889e-16 -0.883512 0.468408 
vn 1.94987e-16 -0.796093 0.605174 
vn 2.04889e-16 -0.827689 0.561187 
vn 1.77818e-16 -0.725995 0.687699 
vn 2.04889e-16 -0.762162 0.647386 
vn 1.58564e-16 -0.647386 0.762162 
vn 1.36592e-16 -0.687699 0.725995 
vn 1.37451e-16 -0.561187 0.827689 
vn 1.36592e-16 -0.605174 0.796093 
vn 1.14727e-16 -0.468408 0.883512 
vn 1.36592e-16 -0.515554 0.856857 
vn 9.06577e-17 -0.370138 0.928977 
vn 1.36592e-16 -0.419889 0.907575 
vn 6.55255e-17 -0.267528 0.96355 
vn 6.82962e-17 -0.319302 0.947653 
vn 3.96252e-17 -0.161782 0.986827 
vn 6.82962e-17 -0.21497 0.976621 
vn 1.32602e-17 -0.0541389 0.998533 
vn 0 -0.108119 0.994138 
vn 1.32602e-17 -0.0541389 -0.998533 
vn 3.96252e-17 -0.161782 -0.986827 
vn 0 -0.108119 -0.994138 
vn 6.55255e-17 -0.267528 -0.96355 
vn 6.82962e-17 -0.21497 -0.976621 
vn 9.06577e-17 -0.370138 -0.928977 
vn 6.82962e-17 -0.319302 -0.947653 
vn 1.14727e-16 -0.468408 -0.883512 
vn 1.36592e-16 -0.419889 -0.907575 
vn 1.37451e-16 -0.561187 -0.827689 
vn 1.36592e-16 -0.515554 -0.856857 
vn 1.58564e-16 -0.647386 -0.762162 
vn 1.36592e-16 -0.605174 -0.796093 
vn 1.77818e-16 -0.725995 -0.687699 
vn 1.36592e-16 -0.687699 -0.725995 
vn 1.94987e-16 -0.796093 -0.605174 
vn 2.04889e-16 -0.762162 -0.647386 
vn 2.09869e-16 -0.856857 -0.515554 
vn 2.04889e-16 -0.827689 -0.561187 
vn 2.22292e-16 -0.907575 -0.419889 
vn 2.04889e-16 -0.883512 -0.468408 
vn 2.32108e-16 -0.947653 -0.319302 
vn 2.04889e-16 -0.928977 -0.370138 
vn 2.39203e-16 -0.976621 -0.21497 
vn 2.04889e-16 -0.96355 -0.267528 
vn 2.43494e-16 -0.994138 -0.108119 
vn 2.73185e-16 -0.986827 -0.161782 
vn 2.73185e-16 -0.998533 -0.0541389 
vn 2.73185e-16 -1 0 
vn 0 2.52454e-16 -1 
vn 0 0.0403977 -0.999184 
vn -1.32602e-17 0.0541389 -0.998533 
vn 0 -0.0541389 -0.998533 
vn 0 9.79717e-17 -1 
vn 0 0.0541125 -0.998535 
vn 0 0.148498 -0.988913 
vn -3.96252e-17 0.161782 -0.986827 
vn 0 0.161756 -0.986831 
vn 0 0.254847 -0.966981 
vn -6.55255e-17 0.267528 -0.96355 
vn 0 0.267503 -0.963557 
vn -1.36592e-16 0.358191 -0.933648 
vn -9.06577e-17 0.370138 -0.928977 
vn -1.36592e-16 0.370114 -0.928986 
vn -1.36592e-16 0.457311 -0.889307 
vn -1.14727e-16 0.468408 -0.883512 
vn -1.36592e-16 0.468386 -0.883524 
vn -1.36592e-16 0.55104 -0.834479 
vn -1.37451e-16 0.561187 -0.827689 
vn -1.36592e-16 0.561167 -0.827703 
vn -1.36592e-16 0.638271 -0.769812 
vn -1.58564e-16 0.647386 -0.762162 
vn -1.36592e-16 0.647368 -0.762178 
vn -1.36592e-16 0.717976 -0.696068 
vn -1.77818e-16 0.725995 -0.687699 
vn -1.36592e-16 0.725979 -0.687717 
vn -1.36592e-16 0.789215 -0.614116 
vn -1.94987e-16 0.796093 -0.605174 
vn -1.36592e-16 0.796079 -0.605193 
vn -2.73185e-16 0.851149 -0.524924 
vn -2.09869e-16 0.856857 -0.515554 
vn -2.73185e-16 0.856845 -0.515574 
vn -2.73185e-16 0.903047 -0.429542 
vn -2.22292e-16 0.907575 -0.419889 
vn -2.73185e-16 0.907566 -0.41991 
vn -2.73185e-16 0.944297 -0.329095 
vn -2.32108e-16 0.947653 -0.319302 
vn -2.73185e-16 0.947646 -0.319323 
vn -2.73185e-16 0.974412 -0.224768 
vn -2.39203e-16 0.976621 -0.21497 
vn -2.73185e-16 0.976616 -0.214992 
vn -2.73185e-16 0.993038 -0.117791 
vn -2.43494e-16 0.994138 -0.108119 
vn -2.73185e-16 0.994136 -0.10814 
vn -2.73185e-16 0.999956 -0.00942464 
vn -2.44929e-16 1 1.22465e-16 
vn -2.73185e-16 1 -2.09845e-05 
vn -2.73185e-16 0.995082 0.0990527 
vn -2.43494e-16 0.994138 0.108119 
vn -2.73185e-16 0.99414 0.108099 
vn -2.73185e-16 0.978476 0.206362 
vn -2.39203e-16 0.976621 0.21497 
vn -2.73185e-16 0.976625 0.214951 
vn -2.73185e-16 0.950332 0.311238 
vn -2.32108e-16 0.947653 0.319302 
vn -2.73185e-16 0.947659 0.319283 
vn -2.73185e-16 0.910983 0.412445 
vn -2.22292e-16 0.907575 0.419889 
vn -2.73185e-16 0.907583 0.419872 
vn -2.73185e-16 0.860892 0.508788 
vn -2.09869e-16 0.856857 0.515554 
vn -2.73185e-16 0.856867 0.515538 
vn -1.36592e-16 0.80065 0.599132 
vn -1.94987e-16 0.796093 0.605174 
vn -1.36592e-16 0.796104 0.60516 
vn -1.36592e-16 0.730968 0.682412 
vn -1.77818e-16 0.725995 0.687699 
vn -1.36592e-16 0.726007 0.687687 
vn -1.36592e-16 0.652667 0.757645 
vn -1.58564e-16 0.647386 0.762162 
vn -1.36592e-16 0.647399 0.762151 
vn -1.36592e-16 0.566671 0.823944 
vn -1.37451e-16 0.561187 0.827689 
vn -1.36592e-16 0.5612 0.82768 
vn -1.36592e-16 0.473992 0.880529 
vn -1.14727e-16 0.468408 0.883512 
vn -1.36592e-16 0.468422 0.883505 
vn -1.36592e-16 0.375725 0.926731 
vn -9.06577e-17 0.370138 0.928977 
vn -1.36592e-16 0.370152 0.928971 
vn 0 0.273027 0.962006 
vn -6.55255e-17 0.267528 0.96355 
vn 0 0.267542 0.963546 
vn 0 0.167111 0.985938 
vn -3.96252e-17 0.161782 0.986827 
vn 0 0.161795 0.986824 
vn 0 0.0592236 0.998245 
vn -1.32602e-17 0.0541389 0.998533 
vn 0 -7.66806e-16 1 
vn 0 0.0541423 0.998533 
vn 0.707107 0 0.707107 
vn 0.417305 0.202487 0.885921 
vn 0.369336 0.198231 0.907907 
vn 0.355474 0.223701 0.907522 
vn 0.0419264 0.0310955 0.998637 
vn 0.00641116 0.00860993 0.999942 
vn 0.0314263 0.0337539 0.998936 
vn -0.00783165 -0.00583668 0.999952 
vn 0.600844 0.142275 0.786603 
vn 0.556237 0.170792 0.813284 
vn 0.546541 0.204195 0.812156 
vn 0.451719 0.22961 0.862107 
vn 0.437317 0.261008 0.860598 
vn 0.469409 0.259113 0.844106 
vn 0.499517 0.221207 0.837586 
vn 0.511648 0.189186 0.838108 
vn 0.475368 0.198038 0.857208 
vn 0.464831 0.199692 0.862586 
vn 0.340767 0.249945 0.906314 
vn 0.36366 0.256137 0.895626 
vn 0.403626 0.230198 0.885491 
vn 0.384733 0.258505 0.88609 
vn 0.417113 0.262088 0.870245 
vn 0.426704 0.262362 0.8655 
vn 0.511617 0.248518 0.822488 
vn 0.522355 0.24517 0.816723 
vn 0.485909 0.255131 0.835943 
vn 0.634914 0.141306 0.75955 
vn 0.67372 0.094323 0.732942 
vn 0.669599 0.0689925 0.739512 
vn 0.677338 0.0573072 0.733436 
vn 0.641347 0.104693 0.760074 
vn 0.620232 0.125931 0.774244 
vn 0.592035 0.177788 0.786057 
vn 0.534279 0.240876 0.810262 
vn 0.571202 0.222842 0.789981 
vn 0.534214 0.24051 0.810414 
vn 0.59199 0.209317 0.778289 
vn 0.617465 0.19008 0.763286 
vn 0.581528 0.216235 0.784262 
vn 0.707107 0.000394304 0.707107 
vn 0.655053 0.152191 0.740097 
vn 0.659954 0.146472 0.73689 
vn 0.626804 0.181449 0.757755 
vn 0.650891 0.157027 0.742754 
vn 0.668581 0.135484 0.731193 
vn 0.695981 0.0946135 0.711799 
vn 0.706626 0.0368771 0.706626 
vn 0.228748 0.150926 0.961715 
vn 0.182805 0.126108 0.975028 
vn 0.176022 0.161273 0.971086 
vn 0.164561 0.152544 0.9745 
vn 0.17309 0.158393 0.972086 
vn 0.136694 0.0975634 0.985797 
vn 0.10178 0.100673 0.9897 
vn 0.108007 0.10619 0.988462 
vn 0.0899159 0.0657371 0.993778 
vn 0.0797065 0.0796989 0.993627 
vn 0.0365141 0.038346 0.998597 
vn 0.0575422 0.0594224 0.996573 
vn 0.122227 0.117866 0.985479 
vn 0.159131 0.148108 0.976085 
vn 0.321757 0.187508 0.92807 
vn 0.274956 0.171557 0.946027 
vn 0.262929 0.190749 0.945771 
vn 0.238269 0.155551 0.958662 
vn 0.206788 0.184407 0.96085 
vn 0.247078 0.211079 0.945726 
vn 0.207177 0.183442 0.960951 
vn 0.308646 0.209792 0.927753 
vn 0.254722 0.215522 0.942691 
vn 0.250511 0.210244 0.945009 
vn 0.35817 0.196228 0.912803 
vn 0.306586 0.240451 0.920972 
vn 0.294944 0.232568 0.926779 
vn 0.330434 0.248886 0.910422 
vn 0.704948 0.0780803 0.704948 
vn 0.0294482 0.167038 0.985511 
vn 0.0294482 0.272909 0.961589 
vn 0.137012 0.270453 0.952934 
vn 0.0294482 0.375562 0.926329 
vn 0.137012 0.372182 0.917992 
vn 0.0294482 0.473787 0.880147 
vn 0.137012 0.469522 0.872225 
vn 0.0294482 0.566425 0.823587 
vn 0.137012 0.561326 0.816174 
vn 0.0294482 0.652384 0.757316 
vn 0.137012 0.646512 0.7505 
vn 0.0294482 0.730651 0.682116 
vn 0.137012 0.724075 0.675976 
vn 0.0294482 0.800303 0.598872 
vn 0.137012 0.7931 0.593482 
vn 0.0294482 0.860519 0.508567 
vn 0.137012 0.852773 0.50399 
vn 0.0294482 0.910588 0.412266 
vn 0.137012 0.902391 0.408555 
vn 0.0294482 0.94992 0.311103 
vn 0.137012 0.94137 0.308303 
vn 0.0294482 0.978051 0.206273 
vn 0.137012 0.969248 0.204416 
vn 0.0294482 0.994651 0.0990098 
vn 0.137012 0.985698 0.0981186 
vn 0.0294482 0.999522 -0.00942055 
vn 0.137012 0.990525 -0.00933576 
vn 0.0294482 0.992608 -0.11774 
vn 0.137012 0.983673 -0.11668 
vn 0.0294482 0.97399 -0.224671 
vn 0.137012 0.965223 -0.222649 
vn 0.0294482 0.943887 -0.328953 
vn 0.137012 0.935391 -0.325992 
vn 0.0294482 0.902655 -0.429356 
vn 0.137012 0.894531 -0.425491 
vn 0.0294482 0.85078 -0.524696 
vn 0.137012 0.843122 -0.519974 
vn 0.0294482 0.788873 -0.61385 
vn 0.137012 0.781773 -0.608325 
vn 0.0294482 0.717665 -0.695766 
vn 0.137012 0.711205 -0.689504 
vn 0.0294482 0.637994 -0.769478 
vn 0.137012 0.632252 -0.762552 
vn 0.0294482 0.550801 -0.834117 
vn 0.137012 0.545843 -0.826609 
vn 0.0294482 0.457113 -0.888921 
vn 0.137012 0.452999 -0.88092 
vn 0.0294482 0.358035 -0.933244 
vn 0.137012 0.354813 -0.924844 
vn 0.0294482 0.254736 -0.966562 
vn 0.137012 0.252443 -0.957862 
vn 0.0294482 0.148433 -0.988484 
vn 0.137012 0.147097 -0.979587 
vn 0.24298 0.364465 0.898958 
vn 0.24298 0.459787 0.854141 
vn 0.24298 0.549688 0.799252 
vn 0.24298 0.633108 0.734939 
vn 0.24298 0.709062 0.66196 
vn 0.24298 0.776656 0.581177 
vn 0.24298 0.835092 0.49354 
vn 0.24298 0.883682 0.400084 
vn 0.24298 0.921852 0.301911 
vn 0.24298 0.949152 0.200178 
vn 0.24298 0.965261 0.0960842 
vn 0.24298 0.969988 -0.00914219 
vn 0.24298 0.963278 -0.114261 
vn 0.24298 0.94521 -0.218032 
vn 0.24298 0.915997 -0.319233 
vn 0.24298 0.875984 -0.416669 
vn 0.24298 0.825641 -0.509193 
vn 0.24298 0.765564 -0.595712 
vn 0.24298 0.696459 -0.675208 
vn 0.24298 0.619143 -0.746742 
vn 0.24298 0.534526 -0.809471 
vn 0.24298 0.443606 -0.862655 
vn 0.24298 0.347456 -0.905668 
vn 0.24298 0.247209 -0.938002 
vn 0.24298 0.264845 0.933176 
vn 0.346117 0.352502 0.869451 
vn 0.346117 0.444695 0.826105 
vn 0.346117 0.531645 0.773018 
vn 0.346117 0.612327 0.710816 
vn 0.346117 0.685788 0.640233 
vn 0.346117 0.751163 0.5621 
vn 0.346117 0.807681 0.47734 
vn 0.346117 0.854676 0.386952 
vn 0.346117 0.891593 0.292001 
vn 0.346117 0.917997 0.193607 
vn 0.346117 0.933577 0.0929304 
vn 0.346117 0.93815 -0.00884211 
vn 0.346117 0.93166 -0.11051 
vn 0.346117 0.914185 -0.210876 
vn 0.346117 0.885931 -0.308754 
vn 0.346117 0.847231 -0.402993 
vn 0.346117 0.798541 -0.492479 
vn 0.346117 0.740435 -0.576159 
vn 0.346117 0.673599 -0.653045 
vn 0.346117 0.59882 -0.722231 
vn 0.346117 0.516981 -0.782901 
vn 0.346117 0.429046 -0.83434 
vn 0.346117 0.336051 -0.875941 
vn 0.345064 0.240333 -0.907288 
vn 0.445221 0.424422 0.788444 
vn 0.445221 0.507408 0.737777 
vn 0.445221 0.584412 0.678411 
vn 0.445221 0.654524 0.611045 
vn 0.445221 0.716919 0.536475 
vn 0.445221 0.77086 0.455579 
vn 0.445221 0.815713 0.369311 
vn 0.445221 0.850947 0.278689 
vn 0.445221 0.876147 0.184781 
vn 0.445221 0.891017 0.0886938 
vn 0.445221 0.895381 -0.00843901 
vn 0.445221 0.889187 -0.105472 
vn 0.445221 0.872509 -0.201262 
vn 0.445221 0.845543 -0.294679 
vn 0.445221 0.808607 -0.384621 
vn 0.445221 0.762136 -0.470028 
vn 0.445221 0.70668 -0.549893 
vn 0.445221 0.64289 -0.623273 
vn 0.445221 0.571521 -0.689305 
vn 0.445221 0.493412 -0.74721 
vn 0.445221 0.409486 -0.796303 
vn 0.445221 0.320731 -0.836008 
vn 0.539138 0.47726 0.69394 
vn 0.539138 0.549688 0.638101 
vn 0.539138 0.615634 0.574739 
vn 0.539138 0.674322 0.504599 
vn 0.539138 0.725058 0.42851 
vn 0.539138 0.767245 0.347368 
vn 0.539138 0.800386 0.26213 
vn 0.539138 0.824089 0.173802 
vn 0.539138 0.838075 0.0834239 
vn 0.539138 0.84218 -0.00793759 
vn 0.539138 0.836354 -0.0992055 
vn 0.539138 0.820667 -0.189304 
vn 0.539138 0.795303 -0.27717 
vn 0.539138 0.760562 -0.361768 
vn 0.539138 0.716852 -0.4421 
vn 0.539138 0.664691 -0.517219 
vn 0.539138 0.604692 -0.58624 
vn 0.539138 0.537563 -0.648349 
vn 0.539138 0.464095 -0.702813 
vn 0.539138 0.385156 -0.748989 
vn 0.539138 0.399204 0.741597 
vn 0.626774 0.44155 0.642019 
vn 0.626774 0.508559 0.590358 
vn 0.626774 0.569571 0.531736 
vn 0.626774 0.623868 0.466844 
vn 0.626774 0.670808 0.396448 
vn 0.626774 0.709839 0.321377 
vn 0.626774 0.7405 0.242517 
vn 0.626774 0.762429 0.160798 
vn 0.626774 0.775369 0.077182 
vn 0.626774 0.779167 -0.00734369 
vn 0.626774 0.773777 -0.0917828 
vn 0.626774 0.759263 -0.17514 
vn 0.626774 0.735797 -0.256431 
vn 0.626774 0.703655 -0.3347 
vn 0.626774 0.663216 -0.409021 
vn 0.626774 0.614958 -0.47852 
vn 0.626774 0.559448 -0.542377 
vn 0.626774 0.497341 -0.599838 
vn 0.626774 0.429371 -0.650227 
vn 0.628753 0.357481 -0.690563 
vn 0.707107 0.461505 0.535736 
vn 0.707107 0.516873 0.482538 
vn 0.707107 0.566145 0.42365 
vn 0.707107 0.608743 0.359767 
vn 0.707107 0.644162 0.291642 
vn 0.707107 0.671986 0.220079 
vn 0.707107 0.691887 0.14592 
vn 0.707107 0.703629 0.0700409 
vn 0.707107 0.707075 -0.00666423 
vn 0.707107 0.702184 -0.0832907 
vn 0.707107 0.689014 -0.158935 
vn 0.707107 0.667719 -0.232706 
vn 0.707107 0.638551 -0.303732 
vn 0.707107 0.601853 -0.371177 
vn 0.707107 0.55806 -0.434246 
vn 0.707107 0.507686 -0.492194 
vn 0.707107 0.451326 -0.544339 
vn 0.707107 0.389644 -0.590066 
vn 0.707107 0.400697 0.582617 
vn 0.779201 0.409075 0.474872 
vn 0.779201 0.458152 0.427718 
vn 0.779201 0.501827 0.37552 
vn 0.779201 0.539585 0.318895 
vn 0.779201 0.57098 0.25851 
vn 0.779201 0.595643 0.195076 
vn 0.779201 0.613283 0.129342 
vn 0.779201 0.623691 0.0620837 
vn 0.779201 0.626746 -0.00590712 
vn 0.779201 0.62241 -0.0738282 
vn 0.779201 0.610736 -0.140879 
vn 0.779201 0.59186 -0.206268 
vn 0.779201 0.566006 -0.269226 
vn 0.779201 0.533478 -0.329009 
vn 0.779201 0.49466 -0.384912 
vn 0.779201 0.450009 -0.436277 
vn 0.779201 0.400051 -0.482498 
vn 0.842217 0.394093 0.367914 
vn 0.842217 0.431661 0.323015 
vn 0.842217 0.46414 0.274307 
vn 0.842217 0.491146 0.222365 
vn 0.842217 0.51236 0.167801 
vn 0.842217 0.527534 0.111258 
vn 0.842217 0.536487 0.0534031 
vn 0.842217 0.539114 -0.00508118 
vn 0.842217 0.535385 -0.0635056 
vn 0.842217 0.525343 -0.121181 
vn 0.842217 0.509107 -0.177428 
vn 0.842217 0.486867 -0.231583 
vn 0.842217 0.458887 -0.283007 
vn 0.842217 0.425496 -0.331094 
vn 0.842217 0.387088 -0.375277 
vn 0.842217 0.344116 -0.415035 
vn 0.842217 0.351878 0.408475 
vn 0.895421 0.325443 0.303824 
vn 0.895421 0.356467 0.266746 
vn 0.895421 0.383287 0.226523 
vn 0.895421 0.405589 0.183629 
vn 0.895421 0.423108 0.13857 
vn 0.895421 0.435638 0.0918768 
vn 0.895421 0.443032 0.0441004 
vn 0.895421 0.445202 -0.00419605 
vn 0.895421 0.442122 -0.052443 
vn 0.895421 0.433829 -0.100072 
vn 0.895421 0.420421 -0.14652 
vn 0.895421 0.402056 -0.191241 
vn 0.895421 0.37895 -0.233707 
vn 0.895421 0.351376 -0.273418 
vn 0.895421 0.319658 -0.309904 
vn 0.938191 0.277119 0.20737 
vn 0.938191 0.297969 0.1761 
vn 0.938191 0.315307 0.142754 
vn 0.938191 0.328926 0.107725 
vn 0.938191 0.338667 0.0714255 
vn 0.938191 0.344415 0.0342838 
vn 0.938191 0.346102 -0.00326203 
vn 0.938191 0.343708 -0.0407694 
vn 0.938191 0.337261 -0.0777961 
vn 0.938191 0.326837 -0.113906 
vn 0.938191 0.31256 -0.148672 
vn 0.938191 0.294597 -0.181685 
vn 0.938191 0.273161 -0.212556 
vn 0.938191 0.248504 -0.240921 
vn 0.938191 0.253001 0.236194 
vn 0.970031 0.194542 0.145577 
vn 0.970031 0.20918 0.123625 
vn 0.970031 0.221351 0.100216 
vn 0.970031 0.230912 0.0756248 
vn 0.970031 0.23775 0.0501419 
vn 0.970031 0.241785 0.0240678 
vn 0.970031 0.242969 -0.00229 
vn 0.970031 0.241289 -0.0286208 
vn 0.970031 0.236763 -0.0546142 
vn 0.970031 0.229445 -0.0799636 
vn 0.970031 0.219422 -0.10437 
vn 0.970031 0.206812 -0.127546 
vn 0.970031 0.191764 -0.149218 
vn 0.970031 0.174454 -0.169131 
vn 0.990569 0.117953 0.0697102 
vn 0.990569 0.124816 0.05651 
vn 0.990569 0.130207 0.0426435 
vn 0.990569 0.134063 0.0282742 
vn 0.990569 0.136339 0.0135714 
vn 0.990569 0.137006 -0.00129129 
vn 0.990569 0.136059 -0.0161388 
vn 0.990569 0.133507 -0.030796 
vn 0.990569 0.12938 -0.0450901 
vn 0.990569 0.123729 -0.0588526 
vn 0.990569 0.116618 -0.0719211 
vn 0.990569 0.108132 -0.0841415 
vn 0.990569 0.109699 0.0820885 
vn 0.999566 0.0253517 0.0149829 
vn 0.999566 0.0268268 0.0121457 
vn 0.999566 0.0279855 0.0091654 
vn 0.999566 0.0288143 0.00607699 
vn 0.999566 0.0293034 0.00291692 
vn 0.999566 0.0294469 -0.000277538 
vn 0.999566 0.0292432 -0.00346873 
vn 0.999566 0.0286947 -0.00661901 
vn 0.999566 0.0278078 -0.00969126 
vn 0.999566 0.0265931 -0.0126492 
vn 0.999566 0.0250648 -0.0154581 
vn 0.999566 0.023241 -0.0180846 
vn 0.0294482 0.0591979 0.997812 
vn -1.22465e-16 0.0592236 0.998245 
vn -1.7074e-16 0.161795 0.986824 
vn -1.7074e-16 0.167111 0.985938 
vn -1.7074e-16 0.267542 0.963546 
vn -1.7074e-16 0.273027 0.962006 
vn -1.7074e-16 0.370152 0.928971 
vn -1.7074e-16 0.375725 0.926731 
vn -1.7074e-16 0.468422 0.883505 
vn -1.7074e-16 0.473992 0.880529 
vn -1.7074e-16 0.5612 0.82768 
vn -1.7074e-16 0.566671 0.823944 
vn -1.7074e-16 0.647399 0.762151 
vn -1.7074e-16 0.652667 0.757645 
vn -1.7074e-16 0.726007 0.687687 
vn -1.7074e-16 0.730968 0.682412 
vn -1.7074e-16 0.796104 0.60516 
vn -1.7074e-16 0.80065 0.599132 
vn -1.7074e-16 0.856867 0.515538 
vn -1.7074e-16 0.860892 0.508788 
vn -1.7074e-16 0.907583 0.419872 
vn -1.7074e-16 0.910983 0.412445 
vn -1.7074e-16 0.947659 0.319283 
vn -1.7074e-16 0.950332 0.311238 
vn -1.7074e-16 0.976625 0.214951 
vn -1.7074e-16 0.978476 0.206362 
vn -1.7074e-16 0.99414 0.108099 
vn -1.7074e-16 0.995082 0.0990527 
vn -1.7074e-16 1 -2.09845e-05 
vn -1.7074e-16 0.999956 -0.00942464 
vn -1.7074e-16 0.994136 -0.10814 
vn -1.7074e-16 0.993038 -0.117791 
vn -1.7074e-16 0.976616 -0.214992 
vn -1.7074e-16 0.974412 -0.224768 
vn -1.7074e-16 0.947646 -0.319323 
vn -1.7074e-16 0.944297 -0.329095 
vn -1.7074e-16 0.907566 -0.41991 
vn -1.7074e-16 0.903047 -0.429542 
vn -1.7074e-16 0.856845 -0.515574 
vn -1.7074e-16 0.851149 -0.524924 
vn -1.7074e-16 0.796079 -0.605193 
vn -1.7074e-16 0.789215 -0.614116 
vn -1.7074e-16 0.725979 -0.687717 
vn -1.7074e-16 0.717976 -0.696068 
vn -1.7074e-16 0.647368 -0.762178 
vn -1.7074e-16 0.638271 -0.769812 
vn -1.7074e-16 0.561167 -0.827703 
vn -1.7074e-16 0.55104 -0.834479 
vn -1.7074e-16 0.468386 -0.883524 
vn -1.7074e-16 0.457311 -0.889307 
vn -1.7074e-16 0.370114 -0.928986 
vn -1.7074e-16 0.358191 -0.933648 
vn -1.7074e-16 0.267503 -0.963557 
vn -1.7074e-16 0.254847 -0.966981 
vn -1.7074e-16 0.161756 -0.986831 
vn -1.7074e-16 0.148498 -0.988913 
vn -1.7074e-16 0.0541125 -0.998535 
vn 0.0294482 0.0403802 -0.99875 
vn -1.7074e-16 0.0403977 -0.999184 
vn -1.7074e-16 0 -1 
vn 0.0282388 0.0214347 -0.999371 
vn 0.0884175 0.0670713 -0.993823 
vn 0.13137 0.0991591 -0.986362 
vn 0.0537114 0.0407956 -0.997723 
vn 0.17648 0.131976 -0.975416 
vn 0.197946 0.147161 -0.969103 
vn 0.235141 0.17266 -0.956503 
vn 0.26477 0.192122 -0.944979 
vn 0.340823 0.237971 -0.909511 
vn 0.438791 0.289594 -0.850646 
vn 0.441325 0.290973 -0.848862 
vn 0.353528 0.244984 -0.902774 
vn 0.414206 0.275624 -0.867447 
vn 0.516048 0.326225 -0.792005 
vn 0.528225 0.330927 -0.781963 
vn 0.488095 0.314299 -0.814235 
vn 0.592963 0.350634 -0.72488 
vn 0.616898 0.355547 -0.702156 
vn 0.668162 0.361414 -0.650338 
vn 0.705142 0.361392 -0.610057 
vn 0.720771 0.360218 -0.592226 
vn 0.738168 0.35921 -0.571031 
vn 0.77516 0.353175 -0.523827 
vn 0.765382 0.355306 -0.536608 
vn 0.800021 0.345895 -0.490227 
vn 0.839363 0.328286 -0.433241 
vn 0.857173 0.317464 -0.40555 
vn 0.877088 0.302848 -0.372827 
vn 0.894405 0.288059 -0.342143 
vn 0.887354 0.294416 -0.354856 
vn 0.905603 0.276916 -0.321248 
vn 0.937414 0.236449 -0.25563 
vn 0.952526 0.210818 -0.219657 
vn 0.969524 0.173879 -0.172596 
vn 0.945324 0.223703 -0.237316 
vn 0.974863 0.159462 -0.15561 
vn 0.98982 0.104707 -0.0963991 
vn 0.990541 0.101116 -0.092763 
vn 0.977113 0.152807 -0.147988 
vn 0.993509 0.0844366 -0.0762255 
vn 0.999543 0.0229837 -0.0196537 
vn 1 -1.36592e-15 1.36592e-15 
vn 0.999566 0.0235777 0.0176433 
vn 0.999541 0.0230278 0.0196923 
vn 0.993508 0.0844401 0.0762289 
vn 0.988561 0.110654 0.102483 
vn 0.986823 0.118288 0.110403 
vn 0.990494 0.101351 0.092999 
vn 0.970031 0.177611 0.165812 
vn 0.974872 0.15943 0.155582 
vn 0.969578 0.173736 0.172435 
vn 0.952992 0.209939 0.218474 
vn 0.945328 0.223695 0.23731 
vn 0.93747 0.236355 0.255511 
vn 0.905962 0.276488 0.320606 
vn 0.895421 0.290581 0.33732 
vn 0.905699 0.276766 0.321108 
vn 0.894795 0.287624 0.341489 
vn 0.884405 0.296843 0.360157 
vn 0.857001 0.317674 0.40575 
vn 0.777419 0.356889 0.517928 
vn 0.800086 0.345826 0.49017 
vn 0.839034 0.328531 0.433693 
vn 0.775708 0.352897 0.523201 
vn 0.733321 0.359217 0.577237 
vn 0.667023 0.362152 0.651097 
vn 0.652581 0.361203 0.666086 
vn 0.702919 0.362115 0.612191 
vn 0.626774 0.369335 0.686109 
vn 0.613842 0.356097 0.704551 
vn 0.591321 0.351494 0.725804 
vn 0.524345 0.331179 0.784463 
vn 0.445221 0.336432 0.829814 
vn 0.513877 0.32715 0.793034 
vn 0.436092 0.290529 0.851714 
vn 0.3795 0.257056 0.888764 
vn 0.346117 0.256152 0.902546 
vn 0.436665 0.290839 0.851314 
vn 0.372548 0.253496 0.89272 
vn 0.355309 0.244401 0.902232 
vn 0.343622 0.238026 0.908443 
vn 0.266061 0.191771 0.944688 
vn 0.237016 0.172869 0.956002 
vn 0.137012 0.165535 0.97664 
vn 0.224033 0.164177 0.960654 
vn 0.177288 0.131794 0.975294 
vn 0.132361 0.0993462 0.98621 
vn 0.0887862 0.0670023 0.993795 
vn -1.7074e-16 0.0541423 0.998533 
vn 0.0284362 0.0214844 0.999365 
vn -1.7074e-16 0 1 
vn 0.0789464 0.059618 0.995095 
vn 0.510636 0.325858 0.795655 
vn 0.78784 0.349712 0.50696 
vn 0 0 -1 
vn 0.707107 0 -0.707107 
vn 0.355474 0.223701 -0.907522 
vn 0.403626 0.230198 -0.885491 
vn 0.364851 0.255812 -0.895234 
vn 0.375653 0.257204 -0.890355 
vn 0.388869 0.259016 -0.884133 
vn 0.0419264 0.0310955 -0.998637 
vn 0.0190211 0.0214365 -0.999589 
vn 0.00633699 0.00858789 -0.999943 
vn 0.0365141 0.038346 -0.998597 
vn 0.546541 0.204195 -0.812156 
vn 0.592035 0.177788 -0.786057 
vn 0.571135 0.222916 -0.790008 
vn 0.581528 0.216235 -0.784262 
vn 0.499517 0.221207 -0.837586 
vn 0.451719 0.22961 -0.862107 
vn 0.483429 0.196503 -0.853043 
vn 0.464831 0.199692 -0.862586 
vn 0.469665 0.25896 -0.844011 
vn 0.485909 0.255131 -0.835943 
vn 0.437317 0.261008 -0.860598 
vn 0.388783 0.200762 -0.89919 
vn 0.369336 0.198231 -0.907907 
vn 0.409178 0.261803 -0.874089 
vn 0.416764 0.262239 -0.870367 
vn 0.514709 0.247758 -0.820787 
vn 0.504351 0.250648 -0.82632 
vn 0.521986 0.245474 -0.816868 
vn 0.534214 0.24051 -0.810414 
vn 0.559911 0.168859 -0.811163 
vn 0.634914 0.141306 -0.75955 
vn 0.67372 0.094323 -0.732942 
vn 0.65822 0.148456 -0.738043 
vn 0.630768 0.178174 -0.755238 
vn 0.668581 0.135484 -0.731193 
vn 0.660097 0.146219 -0.736812 
vn 0.61737 0.190211 -0.763331 
vn 0.591331 0.209771 -0.778668 
vn 0.626804 0.181449 -0.757755 
vn 0.600844 0.142275 -0.786603 
vn 0.62168 0.124597 -0.773298 
vn 0.706626 0.0368771 -0.706626 
vn 0.696004 0.0945564 -0.711785 
vn 0.704948 0.0780803 -0.704948 
vn 0.641347 0.104693 -0.760074 
vn 0.670277 0.0680066 -0.738989 
vn 0.707107 0.000394304 -0.707107 
vn 0.182805 0.126108 -0.975028 
vn 0.228748 0.150926 -0.961715 
vn 0.193546 0.17403 -0.965533 
vn 0.207177 0.183442 -0.960951 
vn 0.136694 0.0975634 -0.985797 
vn 0.107408 0.106124 -0.988535 
vn 0.089486 0.089942 -0.991919 
vn 0.0899159 0.0657371 -0.993778 
vn 0.122227 0.117866 -0.985479 
vn 0.0572033 0.0593506 -0.996597 
vn 0.0797065 0.0796989 -0.993627 
vn 0.158268 0.148112 -0.976224 
vn 0.164561 0.152544 -0.9745 
vn 0.160317 0.149667 -0.975653 
vn 0.308646 0.209792 -0.927753 
vn 0.294944 0.232568 -0.926779 
vn 0.256259 0.215455 -0.94229 
vn 0.262929 0.190749 -0.945771 
vn 0.247626 0.159912 -0.955568 
vn 0.233936 0.201937 -0.95105 
vn 0.2085 0.184481 -0.960466 
vn 0.274956 0.171557 -0.946027 
vn 0.250511 0.210244 -0.945009 
vn 0.321757 0.187508 -0.92807 
vn 0.315186 0.243017 -0.917388 
vn 0.307951 0.240264 -0.920565 
vn 0.340767 0.249945 -0.906314 
vn 0.677338 0.0573072 -0.733436 
vn 0.511648 0.189186 -0.838108 
vn 0.417305 0.202487 -0.885921 
vn -0.00783165 -0.00583668 -0.999952 
vn 0.707107 0 0.707107 
vn 0.707107 -0.0743419 0.703188 
vn 0.707107 -0.14786 0.691475 
vn 0.707107 -0.219739 0.672097 
vn 0.707107 -0.289182 0.64527 
vn 0.707107 -0.35542 0.611291 
vn 0.707107 -0.417719 0.570536 
vn 0.707107 -0.475387 0.523457 
vn 0.707107 -0.527786 0.470576 
vn 0.707107 -0.574335 0.412479 
vn 0.707107 0 0.707107 
vn 0.707107 -0.53893 0.457771 
vn 0.707107 -0.486277 0.513356 
vn 0.707107 -0.427923 0.562923 
vn 0.707107 -0.364552 0.60589 
vn 0.707107 -0.296906 0.641753 
vn 0.707107 -0.22578 0.670092 
vn 0.707107 -0.152007 0.690575 
vn 0.707107 -0.0764517 0.702962 
vn 0.707107 -1.73191e-16 0.707107 
vn 0.707107 0.0764517 0.702962 
vn 0.707107 0.152007 0.690575 
vn 0.707107 0.22578 0.670092 
vn 0.707107 0.296906 0.641753 
vn 0.707107 0.364552 0.60589 
vn 0.707107 0.427923 0.562923 
vn 0.707107 0.486277 0.513356 
vn 0.707107 0.53893 0.457771 
vn 0.707107 0.574335 0.412479 
vn 0.707107 -0.574335 -0.412479 
vn 0.707107 -0.527786 -0.470576 
vn 0.707107 -0.475387 -0.523457 
vn 0.707107 -0.417719 -0.570536 
vn 0.707107 -0.35542 -0.611291 
vn 0.707107 -0.289182 -0.64527 
vn 0.707107 -0.219739 -0.672097 
vn 0.707107 -0.14786 -0.691475 
vn 0.707107 -0.0743419 -0.703188 
vn 0.707107 0 -0.707107 
vn 0.707107 -0.574335 -0.412479 
vn 0.707107 0.574335 -0.412479 
vn 0.707107 0.53893 -0.457771 
vn 0.707107 0.486277 -0.513356 
vn 0.707107 0.427923 -0.562923 
vn 0.707107 0.364552 -0.60589 
vn 0.707107 0.296906 -0.641753 
vn 0.707107 0.22578 -0.670092 
vn 0.707107 0.152007 -0.690575 
vn 0.707107 0.0764517 -0.702962 
vn 0.707107 8.65956e-17 -0.707107 
vn 0.707107 -0.0764517 -0.702962 
vn 0.707107 -0.152007 -0.690575 
vn 0.707107 -0.22578 -0.670092 
vn 0.707107 -0.296906 -0.641753 
vn 0.707107 -0.364552 -0.60589 
vn 0.707107 -0.427923 -0.562923 
vn 0.707107 -0.486277 -0.513356 
vn 0.707107 -0.53893 -0.457771 
vn 0.707107 -0.574335 -0.412479 
vn 0.707107 0.574335 0.412479 
vn 0.707107 0.527786 0.470576 
vn 0.707107 0.475387 0.523457 
vn 0.707107 0.417719 0.570536 
vn 0.707107 0.35542 0.611291 
vn 0.707107 0.289182 0.64527 
vn 0.707107 0.219739 0.672097 
vn 0.707107 0.14786 0.691475 
vn 0.707107 0.0743419 0.703188 
vn 0.707107 0 0.707107 
vn 0.707107 0.574335 0.412479 
vn 0 0.105135 0.994458 
vn 0 0 1 
vn 0 0.209105 0.977893 
vn 0 0.105135 0.994458 
vn 0 0.310758 0.950489 
vn 0 0.209105 0.977893 
vn 0 0.408965 0.91255 
vn 0 0.310758 0.950489 
vn 0 0.50264 0.864496 
vn 0 0.408965 0.91255 
vn 0 0.590743 0.80686 
vn 0 0.50264 0.864496 
vn 0 0.672299 0.74028 
vn 0 0.590743 0.80686 
vn 0 0.746402 0.665495 
vn 0 0.672299 0.74028 
vn 0 0.812233 0.583333 
vn 0 0.746402 0.665495 
vn 0.707107 0 0.707107 
vn 0 0 1 
vn 0.707107 0.0761839 0.702991 
vn 0.707107 0.151481 0.690691 
vn 0.707107 0.225014 0.67035 
vn 0.707107 0.295928 0.642204 
vn 0.707107 0.363397 0.606583 
vn 0.707107 0.426635 0.563899 
vn 0.707107 0.484906 0.514651 
vn 0.707107 0.537532 0.459411 
vn 0.707107 0.583901 0.398823 
vn 0.707107 0.623471 0.333592 
vn 0.707107 0.655783 0.264477 
vn 0.707107 0.680461 0.192283 
vn 0.707107 0.697217 0.117851 
vn -0.707107 0 0.707107 
vn -0.707107 0.0743419 0.703188 
vn -0.707107 0.14786 0.691475 
vn -0.707107 0.219739 0.672097 
vn -0.707107 0.259032 0.657953 
vn -0.707107 0.289182 0.64527 
vn -0.707107 0.255612 0.659289 
vn -0.707107 0.35542 0.611291 
vn -0.707107 0.417719 0.570536 
vn -0.707107 0.446425 0.548365 
vn -0.707107 0.475387 0.523457 
vn -0.707107 0.527786 0.470576 
vn -0.707107 0.514096 0.485495 
vn -0.707107 0.527741 0.470626 
vn -0.707107 0.551613 0.442406 
vn -0.707107 0.574335 0.412479 
vn -0.707107 0 0.707107 
vn 0 0 1 
vn 0 0.10774 0.994179 
vn 0 0.214226 0.976784 
vn 0 0.318218 0.948017 
vn 0 0.418506 0.908214 
vn 0 0.513921 0.857838 
vn 0 0.603353 0.797474 
vn 0 0.685761 0.727827 
vn 0 0.760186 0.649706 
vn 0 0.82576 0.564021 
vn 0 0.881721 0.47177 
vn 0 0.927418 0.374027 
vn 0 0.962317 0.27193 
vn 0 0.986013 0.166667 
vn 0.707107 0.697217 0.117851 
vn 0.707107 0.70463 0.0591327 
vn 0.707107 0.707107 6.93889e-17 
vn 0.707107 0.70463 -0.0591327 
vn 0.707107 0.697217 -0.117851 
vn -0.707107 0.697217 0.117851 
vn -0.707107 0.680461 0.192283 
vn -0.707107 0.655783 0.264477 
vn -0.707107 0.623471 0.333592 
vn -0.707107 0.583901 0.398823 
vn -0.707107 0.537532 0.459411 
vn -0.707107 0.484906 0.514651 
vn -0.707107 0.426635 0.563899 
vn -0.707107 0.363397 0.606583 
vn -0.707107 0.295928 0.642204 
vn -0.707107 0.225014 0.67035 
vn -0.707107 0.151481 0.690691 
vn -0.707107 0.0761839 0.702991 
vn -0.707107 0 0.707107 
vn 0 0.986013 0.166667 
vn 0 0.996497 0.0836263 
vn 0 1 6.12323e-17 
vn 0 0.996497 -0.0836263 
vn 0 0.986013 -0.166667 
vn 0.707107 0.697217 -0.117851 
vn 0.707107 0.680461 -0.192283 
vn 0.707107 0.655783 -0.264477 
vn 0.707107 0.623471 -0.333592 
vn 0.707107 0.583901 -0.398823 
vn 0.707107 0.537532 -0.459411 
vn 0.707107 0.484906 -0.514651 
vn 0.707107 0.426635 -0.563899 
vn 0.707107 0.363397 -0.606583 
vn 0.707107 0.295928 -0.642204 
vn 0.707107 0.225014 -0.67035 
vn 0.707107 0.151481 -0.690691 
vn 0.707107 0.0761839 -0.702991 
vn 0.707107 0 -0.707107 
vn 0 0.986013 -0.166667 
vn 0 0.962317 -0.27193 
vn 0 0.927418 -0.374027 
vn 0 0.881721 -0.47177 
vn 0 0.82576 -0.564021 
vn 0 0.760186 -0.649706 
vn 0 0.685761 -0.727827 
vn 0 0.603353 -0.797474 
vn 0 0.513921 -0.857838 
vn 0 0.418506 -0.908214 
vn 0 0.318218 -0.948017 
vn 0 0.214226 -0.976784 
vn 0 0.10774 -0.994179 
vn 0 0 -1 
vn -0.707107 0.697217 -0.117851 
vn -0.707107 0.70463 -0.0591327 
vn -0.707107 0.707107 -2.77556e-17 
vn -0.707107 0.70463 0.0591327 
vn -0.707107 0.697217 0.117851 
vn 0.707107 0 -0.707107 
vn 0.707107 0.0743419 -0.703188 
vn 0.707107 0.14786 -0.691475 
vn 0.707107 0.219739 -0.672097 
vn 0.707107 0.289182 -0.64527 
vn 0.707107 0.35542 -0.611291 
vn 0.707107 0.417719 -0.570536 
vn 0.707107 0.475387 -0.523457 
vn 0.707107 0.527786 -0.470576 
vn 0.707107 0.574335 -0.412479 
vn 0.707107 0 -0.707107 
vn 0 0 -1 
vn -0.707107 0 -0.707107 
vn -0.707107 0.0761839 -0.702991 
vn -0.707107 0.151481 -0.690691 
vn -0.707107 0.225014 -0.67035 
vn -0.707107 0.295928 -0.642204 
vn -0.707107 0.363397 -0.606583 
vn -0.707107 0.426635 -0.563899 
vn -0.707107 0.484906 -0.514651 
vn -0.707107 0.537532 -0.459411 
vn -0.707107 0.583901 -0.398823 
vn -0.707107 0.623471 -0.333592 
vn -0.707107 0.655783 -0.264477 
vn -0.707107 0.680461 -0.192283 
vn -0.707107 0.697217 -0.117851 
vn 0 0.746402 -0.665495 
vn 0 0.812233 -0.583333 
vn 0 0.672299 -0.74028 
vn 0 0.746402 -0.665495 
vn 0 0.590743 -0.80686 
vn 0 0.672299 -0.74028 
vn 0 0.50264 -0.864496 
vn 0 0.590743 -0.80686 
vn 0 0.408965 -0.91255 
vn 0 0.50264 -0.864496 
vn 0 0.310758 -0.950489 
vn 0 0.408965 -0.91255 
vn 0 0.209105 -0.977893 
vn 0 0.310758 -0.950489 
vn 0 0.105135 -0.994458 
vn 0 0.209105 -0.977893 
vn 0 0 -1 
vn 0 0.105135 -0.994458 
vn -0.707107 0 -0.707107 
vn -0.707107 0.219739 -0.672097 
vn -0.707107 0.14786 -0.691475 
vn -0.707107 0.0743419 -0.703188 
vn -0.707107 0 -0.707107 
vn -0.707107 0.527786 -0.470576 
vn -0.707107 0.574335 -0.412479 
vn -0.707107 0.551624 -0.442393 
vn -0.707107 0.527786 -0.470576 
vn -0.707107 0.514096 -0.485495 
vn -0.707107 0.475387 -0.523457 
vn -0.707107 0.417719 -0.570536 
vn -0.707107 0.446338 -0.548436 
vn -0.707107 0.35542 -0.611291 
vn -0.707107 0.417719 -0.570536 
vn -0.707107 0.289182 -0.64527 
vn -0.707107 0.35542 -0.611291 
vn -0.707107 0.219739 -0.672097 
vn -0.707107 0.259032 -0.657953 
vn -0.707107 0.289182 -0.64527 
vn -0.707107 0.255612 -0.659289 
vn 0 0 -1 
vn 0 0.108119 -0.994138 
vn 0 0.21497 -0.976621 
vn 0 0.319302 -0.947653 
vn 0 0.419889 -0.907575 
vn 0 0.515554 -0.856857 
vn 0 0.605174 -0.796093 
vn 0 0.687699 -0.725995 
vn 0 0.762162 -0.647386 
vn 0 0.762162 0.647386 
vn 0 0.687699 0.725995 
vn 0 0.605174 0.796093 
vn 0 0.515554 0.856857 
vn 0 0.419889 0.907575 
vn 0 0.319302 0.947653 
vn 0 0.21497 0.976621 
vn 0 0.108119 0.994138 
vn 0 1.22465e-16 1 
vn 0 -0.108119 0.994138 
vn 0 -0.21497 0.976621 
vn 0 -0.319302 0.947653 
vn 0 -0.419889 0.907575 
vn 0 -0.515554 0.856857 
vn 0 -0.605174 0.796093 
vn 0 -0.687699 0.725995 
vn 0 -0.762162 0.647386 
vn 0 -0.762162 -0.647386 
vn 0 -0.687699 -0.725995 
vn 0 -0.605174 -0.796093 
vn 0 -0.515554 -0.856857 
vn 0 -0.419889 -0.907575 
vn 0 -0.319302 -0.947653 
vn 0 -0.21497 -0.976621 
vn 0 -0.108119 -0.994138 
vn 0 -0.824412 -0.56599 
vn 0 -0.827689 -0.561187 
vn 0 -0.812233 -0.583333 
vn 0 -0.818395 -0.574656 
vn 0 -0.827689 -0.561187 
vn 0 -0.876617 -0.481188 
vn 0 -0.883512 -0.468408 
vn 0 -0.849017 -0.528366 
vn 0 -0.862207 -0.506557 
vn 0 -0.842879 -0.538103 
vn 0 -0.836545 -0.547898 
vn 0 -0.883512 -0.468408 
vn 0 -0.884307 -0.466906 
vn 0 -0.928977 -0.370138 
vn 0 -0.96355 -0.267528 
vn 0 -0.986827 -0.161782 
vn 0 -0.998533 -0.0541389 
vn 0 -0.998533 0.0541389 
vn 0 -0.986827 0.161782 
vn 0 -0.96355 0.267528 
vn 0 -0.928977 0.370138 
vn 0 -0.884307 0.466906 
vn 0 -0.883512 0.468408 
vn 0 -0.827689 0.561187 
vn 0 -0.842898 0.538074 
vn 0 -0.836545 0.547898 
vn 0 -0.876617 0.481188 
vn 0 -0.862207 0.506557 
vn 0 -0.849017 0.528366 
vn 0 -0.883512 0.468408 
vn 0 -0.762162 0.647386 
vn 0 -0.812233 0.583333 
vn 0 -0.824399 0.566009 
vn 0 -0.818392 0.57466 
vn 0 -0.827689 0.561187 
vn 0 0.824412 0.56599 
vn 0 0.827689 0.561187 
vn 0 0.812233 0.583333 
vn 0 0.818395 0.574656 
vn 0 0.827689 0.561187 
vn 0 0.876617 0.481188 
vn 0 0.883512 0.468408 
vn 0 0.849017 0.528366 
vn 0 0.862207 0.506557 
vn 0 0.842879 0.538103 
vn 0 0.836545 0.547898 
vn 0 0.883512 0.468408 
vn 0 0.884307 0.466906 
vn 0 0.928977 0.370138 
vn 0 0.96355 0.267528 
vn 0 0.986827 0.161782 
vn 0 0.998533 0.0541389 
vn 0 0.998533 -0.0541389 
vn 0 0.986827 -0.161782 
vn 0 0.96355 -0.267528 
vn 0 0.928977 -0.370138 
vn 0 0.884307 -0.466906 
vn 0 0.883512 -0.468408 
vn 0 0.827689 -0.561187 
vn 0 0.842898 -0.538074 
vn 0 0.836545 -0.547898 
vn 0 0.876617 -0.481188 
vn 0 0.862207 -0.506557 
vn 0 0.849017 -0.528366 
vn 0 0.883512 -0.468408 
vn 0 0.762162 -0.647386 
vn 0 0.812233 -0.583333 
vn 0 0.824399 -0.566009 
vn 0 0.818392 -0.57466 
vn 0 0.827689 -0.561187 
vn 0 0.812233 -0.583333 
vn 0 0.928977 0.370138 
vn 0 -0.812233 0.583333 
vn 0 -0.928977 -0.370138 
vn -1 0 0 
vn 0 0.108119 -0.994138 
vn 0 2.44929e-16 -1 
vn 0 0.21497 -0.976621 
vn 0 0.108119 -0.994138 
vn 0 0.319302 -0.947653 
vn 0 0.21497 -0.976621 
vn 0 0.419889 -0.907575 
vn 0 0.319302 -0.947653 
vn 0 0.515554 -0.856857 
vn 0 0.419889 -0.907575 
vn 0 0.605174 -0.796093 
vn 0 0.515554 -0.856857 
vn 0 0.687699 -0.725995 
vn 0 0.605174 -0.796093 
vn 0 0.762162 -0.647386 
vn 0 0.687699 -0.725995 
vn 0 0.827689 -0.561187 
vn 0 0.762162 -0.647386 
vn 0 0.883512 -0.468408 
vn 0 0.827689 -0.561187 
vn 0 0.928977 -0.370138 
vn 0 0.883512 -0.468408 
vn 0 0.96355 -0.267528 
vn 0 0.928977 -0.370138 
vn 0 0.986827 -0.161782 
vn 0 0.96355 -0.267528 
vn 0 0.998533 -0.0541389 
vn 0 0.986827 -0.161782 
vn 0 0.998533 0.0541389 
vn 0 1 0 
vn 0 0.986827 0.161782 
vn 0 0.96355 0.267528 
vn 0 0.928977 0.370138 
vn 0 0.883512 0.468408 
vn 0 0.827689 0.561187 
vn 0 0.762162 0.647386 
vn 0 0.687699 0.725995 
vn 0 0.605174 0.796093 
vn 0 0.515554 0.856857 
vn 0 0.419889 0.907575 
vn 0 0.319302 0.947653 
vn 0 0.21497 0.976621 
vn 0 0.108119 0.994138 
vn 0 -1.22465e-16 1 
vn 0 -0.108119 0.994138 
vn 0 -0.21497 0.976621 
vn 0 -0.319302 0.947653 
vn 0 -0.419889 0.907575 
vn 0 -0.515554 0.856857 
vn 0 -0.605174 0.796093 
vn 0 -0.687699 0.725995 
vn 0 -0.762162 0.647386 
vn 0 -0.827689 0.561187 
vn 0 -0.883512 0.468408 
vn 0 -0.928977 0.370138 
vn 0 -0.96355 0.267528 
vn 0 -0.986827 0.161782 
vn 0 -0.998533 0.0541389 
vn 0 -0.998533 -0.0541389 
vn 0 -0.986827 -0.161782 
vn 0 -0.96355 -0.267528 
vn 0 -0.928977 -0.370138 
vn 0 -0.883512 -0.468408 
vn 0 -0.827689 -0.561187 
vn 0 -0.762162 -0.647386 
vn 0 -0.687699 -0.725995 
vn 0 -0.605174 -0.796093 
vn 0 -0.515554 -0.856857 
vn 0 -0.419889 -0.907575 
vn 0 -0.319302 -0.947653 
vn 0 -0.21497 -0.976621 
vn 0 -0.108119 -0.994138 
vn 1 0 0 
vn 0 0.108119 -0.994138 
vn 0 0 -1 
vn 0 0.21497 -0.976621 
vn 0 0.108119 -0.994138 
vn 0 0.319302 -0.947653 
vn 0 0.21497 -0.976621 
vn 0 0.419889 -0.907575 
vn 0 0.319302 -0.947653 
vn 0 0.515554 -0.856857 
vn 0 0.419889 -0.907575 
vn 0 0.605174 -0.796093 
vn 0 0.515554 -0.856857 
vn 0 0.687699 -0.725995 
vn 0 0.605174 -0.796093 
vn 0 0.762162 -0.647386 
vn 0 0.687699 -0.725995 
vn 0 0.827689 -0.561187 
vn 0 0.762162 -0.647386 
vn 0 0.883512 -0.468408 
vn 0 0.827689 -0.561187 
vn 0 0.928977 -0.370138 
vn 0 0.883512 -0.468408 
vn 0 0.96355 -0.267528 
vn 0 0.928977 -0.370138 
vn 0 0.986827 -0.161782 
vn 0 0.96355 -0.267528 
vn 0 0.998533 -0.0541389 
vn 0 0.986827 -0.161782 
vn 0 0.998533 0.0541389 
vn 0 0.998533 -0.0541389 
vn 0 0.986827 0.161782 
vn 0 0.998533 0.0541389 
vn 0 0.96355 0.267528 
vn 0 0.986827 0.161782 
vn 0 0.928977 0.370138 
vn 0 0.96355 0.267528 
vn 0 0.883512 0.468408 
vn 0 0.928977 0.370138 
vn 0 0.827689 0.561187 
vn 0 0.883512 0.468408 
vn 0 0.762162 0.647386 
vn 0 0.827689 0.561187 
vn 0 0.687699 0.725995 
vn 0 0.762162 0.647386 
vn 0 0.605174 0.796093 
vn 0 0.687699 0.725995 
vn 0 0.515554 0.856857 
vn 0 0.605174 0.796093 
vn 0 0.419889 0.907575 
vn 0 0.515554 0.856857 
vn 0 0.319302 0.947653 
vn 0 0.419889 0.907575 
vn 0 0.21497 0.976621 
vn 0 0.319302 0.947653 
vn 0 0.108119 0.994138 
vn 0 0.21497 0.976621 
vn 0 -1.22465e-16 1 
vn 0 0.108119 0.994138 
vn 0 -0.108119 0.994138 
vn 0 -1.22465e-16 1 
vn 0 -0.21497 0.976621 
vn 0 -0.108119 0.994138 
vn 0 -0.319302 0.947653 
vn 0 -0.21497 0.976621 
vn 0 -0.419889 0.907575 
vn 0 -0.319302 0.947653 
vn 0 -0.515554 0.856857 
vn 0 -0.419889 0.907575 
vn 0 -0.605174 0.796093 
vn 0 -0.515554 0.856857 
vn 0 -0.687699 0.725995 
vn 0 -0.605174 0.796093 
vn 0 -0.762162 0.647386 
vn 0 -0.687699 0.725995 
vn 0 -0.827689 0.561187 
vn 0 -0.762162 0.647386 
vn 0 -0.883512 0.468408 
vn 0 -0.827689 0.561187 
vn 0 -0.928977 0.370138 
vn 0 -0.883512 0.468408 
vn 0 -0.96355 0.267528 
vn 0 -0.928977 0.370138 
vn 0 -0.986827 0.161782 
vn 0 -0.96355 0.267528 
vn 0 -0.998533 0.0541389 
vn 0 -0.986827 0.161782 
vn 0 -0.998533 -0.0541389 
vn 0 -0.998533 0.0541389 
vn 0 -0.986827 -0.161782 
vn 0 -0.998533 -0.0541389 
vn 0 -0.96355 -0.267528 
vn 0 -0.986827 -0.161782 
vn 0 -0.928977 -0.370138 
vn 0 -0.96355 -0.267528 
vn 0 -0.883512 -0.468408 
vn 0 -0.928977 -0.370138 
vn 0 -0.827689 -0.561187 
vn 0 -0.883512 -0.468408 
vn 0 -0.762162 -0.647386 
vn 0 -0.827689 -0.561187 
vn 0 -0.687699 -0.725995 
vn 0 -0.762162 -0.647386 
vn 0 -0.605174 -0.796093 
vn 0 -0.687699 -0.725995 
vn 0 -0.515554 -0.856857 
vn 0 -0.605174 -0.796093 
vn 0 -0.419889 -0.907575 
vn 0 -0.515554 -0.856857 
vn 0 -0.319302 -0.947653 
vn 0 -0.419889 -0.907575 
vn 0 -0.21497 -0.976621 
vn 0 -0.319302 -0.947653 
vn 0 -0.108119 -0.994138 
vn 0 -0.21497 -0.976621 
vn -1 0 0 
vn -0.707107 0 -0.707107 
vn -0.707107 0.0764517 -0.702962 
vn -0.707107 0.152007 -0.690575 
vn -0.707107 0.22578 -0.670092 
vn -0.707107 0.296906 -0.641753 
vn -0.707107 0.364552 -0.60589 
vn -0.707107 0.427923 -0.562923 
vn -0.707107 0.486277 -0.513356 
vn -0.707107 0.53893 -0.457771 
vn -0.707107 0.585265 -0.396819 
vn -0.707107 0.624737 -0.331215 
vn -0.707107 0.656886 -0.261727 
vn -0.707107 0.681333 -0.189171 
vn -0.707107 0.697792 -0.114397 
vn -0.707107 0.70607 -0.038282 
vn -0.707107 0.70607 0.038282 
vn -0.707107 0.697792 0.114397 
vn -0.707107 0.681333 0.189171 
vn -0.707107 0.656886 0.261727 
vn -0.707107 0.624737 0.331215 
vn -0.707107 0.585265 0.396819 
vn -0.707107 0.53893 0.457771 
vn -0.707107 0.486277 0.513356 
vn -0.707107 0.427923 0.562923 
vn -0.707107 0.364552 0.60589 
vn -0.707107 0.296906 0.641753 
vn -0.707107 0.22578 0.670092 
vn -0.707107 0.152007 0.690575 
vn -0.707107 0.0764517 0.702962 
vn -0.707107 -1.47196e-16 0.707107 
vn -0.707107 -0.0764517 0.702962 
vn -0.707107 -0.152007 0.690575 
vn -0.707107 -0.22578 0.670092 
vn -0.707107 -0.296906 0.641753 
vn -0.707107 -0.364552 0.60589 
vn -0.707107 -0.427923 0.562923 
vn -0.707107 -0.486277 0.513356 
vn -0.707107 -0.53893 0.457771 
vn -0.707107 -0.585265 0.396819 
vn -0.707107 -0.624737 0.331215 
vn -0.707107 -0.656886 0.261727 
vn -0.707107 -0.681333 0.189171 
vn -0.707107 -0.697792 0.114397 
vn -0.707107 -0.70607 0.038282 
vn -0.707107 -0.70607 -0.038282 
vn -0.707107 -0.697792 -0.114397 
vn -0.707107 -0.681333 -0.189171 
vn -0.707107 -0.656886 -0.261727 
vn -0.707107 -0.624737 -0.331215 
vn -0.707107 -0.585265 -0.396819 
vn -0.707107 -0.53893 -0.457771 
vn -0.707107 -0.486277 -0.513356 
vn -0.707107 -0.427923 -0.562923 
vn -0.707107 -0.364552 -0.60589 
vn -0.707107 -0.296906 -0.641753 
vn -0.707107 -0.22578 -0.670092 
vn -0.707107 -0.152007 -0.690575 
vn -0.707107 -0.0764517 -0.702962 
usemtl 0.960784_0.835294_0.470588_0.000000_0.000000
o mesh0
f 1//1 2//2 3//2 
f 4//3 1//1 5//4 
f 6//5 4//3 7//6 
f 8//7 6//5 9//8 
f 10//9 8//7 11//10 
f 12//11 10//9 13//12 
f 14//13 12//11 15//14 
f 16//15 14//13 17//16 
f 18//17 16//15 19//18 
f 20//19 18//17 21//20 
f 22//21 20//19 23//22 
f 24//23 22//21 25//24 
f 26//25 24//23 27//26 
f 28//27 26//25 29//28 
f 30//29 28//27 31//30 
f 32//31 30//29 33//32 
f 34//33 32//31 35//34 
f 36//35 34//33 37//36 
f 38//37 36//35 39//38 
f 40//39 38//37 41//40 
f 42//41 40//39 43//42 
f 44//43 42//41 45//44 
f 46//45 44//43 47//46 
f 48//47 46//45 49//48 
f 50//49 48//47 51//50 
f 52//51 50//49 53//52 
f 54//53 52//51 55//54 
f 56//55 54//53 57//56 
f 58//57 56//55 59//58 
f 60//59 58//57 61//60 
f 62//61 60//59 63//62 
f 64//63 62//61 65//64 
f 66//65 64//63 67//66 
f 68//67 66//65 69//68 
f 70//69 68//67 71//70 
f 72//71 70//69 73//72 
f 74//73 72//71 75//74 
f 76//75 74//73 77//76 
f 78//77 76//75 79//78 
f 80//79 78//77 81//80 
f 82//81 80//79 83//82 
f 84//83 82//81 85//84 
f 86//85 84//83 87//86 
f 88//85 89//87 90//88 
f 89//87 91//87 90//88 
f 92//89 91//87 89//87 
f 93//90 92//89 94//89 
f 95//91 93//90 96//90 
f 97//92 95//91 98//91 
f 99//93 97//92 100//92 
f 101//94 99//93 102//93 
f 103//95 101//94 104//94 
f 105//96 103//95 106//95 
f 107//97 105//96 108//96 
f 109//98 107//97 110//97 
f 111//99 109//98 112//98 
f 113//100 111//99 114//99 
f 115//101 113//100 116//100 
f 2//2 115//101 117//101 
f 117//101 3//2 2//2 
f 116//100 117//101 115//101 
f 114//99 116//100 113//100 
f 112//98 114//99 111//99 
f 110//97 112//98 109//98 
f 108//96 110//97 107//97 
f 106//95 108//96 105//96 
f 104//94 106//95 103//95 
f 102//93 104//94 101//94 
f 100//92 102//93 99//93 
f 98//91 100//92 97//92 
f 96//90 98//91 95//91 
f 94//89 96//90 93//90 
f 89//87 94//89 92//89 
f 90//88 86//85 88//85 
f 87//86 88//85 86//85 
f 85//84 87//86 84//83 
f 83//82 85//84 82//81 
f 81//80 83//82 80//79 
f 79//78 81//80 78//77 
f 77//76 79//78 76//75 
f 75//74 77//76 74//73 
f 73//72 75//74 72//71 
f 71//70 73//72 70//69 
f 69//68 71//70 68//67 
f 67//66 69//68 66//65 
f 65//64 67//66 64//63 
f 63//62 65//64 62//61 
f 61//60 63//62 60//59 
f 59//58 61//60 58//57 
f 57//56 59//58 56//55 
f 55//54 57//56 54//53 
f 53//52 55//54 52//51 
f 51//50 53//52 50//49 
f 49//48 51//50 48//47 
f 47//46 49//48 46//45 
f 45//44 47//46 44//43 
f 43//42 45//44 42//41 
f 41//40 43//42 40//39 
f 39//38 41//40 38//37 
f 37//36 39//38 36//35 
f 35//34 37//36 34//33 
f 33//32 35//34 32//31 
f 31//30 33//32 30//29 
f 29//28 31//30 28//27 
f 27//26 29//28 26//25 
f 25//24 27//26 24//23 
f 23//22 25//24 22//21 
f 21//20 23//22 20//19 
f 19//18 21//20 18//17 
f 17//16 19//18 16//15 
f 15//14 17//16 14//13 
f 13//12 15//14 12//11 
f 11//10 13//12 10//9 
f 9//8 11//10 8//7 
f 7//6 9//8 6//5 
f 5//4 7//6 4//3 
f 3//2 5//4 1//1 
o mesh1
f 118//102 119//102 90//102 
f 120//102 121//102 122//102 
f 119//102 86//102 90//102 
f 123//102 20//102 22//102 
f 123//102 14//102 16//102 
f 121//102 124//102 125//102 
f 126//102 127//102 120//102 
f 90//102 91//102 118//102 
f 123//102 28//102 30//102 
f 22//102 24//102 123//102 
f 16//102 18//102 123//102 
f 125//102 128//102 121//102 
f 121//102 129//102 130//102 
f 126//102 131//102 127//102 
f 119//102 84//102 86//102 
f 123//102 36//102 38//102 
f 123//102 26//102 28//102 
f 18//102 20//102 123//102 
f 123//102 10//102 12//102 
f 129//102 132//102 133//102 
f 130//102 124//102 121//102 
f 129//102 134//102 135//102 
f 129//102 136//102 137//102 
f 122//102 126//102 120//102 
f 91//102 92//102 118//102 
f 138//102 139//102 140//102 
f 138//102 141//102 142//102 
f 78//102 80//102 143//102 
f 123//102 34//102 36//102 
f 24//102 26//102 123//102 
f 123//102 8//102 10//102 
f 129//102 144//102 132//102 
f 129//102 145//102 146//102 
f 147//102 148//102 145//102 
f 135//102 130//102 129//102 
f 137//102 149//102 129//102 
f 131//102 150//102 151//102 
f 131//102 152//102 153//102 
f 126//102 154//102 131//102 
f 155//102 156//102 157//102 
f 155//102 158//102 159//102 
f 158//102 160//102 161//102 
f 160//102 162//102 163//102 
f 119//102 82//102 84//102 
f 142//102 139//102 138//102 
f 74//102 164//102 138//102 
f 164//102 76//102 78//102 
f 123//102 48//102 50//102 
f 123//102 44//102 46//102 
f 123//102 40//102 42//102 
f 123//102 32//102 34//102 
f 12//102 14//102 123//102 
f 123//102 4//102 6//102 
f 133//102 165//102 129//102 
f 146//102 166//102 129//102 
f 167//102 168//102 148//102 
f 145//102 129//102 147//102 
f 121//102 169//102 170//102 
f 149//102 134//102 129//102 
f 151//102 171//102 131//102 
f 154//102 152//102 131//102 
f 159//102 156//102 155//102 
f 163//102 161//102 160//102 
f 172//102 173//102 174//102 
f 175//102 176//102 177//102 
f 178//102 175//102 99//102 
f 93//102 179//102 118//102 
f 138//102 180//102 74//102 
f 164//102 74//102 76//102 
f 180//102 70//102 72//102 
f 180//102 62//102 64//102 
f 123//102 52//102 54//102 
f 46//102 48//102 123//102 
f 38//102 40//102 123//102 
f 6//102 8//102 123//102 
f 181//102 1//102 4//102 
f 4//102 182//102 183//102 
f 168//102 184//102 185//102 
f 166//102 144//102 129//102 
f 147//102 186//102 148//102 
f 128//102 169//102 121//102 
f 153//102 150//102 131//102 
f 155//102 187//102 188//102 
f 161//102 159//102 158//102 
f 162//102 189//102 190//102 
f 189//102 191//102 192//102 
f 193//102 194//102 195//102 
f 194//102 196//102 197//102 
f 174//102 198//102 172//102 
f 172//102 199//102 200//102 
f 175//102 201//102 176//102 
f 99//102 101//102 178//102 
f 97//102 202//102 179//102 
f 92//102 93//102 118//102 
f 143//102 164//102 78//102 
f 180//102 68//102 70//102 
f 64//102 66//102 180//102 
f 178//102 203//102 204//102 
f 205//102 178//102 1//102 
f 50//102 52//102 123//102 
f 30//102 32//102 123//102 
f 183//102 206//102 4//102 
f 207//102 208//102 209//102 
f 207//102 210//102 211//102 
f 168//102 212//102 184//102 
f 148//102 186//102 167//102 
f 171//102 213//102 131//102 
f 213//102 155//102 214//102 
f 157//102 187//102 155//102 
f 192//102 190//102 189//102 
f 191//102 193//102 215//102 
f 197//102 195//102 194//102 
f 198//102 216//102 217//102 
f 200//102 173//102 172//102 
f 178//102 109//102 111//102 
f 178//102 201//102 175//102 
f 179//102 95//102 97//102 
f 119//102 143//102 82//102 
f 72//102 74//102 180//102 
f 180//102 60//102 62//102 
f 178//102 218//102 219//102 
f 178//102 220//102 203//102 
f 178//102 221//102 222//102 
f 178//102 205//102 223//102 
f 178//102 2//102 1//102 
f 42//102 44//102 123//102 
f 4//102 123//102 182//102 
f 180//102 224//102 225//102 
f 211//102 208//102 207//102 
f 185//102 207//102 168//102 
f 170//102 122//102 121//102 
f 213//102 226//102 227//102 
f 155//102 228//102 214//102 
f 190//102 163//102 162//102 
f 195//102 215//102 193//102 
f 229//102 230//102 217//102 
f 174//102 216//102 198//102 
f 178//102 107//102 109//102 
f 178//102 103//102 105//102 
f 177//102 231//102 175//102 
f 99//102 175//102 202//102 
f 143//102 80//102 82//102 
f 66//102 68//102 180//102 
f 178//102 232//102 233//102 
f 178//102 234//102 218//102 
f 222//102 220//102 178//102 
f 1//102 181//102 205//102 
f 4//102 206//102 181//102 
f 235//102 123//102 56//102 
f 180//102 236//102 237//102 
f 180//102 238//102 239//102 
f 180//102 240//102 224//102 
f 180//102 241//102 242//102 
f 180//102 243//102 244//102 
f 185//102 210//102 207//102 
f 168//102 245//102 246//102 
f 168//102 167//102 247//102 
f 227//102 131//102 213//102 
f 214//102 248//102 213//102 
f 215//102 192//102 191//102 
f 196//102 249//102 250//102 
f 249//102 251//102 252//102 
f 253//102 254//102 252//102 
f 253//102 229//102 255//102 
f 217//102 230//102 198//102 
f 199//102 256//102 257//102 
f 105//102 107//102 178//102 
f 97//102 99//102 202//102 
f 140//102 180//102 138//102 
f 180//102 56//102 58//102 
f 233//102 207//102 178//102 
f 204//102 234//102 178//102 
f 54//102 56//102 123//102 
f 237//102 235//102 180//102 
f 225//102 238//102 180//102 
f 244//102 241//102 180//102 
f 155//102 213//102 258//102 
f 246//102 212//102 168//102 
f 165//102 136//102 129//102 
f 188//102 228//102 155//102 
f 252//102 250//102 249//102 
f 255//102 254//102 253//102 
f 257//102 200//102 199//102 
f 259//102 260//102 261//102 
f 259//102 262//102 263//102 
f 101//102 103//102 178//102 
f 58//102 60//102 180//102 
f 219//102 232//102 178//102 
f 56//102 180//102 235//102 
f 242//102 240//102 180//102 
f 258//102 180//102 155//102 
f 247//102 245//102 168//102 
f 213//102 264//102 265//102 
f 250//102 197//102 196//102 
f 217//102 255//102 229//102 
f 263//102 260//102 259//102 
f 262//102 266//102 267//102 
f 268//102 269//102 267//102 
f 268//102 270//102 271//102 
f 272//102 273//102 271//102 
f 272//102 274//102 275//102 
f 178//102 113//102 115//102 
f 93//102 95//102 179//102 
f 223//102 221//102 178//102 
f 258//102 243//102 180//102 
f 265//102 226//102 213//102 
f 252//102 251//102 253//102 
f 276//102 277//102 257//102 
f 276//102 278//102 279//102 
f 267//102 263//102 262//102 
f 271//102 269//102 268//102 
f 275//102 273//102 272//102 
f 274//102 207//102 280//102 
f 111//102 113//102 178//102 
f 239//102 236//102 180//102 
f 248//102 264//102 213//102 
f 279//102 277//102 276//102 
f 281//102 282//102 279//102 
f 281//102 283//102 261//102 
f 267//102 266//102 268//102 
f 280//102 275//102 274//102 
f 233//102 168//102 207//102 
f 257//102 256//102 276//102 
f 261//102 282//102 281//102 
f 271//102 270//102 272//102 
f 209//102 280//102 207//102 
f 261//102 283//102 259//102 
f 279//102 278//102 281//102 
f 115//102 2//102 178//102 
o mesh2
f 148//103 168//104 284//104 
f 145//105 148//103 285//106 
f 146//107 145//105 286//108 
f 166//109 146//107 287//110 
f 144//111 166//109 288//112 
f 132//113 144//111 289//114 
f 133//115 132//113 290//116 
f 165//117 133//115 291//118 
f 136//119 165//117 292//120 
f 137//121 136//119 293//122 
f 149//123 137//121 294//124 
f 134//125 149//123 295//126 
f 135//127 134//125 296//128 
f 130//129 135//127 297//130 
f 124//131 130//129 298//132 
f 125//133 124//131 299//134 
f 128//135 125//133 300//136 
f 169//137 128//135 301//138 
f 170//139 169//137 302//140 
f 122//141 170//139 303//142 
f 126//143 122//141 304//144 
f 154//145 126//143 305//146 
f 152//147 154//145 306//148 
f 153//149 152//147 307//150 
f 150//151 153//149 308//152 
f 151//153 150//151 309//154 
f 171//155 151//153 310//156 
f 213//157 171//155 311//158 
f 258//159 213//157 312//160 
f 243//161 258//159 313//162 
f 244//163 243//161 314//164 
f 241//165 244//163 315//166 
f 242//167 241//165 316//168 
f 240//169 242//167 317//170 
f 224//171 240//169 318//172 
f 225//173 224//171 319//174 
f 238//175 225//173 320//176 
f 239//177 238//175 321//178 
f 236//179 239//177 322//180 
f 237//181 236//179 323//182 
f 235//183 237//181 324//184 
f 123//185 235//183 325//186 
f 182//187 123//185 326//188 
f 327//187 328//189 183//190 
f 328//189 206//189 183//190 
f 181//191 206//189 328//189 
f 205//192 181//191 329//191 
f 223//193 205//192 330//192 
f 221//194 223//193 331//193 
f 222//195 221//194 332//194 
f 220//196 222//195 333//195 
f 203//197 220//196 334//196 
f 204//198 203//197 335//197 
f 234//199 204//198 336//198 
f 218//200 234//199 337//199 
f 219//201 218//200 338//200 
f 232//202 219//201 339//201 
f 233//203 232//202 340//202 
f 168//104 233//203 341//203 
f 341//203 284//104 168//104 
f 340//202 341//203 233//203 
f 339//201 340//202 232//202 
f 338//200 339//201 219//201 
f 337//199 338//200 218//200 
f 336//198 337//199 234//199 
f 335//197 336//198 204//198 
f 334//196 335//197 203//197 
f 333//195 334//196 220//196 
f 332//194 333//195 222//195 
f 331//193 332//194 221//194 
f 330//192 331//193 223//193 
f 329//191 330//192 205//192 
f 328//189 329//191 181//191 
f 183//190 182//187 327//187 
f 326//188 327//187 182//187 
f 325//186 326//188 123//185 
f 324//184 325//186 235//183 
f 323//182 324//184 237//181 
f 322//180 323//182 236//179 
f 321//178 322//180 239//177 
f 320//176 321//178 238//175 
f 319//174 320//176 225//173 
f 318//172 319//174 224//171 
f 317//170 318//172 240//169 
f 316//168 317//170 242//167 
f 315//166 316//168 241//165 
f 314//164 315//166 244//163 
f 313//162 314//164 243//161 
f 312//160 313//162 258//159 
f 311//158 312//160 213//157 
f 310//156 311//158 171//155 
f 309//154 310//156 151//153 
f 308//152 309//154 150//151 
f 307//150 308//152 153//149 
f 306//148 307//150 152//147 
f 305//146 306//148 154//145 
f 304//144 305//146 126//143 
f 303//142 304//144 122//141 
f 302//140 303//142 170//139 
f 301//138 302//140 169//137 
f 300//136 301//138 128//135 
f 299//134 300//136 125//133 
f 298//132 299//134 124//131 
f 297//130 298//132 130//129 
f 296//128 297//130 135//127 
f 295//126 296//128 134//125 
f 294//124 295//126 149//123 
f 293//122 294//124 137//121 
f 292//120 293//122 136//119 
f 291//118 292//120 165//117 
f 290//116 291//118 133//115 
f 289//114 290//116 132//113 
f 288//112 289//114 144//111 
f 287//110 288//112 166//109 
f 286//108 287//110 146//107 
f 285//106 286//108 145//105 
f 284//104 285//106 148//103 
o mesh3
f 177//204 176//205 342//205 
f 176//205 201//206 343//206 
f 201//206 178//207 344//207 
f 345//208 346//209 347//210 
f 345//208 348//211 349//212 
f 349//212 350//213 345//208 
f 351//214 350//213 352//213 
f 352//213 353//215 351//214 
f 354//216 351//214 355//217 
f 356//218 354//216 357//219 
f 177//204 358//220 359//221 
f 358//220 356//218 360//222 
f 360//222 359//221 358//220 
f 359//221 231//223 177//204 
f 357//219 360//222 356//218 
f 355//217 357//219 354//216 
f 353//215 355//217 351//214 
f 349//212 352//213 350//213 
f 347//210 348//211 345//208 
f 344//207 343//206 201//206 
f 343//206 342//205 176//205 
f 342//205 358//220 177//204 
o mesh4
f 361//224 344//224 178//224 
f 178//224 207//224 361//224 
o mesh5
f 362//225 363//226 346//226 
f 364//227 362//225 345//228 
f 365//229 364//227 350//230 
f 366//231 365//229 351//232 
f 367//233 366//231 354//234 
f 368//235 367//233 356//236 
f 369//237 368//235 358//238 
f 370//239 369//237 342//240 
f 371//241 370//239 343//242 
f 343//242 344//241 371//241 
f 342//240 343//242 370//239 
f 358//238 342//240 369//237 
f 356//236 358//238 368//235 
f 354//234 356//236 367//233 
f 351//232 354//234 366//231 
f 350//230 351//232 365//229 
f 345//228 350//230 364//227 
f 346//226 345//228 362//225 
o mesh6
f 274//243 372//243 373//244 
f 373//244 207//245 274//243 
f 274//243 272//246 374//247 
f 272//246 375//246 374//247 
f 272//246 270//248 376//249 
f 270//248 377//248 376//249 
f 270//248 268//250 378//251 
f 268//250 379//250 378//251 
f 268//250 266//252 380//253 
f 266//252 381//252 380//253 
f 262//254 382//254 383//255 
f 383//255 266//252 262//254 
f 262//254 259//256 384//257 
f 259//256 385//256 384//257 
f 259//256 283//258 386//259 
f 283//258 387//258 386//259 
f 283//258 281//260 388//261 
f 281//260 389//260 388//261 
f 281//260 278//262 390//263 
f 278//262 391//262 390//263 
f 276//264 392//264 393//265 
f 393//265 278//262 276//264 
f 276//264 256//266 394//267 
f 256//266 395//266 394//267 
f 199//268 396//268 397//269 
f 397//269 256//266 199//268 
f 199//268 172//270 398//271 
f 172//270 399//270 398//271 
f 172//270 198//272 400//273 
f 198//272 401//272 400//273 
f 230//274 402//274 403//275 
f 403//275 198//272 230//274 
f 230//274 229//276 404//277 
f 229//276 405//276 404//277 
f 253//278 406//278 407//279 
f 407//279 229//276 253//278 
f 251//280 408//280 409//281 
f 409//281 253//278 251//280 
f 249//282 410//282 411//283 
f 411//283 251//280 249//282 
f 196//284 412//284 413//285 
f 413//285 249//282 196//284 
f 194//286 414//286 415//287 
f 415//287 196//284 194//286 
f 193//288 416//288 417//289 
f 417//289 194//286 193//288 
f 191//290 418//290 419//291 
f 419//291 193//288 191//290 
f 189//292 420//292 421//293 
f 421//293 191//290 189//292 
f 162//294 422//294 423//295 
f 423//295 189//292 162//294 
f 162//294 160//296 424//297 
f 160//296 425//296 424//297 
f 158//298 426//298 427//299 
f 427//299 160//296 158//298 
f 155//300 428//300 429//301 
f 429//301 158//298 155//300 
f 429//301 426//298 158//298 
f 427//299 425//296 160//296 
f 424//297 422//294 162//294 
f 423//295 420//292 189//292 
f 421//293 418//290 191//290 
f 419//291 416//288 193//288 
f 417//289 414//286 194//286 
f 415//287 412//284 196//284 
f 413//285 410//282 249//282 
f 411//283 408//280 251//280 
f 409//281 406//278 253//278 
f 407//279 405//276 229//276 
f 404//277 402//274 230//274 
f 403//275 401//272 198//272 
f 400//273 399//270 172//270 
f 398//271 396//268 199//268 
f 397//269 395//266 256//266 
f 394//267 392//264 276//264 
f 393//265 391//262 278//262 
f 390//263 389//260 281//260 
f 388//261 387//258 283//258 
f 386//259 385//256 259//256 
f 384//257 382//254 262//254 
f 383//255 381//252 266//252 
f 380//253 379//250 268//250 
f 378//251 377//248 270//248 
f 376//249 375//246 272//246 
f 374//247 372//243 274//243 
f 373//244 361//302 207//245 
o mesh7
f 430//303 428//303 155//303 
f 155//303 180//303 430//303 
o mesh8
f 180//303 140//304 431//304 
f 140//304 139//305 432//305 
f 139//305 142//306 433//306 
f 433//306 434//307 435//308 
f 142//306 141//309 434//307 
f 434//307 433//306 142//306 
f 436//308 435//308 437//310 
f 438//310 437//310 439//311 
f 440//311 441//312 442//313 
f 440//311 439//311 441//312 
f 443//314 444//313 445//315 
f 444//313 442//313 445//315 
f 443//314 446//316 447//317 
f 447//317 448//318 443//314 
f 445//315 446//316 443//314 
f 442//313 444//313 440//311 
f 439//311 440//311 438//310 
f 437//310 438//310 436//308 
f 435//308 436//308 433//306 
f 433//306 432//305 139//305 
f 432//305 431//304 140//304 
f 431//304 430//319 180//303 
o mesh9
f 449//320 450//321 430//321 
f 451//322 449//320 431//323 
f 452//324 451//322 432//325 
f 453//326 452//324 433//327 
f 454//328 453//326 436//329 
f 455//330 454//328 438//331 
f 456//332 455//330 440//333 
f 457//334 456//332 444//335 
f 458//336 457//334 443//337 
f 443//337 448//336 458//336 
f 444//335 443//337 457//334 
f 440//333 444//335 456//332 
f 438//331 440//333 455//330 
f 436//329 438//331 454//328 
f 433//327 436//329 453//326 
f 432//325 433//327 452//324 
f 431//323 432//325 451//322 
f 430//321 431//323 449//320 
o mesh10
f 275//338 280//339 459//339 
f 273//340 275//338 460//341 
f 271//342 273//340 461//343 
f 269//344 271//342 462//345 
f 267//346 269//344 463//347 
f 263//348 267//346 464//349 
f 260//350 263//348 465//351 
f 261//352 260//350 466//353 
f 282//354 261//352 467//355 
f 279//356 282//354 468//357 
f 277//358 279//356 469//359 
f 257//360 277//358 470//361 
f 200//362 257//360 471//363 
f 173//364 200//362 472//365 
f 473//364 474//366 174//367 
f 474//366 216//366 174//367 
f 217//368 216//366 474//366 
f 255//369 217//368 475//368 
f 254//370 255//369 476//369 
f 252//371 254//370 477//370 
f 250//372 252//371 478//371 
f 197//373 250//372 479//372 
f 195//374 197//373 480//373 
f 215//375 195//374 481//374 
f 192//376 215//375 482//375 
f 190//377 192//376 483//376 
f 163//378 190//377 484//377 
f 161//379 163//378 485//378 
f 159//380 161//379 486//379 
f 156//381 159//380 487//380 
f 157//382 156//381 488//381 
f 187//383 157//382 489//382 
f 188//384 187//383 490//383 
f 228//385 188//384 491//384 
f 214//386 228//385 492//385 
f 248//387 214//386 493//386 
f 264//388 248//387 494//387 
f 265//389 264//388 495//388 
f 226//390 265//389 496//389 
f 227//391 226//390 497//390 
f 131//392 227//391 498//391 
f 127//393 131//392 499//392 
f 120//394 127//393 500//393 
f 121//395 120//394 501//394 
f 129//396 121//395 502//395 
f 147//397 129//396 503//396 
f 186//398 147//397 504//397 
f 167//399 186//398 505//398 
f 247//400 167//399 506//399 
f 245//401 247//400 507//400 
f 246//402 245//401 508//401 
f 212//403 246//402 509//402 
f 184//404 212//403 510//403 
f 185//405 184//404 511//404 
f 210//406 185//405 512//405 
f 211//407 210//406 513//406 
f 208//408 211//407 514//407 
f 209//409 208//408 515//408 
f 280//339 209//409 516//409 
f 516//409 459//339 280//339 
f 515//408 516//409 209//409 
f 514//407 515//408 208//408 
f 513//406 514//407 211//407 
f 512//405 513//406 210//406 
f 511//404 512//405 185//405 
f 510//403 511//404 184//404 
f 509//402 510//403 212//403 
f 508//401 509//402 246//402 
f 507//400 508//401 245//401 
f 506//399 507//400 247//400 
f 505//398 506//399 167//399 
f 504//397 505//398 186//398 
f 503//396 504//397 147//397 
f 502//395 503//396 129//396 
f 501//394 502//395 121//395 
f 500//393 501//394 120//394 
f 499//392 500//393 127//393 
f 498//391 499//392 131//392 
f 497//390 498//391 227//391 
f 496//389 497//390 226//390 
f 495//388 496//389 265//389 
f 494//387 495//388 264//388 
f 493//386 494//387 248//387 
f 492//385 493//386 214//386 
f 491//384 492//385 228//385 
f 490//383 491//384 188//384 
f 489//382 490//383 187//383 
f 488//381 489//382 157//382 
f 487//380 488//381 156//381 
f 486//379 487//380 159//380 
f 485//378 486//379 161//379 
f 484//377 485//378 163//378 
f 483//376 484//377 190//377 
f 482//375 483//376 192//376 
f 481//374 482//375 215//375 
f 480//373 481//374 195//374 
f 479//372 480//373 197//373 
f 478//371 479//372 250//372 
f 477//370 478//371 252//371 
f 476//369 477//370 254//370 
f 475//368 476//369 255//369 
f 474//366 475//368 217//368 
f 174//367 173//364 473//364 
f 472//365 473//364 173//364 
f 471//363 472//365 200//362 
f 470//361 471//363 257//360 
f 469//359 470//361 277//358 
f 468//357 469//359 279//356 
f 467//355 468//357 282//354 
f 466//353 467//355 261//352 
f 465//351 466//353 260//350 
f 464//349 465//351 263//348 
f 463//347 464//349 267//346 
f 462//345 463//347 269//344 
f 461//343 462//345 271//342 
f 460//341 461//343 273//340 
f 459//339 460//341 275//338 
o mesh11
f 517//410 518//410 460//410 
f 519//410 520//410 459//410 
f 459//410 520//410 517//410 
f 521//410 500//410 499//410 
f 522//410 502//410 501//410 
f 523//410 524//410 514//410 
f 524//410 525//410 515//410 
f 525//410 519//410 516//410 
f 460//410 459//410 517//410 
f 526//410 490//410 489//410 
f 499//410 527//410 521//410 
f 501//410 528//410 522//410 
f 529//410 530//410 503//410 
f 530//410 531//410 504//410 
f 532//410 533//410 506//410 
f 515//410 514//410 524//410 
f 459//410 516//410 519//410 
f 518//410 534//410 461//410 
f 534//410 535//410 462//410 
f 536//410 467//410 466//410 
f 537//410 538//410 473//410 
f 539//410 489//410 488//410 
f 489//410 539//410 526//410 
f 540//410 492//410 491//410 
f 541//410 493//410 492//410 
f 542//410 494//410 493//410 
f 543//410 544//410 495//410 
f 501//410 500//410 528//410 
f 502//410 522//410 529//410 
f 531//410 505//410 504//410 
f 505//410 531//410 532//410 
f 516//410 515//410 525//410 
f 462//410 461//410 534//410 
f 545//410 464//410 463//410 
f 546//410 465//410 464//410 
f 466//410 547//410 536//410 
f 538//410 474//410 473//410 
f 548//410 475//410 474//410 
f 549//410 550//410 476//410 
f 526//410 551//410 490//410 
f 491//410 551//410 540//410 
f 493//410 541//410 542//410 
f 494//410 542//410 543//410 
f 552//410 553//410 497//410 
f 553//410 527//410 498//410 
f 503//410 502//410 529//410 
f 506//410 505//410 532//410 
f 554//410 555//410 511//410 
f 555//410 556//410 512//410 
f 461//410 460//410 518//410 
f 463//410 535//410 545//410 
f 464//410 545//410 546//410 
f 536//410 557//410 467//410 
f 558//410 472//410 471//410 
f 474//410 538//410 548//410 
f 475//410 548//410 549//410 
f 559//410 481//410 480//410 
f 491//410 490//410 551//410 
f 495//410 494//410 543//410 
f 496//410 544//410 552//410 
f 527//410 499//410 498//410 
f 504//410 503//410 530//410 
f 533//410 560//410 507//410 
f 560//410 561//410 508//410 
f 512//410 511//410 555//410 
f 556//410 523//410 513//410 
f 463//410 462//410 535//410 
f 466//410 465//410 547//410 
f 471//410 562//410 558//410 
f 476//410 475//410 549//410 
f 550//410 563//410 477//410 
f 480//410 564//410 559//410 
f 492//410 540//410 541//410 
f 497//410 496//410 552//410 
f 521//410 528//410 500//410 
f 508//410 507//410 560//410 
f 561//410 565//410 509//410 
f 565//410 554//410 510//410 
f 513//410 512//410 556//410 
f 546//410 547//410 465//410 
f 562//410 471//410 470//410 
f 473//410 472//410 537//410 
f 563//410 478//410 477//410 
f 566//410 482//410 481//410 
f 567//410 483//410 482//410 
f 568//410 484//410 483//410 
f 569//410 485//410 484//410 
f 570//410 486//410 485//410 
f 571//410 487//410 486//410 
f 572//410 488//410 487//410 
f 496//410 495//410 544//410 
f 507//410 506//410 533//410 
f 510//410 509//410 565//410 
f 514//410 513//410 523//410 
f 470//410 573//410 562//410 
f 477//410 476//410 550//410 
f 574//410 479//410 478//410 
f 564//410 480//410 479//410 
f 482//410 566//410 567//410 
f 484//410 568//410 569//410 
f 486//410 570//410 571//410 
f 487//410 571//410 572//410 
f 498//410 497//410 553//410 
f 511//410 510//410 554//410 
f 557//410 575//410 468//410 
f 575//410 573//410 469//410 
f 558//410 537//410 472//410 
f 479//410 574//410 564//410 
f 483//410 567//410 568//410 
f 572//410 576//410 488//410 
f 509//410 508//410 561//410 
f 469//410 468//410 575//410 
f 478//410 563//410 574//410 
f 485//410 569//410 570//410 
f 468//410 467//410 557//410 
f 559//410 566//410 481//410 
f 470//410 469//410 573//410 
f 488//410 576//410 539//410 
o mesh12
f 577//411 520//411 519//412 
f 578//412 519//412 525//413 
f 579//413 525//413 524//414 
f 580//414 524//414 523//415 
f 581//415 523//415 556//416 
f 582//416 556//416 555//417 
f 583//417 555//417 554//418 
f 584//418 554//418 565//419 
f 585//419 565//419 561//420 
f 586//420 561//420 560//421 
f 587//421 560//421 533//422 
f 588//422 533//422 532//423 
f 589//423 532//423 531//424 
f 590//424 531//424 530//425 
f 591//425 530//425 529//426 
f 592//426 529//426 522//427 
f 593//427 522//427 528//428 
f 594//428 528//428 521//429 
f 595//429 521//429 527//430 
f 596//430 527//430 553//431 
f 597//431 553//431 552//432 
f 598//432 552//432 544//433 
f 599//433 544//433 543//434 
f 600//434 543//434 542//435 
f 601//435 542//435 541//436 
f 602//436 541//436 540//437 
f 603//437 540//437 551//438 
f 604//438 551//438 526//439 
f 605//439 526//439 539//440 
f 606//441 576//441 572//442 
f 607//443 539//440 576//441 
f 576//441 606//441 607//443 
f 608//442 572//442 571//444 
f 609//444 571//444 570//445 
f 610//445 570//445 569//446 
f 611//446 569//446 568//447 
f 612//447 568//447 567//448 
f 613//448 567//448 566//449 
f 614//449 566//449 559//450 
f 615//450 559//450 564//451 
f 616//451 564//451 574//452 
f 617//452 574//452 563//453 
f 618//453 563//453 550//454 
f 619//454 550//454 549//455 
f 620//455 549//455 548//456 
f 621//456 548//456 538//457 
f 622//457 538//457 537//458 
f 623//458 537//458 558//459 
f 624//459 558//459 562//460 
f 625//460 562//460 573//461 
f 626//461 573//461 575//462 
f 627//462 575//462 557//463 
f 628//463 557//463 536//464 
f 629//464 536//464 547//465 
f 630//465 547//465 546//466 
f 631//466 546//466 545//467 
f 632//467 545//467 535//468 
f 633//468 535//468 534//469 
f 634//469 534//469 518//470 
f 635//470 518//470 517//471 
f 636//471 517//471 520//411 
f 520//411 577//411 636//471 
f 517//471 636//471 635//470 
f 518//470 635//470 634//469 
f 534//469 634//469 633//468 
f 535//468 633//468 632//467 
f 545//467 632//467 631//466 
f 546//466 631//466 630//465 
f 547//465 630//465 629//464 
f 536//464 629//464 628//463 
f 557//463 628//463 627//462 
f 575//462 627//462 626//461 
f 573//461 626//461 625//460 
f 562//460 625//460 624//459 
f 558//459 624//459 623//458 
f 537//458 623//458 622//457 
f 538//457 622//457 621//456 
f 548//456 621//456 620//455 
f 549//455 620//455 619//454 
f 550//454 619//454 618//453 
f 563//453 618//453 617//452 
f 574//452 617//452 616//451 
f 564//451 616//451 615//450 
f 559//450 615//450 614//449 
f 566//449 614//449 613//448 
f 567//448 613//448 612//447 
f 568//447 612//447 611//446 
f 569//446 611//446 610//445 
f 570//445 610//445 609//444 
f 571//444 609//444 608//442 
f 572//442 608//442 606//441 
f 539//440 607//443 605//439 
f 526//439 605//439 604//438 
f 551//438 604//438 603//437 
f 540//437 603//437 602//436 
f 541//436 602//436 601//435 
f 542//435 601//435 600//434 
f 543//434 600//434 599//433 
f 544//433 599//433 598//432 
f 552//432 598//432 597//431 
f 553//431 597//431 596//430 
f 527//430 596//430 595//429 
f 521//429 595//429 594//428 
f 528//428 594//428 593//427 
f 522//427 593//427 592//426 
f 529//426 592//426 591//425 
f 530//425 591//425 590//424 
f 531//424 590//424 589//423 
f 532//423 589//423 588//422 
f 533//422 588//422 587//421 
f 560//421 587//421 586//420 
f 561//420 586//420 585//419 
f 565//419 585//419 584//418 
f 554//418 584//418 583//417 
f 555//417 583//417 582//416 
f 556//416 582//416 581//415 
f 523//415 581//415 580//414 
f 524//414 580//414 579//413 
f 525//413 579//413 578//412 
f 519//412 578//412 577//411 
o mesh13
f 622//472 623//473 399//474 
f 623//473 398//473 399//474 
f 623//473 624//475 396//476 
f 624//475 397//475 396//476 
f 624//475 625//477 395//478 
f 625//477 394//477 395//478 
f 625//477 626//479 392//480 
f 626//479 393//479 392//480 
f 626//479 627//481 391//482 
f 627//481 390//481 391//482 
f 627//481 628//483 389//484 
f 628//483 388//483 389//484 
f 629//485 386//485 387//486 
f 387//486 628//483 629//485 
f 630//487 384//487 385//488 
f 385//488 629//485 630//487 
f 631//489 383//489 382//490 
f 382//490 630//487 631//489 
f 632//491 380//491 381//492 
f 381//492 631//489 632//491 
f 633//493 378//493 379//494 
f 379//494 632//491 633//493 
f 634//495 376//495 377//496 
f 377//496 633//493 634//495 
f 634//495 635//497 375//498 
f 635//497 374//497 375//498 
f 636//499 373//499 372//500 
f 372//500 635//497 636//499 
f 608//501 609//502 426//503 
f 609//502 427//502 426//503 
f 609//502 610//504 425//505 
f 610//504 424//504 425//505 
f 610//504 611//506 422//507 
f 611//506 423//506 422//507 
f 611//506 612//508 420//509 
f 612//508 421//508 420//509 
f 612//508 613//510 418//511 
f 613//510 419//510 418//511 
f 613//510 614//512 416//513 
f 614//512 417//512 416//513 
f 614//512 615//514 414//515 
f 615//514 415//514 414//515 
f 615//514 616//516 412//517 
f 616//516 413//516 412//517 
f 616//516 617//518 410//519 
f 617//518 411//518 410//519 
f 617//518 618//520 408//521 
f 618//520 409//520 408//521 
f 618//520 619//522 406//523 
f 619//522 407//522 406//523 
f 619//522 620//524 405//525 
f 620//524 404//524 405//525 
f 620//524 621//526 402//527 
f 621//526 403//526 402//527 
f 621//526 622//472 401//528 
f 622//472 400//529 401//528 
f 606//530 637//530 638//531 
f 638//531 607//532 606//530 
f 606//530 608//501 637//530 
f 429//533 428//534 637//530 
f 637//530 608//501 429//533 
f 607//532 639//535 640//536 
f 640//536 605//537 607//532 
f 605//537 641//538 642//539 
f 642//539 604//540 605//537 
f 604//540 643//541 644//542 
f 644//542 603//543 604//540 
f 603//543 645//544 646//545 
f 646//545 602//546 603//543 
f 602//546 647//547 648//548 
f 648//548 601//549 602//546 
f 601//549 649//550 650//551 
f 650//551 600//552 601//549 
f 600//552 651//553 652//554 
f 652//554 599//555 600//552 
f 599//555 653//556 654//557 
f 654//557 598//558 599//555 
f 598//558 655//559 656//560 
f 656//560 597//561 598//558 
f 597//561 657//562 658//563 
f 658//563 596//564 597//561 
f 596//564 659//565 660//566 
f 660//566 595//567 596//564 
f 595//567 661//568 662//569 
f 662//569 594//570 595//567 
f 594//570 663//571 664//572 
f 664//572 593//573 594//570 
f 593//573 665//574 666//575 
f 666//575 592//576 593//573 
f 592//576 667//577 668//578 
f 668//578 591//579 592//576 
f 591//579 669//580 670//581 
f 670//581 590//582 591//579 
f 590//582 671//583 672//584 
f 672//584 589//585 590//582 
f 589//585 673//586 674//587 
f 674//587 588//588 589//585 
f 588//588 675//589 676//590 
f 676//590 587//591 588//588 
f 587//591 677//592 678//593 
f 678//593 586//594 587//591 
f 586//594 679//595 680//596 
f 680//596 585//597 586//594 
f 585//597 681//598 682//599 
f 682//599 584//600 585//597 
f 584//600 683//601 684//602 
f 684//602 583//603 584//600 
f 583//603 685//604 686//605 
f 686//605 582//606 583//603 
f 582//606 687//607 688//608 
f 688//608 581//609 582//606 
f 581//609 689//610 690//611 
f 690//611 580//612 581//609 
f 580//612 691//613 692//614 
f 692//614 579//615 580//612 
f 579//615 693//616 694//617 
f 694//617 578//618 579//615 
f 373//499 636//499 695//619 
f 577//619 578//618 696//620 
f 695//619 636//499 577//619 
f 696//620 695//619 577//619 
f 695//619 361//619 373//499 
f 694//617 696//620 578//618 
f 692//614 693//616 579//615 
f 690//611 691//613 580//612 
f 688//608 689//610 581//609 
f 686//605 687//607 582//606 
f 684//602 685//604 583//603 
f 682//599 683//601 584//600 
f 680//596 681//598 585//597 
f 678//593 679//595 586//594 
f 676//590 677//592 587//591 
f 674//587 675//589 588//588 
f 672//584 673//586 589//585 
f 670//581 671//583 590//582 
f 668//578 669//580 591//579 
f 666//575 667//577 592//576 
f 664//572 665//574 593//573 
f 662//569 663//571 594//570 
f 660//566 661//568 595//567 
f 658//563 659//565 596//564 
f 656//560 657//562 597//561 
f 654//557 655//559 598//558 
f 652//554 653//556 599//555 
f 650//551 651//553 600//552 
f 648//548 649//550 601//549 
f 646//545 647//547 602//546 
f 644//542 645//544 603//543 
f 642//539 643//541 604//540 
f 640//536 641//538 605//537 
f 638//531 639//535 607//532 
f 401//528 403//526 621//526 
f 402//527 404//524 620//524 
f 405//525 407//522 619//522 
f 406//523 409//520 618//520 
f 408//521 411//518 617//518 
f 410//519 413//516 616//516 
f 412//517 415//514 615//514 
f 414//515 417//512 614//512 
f 416//513 419//510 613//510 
f 418//511 421//508 612//508 
f 420//509 423//506 611//506 
f 422//507 424//504 610//504 
f 425//505 427//502 609//502 
f 426//503 429//533 608//501 
f 372//500 374//497 635//497 
f 375//498 376//495 634//495 
f 377//496 378//493 633//493 
f 379//494 380//491 632//491 
f 381//492 383//489 631//489 
f 382//490 384//487 630//487 
f 385//488 386//485 629//485 
f 387//486 388//483 628//483 
f 389//484 390//481 627//481 
f 391//482 393//479 626//479 
f 392//480 394//477 625//477 
f 395//478 397//475 624//475 
f 396//476 398//473 623//473 
f 399//474 400//529 622//472 
o mesh14
f 361//619 697//619 698//619 
f 698//619 699//619 361//619 
f 361//619 695//619 700//619 
f 361//619 701//619 702//619 
f 361//619 703//619 704//619 
f 361//619 705//619 706//619 
f 700//619 697//619 361//619 
f 344//619 361//619 707//619 
f 361//619 708//619 709//619 
f 361//619 710//619 711//619 
f 704//619 701//619 361//619 
f 361//619 712//619 713//619 
f 361//619 714//619 715//619 
f 361//619 716//619 705//619 
f 699//619 717//619 361//619 
f 709//619 707//619 361//619 
f 702//619 710//619 361//619 
f 715//619 712//619 361//619 
f 717//619 716//619 361//619 
f 711//619 708//619 361//619 
f 706//619 714//619 361//619 
f 713//619 703//619 361//619 
f 707//619 371//619 344//619 
o mesh15
f 718//621 371//621 719//621 
f 371//621 707//621 719//621 
f 719//621 720//621 718//621 
o mesh16
f 712//622 715//623 763//624 
f 700//625 721//626 722//627 
f 700//625 695//628 721//626 
f 702//629 701//630 764//631 
f 765//632 723//633 724//634 
f 724//634 766//635 765//632 
f 766//635 704//636 703//637 
f 703//637 765//632 766//635 
f 703//637 713//638 765//632 
f 763//624 725//639 726//640 
f 726//640 767//641 763//624 
f 713//638 712//622 767//641 
f 767//641 727//642 728//643 
f 728//643 765//632 767//641 
f 728//643 729//644 765//632 
f 701//630 704//636 766//635 
f 764//631 730//645 731//646 
f 766//635 732//647 730//645 
f 730//645 764//631 766//635 
f 768//648 769//649 708//650 
f 769//649 709//651 708//650 
f 768//648 711//652 710//653 
f 710//653 770//654 768//648 
f 764//631 733//655 734//656 
f 734//656 770//654 764//631 
f 764//631 735//657 733//655 
f 768//648 770//654 736//658 
f 736//658 737//659 768//648 
f 770//654 738//660 736//658 
f 707//661 709//651 769//649 
f 769//649 739//662 740//663 
f 768//648 741//664 742//665 
f 742//665 769//649 768//648 
f 742//665 739//662 769//649 
f 769//649 743//666 744//667 
f 744//667 719//668 769//649 
f 717//669 699//670 745//671 
f 699//670 746//672 747//673 
f 747//673 745//671 699//670 
f 698//674 748//675 749//676 
f 697//677 750//678 748//675 
f 748//675 698//674 697//677 
f 700//625 751//679 752//680 
f 752//680 697//677 700//625 
f 699//670 698//674 753//681 
f 753//681 754//682 699//670 
f 706//683 705//684 771//685 
f 716//686 755//687 771//685 
f 755//687 756//688 771//685 
f 771//685 705//684 716//686 
f 716//686 717//669 757//689 
f 757//689 755//687 716//686 
f 772//690 771//685 758//691 
f 771//685 759//692 758//691 
f 772//690 763//624 714//693 
f 763//624 715//623 714//693 
f 763//624 772//690 760//694 
f 772//690 761//695 760//694 
f 760//694 762//696 763//624 
f 762//696 725//639 763//624 
f 714//693 706//683 772//690 
f 758//691 761//695 772//690 
f 756//688 759//692 771//685 
f 771//685 772//690 706//683 
f 754//682 746//672 699//670 
f 752//680 750//678 697//677 
f 749//676 753//681 698//674 
f 745//671 757//689 717//669 
f 744//667 720//697 719//668 
f 740//663 743//666 769//649 
f 769//649 719//668 707//661 
f 737//659 741//664 768//648 
f 734//656 738//660 770//654 
f 710//653 702//629 770//654 
f 708//650 711//652 768//648 
f 731//646 735//657 764//631 
f 766//635 764//631 701//630 
f 729//644 723//633 765//632 
f 767//641 765//632 713//638 
f 726//640 727//642 767//641 
f 724//634 732//647 766//635 
f 764//631 770//654 702//629 
f 722//627 751//679 700//625 
f 763//624 767//641 712//622 
o mesh17
f 830//698 831//699 832//700 
f 831//699 833//701 834//702 
f 833//701 835//703 836//704 
f 835//703 837//705 838//706 
f 837//705 839//707 840//708 
f 839//707 841//709 842//710 
f 841//709 843//711 844//712 
f 843//711 845//713 846//714 
f 845//713 847//715 848//716 
f 847//715 849//717 850//718 
f 849//717 851//719 852//720 
f 851//719 853//721 854//722 
f 853//721 855//723 856//724 
f 855//723 857//725 858//726 
f 857//725 859//727 860//728 
f 859//727 861//729 862//730 
f 861//729 863//731 864//732 
f 863//731 865//733 866//734 
f 865//733 867//735 868//736 
f 867//735 869//737 870//738 
f 869//737 871//739 872//740 
f 871//739 873//741 874//742 
f 873//741 875//743 876//744 
f 875//743 877//745 878//746 
f 877//745 879//747 880//748 
f 879//747 881//749 882//750 
f 832//700 834//702 883//751 
f 834//702 836//704 884//752 
f 836//704 838//706 885//753 
f 838//706 840//708 886//754 
f 840//708 842//710 887//755 
f 842//710 844//712 888//756 
f 844//712 846//714 889//757 
f 846//714 848//716 890//758 
f 848//716 850//718 891//759 
f 850//718 852//720 892//760 
f 852//720 854//722 893//761 
f 854//722 856//724 894//762 
f 856//724 858//726 895//763 
f 858//726 860//728 896//764 
f 860//728 862//730 897//765 
f 862//730 864//732 898//766 
f 864//732 866//734 899//767 
f 866//734 868//736 900//768 
f 868//736 870//738 901//769 
f 870//738 872//740 902//770 
f 872//740 874//742 903//771 
f 874//742 876//744 904//772 
f 876//744 878//746 905//773 
f 878//746 880//748 906//774 
f 907//775 883//751 908//776 
f 883//751 884//752 909//777 
f 884//752 885//753 910//778 
f 885//753 886//754 911//779 
f 886//754 887//755 912//780 
f 887//755 888//756 913//781 
f 888//756 889//757 914//782 
f 889//757 890//758 915//783 
f 890//758 891//759 916//784 
f 891//759 892//760 917//785 
f 892//760 893//761 918//786 
f 893//761 894//762 919//787 
f 894//762 895//763 920//788 
f 895//763 896//764 921//789 
f 896//764 897//765 922//790 
f 897//765 898//766 923//791 
f 898//766 899//767 924//792 
f 899//767 900//768 925//793 
f 900//768 901//769 926//794 
f 901//769 902//770 927//795 
f 902//770 903//771 928//796 
f 903//771 904//772 929//797 
f 904//772 905//773 930//798 
f 905//773 906//774 773//799 
f 908//776 909//777 931//800 
f 909//777 910//778 932//801 
f 910//778 911//779 933//802 
f 911//779 912//780 934//803 
f 912//780 913//781 935//804 
f 913//781 914//782 936//805 
f 914//782 915//783 937//806 
f 915//783 916//784 938//807 
f 916//784 917//785 939//808 
f 917//785 918//786 940//809 
f 918//786 919//787 941//810 
f 919//787 920//788 942//811 
f 920//788 921//789 943//812 
f 921//789 922//790 944//813 
f 922//790 923//791 945//814 
f 923//791 924//792 946//815 
f 924//792 925//793 947//816 
f 925//793 926//794 948//817 
f 926//794 927//795 949//818 
f 927//795 928//796 950//819 
f 928//796 929//797 951//820 
f 929//797 930//798 952//821 
f 931//800 932//801 953//822 
f 932//801 933//802 954//823 
f 933//802 934//803 955//824 
f 934//803 935//804 956//825 
f 935//804 936//805 957//826 
f 936//805 937//806 958//827 
f 937//806 938//807 959//828 
f 938//807 939//808 960//829 
f 939//808 940//809 961//830 
f 940//809 941//810 962//831 
f 941//810 942//811 963//832 
f 942//811 943//812 964//833 
f 943//812 944//813 965//834 
f 944//813 945//814 966//835 
f 945//814 946//815 967//836 
f 946//815 947//816 968//837 
f 947//816 948//817 969//838 
f 948//817 949//818 970//839 
f 949//818 950//819 971//840 
f 950//819 951//820 972//841 
f 973//842 953//822 974//843 
f 953//822 954//823 975//844 
f 954//823 955//824 976//845 
f 955//824 956//825 977//846 
f 956//825 957//826 978//847 
f 957//826 958//827 979//848 
f 958//827 959//828 980//849 
f 959//828 960//829 981//850 
f 960//829 961//830 982//851 
f 961//830 962//831 983//852 
f 962//831 963//832 984//853 
f 963//832 964//833 985//854 
f 964//833 965//834 986//855 
f 965//834 966//835 987//856 
f 966//835 967//836 988//857 
f 967//836 968//837 989//858 
f 968//837 969//838 990//859 
f 969//838 970//839 991//860 
f 970//839 971//840 992//861 
f 971//840 972//841 774//862 
f 974//843 975//844 993//863 
f 975//844 976//845 994//864 
f 976//845 977//846 995//865 
f 977//846 978//847 996//866 
f 978//847 979//848 997//867 
f 979//848 980//849 998//868 
f 980//849 981//850 999//869 
f 981//850 982//851 1000//870 
f 982//851 983//852 1001//871 
f 983//852 984//853 1002//872 
f 984//853 985//854 1003//873 
f 985//854 986//855 1004//874 
f 986//855 987//856 1005//875 
f 987//856 988//857 1006//876 
f 988//857 989//858 1007//877 
f 989//858 990//859 1008//878 
f 990//859 991//860 1009//879 
f 991//860 992//861 1010//880 
f 1011//881 993//863 1012//882 
f 993//863 994//864 1013//883 
f 994//864 995//865 1014//884 
f 995//865 996//866 1015//885 
f 996//866 997//867 1016//886 
f 997//867 998//868 1017//887 
f 998//868 999//869 1018//888 
f 999//869 1000//870 1019//889 
f 1000//870 1001//871 1020//890 
f 1001//871 1002//872 1021//891 
f 1002//872 1003//873 1022//892 
f 1003//873 1004//874 1023//893 
f 1004//874 1005//875 1024//894 
f 1005//875 1006//876 1025//895 
f 1006//876 1007//877 1026//896 
f 1007//877 1008//878 1027//897 
f 1008//878 1009//879 1028//898 
f 1012//882 1013//883 1029//899 
f 1013//883 1014//884 1030//900 
f 1014//884 1015//885 1031//901 
f 1015//885 1016//886 1032//902 
f 1016//886 1017//887 1033//903 
f 1017//887 1018//888 1034//904 
f 1018//888 1019//889 1035//905 
f 1019//889 1020//890 1036//906 
f 1020//890 1021//891 1037//907 
f 1021//891 1022//892 1038//908 
f 1022//892 1023//893 1039//909 
f 1023//893 1024//894 1040//910 
f 1024//894 1025//895 1041//911 
f 1025//895 1026//896 1042//912 
f 1026//896 1027//897 1043//913 
f 1027//897 1028//898 1044//914 
f 1045//915 1029//899 1046//916 
f 1029//899 1030//900 1047//917 
f 1030//900 1031//901 1048//918 
f 1031//901 1032//902 1049//919 
f 1032//902 1033//903 1050//920 
f 1033//903 1034//904 1051//921 
f 1034//904 1035//905 1052//922 
f 1035//905 1036//906 1053//923 
f 1036//906 1037//907 1054//924 
f 1037//907 1038//908 1055//925 
f 1038//908 1039//909 1056//926 
f 1039//909 1040//910 1057//927 
f 1040//910 1041//911 1058//928 
f 1041//911 1042//912 1059//929 
f 1042//912 1043//913 1060//930 
f 1046//916 1047//917 1061//931 
f 1047//917 1048//918 1062//932 
f 1048//918 1049//919 1063//933 
f 1049//919 1050//920 1064//934 
f 1050//920 1051//921 1065//935 
f 1051//921 1052//922 1066//936 
f 1052//922 1053//923 1067//937 
f 1053//923 1054//924 1068//938 
f 1054//924 1055//925 1069//939 
f 1055//925 1056//926 1070//940 
f 1056//926 1057//927 1071//941 
f 1057//927 1058//928 1072//942 
f 1058//928 1059//929 1073//943 
f 1059//929 1060//930 1074//944 
f 1075//945 1061//931 1076//946 
f 1061//931 1062//932 1077//947 
f 1062//932 1063//933 1078//948 
f 1063//933 1064//934 1079//949 
f 1064//934 1065//935 1080//950 
f 1065//935 1066//936 1081//951 
f 1066//936 1067//937 1082//952 
f 1067//937 1068//938 1083//953 
f 1068//938 1069//939 1084//954 
f 1069//939 1070//940 1085//955 
f 1070//940 1071//941 1086//956 
f 1071//941 1072//942 1087//957 
f 1072//942 1073//943 1088//958 
f 1073//943 1074//944 1089//959 
f 1076//946 1077//947 1090//960 
f 1077//947 1078//948 1091//961 
f 1078//948 1079//949 1092//962 
f 1079//949 1080//950 1093//963 
f 1080//950 1081//951 1094//964 
f 1081//951 1082//952 1095//965 
f 1082//952 1083//953 1096//966 
f 1083//953 1084//954 1097//967 
f 1084//954 1085//955 1098//968 
f 1085//955 1086//956 1099//969 
f 1086//956 1087//957 1100//970 
f 1087//957 1088//958 1101//971 
f 1102//972 1090//960 1103//973 
f 1090//960 1091//961 1104//974 
f 1091//961 1092//962 1105//975 
f 1092//962 1093//963 1106//976 
f 1093//963 1094//964 1107//977 
f 1094//964 1095//965 1108//978 
f 1095//965 1096//966 1109//979 
f 1096//966 1097//967 1110//980 
f 1097//967 1098//968 1111//981 
f 1098//968 1099//969 1112//982 
f 1099//969 1100//970 1113//983 
f 1100//970 1101//971 1114//984 
f 1115//985 694//986 693//987 
f 693//987 830//698 1115//985 
f 830//698 692//988 691//989 
f 691//989 831//699 830//698 
f 831//699 690//990 689//991 
f 689//991 833//701 831//699 
f 833//701 688//992 687//993 
f 687//993 835//703 833//701 
f 835//703 686//994 685//995 
f 685//995 837//705 835//703 
f 837//705 684//996 683//997 
f 683//997 839//707 837//705 
f 839//707 682//998 681//999 
f 681//999 841//709 839//707 
f 841//709 680//1000 679//1001 
f 679//1001 843//711 841//709 
f 843//711 678//1002 677//1003 
f 677//1003 845//713 843//711 
f 845//713 676//1004 675//1005 
f 675//1005 847//715 845//713 
f 847//715 674//1006 673//1007 
f 673//1007 849//717 847//715 
f 849//717 672//1008 671//1009 
f 671//1009 851//719 849//717 
f 851//719 670//1010 669//1011 
f 669//1011 853//721 851//719 
f 853//721 668//1012 667//1013 
f 667//1013 855//723 853//721 
f 855//723 666//1014 665//1015 
f 665//1015 857//725 855//723 
f 857//725 664//1016 663//1017 
f 663//1017 859//727 857//725 
f 859//727 662//1018 661//1019 
f 661//1019 861//729 859//727 
f 861//729 660//1020 659//1021 
f 659//1021 863//731 861//729 
f 863//731 658//1022 657//1023 
f 657//1023 865//733 863//731 
f 865//733 656//1024 655//1025 
f 655//1025 867//735 865//733 
f 867//735 654//1026 653//1027 
f 653//1027 869//737 867//735 
f 869//737 652//1028 651//1029 
f 651//1029 871//739 869//737 
f 871//739 650//1030 649//1031 
f 649//1031 873//741 871//739 
f 873//741 648//1032 647//1033 
f 647//1033 875//743 873//741 
f 875//743 646//1034 645//1035 
f 645//1035 877//745 875//743 
f 877//745 644//1036 643//1037 
f 643//1037 879//747 877//745 
f 879//747 642//1038 641//1039 
f 641//1039 881//749 879//747 
f 881//749 640//1040 639//1041 
f 639//1041 1116//1042 881//749 
f 638//1043 637//1044 775//1045 
f 881//749 776//1046 777//1047 
f 1116//1042 778//1048 776//1046 
f 776//1046 881//749 1116//1042 
f 882//750 777//1047 779//1049 
f 882//750 780//1050 781//1051 
f 781//1051 880//748 882//750 
f 906//774 781//1051 782//1052 
f 782//1052 783//1053 906//774 
f 930//798 784//1054 785//1055 
f 930//798 786//1056 787//1057 
f 930//798 773//799 786//1056 
f 787//1057 784//1054 930//798 
f 951//820 788//1058 789//1059 
f 952//821 790//1060 788//1058 
f 788//1058 951//820 952//821 
f 972//841 789//1059 791//1061 
f 791//1061 792//1062 972//841 
f 992//861 793//1063 794//1064 
f 992//861 774//862 793//1063 
f 1010//880 794//1064 795//1065 
f 795//1065 796//1066 1010//880 
f 1009//879 1010//880 797//1067 
f 1010//880 798//1068 797//1067 
f 1028//898 799//1069 800//1070 
f 1028//898 797//1067 799//1069 
f 1044//914 801//1071 802//1072 
f 1044//914 800//1070 801//1071 
f 1043//913 1044//914 803//1073 
f 1044//914 804//1074 803//1073 
f 1060//930 805//1075 806//1076 
f 1060//930 803//1073 805//1075 
f 1074//944 807//1077 808//1078 
f 1074//944 809//1079 807//1077 
f 1074//944 806//1076 809//1079 
f 1089//959 808//1078 810//1080 
f 1088//958 811//1081 812//1082 
f 1088//958 1089//959 813//1083 
f 813//1083 811//1081 1088//958 
f 1101//971 814//1084 815//1085 
f 1101//971 812//1082 814//1084 
f 1114//984 815//1085 816//1086 
f 1113//983 1114//984 817//1086 
f 1112//982 1113//983 818//1086 
f 1111//981 1112//982 819//1086 
f 1110//980 1111//981 820//1086 
f 1109//979 1110//980 821//1086 
f 1108//978 1109//979 822//1086 
f 1107//977 1108//978 823//1086 
f 1106//976 1107//977 824//1086 
f 1105//975 1106//976 825//1086 
f 1104//974 1105//975 826//1086 
f 1103//973 1104//974 827//1086 
f 1117//1087 1103//973 828//1086 
f 1117//1087 829//1086 720//1086 
f 1102//972 1117//1087 744//1088 
f 744//1088 743//1089 1102//972 
f 1076//946 739//1090 742//1091 
f 1076//946 1102//972 740//1092 
f 740//1092 739//1090 1076//946 
f 1118//1093 742//1091 741//1094 
f 1075//945 1118//1093 737//1095 
f 737//1095 736//1096 1075//945 
f 736//1096 738//1097 1075//945 
f 1046//916 734//1098 733//1099 
f 1046//916 1075//945 734//1098 
f 1119//1100 733//1099 735//1101 
f 1045//915 1119//1100 731//1102 
f 731//1102 730//1103 1045//915 
f 730//1103 732//1104 1045//915 
f 1120//1105 1012//882 723//1106 
f 1012//882 1045//915 724//1107 
f 724//1107 723//1106 1012//882 
f 1011//881 1120//1105 728//1108 
f 728//1108 727//1109 1011//881 
f 974//843 725//1110 762//1111 
f 974//843 1011//881 726//1112 
f 726//1112 725//1110 974//843 
f 973//842 1121//1113 760//1114 
f 760//1114 761//1115 973//842 
f 931//800 973//842 758//1116 
f 758//1116 1122//1117 931//800 
f 758//1116 759//1118 1122//1117 
f 908//776 757//1119 745//1120 
f 745//1120 1123//1121 908//776 
f 908//776 1122//1117 755//1122 
f 755//1122 757//1119 908//776 
f 1123//1121 747//1123 746//1124 
f 907//775 1123//1121 754//1125 
f 754//1125 753//1126 907//775 
f 832//700 907//775 749//1127 
f 749//1127 1124//1128 832//700 
f 1124//1128 748//1129 750//1130 
f 830//698 752//1131 751//1132 
f 830//698 1124//1128 752//1131 
f 751//1132 1115//985 830//698 
f 696//1133 1115//985 721//1134 
f 721//1134 695//1135 696//1133 
f 696//1133 694//986 1115//985 
f 721//1134 1115//985 722//1136 
f 751//1132 722//1136 1115//985 
f 750//1130 752//1131 1124//1128 
f 749//1127 748//1129 1124//1128 
f 753//1126 749//1127 907//775 
f 746//1124 754//1125 1123//1121 
f 745//1120 747//1123 1123//1121 
f 755//1122 1122//1117 756//1137 
f 759//1118 756//1137 1122//1117 
f 761//1115 758//1116 973//842 
f 760//1114 1121//1113 762//1111 
f 762//1111 1121//1113 974//843 
f 727//1109 726//1112 1011//881 
f 728//1108 1120//1105 729//1138 
f 723//1106 729//1138 1120//1105 
f 732//1104 724//1107 1045//915 
f 735//1101 731//1102 1119//1100 
f 733//1099 1119//1100 1046//916 
f 738//1097 734//1098 1075//945 
f 741//1094 737//1095 1118//1093 
f 742//1091 1118//1093 1076//946 
f 743//1089 740//1092 1102//972 
f 720//1086 744//1088 1117//1087 
f 828//1086 829//1086 1117//1087 
f 827//1086 828//1086 1103//973 
f 826//1086 827//1086 1104//974 
f 825//1086 826//1086 1105//975 
f 824//1086 825//1086 1106//976 
f 823//1086 824//1086 1107//977 
f 822//1086 823//1086 1108//978 
f 821//1086 822//1086 1109//979 
f 820//1086 821//1086 1110//980 
f 819//1086 820//1086 1111//981 
f 818//1086 819//1086 1112//982 
f 817//1086 818//1086 1113//983 
f 816//1086 817//1086 1114//984 
f 815//1085 1114//984 1101//971 
f 812//1082 1101//971 1088//958 
f 810//1080 813//1083 1089//959 
f 808//1078 1089//959 1074//944 
f 806//1076 1074//944 1060//930 
f 803//1073 1060//930 1043//913 
f 802//1072 804//1074 1044//914 
f 800//1070 1044//914 1028//898 
f 797//1067 1028//898 1009//879 
f 796//1066 798//1068 1010//880 
f 794//1064 1010//880 992//861 
f 792//1062 774//862 972//841 
f 789//1059 972//841 951//820 
f 790//1060 952//821 785//1055 
f 785//1055 952//821 930//798 
f 783//1053 773//799 906//774 
f 781//1051 906//774 880//748 
f 779//1049 780//1050 882//750 
f 777//1047 882//750 881//749 
f 778//1048 1116//1042 775//1045 
f 775//1045 1116//1042 638//1043 
f 639//1041 638//1043 1116//1042 
f 641//1039 640//1040 881//749 
f 643//1037 642//1038 879//747 
f 645//1035 644//1036 877//745 
f 647//1033 646//1034 875//743 
f 649//1031 648//1032 873//741 
f 651//1029 650//1030 871//739 
f 653//1027 652//1028 869//737 
f 655//1025 654//1026 867//735 
f 657//1023 656//1024 865//733 
f 659//1021 658//1022 863//731 
f 661//1019 660//1020 861//729 
f 663//1017 662//1018 859//727 
f 665//1015 664//1016 857//725 
f 667//1013 666//1014 855//723 
f 669//1011 668//1012 853//721 
f 671//1009 670//1010 851//719 
f 673//1007 672//1008 849//717 
f 675//1005 674//1006 847//715 
f 677//1003 676//1004 845//713 
f 679//1001 678//1002 843//711 
f 681//999 680//1000 841//709 
f 683//997 682//998 839//707 
f 685//995 684//996 837//705 
f 687//993 686//994 835//703 
f 689//991 688//992 833//701 
f 691//989 690//990 831//699 
f 693//987 692//988 830//698 
f 1114//984 1113//983 1100//970 
f 1113//983 1112//982 1099//969 
f 1112//982 1111//981 1098//968 
f 1111//981 1110//980 1097//967 
f 1110//980 1109//979 1096//966 
f 1109//979 1108//978 1095//965 
f 1108//978 1107//977 1094//964 
f 1107//977 1106//976 1093//963 
f 1106//976 1105//975 1092//962 
f 1105//975 1104//974 1091//961 
f 1104//974 1103//973 1090//960 
f 1103//973 1117//1087 1102//972 
f 1101//971 1100//970 1087//957 
f 1100//970 1099//969 1086//956 
f 1099//969 1098//968 1085//955 
f 1098//968 1097//967 1084//954 
f 1097//967 1096//966 1083//953 
f 1096//966 1095//965 1082//952 
f 1095//965 1094//964 1081//951 
f 1094//964 1093//963 1080//950 
f 1093//963 1092//962 1079//949 
f 1092//962 1091//961 1078//948 
f 1091//961 1090//960 1077//947 
f 1090//960 1102//972 1076//946 
f 1089//959 1088//958 1073//943 
f 1088//958 1087//957 1072//942 
f 1087//957 1086//956 1071//941 
f 1086//956 1085//955 1070//940 
f 1085//955 1084//954 1069//939 
f 1084//954 1083//953 1068//938 
f 1083//953 1082//952 1067//937 
f 1082//952 1081//951 1066//936 
f 1081//951 1080//950 1065//935 
f 1080//950 1079//949 1064//934 
f 1079//949 1078//948 1063//933 
f 1078//948 1077//947 1062//932 
f 1077//947 1076//946 1061//931 
f 1076//946 1118//1093 1075//945 
f 1074//944 1073//943 1059//929 
f 1073//943 1072//942 1058//928 
f 1072//942 1071//941 1057//927 
f 1071//941 1070//940 1056//926 
f 1070//940 1069//939 1055//925 
f 1069//939 1068//938 1054//924 
f 1068//938 1067//937 1053//923 
f 1067//937 1066//936 1052//922 
f 1066//936 1065//935 1051//921 
f 1065//935 1064//934 1050//920 
f 1064//934 1063//933 1049//919 
f 1063//933 1062//932 1048//918 
f 1062//932 1061//931 1047//917 
f 1061//931 1075//945 1046//916 
f 1060//930 1059//929 1042//912 
f 1059//929 1058//928 1041//911 
f 1058//928 1057//927 1040//910 
f 1057//927 1056//926 1039//909 
f 1056//926 1055//925 1038//908 
f 1055//925 1054//924 1037//907 
f 1054//924 1053//923 1036//906 
f 1053//923 1052//922 1035//905 
f 1052//922 1051//921 1034//904 
f 1051//921 1050//920 1033//903 
f 1050//920 1049//919 1032//902 
f 1049//919 1048//918 1031//901 
f 1048//918 1047//917 1030//900 
f 1047//917 1046//916 1029//899 
f 1046//916 1119//1100 1045//915 
f 1044//914 1043//913 1027//897 
f 1043//913 1042//912 1026//896 
f 1042//912 1041//911 1025//895 
f 1041//911 1040//910 1024//894 
f 1040//910 1039//909 1023//893 
f 1039//909 1038//908 1022//892 
f 1038//908 1037//907 1021//891 
f 1037//907 1036//906 1020//890 
f 1036//906 1035//905 1019//889 
f 1035//905 1034//904 1018//888 
f 1034//904 1033//903 1017//887 
f 1033//903 1032//902 1016//886 
f 1032//902 1031//901 1015//885 
f 1031//901 1030//900 1014//884 
f 1030//900 1029//899 1013//883 
f 1029//899 1045//915 1012//882 
f 1028//898 1027//897 1008//878 
f 1027//897 1026//896 1007//877 
f 1026//896 1025//895 1006//876 
f 1025//895 1024//894 1005//875 
f 1024//894 1023//893 1004//874 
f 1023//893 1022//892 1003//873 
f 1022//892 1021//891 1002//872 
f 1021//891 1020//890 1001//871 
f 1020//890 1019//889 1000//870 
f 1019//889 1018//888 999//869 
f 1018//888 1017//887 998//868 
f 1017//887 1016//886 997//867 
f 1016//886 1015//885 996//866 
f 1015//885 1014//884 995//865 
f 1014//884 1013//883 994//864 
f 1013//883 1012//882 993//863 
f 1012//882 1120//1105 1011//881 
f 1010//880 1009//879 991//860 
f 1009//879 1008//878 990//859 
f 1008//878 1007//877 989//858 
f 1007//877 1006//876 988//857 
f 1006//876 1005//875 987//856 
f 1005//875 1004//874 986//855 
f 1004//874 1003//873 985//854 
f 1003//873 1002//872 984//853 
f 1002//872 1001//871 983//852 
f 1001//871 1000//870 982//851 
f 1000//870 999//869 981//850 
f 999//869 998//868 980//849 
f 998//868 997//867 979//848 
f 997//867 996//866 978//847 
f 996//866 995//865 977//846 
f 995//865 994//864 976//845 
f 994//864 993//863 975//844 
f 993//863 1011//881 974//843 
f 774//862 992//861 971//840 
f 992//861 991//860 970//839 
f 991//860 990//859 969//838 
f 990//859 989//858 968//837 
f 989//858 988//857 967//836 
f 988//857 987//856 966//835 
f 987//856 986//855 965//834 
f 986//855 985//854 964//833 
f 985//854 984//853 963//832 
f 984//853 983//852 962//831 
f 983//852 982//851 961//830 
f 982//851 981//850 960//829 
f 981//850 980//849 959//828 
f 980//849 979//848 958//827 
f 979//848 978//847 957//826 
f 978//847 977//846 956//825 
f 977//846 976//845 955//824 
f 976//845 975//844 954//823 
f 975//844 974//843 953//822 
f 974//843 1121//1113 973//842 
f 972//841 971//840 950//819 
f 971//840 970//839 949//818 
f 970//839 969//838 948//817 
f 969//838 968//837 947//816 
f 968//837 967//836 946//815 
f 967//836 966//835 945//814 
f 966//835 965//834 944//813 
f 965//834 964//833 943//812 
f 964//833 963//832 942//811 
f 963//832 962//831 941//810 
f 962//831 961//830 940//809 
f 961//830 960//829 939//808 
f 960//829 959//828 938//807 
f 959//828 958//827 937//806 
f 958//827 957//826 936//805 
f 957//826 956//825 935//804 
f 956//825 955//824 934//803 
f 955//824 954//823 933//802 
f 954//823 953//822 932//801 
f 953//822 973//842 931//800 
f 952//821 951//820 929//797 
f 951//820 950//819 928//796 
f 950//819 949//818 927//795 
f 949//818 948//817 926//794 
f 948//817 947//816 925//793 
f 947//816 946//815 924//792 
f 946//815 945//814 923//791 
f 945//814 944//813 922//790 
f 944//813 943//812 921//789 
f 943//812 942//811 920//788 
f 942//811 941//810 919//787 
f 941//810 940//809 918//786 
f 940//809 939//808 917//785 
f 939//808 938//807 916//784 
f 938//807 937//806 915//783 
f 937//806 936//805 914//782 
f 936//805 935//804 913//781 
f 935//804 934//803 912//780 
f 934//803 933//802 911//779 
f 933//802 932//801 910//778 
f 932//801 931//800 909//777 
f 931//800 1122//1117 908//776 
f 773//799 930//798 905//773 
f 930//798 929//797 904//772 
f 929//797 928//796 903//771 
f 928//796 927//795 902//770 
f 927//795 926//794 901//769 
f 926//794 925//793 900//768 
f 925//793 924//792 899//767 
f 924//792 923//791 898//766 
f 923//791 922//790 897//765 
f 922//790 921//789 896//764 
f 921//789 920//788 895//763 
f 920//788 919//787 894//762 
f 919//787 918//786 893//761 
f 918//786 917//785 892//760 
f 917//785 916//784 891//759 
f 916//784 915//783 890//758 
f 915//783 914//782 889//757 
f 914//782 913//781 888//756 
f 913//781 912//780 887//755 
f 912//780 911//779 886//754 
f 911//779 910//778 885//753 
f 910//778 909//777 884//752 
f 909//777 908//776 883//751 
f 908//776 1123//1121 907//775 
f 906//774 905//773 878//746 
f 905//773 904//772 876//744 
f 904//772 903//771 874//742 
f 903//771 902//770 872//740 
f 902//770 901//769 870//738 
f 901//769 900//768 868//736 
f 900//768 899//767 866//734 
f 899//767 898//766 864//732 
f 898//766 897//765 862//730 
f 897//765 896//764 860//728 
f 896//764 895//763 858//726 
f 895//763 894//762 856//724 
f 894//762 893//761 854//722 
f 893//761 892//760 852//720 
f 892//760 891//759 850//718 
f 891//759 890//758 848//716 
f 890//758 889//757 846//714 
f 889//757 888//756 844//712 
f 888//756 887//755 842//710 
f 887//755 886//754 840//708 
f 886//754 885//753 838//706 
f 885//753 884//752 836//704 
f 884//752 883//751 834//702 
f 883//751 907//775 832//700 
f 882//750 880//748 879//747 
f 880//748 878//746 877//745 
f 878//746 876//744 875//743 
f 876//744 874//742 873//741 
f 874//742 872//740 871//739 
f 872//740 870//738 869//737 
f 870//738 868//736 867//735 
f 868//736 866//734 865//733 
f 866//734 864//732 863//731 
f 864//732 862//730 861//729 
f 862//730 860//728 859//727 
f 860//728 858//726 857//725 
f 858//726 856//724 855//723 
f 856//724 854//722 853//721 
f 854//722 852//720 851//719 
f 852//720 850//718 849//717 
f 850//718 848//716 847//715 
f 848//716 846//714 845//713 
f 846//714 844//712 843//711 
f 844//712 842//710 841//709 
f 842//710 840//708 839//707 
f 840//708 838//706 837//705 
f 838//706 836//704 835//703 
f 836//704 834//702 833//701 
f 834//702 832//700 831//699 
f 832//700 1124//1128 830//698 
o mesh18
f 428//1139 1125//1139 1126//1139 
f 428//1139 1127//1139 1128//1139 
f 428//1139 1129//1139 1130//1139 
f 428//1139 1131//1139 1125//1139 
f 428//1139 1132//1139 1133//1139 
f 1128//1139 1134//1139 428//1139 
f 428//1139 1135//1139 1129//1139 
f 428//1139 1136//1139 1137//1139 
f 428//1139 1138//1139 1139//1139 
f 1133//1139 1131//1139 428//1139 
f 428//1139 1140//1139 1141//1139 
f 1130//1139 1127//1139 428//1139 
f 1139//1139 1136//1139 428//1139 
f 1141//1139 1132//1139 428//1139 
f 428//1139 1142//1139 1143//1139 
f 1137//1139 1135//1139 428//1139 
f 1143//1139 1140//1139 428//1139 
f 428//1139 1144//1139 1145//1139 
f 430//1139 450//1139 1144//1139 
f 1126//1139 1138//1139 428//1139 
f 1144//1139 428//1139 430//1139 
f 1145//1139 1142//1139 428//1139 
f 1134//1139 637//1139 428//1139 
o mesh19
f 450//1140 1146//1140 1147//1140 
f 1146//1140 816//1140 1147//1140 
f 1147//1140 1144//1140 450//1140 
o mesh20
f 1148//1141 1149//1142 794//1143 
f 1149//1142 795//1144 794//1143 
f 1149//1142 796//1145 795//1144 
f 1134//1146 778//1147 775//1148 
f 1134//1146 776//1149 778//1147 
f 1150//1150 1151//1151 806//1152 
f 1151//1151 809//1153 806//1152 
f 1152//1154 1153//1155 1131//1156 
f 1153//1155 1125//1157 1131//1156 
f 1153//1155 1152//1154 800//1158 
f 1152//1154 801//1159 800//1158 
f 800//1158 799//1160 1153//1155 
f 1149//1142 1148//1141 1138//1161 
f 1148//1141 1139//1162 1138//1161 
f 1149//1142 1153//1155 798//1163 
f 1153//1155 799//1160 797//1164 
f 797//1164 798//1163 1153//1155 
f 1125//1157 1153//1155 1149//1142 
f 1150//1150 804//1165 802//1166 
f 1150//1150 803//1167 804//1165 
f 1150//1150 805//1168 803//1167 
f 802//1166 1152//1154 1150//1150 
f 1132//1169 1150//1150 1152//1154 
f 1154//1170 1155//1171 811//1172 
f 811//1172 813//1173 1154//1170 
f 1155//1171 814//1174 812//1175 
f 812//1175 811//1172 1155//1171 
f 1154//1170 808//1176 807//1177 
f 1154//1170 810//1178 808//1176 
f 807//1177 1151//1151 1154//1170 
f 1151//1151 1150//1150 1132//1169 
f 1151//1151 1141//1179 1140//1180 
f 1140//1180 1154//1170 1151//1151 
f 1155//1171 1147//1181 815//1182 
f 1147//1181 816//1183 815//1182 
f 1154//1170 1143//1184 1142//1185 
f 1142//1185 1155//1171 1154//1170 
f 1144//1186 1147//1181 1155//1171 
f 1130//1187 1129//1188 787//1189 
f 1129//1188 784//1190 787//1189 
f 1127//1191 781//1192 780//1193 
f 780//1193 1128//1194 1127//1191 
f 1127//1191 782//1195 781//1192 
f 1134//1146 1128//1194 777//1196 
f 1128//1194 779//1197 777//1196 
f 1127//1191 1130//1187 783//1198 
f 1130//1187 786//1199 773//1200 
f 773//1200 783//1198 1130//1187 
f 1156//1201 791//1202 789//1203 
f 789//1203 1157//1204 1156//1201 
f 1135//1205 790//1206 785//1207 
f 785//1207 1129//1188 1135//1205 
f 790//1206 1137//1208 1157//1204 
f 1157//1204 788//1209 790//1206 
f 1135//1205 1137//1208 790//1206 
f 1136//1210 1156//1201 1157//1204 
f 1156//1201 1148//1141 774//1211 
f 774//1211 792//1212 1156//1201 
f 1148//1141 793//1213 774//1211 
f 1139//1162 1148//1141 1156//1201 
f 1156//1201 1136//1210 1139//1162 
f 792//1212 791//1202 1156//1201 
f 1157//1204 1137//1208 1136//1210 
f 785//1207 784//1190 1129//1188 
f 789//1203 788//1209 1157//1204 
f 783//1198 782//1195 1127//1191 
f 777//1196 776//1149 1134//1146 
f 780//1193 779//1197 1128//1194 
f 787//1189 786//1199 1130//1187 
f 1155//1171 1145//1214 1144//1186 
f 1142//1185 1145//1214 1155//1171 
f 815//1182 814//1174 1155//1171 
f 1140//1180 1143//1184 1154//1170 
f 1132//1169 1141//1179 1151//1151 
f 807//1177 809//1153 1151//1151 
f 813//1173 810//1178 1154//1170 
f 1152//1154 1133//1215 1132//1169 
f 802//1166 801//1159 1152//1154 
f 1149//1142 1126//1216 1125//1157 
f 798//1163 796//1145 1149//1142 
f 1138//1161 1126//1216 1149//1142 
f 1131//1156 1133//1215 1152//1154 
f 806//1152 805//1168 1150//1150 
f 775//1148 637//1217 1134//1146 
f 794//1143 793//1213 1148//1141 
o mesh21
f 718//1218 1158//1219 370//1219 
f 1158//1219 1159//1220 369//1220 
f 1159//1220 1160//1221 368//1221 
f 1160//1221 1161//1222 367//1222 
f 1161//1222 1162//1223 366//1223 
f 1162//1223 1163//1224 365//1224 
f 1163//1224 1164//1225 364//1225 
f 1164//1225 1165//1226 362//1226 
f 1165//1226 1166//1227 363//1227 
f 363//1227 362//1226 1165//1226 
f 362//1226 364//1225 1164//1225 
f 364//1225 365//1224 1163//1224 
f 365//1224 366//1223 1162//1223 
f 366//1223 367//1222 1161//1222 
f 367//1222 368//1221 1160//1221 
f 368//1221 369//1220 1159//1220 
f 369//1220 370//1219 1158//1219 
f 370//1219 371//1228 718//1218 
o mesh22
f 363//1227 1166//1227 1167//1229 
f 1168//1229 1167//1229 1169//1230 
f 1170//1230 1169//1230 1171//1231 
f 1172//1231 1171//1231 1173//1232 
f 1174//1232 1173//1232 1175//1233 
f 1176//1233 1175//1233 1177//1234 
f 1178//1234 1177//1234 1179//1235 
f 1180//1235 1179//1235 1181//1236 
f 1182//1236 1181//1236 1183//1237 
f 1184//1237 1183//1237 1185//1238 
f 1186//1238 1185//1238 1187//1239 
f 1188//1239 1187//1239 1189//1240 
f 1190//1240 1189//1240 1191//1241 
f 1192//1241 1191//1241 1193//1242 
f 1194//1242 1193//1242 1195//1243 
f 1196//1243 1195//1243 1197//1244 
f 1198//1244 1197//1244 1199//1245 
f 1200//1245 1199//1245 1201//1246 
f 1201//1246 1202//1246 1200//1245 
f 1199//1245 1200//1245 1198//1244 
f 1197//1244 1198//1244 1196//1243 
f 1195//1243 1196//1243 1194//1242 
f 1193//1242 1194//1242 1192//1241 
f 1191//1241 1192//1241 1190//1240 
f 1189//1240 1190//1240 1188//1239 
f 1187//1239 1188//1239 1186//1238 
f 1185//1238 1186//1238 1184//1237 
f 1183//1237 1184//1237 1182//1236 
f 1181//1236 1182//1236 1180//1235 
f 1179//1235 1180//1235 1178//1234 
f 1177//1234 1178//1234 1176//1233 
f 1175//1233 1176//1233 1174//1232 
f 1173//1232 1174//1232 1172//1231 
f 1171//1231 1172//1231 1170//1230 
f 1169//1230 1170//1230 1168//1229 
f 1167//1229 1168//1229 363//1227 
o mesh23
f 1203//1247 1204//1248 457//1248 
f 1204//1248 1205//1249 456//1249 
f 1205//1249 1206//1250 455//1250 
f 1206//1250 1207//1251 454//1251 
f 1207//1251 1208//1252 453//1252 
f 1208//1252 1209//1253 452//1253 
f 1209//1253 1210//1254 451//1254 
f 1210//1254 1211//1255 449//1255 
f 1211//1255 1146//1256 450//1256 
f 450//1256 449//1255 1211//1255 
f 449//1255 451//1254 1210//1254 
f 451//1254 452//1253 1209//1253 
f 452//1253 453//1252 1208//1252 
f 453//1252 454//1251 1207//1251 
f 454//1251 455//1250 1206//1250 
f 455//1250 456//1249 1205//1249 
f 456//1249 457//1248 1204//1248 
f 457//1248 458//1257 1203//1247 
o mesh24
f 1212//1258 1213//1258 1214//1259 
f 1215//1259 1214//1259 1216//1260 
f 1217//1260 1216//1260 1218//1261 
f 1219//1261 1218//1261 1220//1262 
f 1221//1262 1220//1262 1222//1263 
f 1223//1263 1222//1263 1224//1264 
f 1225//1264 1224//1264 1226//1265 
f 1227//1265 1226//1265 1228//1266 
f 1229//1266 1228//1266 1230//1267 
f 1231//1267 1230//1267 1232//1268 
f 1233//1268 1232//1268 1234//1269 
f 1235//1269 1234//1269 1236//1270 
f 1237//1270 1236//1270 1238//1271 
f 1239//1271 1238//1271 1240//1272 
f 1241//1272 1240//1272 1242//1273 
f 1243//1273 1242//1273 1244//1274 
f 1245//1274 1244//1274 1246//1275 
f 1247//1275 1246//1275 1203//1276 
f 1203//1276 458//1276 1247//1275 
f 1246//1275 1247//1275 1245//1274 
f 1244//1274 1245//1274 1243//1273 
f 1242//1273 1243//1273 1241//1272 
f 1240//1272 1241//1272 1239//1271 
f 1238//1271 1239//1271 1237//1270 
f 1236//1270 1237//1270 1235//1269 
f 1234//1269 1235//1269 1233//1268 
f 1232//1268 1233//1268 1231//1267 
f 1230//1267 1231//1267 1229//1266 
f 1228//1266 1229//1266 1227//1265 
f 1226//1265 1227//1265 1225//1264 
f 1224//1264 1225//1264 1223//1263 
f 1222//1263 1223//1263 1221//1262 
f 1220//1262 1221//1262 1219//1261 
f 1218//1261 1219//1261 1217//1260 
f 1216//1260 1217//1260 1215//1259 
f 1214//1259 1215//1259 1212//1258 
o mesh25
f 1201//1277 1248//1278 1249//1278 
f 1248//1278 1250//1279 1251//1279 
f 1250//1279 1252//1280 1253//1280 
f 1252//1280 1254//1281 1255//1281 
f 1254//1281 1256//1282 1257//1282 
f 1256//1282 1258//1283 1259//1283 
f 1258//1283 1260//1284 1261//1284 
f 1260//1284 1262//1285 1263//1285 
f 1262//1285 1264//1286 1265//1286 
f 1265//1286 1263//1285 1262//1285 
f 1263//1285 1261//1284 1260//1284 
f 1261//1284 1259//1283 1258//1283 
f 1259//1283 1257//1282 1256//1282 
f 1257//1282 1255//1281 1254//1281 
f 1255//1281 1253//1280 1252//1280 
f 1253//1280 1251//1279 1250//1279 
f 1251//1279 1249//1278 1248//1278 
f 1249//1278 1202//1287 1201//1277 
o mesh26
f 1263//1288 1265//1289 1266//1289 
f 1261//1290 1263//1288 1267//1291 
f 1259//1292 1261//1290 1268//1293 
f 1257//1294 1259//1292 1269//1295 
f 1255//1296 1257//1294 1270//1297 
f 1253//1298 1255//1296 1271//1299 
f 1251//1300 1253//1298 1272//1301 
f 1249//1302 1251//1300 1273//1303 
f 1202//1304 1249//1302 1274//1305 
f 1274//1305 1275//1304 1202//1304 
f 1273//1303 1274//1305 1249//1302 
f 1272//1301 1273//1303 1251//1300 
f 1271//1299 1272//1301 1253//1298 
f 1270//1297 1271//1299 1255//1296 
f 1269//1295 1270//1297 1257//1294 
f 1268//1293 1269//1295 1259//1292 
f 1267//1291 1268//1293 1261//1290 
f 1266//1289 1267//1291 1263//1288 
o mesh27
f 1276//1306 1265//1306 1264//1306 
f 1264//1306 1277//1306 1276//1306 
o mesh28
f 1265//1307 1276//1307 1278//1307 
f 1278//1307 1266//1307 1265//1307 
o mesh29
f 1276//1306 1277//1306 1279//1308 
f 1280//1308 1279//1308 1281//1309 
f 1282//1309 1281//1309 1283//1310 
f 1284//1310 1283//1310 1285//1311 
f 1286//1311 1285//1311 1287//1312 
f 1288//1312 1287//1312 1289//1313 
f 1290//1313 1289//1313 1291//1314 
f 1292//1314 1291//1314 1293//1315 
f 1294//1315 1293//1315 1295//1316 
f 1296//1316 1295//1316 1297//1317 
f 1298//1317 1297//1317 1299//1318 
f 1300//1318 1299//1318 1301//1319 
f 1302//1319 1301//1319 1303//1320 
f 1303//1320 1304//1320 1302//1319 
f 1301//1319 1302//1319 1300//1318 
f 1299//1318 1300//1318 1298//1317 
f 1297//1317 1298//1317 1296//1316 
f 1295//1316 1296//1316 1294//1315 
f 1293//1315 1294//1315 1292//1314 
f 1291//1314 1292//1314 1290//1313 
f 1289//1313 1290//1313 1288//1312 
f 1287//1312 1288//1312 1286//1311 
f 1285//1311 1286//1311 1284//1310 
f 1283//1310 1284//1310 1282//1309 
f 1281//1309 1282//1309 1280//1308 
f 1279//1308 1280//1308 1276//1306 
o mesh30
f 1305//1321 1306//1322 1267//1322 
f 1306//1322 1307//1323 1268//1323 
f 1307//1323 1308//1324 1269//1324 
f 1269//1324 1309//1325 1310//1326 
f 1308//1324 1311//1327 1309//1325 
f 1309//1325 1269//1324 1308//1324 
f 1270//1326 1310//1326 1312//1328 
f 1271//1328 1312//1328 1313//1329 
f 1272//1329 1314//1330 1315//1331 
f 1272//1329 1313//1329 1314//1330 
f 1274//1332 1273//1331 1316//1333 
f 1273//1331 1315//1331 1316//1333 
f 1274//1332 1317//1334 1318//1335 
f 1318//1335 1275//1336 1274//1332 
f 1316//1333 1317//1334 1274//1332 
f 1315//1331 1273//1331 1272//1329 
f 1313//1329 1272//1329 1271//1328 
f 1312//1328 1271//1328 1270//1326 
f 1310//1326 1270//1326 1269//1324 
f 1269//1324 1268//1323 1307//1323 
f 1268//1323 1267//1322 1306//1322 
f 1267//1322 1266//1337 1305//1321 
o mesh31
f 1319//1337 1305//1337 1266//1337 
f 1266//1337 1278//1337 1319//1337 
o mesh32
f 1278//1338 1276//1338 1280//1339 
f 1320//1339 1280//1339 1282//1340 
f 1321//1340 1282//1340 1284//1341 
f 1322//1341 1284//1341 1286//1342 
f 1323//1342 1286//1342 1288//1343 
f 1324//1343 1288//1343 1290//1344 
f 1325//1344 1290//1344 1292//1345 
f 1326//1345 1292//1345 1294//1346 
f 1327//1346 1294//1346 1296//1347 
f 1328//1347 1296//1347 1298//1348 
f 1329//1348 1298//1348 1300//1349 
f 1330//1349 1300//1349 1302//1350 
f 1331//1350 1302//1350 1304//1351 
f 1304//1351 1332//1351 1331//1350 
f 1302//1350 1331//1350 1330//1349 
f 1300//1349 1330//1349 1329//1348 
f 1298//1348 1329//1348 1328//1347 
f 1296//1347 1328//1347 1327//1346 
f 1294//1346 1327//1346 1326//1345 
f 1292//1345 1326//1345 1325//1344 
f 1290//1344 1325//1344 1324//1343 
f 1288//1343 1324//1343 1323//1342 
f 1286//1342 1323//1342 1322//1341 
f 1284//1341 1322//1341 1321//1340 
f 1282//1340 1321//1340 1320//1339 
f 1280//1339 1320//1339 1278//1338 
o mesh33
f 1304//1352 1303//1352 1333//1353 
f 1334//1353 1333//1353 1335//1354 
f 1336//1354 1335//1354 1337//1355 
f 1338//1355 1337//1355 1339//1356 
f 1339//1356 1340//1356 1338//1355 
f 1337//1355 1338//1355 1336//1354 
f 1335//1354 1336//1354 1334//1353 
f 1333//1353 1334//1353 1304//1352 
o mesh34
f 1332//1357 1341//1357 1342//1358 
f 1331//1358 1342//1358 1343//1359 
f 1330//1359 1343//1359 1344//1360 
f 1329//1360 1344//1360 1345//1361 
f 1328//1361 1345//1361 1346//1362 
f 1327//1362 1346//1362 1347//1363 
f 1326//1363 1347//1363 1348//1364 
f 1325//1364 1348//1364 1349//1365 
f 1324//1365 1349//1365 1350//1366 
f 1323//1366 1350//1366 1351//1367 
f 1322//1367 1351//1367 1352//1368 
f 1321//1368 1352//1368 1353//1369 
f 1320//1369 1353//1369 1319//1370 
f 1319//1370 1278//1370 1320//1369 
f 1353//1369 1320//1369 1321//1368 
f 1352//1368 1321//1368 1322//1367 
f 1351//1367 1322//1367 1323//1366 
f 1350//1366 1323//1366 1324//1365 
f 1349//1365 1324//1365 1325//1364 
f 1348//1364 1325//1364 1326//1363 
f 1347//1363 1326//1363 1327//1362 
f 1346//1362 1327//1362 1328//1361 
f 1345//1361 1328//1361 1329//1360 
f 1344//1360 1329//1360 1330//1359 
f 1343//1359 1330//1359 1331//1358 
f 1342//1358 1331//1358 1332//1357 
o mesh35
f 1332//1371 1304//1371 1334//1372 
f 1354//1372 1334//1372 1336//1373 
f 1355//1373 1336//1373 1338//1374 
f 1356//1374 1338//1374 1340//1375 
f 1340//1375 1357//1375 1356//1374 
f 1338//1374 1356//1374 1355//1373 
f 1336//1373 1355//1373 1354//1372 
f 1334//1372 1354//1372 1332//1371 
o mesh36
f 1340//1376 1339//1376 1358//1377 
f 1359//1377 1358//1377 1360//1378 
f 1361//1378 1360//1378 1362//1379 
f 1363//1379 1362//1379 1364//1380 
f 1365//1380 1364//1380 1366//1381 
f 1367//1381 1366//1381 1368//1382 
f 1369//1382 1368//1382 1370//1383 
f 1371//1383 1370//1383 1372//1384 
f 1373//1384 1372//1384 1374//1385 
f 1375//1385 1374//1385 1376//1386 
f 1377//1386 1376//1386 1378//1387 
f 1379//1387 1378//1387 1380//1388 
f 1381//1388 1380//1388 1382//1389 
f 1382//1389 1383//1389 1381//1388 
f 1380//1388 1381//1388 1379//1387 
f 1378//1387 1379//1387 1377//1386 
f 1376//1386 1377//1386 1375//1385 
f 1374//1385 1375//1385 1373//1384 
f 1372//1384 1373//1384 1371//1383 
f 1370//1383 1371//1383 1369//1382 
f 1368//1382 1369//1382 1367//1381 
f 1366//1381 1367//1381 1365//1380 
f 1364//1380 1365//1380 1363//1379 
f 1362//1379 1363//1379 1361//1378 
f 1360//1378 1361//1378 1359//1377 
f 1358//1377 1359//1377 1340//1376 
o mesh37
f 1384//1389 1383//1389 1382//1389 
f 1382//1389 1385//1389 1384//1389 
o mesh38
f 1357//1390 1340//1390 1359//1391 
f 1386//1391 1359//1391 1361//1392 
f 1387//1392 1361//1392 1363//1393 
f 1388//1393 1363//1393 1365//1394 
f 1389//1394 1365//1394 1367//1395 
f 1390//1395 1367//1395 1369//1396 
f 1391//1396 1369//1396 1371//1397 
f 1392//1397 1371//1397 1373//1398 
f 1393//1398 1373//1398 1375//1399 
f 1394//1399 1375//1399 1377//1400 
f 1395//1400 1377//1400 1379//1401 
f 1396//1401 1379//1401 1381//1402 
f 1397//1402 1381//1402 1383//1403 
f 1383//1403 1398//1403 1397//1402 
f 1381//1402 1397//1402 1396//1401 
f 1379//1401 1396//1401 1395//1400 
f 1377//1400 1395//1400 1394//1399 
f 1375//1399 1394//1399 1393//1398 
f 1373//1398 1393//1398 1392//1397 
f 1371//1397 1392//1397 1391//1396 
f 1369//1396 1391//1396 1390//1395 
f 1367//1395 1390//1395 1389//1394 
f 1365//1394 1389//1394 1388//1393 
f 1363//1393 1388//1393 1387//1392 
f 1361//1392 1387//1392 1386//1391 
f 1359//1391 1386//1391 1357//1390 
o mesh39
f 1357//1404 1399//1404 1400//1405 
f 1356//1405 1400//1405 1401//1406 
f 1355//1406 1401//1406 1402//1407 
f 1354//1407 1402//1407 1341//1408 
f 1341//1408 1332//1408 1354//1407 
f 1402//1407 1354//1407 1355//1406 
f 1401//1406 1355//1406 1356//1405 
f 1400//1405 1356//1405 1357//1404 
o mesh40
f 1385//1409 1403//1410 1404//1410 
f 1403//1410 1405//1411 1406//1411 
f 1405//1411 1407//1412 1408//1412 
f 1407//1412 1409//1413 1410//1413 
f 1409//1413 1411//1414 1412//1414 
f 1411//1414 1413//1415 1414//1415 
f 1413//1415 1415//1416 1416//1416 
f 1415//1416 1417//1417 1418//1417 
f 1417//1417 1213//1418 1212//1418 
f 1212//1418 1418//1417 1417//1417 
f 1418//1417 1416//1416 1415//1416 
f 1416//1416 1414//1415 1413//1415 
f 1414//1415 1412//1414 1411//1414 
f 1412//1414 1410//1413 1409//1413 
f 1410//1413 1408//1412 1407//1412 
f 1408//1412 1406//1411 1405//1411 
f 1406//1411 1404//1410 1403//1410 
f 1404//1410 1384//1419 1385//1409 
o mesh41
f 1383//1420 1384//1420 1419//1420 
f 1419//1420 1398//1420 1383//1420 
o mesh42
f 1398//1421 1420//1421 1421//1422 
f 1397//1422 1421//1422 1422//1423 
f 1396//1423 1422//1423 1423//1424 
f 1395//1424 1423//1424 1424//1425 
f 1394//1425 1424//1425 1425//1426 
f 1393//1426 1425//1426 1426//1427 
f 1392//1427 1426//1427 1427//1428 
f 1391//1428 1427//1428 1428//1429 
f 1390//1429 1428//1429 1429//1430 
f 1389//1430 1429//1430 1430//1431 
f 1388//1431 1430//1431 1431//1432 
f 1387//1432 1431//1432 1432//1433 
f 1386//1433 1432//1433 1399//1434 
f 1399//1434 1357//1434 1386//1433 
f 1432//1433 1386//1433 1387//1432 
f 1431//1432 1387//1432 1388//1431 
f 1430//1431 1388//1431 1389//1430 
f 1429//1430 1389//1430 1390//1429 
f 1428//1429 1390//1429 1391//1428 
f 1427//1428 1391//1428 1392//1427 
f 1426//1427 1392//1427 1393//1426 
f 1425//1426 1393//1426 1394//1425 
f 1424//1425 1394//1425 1395//1424 
f 1423//1424 1395//1424 1396//1423 
f 1422//1423 1396//1423 1397//1422 
f 1421//1422 1397//1422 1398//1421 
o mesh43
f 1418//1435 1212//1436 1433//1436 
f 1416//1437 1418//1435 1434//1438 
f 1414//1439 1416//1437 1435//1440 
f 1412//1441 1414//1439 1436//1442 
f 1410//1443 1412//1441 1437//1444 
f 1408//1445 1410//1443 1438//1446 
f 1406//1447 1408//1445 1439//1448 
f 1404//1449 1406//1447 1440//1450 
f 1384//1451 1404//1449 1441//1452 
f 1441//1452 1419//1451 1384//1451 
f 1440//1450 1441//1452 1404//1449 
f 1439//1448 1440//1450 1406//1447 
f 1438//1446 1439//1448 1408//1445 
f 1437//1444 1438//1446 1410//1443 
f 1436//1442 1437//1444 1412//1441 
f 1435//1440 1436//1442 1414//1439 
f 1434//1438 1435//1440 1416//1437 
f 1433//1436 1434//1438 1418//1435 
o mesh44
f 1398//1453 1419//1453 1442//1453 
f 1442//1453 1420//1453 1398//1453 
o mesh45
f 1443//1454 1444//1455 1440//1455 
f 1444//1455 1445//1456 1441//1456 
f 1445//1456 1442//1457 1419//1457 
f 1434//1458 1433//1459 1446//1460 
f 1434//1458 1447//1461 1448//1462 
f 1448//1462 1435//1463 1434//1458 
f 1436//1464 1435//1463 1449//1463 
f 1449//1463 1450//1465 1436//1464 
f 1437//1466 1436//1464 1451//1467 
f 1438//1468 1437//1466 1452//1469 
f 1443//1454 1439//1470 1453//1471 
f 1439//1470 1438//1468 1454//1472 
f 1454//1472 1453//1471 1439//1470 
f 1453//1471 1455//1473 1443//1454 
f 1452//1469 1454//1472 1438//1468 
f 1451//1467 1452//1469 1437//1466 
f 1450//1465 1451//1467 1436//1464 
f 1448//1462 1449//1463 1435//1463 
f 1446//1460 1447//1461 1434//1458 
f 1419//1457 1441//1456 1445//1456 
f 1441//1456 1440//1455 1444//1455 
f 1440//1455 1439//1470 1443//1454 
o mesh46
f 1231//1474 1456//1474 1457//1475 
f 1229//1475 1457//1475 1458//1476 
f 1227//1476 1458//1476 1459//1477 
f 1225//1477 1459//1477 1460//1478 
f 1223//1478 1460//1478 1461//1479 
f 1221//1479 1461//1479 1462//1480 
f 1219//1480 1462//1480 1463//1481 
f 1217//1481 1463//1481 1464//1482 
f 1200//1483 1465//1483 1466//1484 
f 1198//1484 1466//1484 1467//1485 
f 1196//1485 1467//1485 1468//1486 
f 1194//1486 1468//1486 1469//1487 
f 1192//1487 1469//1487 1470//1488 
f 1190//1488 1470//1488 1471//1489 
f 1188//1489 1471//1489 1472//1490 
f 1186//1490 1472//1490 1473//1491 
f 1184//1491 1473//1491 1474//1492 
f 1182//1492 1474//1492 1475//1493 
f 1180//1493 1475//1493 1476//1494 
f 1178//1494 1476//1494 1477//1495 
f 1176//1495 1477//1495 1478//1496 
f 1174//1496 1478//1496 1479//1497 
f 1172//1497 1479//1497 1480//1498 
f 1170//1498 1480//1498 1481//1499 
f 1247//1500 1482//1500 1483//1501 
f 1245//1501 1483//1501 1484//1502 
f 1243//1502 1484//1502 1485//1503 
f 1241//1503 1485//1503 1486//1504 
f 1239//1504 1486//1504 1487//1505 
f 1237//1505 1487//1505 1488//1506 
f 1235//1506 1488//1506 1489//1507 
f 1233//1507 1489//1507 1456//1474 
f 1482//1500 446//1508 445//1509 
f 1482//1500 448//1510 447//1511 
f 447//1511 446//1508 1482//1500 
f 1247//1500 458//1510 448//1510 
f 448//1510 1482//1500 1247//1500 
f 1490//1512 435//1513 434//1514 
f 1490//1512 439//1515 437//1516 
f 1490//1512 441//1517 439//1515 
f 437//1516 435//1513 1490//1512 
f 1490//1512 445//1509 442//1518 
f 442//1518 441//1517 1490//1512 
f 1491//1519 434//1514 141//1520 
f 141//1520 1492//1521 1491//1519 
f 164//1522 1493//1522 1492//1521 
f 143//1523 1494//1523 1493//1522 
f 119//1524 1495//1524 1494//1523 
f 118//1525 1496//1525 1495//1524 
f 179//1526 1497//1526 1496//1525 
f 202//1527 1498//1527 1497//1526 
f 175//1528 1499//1528 1498//1527 
f 1499//1528 175//1528 231//1529 
f 231//1529 1500//1530 1499//1528 
f 1501//1531 353//1532 352//1533 
f 1501//1531 360//1534 357//1535 
f 357//1535 355//1536 1501//1531 
f 1501//1531 1500//1530 359//1537 
f 359//1537 360//1534 1501//1531 
f 355//1536 353//1532 1501//1531 
f 1168//1538 1481//1499 346//1539 
f 1481//1499 348//1540 347//1541 
f 1481//1499 1501//1531 349//1542 
f 349//1542 348//1540 1481//1499 
f 347//1541 346//1539 1481//1499 
f 1465//1483 1317//1543 1316//1544 
f 1465//1483 1275//1545 1318//1546 
f 1318//1546 1317//1543 1465//1483 
f 1200//1483 1202//1545 1275//1545 
f 1275//1545 1465//1483 1200//1483 
f 1502//1547 1310//1548 1309//1549 
f 1502//1547 1313//1550 1312//1551 
f 1502//1547 1314//1552 1313//1550 
f 1312//1551 1310//1548 1502//1547 
f 1502//1547 1316//1544 1315//1553 
f 1315//1553 1314//1552 1502//1547 
f 1503//1554 1309//1549 1311//1555 
f 1311//1555 1504//1556 1503//1554 
f 1505//1557 1506//1557 1504//1556 
f 1507//1558 1508//1558 1506//1557 
f 1509//1559 1510//1559 1508//1558 
f 1511//1560 1512//1560 1510//1559 
f 1513//1561 1514//1561 1512//1560 
f 1515//1562 1516//1562 1514//1561 
f 1517//1563 1518//1563 1516//1562 
f 1518//1563 1517//1563 1455//1564 
f 1455//1564 1519//1565 1518//1563 
f 1520//1566 1450//1567 1449//1568 
f 1520//1566 1454//1569 1452//1570 
f 1452//1570 1451//1571 1520//1566 
f 1520//1566 1519//1565 1453//1572 
f 1453//1572 1454//1569 1520//1566 
f 1451//1571 1450//1567 1520//1566 
f 1215//1573 1464//1482 1433//1574 
f 1464//1482 1447//1575 1446//1576 
f 1464//1482 1520//1566 1448//1577 
f 1448//1577 1447//1575 1464//1482 
f 1446//1576 1433//1574 1464//1482 
f 1433//1574 1212//1578 1215//1573 
f 1449//1568 1448//1577 1520//1566 
f 1455//1564 1453//1572 1519//1565 
f 1516//1562 1515//1562 1517//1563 
f 1514//1561 1513//1561 1515//1562 
f 1512//1560 1511//1560 1513//1561 
f 1510//1559 1509//1559 1511//1560 
f 1508//1558 1507//1558 1509//1559 
f 1506//1557 1505//1557 1507//1558 
f 1504//1556 1521//1579 1505//1557 
f 1311//1555 1521//1579 1504//1556 
f 1309//1549 1503//1554 1502//1547 
f 1316//1544 1502//1547 1465//1483 
f 346//1539 363//1580 1168//1538 
f 352//1533 349//1542 1501//1531 
f 231//1529 359//1537 1500//1530 
f 1498//1527 202//1527 175//1528 
f 1497//1526 179//1526 202//1527 
f 1496//1525 118//1525 179//1526 
f 1495//1524 119//1524 118//1525 
f 1494//1523 143//1523 119//1524 
f 1493//1522 164//1522 143//1523 
f 1492//1521 138//1581 164//1522 
f 141//1520 138//1581 1492//1521 
f 434//1514 1491//1519 1490//1512 
f 445//1509 1490//1512 1482//1500 
f 1456//1474 1231//1474 1233//1507 
f 1489//1507 1233//1507 1235//1506 
f 1488//1506 1235//1506 1237//1505 
f 1487//1505 1237//1505 1239//1504 
f 1486//1504 1239//1504 1241//1503 
f 1485//1503 1241//1503 1243//1502 
f 1484//1502 1243//1502 1245//1501 
f 1483//1501 1245//1501 1247//1500 
f 1481//1499 1168//1538 1170//1498 
f 1480//1498 1170//1498 1172//1497 
f 1479//1497 1172//1497 1174//1496 
f 1478//1496 1174//1496 1176//1495 
f 1477//1495 1176//1495 1178//1494 
f 1476//1494 1178//1494 1180//1493 
f 1475//1493 1180//1493 1182//1492 
f 1474//1492 1182//1492 1184//1491 
f 1473//1491 1184//1491 1186//1490 
f 1472//1490 1186//1490 1188//1489 
f 1471//1489 1188//1489 1190//1488 
f 1470//1488 1190//1488 1192//1487 
f 1469//1487 1192//1487 1194//1486 
f 1468//1486 1194//1486 1196//1485 
f 1467//1485 1196//1485 1198//1484 
f 1466//1484 1198//1484 1200//1483 
f 1464//1482 1215//1573 1217//1481 
f 1463//1481 1217//1481 1219//1480 
f 1462//1480 1219//1480 1221//1479 
f 1461//1479 1221//1479 1223//1478 
f 1460//1478 1223//1478 1225//1477 
f 1459//1477 1225//1477 1227//1476 
f 1458//1476 1227//1476 1229//1475 
f 1457//1475 1229//1475 1231//1474 
o mesh47
f 1522//1582 1421//1582 1420//1582 
f 1522//1582 1422//1582 1421//1582 
f 1442//1582 1517//1582 1523//1582 
f 1524//1582 1425//1582 1424//1582 
f 1522//1582 1423//1582 1422//1582 
f 1523//1582 1525//1582 1442//1582 
f 1524//1582 1426//1582 1425//1582 
f 1522//1582 1424//1582 1423//1582 
f 1442//1582 1526//1582 1527//1582 
f 1517//1582 1444//1582 1443//1582 
f 1442//1582 1445//1582 1517//1582 
f 1524//1582 1427//1582 1426//1582 
f 1420//1582 1528//1582 1529//1582 
f 1420//1582 1530//1582 1531//1582 
f 1442//1582 1532//1582 1526//1582 
f 1445//1582 1444//1582 1517//1582 
f 1305//1582 1533//1582 1534//1582 
f 1535//1582 1536//1582 1399//1582 
f 1524//1582 1430//1582 1429//1582 
f 1420//1582 1529//1582 1522//1582 
f 1420//1582 1537//1582 1530//1582 
f 1527//1582 1420//1582 1442//1582 
f 1443//1582 1455//1582 1517//1582 
f 1523//1582 1517//1582 1515//1582 
f 1521//1582 1306//1582 1305//1582 
f 1538//1582 1353//1582 1352//1582 
f 1538//1582 1539//1582 1319//1582 
f 1540//1582 1344//1582 1343//1582 
f 1540//1582 1346//1582 1345//1582 
f 1541//1582 1342//1582 1341//1582 
f 1399//1582 1536//1582 1542//1582 
f 1399//1582 1432//1582 1535//1582 
f 1429//1582 1428//1582 1524//1582 
f 1524//1582 1535//1582 1431//1582 
f 1420//1582 1543//1582 1528//1582 
f 1527//1582 1537//1582 1420//1582 
f 1442//1582 1544//1582 1545//1582 
f 1515//1582 1546//1582 1523//1582 
f 1546//1582 1515//1582 1513//1582 
f 1521//1582 1307//1582 1306//1582 
f 1521//1582 1311//1582 1308//1582 
f 1305//1582 1319//1582 1547//1582 
f 1319//1582 1353//1582 1538//1582 
f 1345//1582 1344//1582 1540//1582 
f 1541//1582 1343//1582 1342//1582 
f 1341//1582 1402//1582 1548//1582 
f 1432//1582 1431//1582 1535//1582 
f 1431//1582 1430//1582 1524//1582 
f 1531//1582 1543//1582 1420//1582 
f 1545//1582 1549//1582 1442//1582 
f 1513//1582 1550//1582 1546//1582 
f 1308//1582 1307//1582 1521//1582 
f 1547//1582 1551//1582 1305//1582 
f 1352//1582 1351//1582 1538//1582 
f 1540//1582 1538//1582 1350//1582 
f 1540//1582 1347//1582 1346//1582 
f 1548//1582 1552//1582 1341//1582 
f 1428//1582 1427//1582 1524//1582 
f 1549//1582 1532//1582 1442//1582 
f 1525//1582 1553//1582 1442//1582 
f 1509//1582 1554//1582 1555//1582 
f 1534//1582 1556//1582 1505//1582 
f 1305//1582 1557//1582 1533//1582 
f 1305//1582 1558//1582 1559//1582 
f 1319//1582 1560//1582 1547//1582 
f 1319//1582 1561//1582 1562//1582 
f 1351//1582 1350//1582 1538//1582 
f 1350//1582 1349//1582 1540//1582 
f 1341//1582 1552//1582 1541//1582 
f 1402//1582 1401//1582 1563//1582 
f 1401//1582 1564//1582 1565//1582 
f 1542//1582 1400//1582 1399//1582 
f 1553//1582 1544//1582 1442//1582 
f 1566//1582 1513//1582 1511//1582 
f 1555//1582 1511//1582 1509//1582 
f 1556//1582 1567//1582 1507//1582 
f 1534//1582 1521//1582 1305//1582 
f 1305//1582 1568//1582 1558//1582 
f 1551//1582 1569//1582 1305//1582 
f 1562//1582 1570//1582 1319//1582 
f 1539//1582 1571//1582 1319//1582 
f 1349//1582 1348//1582 1540//1582 
f 1402//1582 1572//1582 1548//1582 
f 1563//1582 1573//1582 1402//1582 
f 1401//1582 1574//1582 1564//1582 
f 1400//1582 1575//1582 1574//1582 
f 1424//1582 1522//1582 1524//1582 
f 1511//1582 1576//1582 1566//1582 
f 1555//1582 1577//1582 1511//1582 
f 1578//1582 1579//1582 1509//1582 
f 1505//1582 1521//1582 1534//1582 
f 1569//1582 1568//1582 1305//1582 
f 1571//1582 1561//1582 1319//1582 
f 1343//1582 1541//1582 1540//1582 
f 1565//1582 1563//1582 1401//1582 
f 1400//1582 1580//1582 1575//1582 
f 1566//1582 1550//1582 1513//1582 
f 1509//1582 1579//1582 1554//1582 
f 1507//1582 1567//1582 1578//1582 
f 1559//1582 1557//1582 1305//1582 
f 1348//1582 1347//1582 1540//1582 
f 1574//1582 1401//1582 1400//1582 
f 1577//1582 1576//1582 1511//1582 
f 1507//1582 1505//1582 1556//1582 
f 1573//1582 1572//1582 1402//1582 
f 1509//1582 1507//1582 1578//1582 
f 1542//1582 1580//1582 1400//1582 
f 1570//1582 1560//1582 1319//1582 
o mesh48
f 1547//1583 1560//1584 1581//1584 
f 1551//1585 1547//1583 1582//1586 
f 1569//1587 1551//1585 1583//1588 
f 1568//1589 1569//1587 1584//1590 
f 1558//1591 1568//1589 1585//1592 
f 1559//1593 1558//1591 1586//1594 
f 1557//1595 1559//1593 1587//1596 
f 1533//1597 1557//1595 1588//1598 
f 1534//1599 1533//1597 1589//1600 
f 1556//1601 1534//1599 1590//1602 
f 1567//1603 1556//1601 1591//1604 
f 1578//1605 1567//1603 1592//1606 
f 1579//1607 1578//1605 1593//1608 
f 1554//1609 1579//1607 1594//1610 
f 1595//1609 1596//1611 1555//1612 
f 1596//1611 1577//1611 1555//1612 
f 1576//1613 1577//1611 1596//1611 
f 1566//1614 1576//1613 1597//1613 
f 1550//1615 1566//1614 1598//1614 
f 1546//1616 1550//1615 1599//1615 
f 1523//1617 1546//1616 1600//1616 
f 1525//1618 1523//1617 1601//1617 
f 1553//1619 1525//1618 1602//1618 
f 1544//1620 1553//1619 1603//1619 
f 1545//1621 1544//1620 1604//1620 
f 1549//1622 1545//1621 1605//1621 
f 1532//1623 1549//1622 1606//1622 
f 1526//1624 1532//1623 1607//1623 
f 1527//1625 1526//1624 1608//1624 
f 1537//1626 1527//1625 1609//1625 
f 1530//1627 1537//1626 1610//1626 
f 1531//1628 1530//1627 1611//1627 
f 1543//1629 1531//1628 1612//1628 
f 1528//1630 1543//1629 1613//1629 
f 1529//1631 1528//1630 1614//1630 
f 1522//1632 1529//1631 1615//1631 
f 1524//1633 1522//1632 1616//1632 
f 1535//1634 1524//1633 1617//1633 
f 1536//1635 1535//1634 1618//1634 
f 1542//1636 1536//1635 1619//1635 
f 1580//1637 1542//1636 1620//1636 
f 1575//1638 1580//1637 1621//1637 
f 1574//1639 1575//1638 1622//1638 
f 1564//1640 1574//1639 1623//1639 
f 1565//1641 1564//1640 1624//1640 
f 1563//1642 1565//1641 1625//1641 
f 1573//1643 1563//1642 1626//1642 
f 1572//1644 1573//1643 1627//1643 
f 1548//1645 1572//1644 1628//1644 
f 1552//1646 1548//1645 1629//1645 
f 1541//1647 1552//1646 1630//1646 
f 1540//1648 1541//1647 1631//1647 
f 1538//1649 1540//1648 1632//1648 
f 1539//1650 1538//1649 1633//1649 
f 1571//1651 1539//1650 1634//1650 
f 1561//1652 1571//1651 1635//1651 
f 1562//1653 1561//1652 1636//1652 
f 1570//1654 1562//1653 1637//1653 
f 1560//1584 1570//1654 1638//1654 
f 1638//1654 1581//1584 1560//1584 
f 1637//1653 1638//1654 1570//1654 
f 1636//1652 1637//1653 1562//1653 
f 1635//1651 1636//1652 1561//1652 
f 1634//1650 1635//1651 1571//1651 
f 1633//1649 1634//1650 1539//1650 
f 1632//1648 1633//1649 1538//1649 
f 1631//1647 1632//1648 1540//1648 
f 1630//1646 1631//1647 1541//1647 
f 1629//1645 1630//1646 1552//1646 
f 1628//1644 1629//1645 1548//1645 
f 1627//1643 1628//1644 1572//1644 
f 1626//1642 1627//1643 1573//1643 
f 1625//1641 1626//1642 1563//1642 
f 1624//1640 1625//1641 1565//1641 
f 1623//1639 1624//1640 1564//1640 
f 1622//1638 1623//1639 1574//1639 
f 1621//1637 1622//1638 1575//1638 
f 1620//1636 1621//1637 1580//1637 
f 1619//1635 1620//1636 1542//1636 
f 1618//1634 1619//1635 1536//1635 
f 1617//1633 1618//1634 1535//1634 
f 1616//1632 1617//1633 1524//1633 
f 1615//1631 1616//1632 1522//1632 
f 1614//1630 1615//1631 1529//1631 
f 1613//1629 1614//1630 1528//1630 
f 1612//1628 1613//1629 1543//1629 
f 1611//1627 1612//1628 1531//1628 
f 1610//1626 1611//1627 1530//1627 
f 1609//1625 1610//1626 1537//1626 
f 1608//1624 1609//1625 1527//1625 
f 1607//1623 1608//1624 1526//1624 
f 1606//1622 1607//1623 1532//1623 
f 1605//1621 1606//1622 1549//1622 
f 1604//1620 1605//1621 1545//1621 
f 1603//1619 1604//1620 1544//1620 
f 1602//1618 1603//1619 1553//1619 
f 1601//1617 1602//1618 1525//1618 
f 1600//1616 1601//1617 1523//1617 
f 1599//1615 1600//1616 1546//1616 
f 1598//1614 1599//1615 1550//1615 
f 1597//1613 1598//1614 1566//1614 
f 1596//1611 1597//1613 1576//1613 
f 1555//1612 1554//1609 1595//1609 
f 1594//1610 1595//1609 1554//1609 
f 1593//1608 1594//1610 1579//1607 
f 1592//1606 1593//1608 1578//1605 
f 1591//1604 1592//1606 1567//1603 
f 1590//1602 1591//1604 1556//1601 
f 1589//1600 1590//1602 1534//1599 
f 1588//1598 1589//1600 1533//1597 
f 1587//1596 1588//1598 1557//1595 
f 1586//1594 1587//1596 1559//1593 
f 1585//1592 1586//1594 1558//1591 
f 1584//1590 1585//1592 1568//1589 
f 1583//1588 1584//1590 1569//1587 
f 1582//1586 1583//1588 1551//1585 
f 1581//1584 1582//1586 1547//1583 
o mesh49
f 31//1655 328//1655 327//1655 
f 327//1655 33//1655 31//1655 
f 329//1655 21//1655 19//1655 
f 329//1655 27//1655 25//1655 
f 31//1655 329//1655 328//1655 
f 3//1655 1639//1655 1640//1655 
f 329//1655 23//1655 21//1655 
f 329//1655 29//1655 27//1655 
f 327//1655 326//1655 33//1655 
f 87//1655 1641//1655 1642//1655 
f 3//1655 1643//1655 1639//1655 
f 3//1655 1644//1655 1645//1655 
f 1646//1655 3//1655 117//1655 
f 329//1655 17//1655 15//1655 
f 25//1655 23//1655 329//1655 
f 326//1655 35//1655 33//1655 
f 824//1655 286//1655 285//1655 
f 1642//1655 88//1655 87//1655 
f 3//1655 1647//1655 1643//1655 
f 1645//1655 1648//1655 3//1655 
f 117//1655 1649//1655 1646//1655 
f 15//1655 13//1655 329//1655 
f 31//1655 29//1655 329//1655 
f 326//1655 39//1655 37//1655 
f 326//1655 43//1655 41//1655 
f 285//1655 1650//1655 824//1655 
f 1642//1655 89//1655 88//1655 
f 1642//1655 96//1655 94//1655 
f 1648//1655 1647//1655 3//1655 
f 1646//1655 1651//1655 3//1655 
f 329//1655 7//1655 5//1655 
f 329//1655 11//1655 9//1655 
f 19//1655 17//1655 329//1655 
f 41//1655 39//1655 326//1655 
f 326//1655 47//1655 45//1655 
f 326//1655 51//1655 49//1655 
f 326//1655 59//1655 57//1655 
f 1590//1655 1258//1655 1256//1655 
f 1590//1655 1589//1655 1264//1655 
f 1650//1655 1254//1655 824//1655 
f 1652//1655 1207//1655 1206//1655 
f 1652//1655 69//1655 67//1655 
f 1652//1655 77//1655 75//1655 
f 1652//1655 83//1655 81//1655 
f 94//1655 89//1655 1642//1655 
f 85//1655 1652//1655 1653//1655 
f 1651//1655 1644//1655 3//1655 
f 5//1655 1654//1655 329//1655 
f 13//1655 11//1655 329//1655 
f 45//1655 43//1655 326//1655 
f 326//1655 53//1655 51//1655 
f 57//1655 55//1655 326//1655 
f 1590//1655 1260//1655 1258//1655 
f 1264//1655 1262//1655 1590//1655 
f 1592//1655 1591//1655 1254//1655 
f 1650//1655 1655//1655 1254//1655 
f 824//1655 291//1655 290//1655 
f 1652//1655 1208//1655 1207//1655 
f 1652//1655 1210//1655 1209//1655 
f 1652//1655 63//1655 1211//1655 
f 63//1655 61//1655 1146//1655 
f 1652//1655 71//1655 69//1655 
f 75//1655 73//1655 1652//1655 
f 81//1655 79//1655 1652//1655 
f 1653//1655 1641//1655 85//1655 
f 1214//1655 1220//1655 1218//1655 
f 1214//1655 1224//1655 1222//1655 
f 1252//1655 1183//1655 1181//1655 
f 1146//1655 317//1655 316//1655 
f 1146//1655 320//1655 319//1655 
f 329//1655 1654//1655 1656//1655 
f 5//1655 3//1655 1654//1655 
f 37//1655 35//1655 326//1655 
f 55//1655 53//1655 326//1655 
f 1650//1655 337//1655 336//1655 
f 1262//1655 1260//1655 1590//1655 
f 1254//1655 1657//1655 1658//1655 
f 285//1655 284//1655 1650//1655 
f 824//1655 292//1655 291//1655 
f 824//1655 295//1655 294//1655 
f 1652//1655 1204//1655 1203//1655 
f 1209//1655 1208//1655 1652//1655 
f 1146//1655 1211//1655 63//1655 
f 67//1655 65//1655 1652//1655 
f 79//1655 77//1655 1652//1655 
f 87//1655 85//1655 1641//1655 
f 1642//1655 116//1655 114//1655 
f 1649//1655 117//1655 116//1655 
f 1222//1655 1220//1655 1214//1655 
f 1214//1655 1228//1655 1226//1655 
f 1252//1655 1173//1655 1171//1655 
f 1252//1655 1177//1655 1175//1655 
f 1181//1655 1179//1655 1252//1655 
f 1633//1655 1279//1655 1277//1655 
f 1264//1655 1583//1655 1582//1655 
f 1146//1655 318//1655 317//1655 
f 1146//1655 321//1655 320//1655 
f 1146//1655 323//1655 322//1655 
f 1146//1655 325//1655 324//1655 
f 325//1655 1146//1655 59//1655 
f 1640//1655 1654//1655 3//1655 
f 49//1655 47//1655 326//1655 
f 1650//1655 334//1655 333//1655 
f 336//1655 335//1655 1650//1655 
f 1650//1655 340//1655 339//1655 
f 1256//1655 1254//1655 1590//1655 
f 1650//1655 284//1655 341//1655 
f 1655//1655 1657//1655 1254//1655 
f 824//1655 293//1655 292//1655 
f 824//1655 296//1655 295//1655 
f 824//1655 298//1655 297//1655 
f 823//1655 299//1655 298//1655 
f 1652//1655 1205//1655 1204//1655 
f 1211//1655 1210//1655 1652//1655 
f 73//1655 71//1655 1652//1655 
f 1642//1655 98//1655 96//1655 
f 1642//1655 102//1655 100//1655 
f 1642//1655 106//1655 104//1655 
f 1642//1655 110//1655 108//1655 
f 114//1655 112//1655 1642//1655 
f 116//1655 1659//1655 1660//1655 
f 1244//1655 1661//1655 1652//1655 
f 1244//1655 1242//1655 1662//1655 
f 1601//1655 1403//1655 1385//1655 
f 1226//1655 1224//1655 1214//1655 
f 1171//1655 1169//1655 1252//1655 
f 1179//1655 1177//1655 1252//1655 
f 1252//1655 1189//1655 1187//1655 
f 1631//1655 1630//1655 1303//1655 
f 1632//1655 1297//1655 1295//1655 
f 1633//1655 1281//1655 1279//1655 
f 1264//1655 1584//1655 1583//1655 
f 316//1655 315//1655 1146//1655 
f 322//1655 321//1655 1146//1655 
f 59//1655 326//1655 325//1655 
f 9//1655 7//1655 329//1655 
f 1650//1655 332//1655 331//1655 
f 335//1655 334//1655 1650//1655 
f 339//1655 338//1655 1650//1655 
f 1254//1655 1591//1655 1590//1655 
f 1254//1655 1658//1655 1592//1655 
f 824//1655 288//1655 287//1655 
f 294//1655 293//1655 824//1655 
f 298//1655 824//1655 823//1655 
f 1206//1655 1205//1655 1652//1655 
f 85//1655 83//1655 1652//1655 
f 104//1655 102//1655 1642//1655 
f 112//1655 110//1655 1642//1655 
f 116//1655 1663//1655 1659//1655 
f 1662//1655 1661//1655 1244//1655 
f 1242//1655 1240//1655 1664//1655 
f 1238//1655 1665//1655 1664//1655 
f 1238//1655 1236//1655 1666//1655 
f 1234//1655 1667//1655 1666//1655 
f 1234//1655 1232//1655 1668//1655 
f 1601//1655 1405//1655 1403//1655 
f 1601//1655 1228//1655 1413//1655 
f 1228//1655 1417//1655 1415//1655 
f 1218//1655 1216//1655 1214//1655 
f 1175//1655 1173//1655 1252//1655 
f 1187//1655 1185//1655 1252//1655 
f 1303//1655 1630//1655 1629//1655 
f 1303//1655 1301//1655 1631//1655 
f 1295//1655 1293//1655 1632//1655 
f 1632//1655 1631//1655 1299//1655 
f 1633//1655 1283//1655 1281//1655 
f 1277//1655 1638//1655 1637//1655 
f 1582//1655 1277//1655 1264//1655 
f 319//1655 318//1655 1146//1655 
f 1656//1655 1650//1655 329//1655 
f 331//1655 330//1655 1650//1655 
f 338//1655 337//1655 1650//1655 
f 341//1655 340//1655 1650//1655 
f 824//1655 289//1655 288//1655 
f 297//1655 296//1655 824//1655 
f 65//1655 63//1655 1652//1655 
f 108//1655 106//1655 1642//1655 
f 116//1655 1669//1655 1663//1655 
f 1664//1655 1662//1655 1242//1655 
f 1666//1655 1665//1655 1238//1655 
f 1668//1655 1667//1655 1234//1655 
f 1232//1655 1230//1655 1670//1655 
f 1601//1655 1407//1655 1405//1655 
f 1601//1655 1411//1655 1409//1655 
f 1415//1655 1413//1655 1228//1655 
f 1214//1655 1213//1655 1228//1655 
f 1185//1655 1183//1655 1252//1655 
f 1616//1655 1380//1655 1378//1655 
f 1616//1655 1615//1655 1382//1655 
f 1301//1655 1299//1655 1631//1655 
f 1299//1655 1297//1655 1632//1655 
f 1632//1655 1287//1655 1285//1655 
f 1633//1655 1285//1655 1283//1655 
f 1277//1655 1581//1655 1638//1655 
f 1264//1655 1585//1655 1584//1655 
f 1264//1655 1588//1655 1587//1655 
f 315//1655 314//1655 1146//1655 
f 330//1655 329//1655 1650//1655 
f 1589//1655 1588//1655 1264//1655 
f 290//1655 289//1655 824//1655 
f 100//1655 98//1655 1642//1655 
f 116//1655 1642//1655 1669//1655 
f 1664//1655 1240//1655 1238//1655 
f 1670//1655 1668//1655 1232//1655 
f 1409//1655 1407//1655 1601//1655 
f 1213//1655 1417//1655 1228//1655 
f 1169//1655 1167//1655 1252//1655 
f 1382//1655 1380//1655 1616//1655 
f 1293//1655 1291//1655 1632//1655 
f 1632//1655 1289//1655 1287//1655 
f 1277//1655 1635//1655 1634//1655 
f 1582//1655 1581//1655 1277//1655 
f 1587//1655 1586//1655 1264//1655 
f 324//1655 323//1655 1146//1655 
f 287//1655 286//1655 824//1655 
f 116//1655 1660//1655 1649//1655 
f 1666//1655 1236//1655 1234//1655 
f 1599//1655 1671//1655 1672//1655 
f 1599//1655 1673//1655 1674//1655 
f 1673//1655 1598//1655 1597//1655 
f 1597//1655 1675//1655 1676//1655 
f 1597//1655 1677//1655 1678//1655 
f 1597//1655 1679//1655 1680//1655 
f 1600//1655 1599//1655 1681//1655 
f 1413//1655 1411//1655 1601//1655 
f 1167//1655 1166//1655 1252//1655 
f 1378//1655 1376//1655 1616//1655 
f 1617//1655 1372//1655 1370//1655 
f 1617//1655 1616//1655 1374//1655 
f 1617//1655 1362//1655 1360//1655 
f 1618//1655 1358//1655 1339//1655 
f 1629//1655 1333//1655 1303//1655 
f 1632//1655 1291//1655 1289//1655 
f 1277//1655 1636//1655 1635//1655 
f 1586//1655 1585//1655 1264//1655 
f 333//1655 332//1655 1650//1655 
f 1652//1655 1246//1655 1244//1655 
f 1599//1655 1682//1655 1671//1655 
f 1674//1655 1683//1655 1599//1655 
f 1673//1655 1599//1655 1598//1655 
f 1597//1655 1684//1655 1685//1655 
f 1676//1655 1686//1655 1597//1655 
f 1680//1655 1677//1655 1597//1655 
f 1681//1655 1230//1655 1600//1655 
f 1600//1655 1230//1655 1228//1655 
f 1385//1655 1603//1655 1602//1655 
f 1385//1655 1382//1655 1609//1655 
f 1165//1655 1254//1655 1252//1655 
f 822//1655 304//1655 303//1655 
f 1376//1655 1374//1655 1616//1655 
f 1374//1655 1372//1655 1617//1655 
f 1617//1655 1364//1655 1362//1655 
f 1617//1655 1368//1655 1366//1655 
f 1618//1655 1360//1655 1358//1655 
f 1339//1655 1337//1655 1620//1655 
f 1285//1655 1633//1655 1632//1655 
f 1637//1655 1636//1655 1277//1655 
f 1203//1655 1246//1655 1652//1655 
f 1599//1655 1687//1655 1682//1655 
f 1599//1655 1688//1655 1689//1655 
f 1599//1655 1690//1655 1691//1655 
f 1597//1655 1692//1655 1673//1655 
f 1597//1655 1693//1655 1684//1655 
f 1678//1655 1675//1655 1597//1655 
f 1681//1655 1694//1655 1230//1655 
f 1385//1655 1602//1655 1601//1655 
f 1385//1655 1606//1655 1605//1655 
f 1609//1655 1608//1655 1385//1655 
f 1193//1655 1250//1655 1248//1655 
f 825//1655 1254//1655 1158//1655 
f 1254//1655 1160//1655 1159//1655 
f 1166//1655 1165//1655 1252//1655 
f 822//1655 305//1655 304//1655 
f 1382//1655 1613//1655 1612//1655 
f 1370//1655 1368//1655 1617//1655 
f 1366//1655 1364//1655 1617//1655 
f 1620//1655 1619//1655 1339//1655 
f 1337//1655 1335//1655 1623//1655 
f 1335//1655 1625//1655 1624//1655 
f 1277//1655 1634//1655 1633//1655 
f 1146//1655 61//1655 59//1655 
f 1594//1655 1658//1655 1679//1655 
f 1689//1655 1687//1655 1599//1655 
f 1599//1655 1695//1655 1690//1655 
f 1685//1655 1692//1655 1597//1655 
f 1686//1655 1696//1655 1597//1655 
f 1228//1655 1601//1655 1600//1655 
f 1385//1655 1607//1655 1606//1655 
f 1382//1655 1610//1655 1609//1655 
f 1197//1655 1248//1655 1201//1655 
f 1248//1655 1195//1655 1193//1655 
f 1189//1655 1252//1655 1250//1655 
f 1159//1655 1158//1655 1254//1655 
f 1254//1655 1163//1655 1162//1655 
f 1165//1655 1164//1655 1254//1655 
f 822//1655 306//1655 305//1655 
f 1612//1655 1611//1655 1382//1655 
f 1615//1655 1614//1655 1382//1655 
f 1339//1655 1619//1655 1618//1655 
f 1623//1655 1622//1655 1337//1655 
f 1335//1655 1626//1655 1625//1655 
f 1333//1655 1627//1655 1626//1655 
f 314//1655 313//1655 1146//1655 
f 1658//1655 1594//1655 1593//1655 
f 1679//1655 1596//1655 1595//1655 
f 1691//1655 1688//1655 1599//1655 
f 1696//1655 1693//1655 1597//1655 
f 1385//1655 1604//1655 1603//1655 
f 1608//1655 1607//1655 1385//1655 
f 1248//1655 1197//1655 1195//1655 
f 1250//1655 1191//1655 1189//1655 
f 1254//1655 1161//1655 1160//1655 
f 1164//1655 1163//1655 1254//1655 
f 1146//1655 313//1655 312//1655 
f 822//1655 300//1655 299//1655 
f 822//1655 307//1655 306//1655 
f 822//1655 309//1655 308//1655 
f 822//1655 312//1655 311//1655 
f 1614//1655 1613//1655 1382//1655 
f 1337//1655 1621//1655 1620//1655 
f 1624//1655 1623//1655 1335//1655 
f 1333//1655 1628//1655 1627//1655 
f 1593//1655 1592//1655 1658//1655 
f 1679//1655 1597//1655 1596//1655 
f 1683//1655 1695//1655 1599//1655 
f 1605//1655 1604//1655 1385//1655 
f 1250//1655 1193//1655 1191//1655 
f 1162//1655 1161//1655 1254//1655 
f 312//1655 821//1655 1146//1655 
f 822//1655 301//1655 300//1655 
f 308//1655 307//1655 822//1655 
f 311//1655 310//1655 822//1655 
f 1360//1655 1618//1655 1617//1655 
f 1626//1655 1335//1655 1333//1655 
f 1679//1655 1595//1655 1594//1655 
f 1694//1655 1670//1655 1230//1655 
f 1158//1655 826//1655 825//1655 
f 1146//1655 818//1655 817//1655 
f 312//1655 822//1655 821//1655 
f 822//1655 302//1655 301//1655 
f 310//1655 309//1655 822//1655 
f 1622//1655 1621//1655 1337//1655 
f 1672//1655 1681//1655 1599//1655 
f 1158//1655 827//1655 826//1655 
f 1146//1655 819//1655 818//1655 
f 821//1655 820//1655 1146//1655 
f 303//1655 302//1655 822//1655 
f 1629//1655 1628//1655 1333//1655 
f 1201//1655 1199//1655 1197//1655 
f 827//1655 1158//1655 718//1655 
f 820//1655 819//1655 1146//1655 
f 1611//1655 1610//1655 1382//1655 
f 718//1655 828//1655 827//1655 
f 718//1655 720//1655 829//1655 
f 299//1655 823//1655 822//1655 
f 829//1655 828//1655 718//1655 
f 825//1655 824//1655 1254//1655 
f 817//1655 816//1655 1146//1655 
o mesh50
f 1697//1656 1698//1657 1655//1657 
f 1699//1658 1697//1656 1650//1659 
f 1700//1660 1699//1658 1656//1661 
f 1701//1662 1700//1660 1654//1663 
f 1702//1664 1701//1662 1640//1665 
f 1703//1666 1702//1664 1639//1667 
f 1704//1668 1703//1666 1643//1669 
f 1705//1670 1704//1668 1647//1671 
f 1706//1672 1705//1670 1648//1673 
f 1707//1674 1706//1672 1645//1675 
f 1708//1676 1707//1674 1644//1677 
f 1709//1678 1708//1676 1651//1679 
f 1710//1680 1709//1678 1646//1681 
f 1711//1682 1710//1680 1649//1683 
f 1712//1684 1711//1682 1660//1685 
f 1713//1686 1712//1684 1659//1687 
f 1714//1688 1713//1686 1663//1689 
f 1715//1690 1714//1688 1669//1691 
f 1716//1692 1715//1690 1642//1693 
f 1717//1694 1716//1692 1641//1695 
f 1718//1696 1717//1694 1653//1697 
f 1719//1698 1718//1696 1652//1699 
f 1720//1700 1719//1698 1661//1701 
f 1721//1702 1720//1700 1662//1703 
f 1722//1704 1721//1702 1664//1705 
f 1723//1706 1722//1704 1665//1707 
f 1724//1708 1723//1706 1666//1709 
f 1725//1710 1724//1708 1667//1711 
f 1726//1712 1725//1710 1668//1713 
f 1727//1714 1726//1712 1670//1715 
f 1728//1716 1727//1714 1694//1717 
f 1729//1718 1728//1716 1681//1719 
f 1730//1720 1729//1718 1672//1721 
f 1731//1722 1730//1720 1671//1723 
f 1732//1724 1731//1722 1682//1725 
f 1733//1726 1732//1724 1687//1727 
f 1734//1728 1733//1726 1689//1729 
f 1735//1730 1734//1728 1688//1731 
f 1736//1732 1735//1730 1691//1733 
f 1737//1734 1736//1732 1690//1735 
f 1738//1736 1737//1734 1695//1737 
f 1739//1738 1738//1736 1683//1739 
f 1740//1740 1739//1738 1674//1741 
f 1741//1742 1740//1740 1673//1743 
f 1742//1744 1741//1742 1692//1745 
f 1743//1746 1742//1744 1685//1747 
f 1744//1748 1743//1746 1684//1749 
f 1745//1750 1744//1748 1693//1751 
f 1746//1752 1745//1750 1696//1753 
f 1747//1754 1746//1752 1686//1755 
f 1748//1756 1747//1754 1676//1757 
f 1749//1758 1748//1756 1675//1759 
f 1750//1760 1749//1758 1678//1761 
f 1751//1762 1750//1760 1677//1763 
f 1752//1764 1751//1762 1680//1765 
f 1753//1766 1752//1764 1679//1767 
f 1754//1768 1753//1766 1658//1769 
f 1698//1657 1754//1768 1657//1768 
f 1657//1768 1655//1657 1698//1657 
f 1658//1769 1657//1768 1754//1768 
f 1679//1767 1658//1769 1753//1766 
f 1680//1765 1679//1767 1752//1764 
f 1677//1763 1680//1765 1751//1762 
f 1678//1761 1677//1763 1750//1760 
f 1675//1759 1678//1761 1749//1758 
f 1676//1757 1675//1759 1748//1756 
f 1686//1755 1676//1757 1747//1754 
f 1696//1753 1686//1755 1746//1752 
f 1693//1751 1696//1753 1745//1750 
f 1684//1749 1693//1751 1744//1748 
f 1685//1747 1684//1749 1743//1746 
f 1692//1745 1685//1747 1742//1744 
f 1673//1743 1692//1745 1741//1742 
f 1674//1741 1673//1743 1740//1740 
f 1683//1739 1674//1741 1739//1738 
f 1695//1737 1683//1739 1738//1736 
f 1690//1735 1695//1737 1737//1734 
f 1691//1733 1690//1735 1736//1732 
f 1688//1731 1691//1733 1735//1730 
f 1689//1729 1688//1731 1734//1728 
f 1687//1727 1689//1729 1733//1726 
f 1682//1725 1687//1727 1732//1724 
f 1671//1723 1682//1725 1731//1722 
f 1672//1721 1671//1723 1730//1720 
f 1681//1719 1672//1721 1729//1718 
f 1694//1717 1681//1719 1728//1716 
f 1670//1715 1694//1717 1727//1714 
f 1668//1713 1670//1715 1726//1712 
f 1667//1711 1668//1713 1725//1710 
f 1666//1709 1667//1711 1724//1708 
f 1665//1707 1666//1709 1723//1706 
f 1664//1705 1665//1707 1722//1704 
f 1662//1703 1664//1705 1721//1702 
f 1661//1701 1662//1703 1720//1700 
f 1652//1699 1661//1701 1719//1698 
f 1653//1697 1652//1699 1718//1696 
f 1641//1695 1653//1697 1717//1694 
f 1642//1693 1641//1695 1716//1692 
f 1669//1691 1642//1693 1715//1690 
f 1663//1689 1669//1691 1714//1688 
f 1659//1687 1663//1689 1713//1686 
f 1660//1685 1659//1687 1712//1684 
f 1649//1683 1660//1685 1711//1682 
f 1646//1681 1649//1683 1710//1680 
f 1651//1679 1646//1681 1709//1678 
f 1644//1677 1651//1679 1708//1676 
f 1645//1675 1644//1677 1707//1674 
f 1648//1673 1645//1675 1706//1672 
f 1647//1671 1648//1673 1705//1670 
f 1643//1669 1647//1671 1704//1668 
f 1639//1667 1643//1669 1703//1666 
f 1640//1665 1639//1667 1702//1664 
f 1654//1663 1640//1665 1701//1662 
f 1656//1661 1654//1663 1700//1660 
f 1650//1659 1656//1661 1699//1658 
f 1655//1657 1650//1659 1697//1656 
o mesh51
f 1755//1770 1735//1770 1736//1770 
f 1756//1770 1734//1770 1735//1770 
f 1735//1770 1755//1770 1756//1770 
f 1757//1770 1733//1770 1734//1770 
f 1758//1770 1732//1770 1733//1770 
f 1758//1770 1759//1770 1731//1770 
f 1734//1770 1756//1770 1757//1770 
f 1731//1770 1732//1770 1758//1770 
f 1733//1770 1757//1770 1758//1770 
f 1759//1770 1760//1770 1730//1770 
f 1730//1770 1731//1770 1759//1770 
f 1761//1770 1729//1770 1730//1770 
f 1762//1770 1728//1770 1729//1770 
f 1762//1770 1763//1770 1727//1770 
f 1730//1770 1760//1770 1761//1770 
f 1727//1770 1728//1770 1762//1770 
f 1764//1770 1748//1770 1749//1770 
f 1764//1770 1765//1770 1747//1770 
f 1766//1770 1736//1770 1737//1770 
f 1729//1770 1761//1770 1762//1770 
f 1763//1770 1767//1770 1726//1770 
f 1767//1770 1768//1770 1725//1770 
f 1768//1770 1769//1770 1724//1770 
f 1769//1770 1770//1770 1723//1770 
f 1770//1770 1771//1770 1722//1770 
f 1771//1770 1772//1770 1721//1770 
f 1773//1770 1751//1770 1752//1770 
f 1773//1770 1774//1770 1750//1770 
f 1775//1770 1749//1770 1750//1770 
f 1747//1770 1748//1770 1764//1770 
f 1736//1770 1766//1770 1755//1770 
f 1725//1770 1726//1770 1767//1770 
f 1723//1770 1724//1770 1769//1770 
f 1721//1770 1722//1770 1771//1770 
f 1776//1770 1777//1770 1717//1770 
f 1777//1770 1778//1770 1716//1770 
f 1779//1770 1780//1770 1712//1770 
f 1780//1770 1781//1770 1711//1770 
f 1750//1770 1751//1770 1773//1770 
f 1749//1770 1775//1770 1764//1770 
f 1782//1770 1746//1770 1747//1770 
f 1782//1770 1783//1770 1745//1770 
f 1726//1770 1727//1770 1763//1770 
f 1722//1770 1723//1770 1770//1770 
f 1772//1770 1784//1770 1720//1770 
f 1784//1770 1785//1770 1719//1770 
f 1716//1770 1717//1770 1777//1770 
f 1778//1770 1786//1770 1715//1770 
f 1711//1770 1712//1770 1780//1770 
f 1781//1770 1787//1770 1710//1770 
f 1788//1770 1701//1770 1702//1770 
f 1789//1770 1700//1770 1701//1770 
f 1790//1770 1753//1770 1754//1770 
f 1790//1770 1791//1770 1752//1770 
f 1750//1770 1774//1770 1775//1770 
f 1745//1770 1746//1770 1782//1770 
f 1724//1770 1725//1770 1768//1770 
f 1719//1770 1720//1770 1784//1770 
f 1785//1770 1776//1770 1718//1770 
f 1715//1770 1716//1770 1778//1770 
f 1792//1770 1779//1770 1713//1770 
f 1710//1770 1711//1770 1781//1770 
f 1793//1770 1706//1770 1707//1770 
f 1794//1770 1705//1770 1706//1770 
f 1795//1770 1702//1770 1703//1770 
f 1701//1770 1788//1770 1789//1770 
f 1752//1770 1753//1770 1790//1770 
f 1747//1770 1765//1770 1782//1770 
f 1720//1770 1721//1770 1772//1770 
f 1717//1770 1718//1770 1776//1770 
f 1786//1770 1792//1770 1714//1770 
f 1712//1770 1713//1770 1779//1770 
f 1706//1770 1793//1770 1794//1770 
f 1794//1770 1796//1770 1704//1770 
f 1797//1770 1703//1770 1704//1770 
f 1702//1770 1795//1770 1788//1770 
f 1752//1770 1791//1770 1773//1770 
f 1798//1770 1744//1770 1745//1770 
f 1799//1770 1741//1770 1742//1770 
f 1800//1770 1740//1770 1741//1770 
f 1718//1770 1719//1770 1785//1770 
f 1713//1770 1714//1770 1792//1770 
f 1801//1770 1709//1770 1710//1770 
f 1801//1770 1802//1770 1708//1770 
f 1704//1770 1705//1770 1794//1770 
f 1703//1770 1797//1770 1795//1770 
f 1803//1770 1699//1770 1700//1770 
f 1803//1770 1804//1770 1697//1770 
f 1805//1770 1754//1770 1698//1770 
f 1745//1770 1783//1770 1798//1770 
f 1806//1770 1743//1770 1744//1770 
f 1806//1770 1807//1770 1742//1770 
f 1741//1770 1799//1770 1800//1770 
f 1800//1770 1808//1770 1739//1770 
f 1809//1770 1738//1770 1739//1770 
f 1809//1770 1810//1770 1737//1770 
f 1714//1770 1715//1770 1786//1770 
f 1708//1770 1709//1770 1801//1770 
f 1704//1770 1796//1770 1797//1770 
f 1697//1770 1699//1770 1803//1770 
f 1754//1770 1805//1770 1790//1770 
f 1742//1770 1743//1770 1806//1770 
f 1739//1770 1740//1770 1800//1770 
f 1737//1770 1738//1770 1809//1770 
f 1710//1770 1787//1770 1801//1770 
f 1802//1770 1811//1770 1707//1770 
f 1700//1770 1789//1770 1803//1770 
f 1812//1770 1698//1770 1697//1770 
f 1744//1770 1798//1770 1806//1770 
f 1739//1770 1808//1770 1809//1770 
f 1707//1770 1708//1770 1802//1770 
f 1697//1770 1804//1770 1812//1770 
f 1742//1770 1807//1770 1799//1770 
f 1707//1770 1811//1770 1793//1770 
f 1737//1770 1810//1770 1766//1770 
f 1698//1770 1812//1770 1805//1770 
o mesh52
f 1456//1771 1767//1771 1763//1772 
f 1457//1772 1763//1772 1762//1773 
f 1458//1773 1762//1773 1761//1774 
f 1459//1774 1761//1774 1760//1775 
f 1460//1775 1760//1775 1759//1776 
f 1461//1776 1759//1776 1758//1777 
f 1462//1777 1758//1777 1757//1778 
f 1463//1778 1757//1778 1756//1779 
f 1464//1779 1756//1779 1755//1780 
f 1520//1780 1755//1780 1766//1781 
f 1519//1781 1766//1781 1810//1782 
f 1518//1782 1810//1782 1809//1783 
f 1516//1783 1809//1783 1808//1784 
f 1514//1784 1808//1784 1800//1785 
f 1512//1785 1800//1785 1799//1786 
f 1510//1786 1799//1786 1807//1787 
f 1508//1787 1807//1787 1806//1788 
f 1506//1788 1806//1788 1798//1789 
f 1504//1789 1798//1789 1783//1790 
f 1503//1790 1783//1790 1782//1791 
f 1502//1791 1782//1791 1765//1792 
f 1465//1792 1765//1792 1764//1793 
f 1466//1793 1764//1793 1775//1794 
f 1467//1794 1775//1794 1774//1795 
f 1468//1795 1774//1795 1773//1796 
f 1469//1796 1773//1796 1791//1797 
f 1470//1797 1791//1797 1790//1798 
f 1471//1798 1790//1798 1805//1799 
f 1472//1799 1805//1799 1812//1800 
f 1473//1800 1812//1800 1804//1801 
f 1474//1801 1804//1801 1803//1802 
f 1475//1802 1803//1802 1789//1803 
f 1476//1803 1789//1803 1788//1804 
f 1477//1804 1788//1804 1795//1805 
f 1478//1805 1795//1805 1797//1806 
f 1479//1806 1797//1806 1796//1807 
f 1480//1807 1796//1807 1794//1808 
f 1481//1808 1794//1808 1793//1809 
f 1501//1809 1793//1809 1811//1810 
f 1500//1810 1811//1810 1802//1811 
f 1499//1811 1802//1811 1801//1812 
f 1498//1812 1801//1812 1787//1813 
f 1497//1813 1787//1813 1781//1814 
f 1496//1814 1781//1814 1780//1815 
f 1495//1815 1780//1815 1779//1816 
f 1494//1816 1779//1816 1792//1817 
f 1493//1817 1792//1817 1786//1818 
f 1492//1818 1786//1818 1778//1819 
f 1491//1819 1778//1819 1777//1820 
f 1490//1820 1777//1820 1776//1821 
f 1482//1821 1776//1821 1785//1822 
f 1483//1822 1785//1822 1784//1823 
f 1484//1823 1784//1823 1772//1824 
f 1485//1824 1772//1824 1771//1825 
f 1486//1825 1771//1825 1770//1826 
f 1487//1826 1770//1826 1769//1827 
f 1488//1827 1769//1827 1768//1828 
f 1489//1828 1768//1828 1767//1771 
f 1767//1771 1456//1771 1489//1828 
f 1768//1828 1489//1828 1488//1827 
f 1769//1827 1488//1827 1487//1826 
f 1770//1826 1487//1826 1486//1825 
f 1771//1825 1486//1825 1485//1824 
f 1772//1824 1485//1824 1484//1823 
f 1784//1823 1484//1823 1483//1822 
f 1785//1822 1483//1822 1482//1821 
f 1776//1821 1482//1821 1490//1820 
f 1777//1820 1490//1820 1491//1819 
f 1778//1819 1491//1819 1492//1818 
f 1786//1818 1492//1818 1493//1817 
f 1792//1817 1493//1817 1494//1816 
f 1779//1816 1494//1816 1495//1815 
f 1780//1815 1495//1815 1496//1814 
f 1781//1814 1496//1814 1497//1813 
f 1787//1813 1497//1813 1498//1812 
f 1801//1812 1498//1812 1499//1811 
f 1802//1811 1499//1811 1500//1810 
f 1811//1810 1500//1810 1501//1809 
f 1793//1809 1501//1809 1481//1808 
f 1794//1808 1481//1808 1480//1807 
f 1796//1807 1480//1807 1479//1806 
f 1797//1806 1479//1806 1478//1805 
f 1795//1805 1478//1805 1477//1804 
f 1788//1804 1477//1804 1476//1803 
f 1789//1803 1476//1803 1475//1802 
f 1803//1802 1475//1802 1474//1801 
f 1804//1801 1474//1801 1473//1800 
f 1812//1800 1473//1800 1472//1799 
f 1805//1799 1472//1799 1471//1798 
f 1790//1798 1471//1798 1470//1797 
f 1791//1797 1470//1797 1469//1796 
f 1773//1796 1469//1796 1468//1795 
f 1774//1795 1468//1795 1467//1794 
f 1775//1794 1467//1794 1466//1793 
f 1764//1793 1466//1793 1465//1792 
f 1765//1792 1465//1792 1502//1791 
f 1782//1791 1502//1791 1503//1790 
f 1783//1790 1503//1790 1504//1789 
f 1798//1789 1504//1789 1506//1788 
f 1806//1788 1506//1788 1508//1787 
f 1807//1787 1508//1787 1510//1786 
f 1799//1786 1510//1786 1512//1785 
f 1800//1785 1512//1785 1514//1784 
f 1808//1784 1514//1784 1516//1783 
f 1809//1783 1516//1783 1518//1782 
f 1810//1782 1518//1782 1519//1781 
f 1766//1781 1519//1781 1520//1780 
f 1755//1780 1520//1780 1464//1779 
f 1756//1779 1464//1779 1463//1778 
f 1757//1778 1463//1778 1462//1777 
f 1758//1777 1462//1777 1461//1776 
f 1759//1776 1461//1776 1460//1775 
f 1760//1775 1460//1775 1459//1774 
f 1761//1774 1459//1774 1458//1773 
f 1762//1773 1458//1773 1457//1772 
f 1763//1772 1457//1772 1456//1771 
