# OBJ generated by ONSHAPE BY PTC INC, 1.207 Units = meters
mtllib motor_mount - Part 1.mtl
g Part 1
v 0 -0.141367 -0.0411406 
v 0 -0.14123 -0.041148 
v -0.00635 -0.14123 -0.041148 
v 0 -0.141503 -0.0411183 
v -0.00635 -0.141367 -0.0411406 
v 0 -0.141636 -0.0410815 
v -0.00635 -0.141503 -0.0411183 
v 0 -0.141763 -0.0410306 
v -0.00635 -0.141636 -0.0410815 
v 0 -0.141885 -0.0409662 
v -0.00635 -0.141763 -0.0410306 
v 0 -0.141999 -0.040889 
v -0.00635 -0.141885 -0.0409662 
v 0 -0.142103 -0.0408 
v -0.00635 -0.141999 -0.040889 
v 0 -0.142198 -0.0407002 
v -0.00635 -0.142103 -0.0408 
v 0 -0.142281 -0.0405907 
v -0.00635 -0.142198 -0.0407002 
v 0 -0.142352 -0.0404729 
v -0.00635 -0.142281 -0.0405907 
v 0 -0.14241 -0.0403481 
v -0.00635 -0.142352 -0.0404729 
v 0 -0.142454 -0.0402178 
v -0.00635 -0.14241 -0.0403481 
v 0 -0.142483 -0.0400835 
v -0.00635 -0.142454 -0.0402178 
v 0 -0.142498 -0.0399468 
v -0.00635 -0.142483 -0.0400835 
v 0 -0.142498 -0.0398092 
v -0.00635 -0.142498 -0.0399468 
v 0 -0.142483 -0.0396725 
v -0.00635 -0.142498 -0.0398092 
v 0 -0.142454 -0.0395382 
v -0.00635 -0.142483 -0.0396725 
v 0 -0.14241 -0.0394079 
v -0.00635 -0.142454 -0.0395382 
v 0 -0.142352 -0.0392831 
v -0.00635 -0.14241 -0.0394079 
v 0 -0.142281 -0.0391653 
v -0.00635 -0.142352 -0.0392831 
v 0 -0.142198 -0.0390558 
v -0.00635 -0.142281 -0.0391653 
v 0 -0.142103 -0.038956 
v -0.00635 -0.142198 -0.0390558 
v 0 -0.141999 -0.038867 
v -0.00635 -0.142103 -0.038956 
v 0 -0.141885 -0.0387898 
v -0.00635 -0.141999 -0.038867 
v 0 -0.141763 -0.0387254 
v -0.00635 -0.141885 -0.0387898 
v 0 -0.141636 -0.0386745 
v -0.00635 -0.141763 -0.0387254 
v 0 -0.141503 -0.0386377 
v -0.00635 -0.141636 -0.0386745 
v 0 -0.141367 -0.0386154 
v -0.00635 -0.141503 -0.0386377 
v 0 -0.14123 -0.038608 
v -0.00635 -0.141367 -0.0386154 
v 0 -0.141093 -0.0386154 
v -0.00635 -0.14123 -0.038608 
v 0 -0.140957 -0.0386377 
v -0.00635 -0.141093 -0.0386154 
v 0 -0.140824 -0.0386745 
v -0.00635 -0.140957 -0.0386377 
v 0 -0.140697 -0.0387254 
v -0.00635 -0.140824 -0.0386745 
v 0 -0.140575 -0.0387898 
v -0.00635 -0.140697 -0.0387254 
v 0 -0.140461 -0.038867 
v -0.00635 -0.140575 -0.0387898 
v 0 -0.140357 -0.038956 
v -0.00635 -0.140461 -0.038867 
v 0 -0.140262 -0.0390558 
v -0.00635 -0.140357 -0.038956 
v 0 -0.140179 -0.0391653 
v -0.00635 -0.140262 -0.0390558 
v 0 -0.140108 -0.0392831 
v -0.00635 -0.140179 -0.0391653 
v 0 -0.14005 -0.0394079 
v -0.00635 -0.140108 -0.0392831 
v 0 -0.140006 -0.0395382 
v -0.00635 -0.14005 -0.0394079 
v 0 -0.139977 -0.0396725 
v -0.00635 -0.140006 -0.0395382 
v 0 -0.139962 -0.0398092 
v -0.00635 -0.139977 -0.0396725 
v 0 -0.139962 -0.0399468 
v 0 -0.13996 -0.039878 
v -0.00635 -0.13996 -0.039878 
v -0.00635 -0.139962 -0.0398092 
v 0 -0.139977 -0.0400835 
v -0.00635 -0.139962 -0.0399468 
v 0 -0.140006 -0.0402178 
v -0.00635 -0.139977 -0.0400835 
v 0 -0.14005 -0.0403481 
v -0.00635 -0.140006 -0.0402178 
v 0 -0.140108 -0.0404729 
v -0.00635 -0.14005 -0.0403481 
v 0 -0.140179 -0.0405907 
v -0.00635 -0.140108 -0.0404729 
v 0 -0.140262 -0.0407002 
v -0.00635 -0.140179 -0.0405907 
v 0 -0.140357 -0.0408 
v -0.00635 -0.140262 -0.0407002 
v 0 -0.140461 -0.040889 
v -0.00635 -0.140357 -0.0408 
v 0 -0.140575 -0.0409662 
v -0.00635 -0.140461 -0.040889 
v 0 -0.140697 -0.0410306 
v -0.00635 -0.140575 -0.0409662 
v 0 -0.140824 -0.0410815 
v -0.00635 -0.140697 -0.0410306 
v 0 -0.140957 -0.0411183 
v -0.00635 -0.140824 -0.0410815 
v 0 -0.141093 -0.0411406 
v -0.00635 -0.140957 -0.0411183 
v -0.00635 -0.141093 -0.0411406 
v -0.00635 -0.0178946 0.009017 
v -0.00635 -0.0167636 0.009017 
v -0.00635 -0.00870285 0.009017 
v -0.00635 -0.0464122 -0.0202512 
v -0.00635 -0.0474915 -0.0196018 
v -0.00635 -0.0473932 -0.0197311 
v -0.00635 -0.0476953 -0.0191613 
v -0.00635 -0.0476435 -0.0193152 
v -0.00635 -0.0465725 -0.0202249 
v -0.00635 -0.0468798 -0.0201214 
v -0.00635 -0.046729 -0.0201815 
v -0.00635 -0.0472816 -0.019849 
v -0.00635 -0.0475753 -0.0194626 
v -0.00635 -0.0447522 -0.0186788 
v -0.00635 -0.0447698 -0.0185173 
v -0.00635 -0.0447522 -0.0188412 
v -0.00635 -0.04475 -0.01876 
v -0.00635 -0.0456202 -0.0201214 
v -0.00635 -0.0454767 -0.0200453 
v -0.00635 -0.0459275 -0.0202249 
v -0.00635 -0.045771 -0.0201815 
v -0.00635 -0.0471578 -0.0199541 
v -0.00635 -0.0470233 -0.0200453 
v -0.00635 -0.0477478 -0.0188412 
v -0.00635 -0.0477302 -0.0190027 
v -0.00635 -0.04625 -0.02026 
v -0.00635 -0.0460878 -0.0202512 
v -0.00635 -0.0447698 -0.0190027 
v -0.00635 -0.0476953 -0.0183587 
v -0.00635 -0.0475753 -0.0180574 
v -0.00635 -0.0476435 -0.0182048 
v -0.00635 -0.0448047 -0.0183587 
v -0.00635 -0.0448565 -0.0182048 
v -0.00635 -0.0477302 -0.0185173 
v -0.00635 -0.0474915 -0.0179182 
v -0.00635 -0.0449247 -0.0180574 
v -0.00635 -0.0448047 -0.0191613 
v -0.00635 -0.0449247 -0.0194626 
v -0.00635 -0.0448565 -0.0193152 
v -0.00635 -0.0453422 -0.0199541 
v -0.00635 -0.0452185 -0.019849 
v -0.00635 -0.0477478 -0.0186788 
v -0.00635 -0.0472816 -0.017671 
v -0.00635 -0.0473932 -0.0177889 
v -0.00635 -0.0465725 -0.0172951 
v -0.00635 -0.046729 -0.0173385 
v -0.00635 -0.04625 -0.01726 
v -0.00635 -0.0464122 -0.0172688 
v -0.00635 -0.0459275 -0.0172951 
v -0.00635 -0.0460878 -0.0172688 
v -0.00635 -0.0456202 -0.0173986 
v -0.00635 -0.045771 -0.0173385 
v -0.00635 -0.0450085 -0.0196018 
v -0.00635 -0.0451068 -0.0197311 
v -0.00635 -0.0471578 -0.0175659 
v -0.00635 -0.0468798 -0.0173986 
v -0.00635 -0.0453422 -0.0175659 
v -0.00635 -0.0454767 -0.0174747 
v -0.00635 -0.0450085 -0.0179182 
v -0.00635 -0.0451068 -0.0177889 
v -0.00635 -0.0470233 -0.0174747 
v -0.00635 -0.0452185 -0.017671 
v -0.00635 -0.102599 -0.0435737 
v -0.00635 -0.102599 -0.0361823 
v -0.00635 -0.109991 -0.0435737 
v -0.00635 -0.109991 -0.0361823 
v -0.00635 -0.0447522 -0.0498812 
v -0.00635 -0.04475 -0.0498 
v -0.00635 -0.0447522 -0.0497188 
v -0.00635 -0.0447698 -0.0500427 
v -0.00635 -0.0475753 -0.0490974 
v -0.00635 -0.0476435 -0.0492448 
v -0.00635 -0.0450085 -0.0489582 
v -0.00635 -0.0451068 -0.0488289 
v -0.00635 -0.0448047 -0.0493987 
v -0.00635 -0.0448565 -0.0492448 
v -0.00635 -0.0447698 -0.0495573 
v -0.00635 -0.0474915 -0.0506418 
v -0.00635 -0.0473932 -0.0507711 
v -0.00635 -0.0476953 -0.0502013 
v -0.00635 -0.0476435 -0.0503552 
v -0.00635 -0.0477478 -0.0498812 
v -0.00635 -0.0477302 -0.0500427 
v -0.00635 -0.0476953 -0.0493987 
v -0.00635 -0.0477302 -0.0495573 
v -0.00635 -0.0474915 -0.0489582 
v -0.00635 -0.0456202 -0.0484386 
v -0.00635 -0.045771 -0.0483785 
v -0.00635 -0.0453422 -0.0486059 
v -0.00635 -0.0454767 -0.0485147 
v -0.00635 -0.0452185 -0.048711 
v -0.00635 -0.0449247 -0.0490974 
v -0.00635 -0.0448047 -0.0502013 
v -0.00635 -0.0449247 -0.0505026 
v -0.00635 -0.0448565 -0.0503552 
v -0.00635 -0.0468798 -0.0511614 
v -0.00635 -0.046729 -0.0512215 
v -0.00635 -0.0471578 -0.0509941 
v -0.00635 -0.0470233 -0.0510853 
v -0.00635 -0.0472816 -0.050889 
v -0.00635 -0.0475753 -0.0505026 
v -0.00635 -0.0459275 -0.0483351 
v -0.00635 -0.0450085 -0.0506418 
v -0.00635 -0.0452185 -0.050889 
v -0.00635 -0.0451068 -0.0507711 
v -0.00635 -0.0465725 -0.0512649 
v -0.00635 -0.0477478 -0.0497188 
v -0.00635 -0.0472816 -0.048711 
v -0.00635 -0.0473932 -0.0488289 
v -0.00635 -0.0453422 -0.0509941 
v -0.00635 -0.0456202 -0.0511614 
v -0.00635 -0.0454767 -0.0510853 
v -0.00635 -0.0459275 -0.0512649 
v -0.00635 -0.045771 -0.0512215 
v -0.00635 -0.0464122 -0.0512912 
v -0.00635 -0.0471578 -0.0486059 
v -0.00635 -0.0468798 -0.0484386 
v -0.00635 -0.0470233 -0.0485147 
v -0.00635 -0.0460878 -0.0512912 
v -0.00635 -0.04625 -0.0513 
v -0.00635 -0.0465725 -0.0483351 
v -0.00635 -0.046729 -0.0483785 
v -0.00635 -0.0460878 -0.0483088 
v -0.00635 -0.0464122 -0.0483088 
v -0.00635 -0.04625 -0.0483 
v -0.00635 -0.0137298 -0.0495573 
v -0.00635 -0.0137647 -0.0493987 
v -0.00635 -0.0138165 -0.0492448 
v -0.00635 -0.0138165 -0.0503552 
v -0.00635 -0.0137647 -0.0502013 
v -0.00635 -0.0167078 -0.0497188 
v -0.00635 -0.0167078 -0.0498812 
v -0.00635 -0.0138847 -0.0490974 
v -0.00635 -0.0138847 -0.0505026 
v -0.00635 -0.0161178 -0.0509941 
v -0.00635 -0.0159833 -0.0510853 
v -0.00635 -0.0163532 -0.0507711 
v -0.00635 -0.0162416 -0.050889 
v -0.00635 -0.0166035 -0.0503552 
v -0.00635 -0.0165353 -0.0505026 
v -0.00635 -0.0166902 -0.0495573 
v -0.00635 -0.0143022 -0.0486059 
v -0.00635 -0.0144367 -0.0485147 
v -0.00635 -0.0139685 -0.0489582 
v -0.00635 -0.0137122 -0.0498812 
v -0.00635 -0.01371 -0.0498 
v -0.00635 -0.0139685 -0.0506418 
v -0.00635 -0.0148875 -0.0512649 
v -0.00635 -0.015689 -0.0512215 
v -0.00635 -0.0155325 -0.0512649 
v -0.00635 -0.0164515 -0.0506418 
v -0.00635 -0.0141785 -0.048711 
v -0.00635 -0.0140668 -0.0488289 
v -0.00635 -0.0137122 -0.0497188 
v -0.00635 -0.0137298 -0.0500427 
v -0.00635 -0.0140668 -0.0507711 
v -0.00635 -0.0145802 -0.0511614 
v -0.00635 -0.0144367 -0.0510853 
v -0.00635 -0.014731 -0.0512215 
v -0.00635 -0.0158398 -0.0511614 
v -0.00635 -0.0166902 -0.0500427 
v -0.00635 -0.0164515 -0.0489582 
v -0.00635 -0.0165353 -0.0490974 
v -0.00635 -0.0148875 -0.0483351 
v -0.00635 -0.0150478 -0.0483088 
v -0.00635 -0.0145802 -0.0484386 
v -0.00635 -0.014731 -0.0483785 
v -0.00635 -0.0141785 -0.050889 
v -0.00635 -0.0143022 -0.0509941 
v -0.00635 -0.0150478 -0.0512912 
v -0.00635 -0.0153722 -0.0512912 
v -0.00635 -0.01521 -0.0513 
v -0.00635 -0.0166553 -0.0502013 
v -0.00635 -0.0163532 -0.0488289 
v -0.00635 -0.0159833 -0.0485147 
v -0.00635 -0.0161178 -0.0486059 
v -0.00635 -0.0162416 -0.048711 
v -0.00635 -0.0158398 -0.0484386 
v -0.00635 -0.0155325 -0.0483351 
v -0.00635 -0.015689 -0.0483785 
v -0.00635 -0.0166035 -0.0492448 
v -0.00635 -0.0166553 -0.0493987 
v -0.00635 -0.0153722 -0.0483088 
v -0.00635 -0.01521 -0.0483 
v -0.00635 -0.043619 -0.056642 
v -0.00635 -0.0418815 -0.056642 
v -0.00635 -0.0178946 -0.056642 
v -0.00635 -0.0167636 -0.056642 
v -0.00635 -0.00870285 -0.056642 
v -0.00635 -0.0915046 -0.0234929 
v -0.00635 -0.0919397 -0.0239087 
v -0.00635 -0.0905133 -0.0228133 
v -0.00635 -0.0910272 -0.0231264 
v -0.00635 -0.0931659 -0.0259601 
v -0.00635 -0.0923276 -0.0243689 
v -0.00635 -0.0926637 -0.0248681 
v -0.00635 -0.093326 -0.0265402 
v -0.00635 -0.0870948 -0.021391 
v -0.00635 -0.0899686 -0.0225573 
v -0.00635 -0.0929442 -0.0254005 
v -0.00635 -0.0934229 -0.0271342 
v -0.00635 -0.0890618 -0.043022 
v -0.00635 -0.0884872 -0.0431167 
v -0.00635 -0.0911705 -0.0420703 
v -0.00635 -0.0906835 -0.0423896 
v -0.00635 -0.0934553 -0.0277351 
v -0.00635 -0.0934553 -0.0375632 
v -0.00635 -0.0896234 -0.0428681 
v -0.00635 -0.0901659 -0.0426565 
v -0.00635 -0.092032 -0.0412889 
v -0.00635 -0.0916217 -0.0417021 
v -0.00635 -0.0927131 -0.040346 
v -0.00635 -0.0923971 -0.0408352 
v -0.00635 -0.0934435 -0.027517 
v -0.00635 -0.0929764 -0.0398266 
v -0.00635 -0.0933343 -0.0387199 
v -0.00635 -0.0931842 -0.0392826 
v -0.00635 -0.093425 -0.0381447 
v -0.00635 -0.0654818 -0.027517 
v -0.00635 -0.0643421 -0.0214482 
v -0.00635 -0.0246681 -0.0443549 
v -0.00635 -0.0243986 -0.0441722 
v -0.00635 -0.02693 -0.0454043 
v -0.00635 -0.0257929 -0.0449513 
v -0.00635 -0.0189892 -0.0349166 
v -0.00635 -0.0203417 -0.0397875 
v -0.00635 -0.0198071 -0.0386321 
v -0.00635 -0.022644 -0.0428163 
v -0.00635 -0.0217685 -0.041892 
v -0.00635 -0.0236144 -0.0436405 
v -0.00635 -0.0203417 -0.0287725 
v -0.00635 -0.020998 -0.0276816 
v -0.00635 -0.0189892 -0.0336434 
v -0.00635 -0.0194006 -0.0374256 
v -0.00635 -0.0191269 -0.0361822 
v -0.00635 -0.020998 -0.0408784 
v -0.00635 -0.0198071 -0.0299279 
v -0.00635 -0.0191269 -0.0323778 
v -0.00635 -0.0194006 -0.0311344 
v -0.00635 -0.0378456 -0.0249195 
v -0.00635 -0.038816 -0.0257437 
v -0.00635 -0.0367919 -0.0242051 
v -0.00635 -0.0332576 -0.0227969 
v -0.00635 -0.0344843 -0.0231375 
v -0.00635 -0.0356671 -0.0236087 
v -0.00635 -0.0320013 -0.0225909 
v -0.00635 -0.0294587 -0.0225909 
v -0.00635 -0.03073 -0.022522 
v -0.00635 -0.0396915 -0.026668 
v -0.00635 -0.0403369 -0.027517 
v -0.00635 -0.0282024 -0.0227969 
v -0.00635 -0.0257929 -0.0236087 
v -0.00635 -0.0269757 -0.0231375 
v -0.00635 -0.0236144 -0.0249195 
v -0.00635 -0.0246681 -0.0242051 
v -0.00635 -0.0217685 -0.026668 
v -0.00635 -0.022644 -0.0257437 
v -0.00635 -0.0211231 -0.027517 
v -0.00635 -0.0411183 -0.0287725 
v -0.00635 -0.0416529 -0.0299279 
v -0.00635 -0.040462 -0.0276816 
v -0.00635 -0.0418815 -0.0306063 
v -0.00635 -0.0424708 -0.0336434 
v -0.00635 -0.0424708 -0.0349166 
v -0.00635 -0.0420594 -0.0311344 
v -0.00635 -0.0420594 -0.0374256 
v -0.00635 -0.0418815 -0.0379537 
v -0.00635 -0.0423331 -0.0323778 
v -0.00635 -0.0423331 -0.0361822 
v -0.00635 -0.040462 -0.0408784 
v -0.00635 -0.0396915 -0.041892 
v -0.00635 -0.038816 -0.0428163 
v -0.00635 -0.0416529 -0.0386321 
v -0.00635 -0.0411183 -0.0397875 
v -0.00635 -0.0378456 -0.0436405 
v -0.00635 -0.0367919 -0.0443549 
v -0.00635 -0.0356671 -0.0449513 
v -0.00635 -0.0370614 -0.0441722 
v -0.00635 -0.03073 -0.046038 
v -0.00635 -0.0294587 -0.0459691 
v -0.00635 -0.0282024 -0.0457631 
v -0.00635 -0.0332576 -0.0457631 
v -0.00635 -0.0320013 -0.0459691 
v -0.00635 -0.03453 -0.0454043 
v -0.00635 -0.0344843 -0.0454225 
v -0.00635 -0.0269757 -0.0454225 
v -0.00635 -0.00696612 -0.0441722 
v -0.00635 -0.00710306 -0.0454043 
v -0.00635 0.000343837 -0.047645 
v -0.00635 -0.00733575 -0.047498 
v -0.00635 0.000343837 -0.053971 
v -0.00635 0.000343837 -0.056642 
v -0.00635 -0.050421 -0.056642 
v -0.00635 -0.0611917 -0.056642 
v -0.00635 -0.0851216 -0.053971 
v -0.00635 -0.0980273 -0.0525305 
v -0.00635 -0.11582 -0.0505445 
v -0.00635 -0.1345 -0.0484595 
v -0.00635 -0.143937 -0.0473065 
v -0.00635 -0.144381 -0.0471334 
v -0.00635 -0.143007 -0.04751 
v -0.00635 -0.143477 -0.0474325 
v -0.00635 -0.141797 -0.047645 
v -0.00635 -0.145572 -0.0463526 
v -0.00635 -0.145907 -0.0460145 
v -0.00635 -0.144786 -0.0469245 
v -0.00635 -0.144804 -0.0469151 
v -0.00635 -0.146206 -0.0456433 
v -0.00635 -0.145203 -0.0466538 
v -0.00635 -0.14668 -0.0448181 
v -0.00635 -0.14685 -0.044373 
v -0.00635 -0.146465 -0.0452431 
v -0.00635 -0.146361 -0.0454043 
v -0.00635 -0.147072 -0.0375711 
v -0.00635 -0.146149 -0.0348169 
v -0.00635 -0.145832 -0.0344404 
v -0.00635 -0.146654 -0.035661 
v -0.00635 -0.146424 -0.0352253 
v -0.00635 -0.146966 -0.0365934 
v -0.00635 -0.146835 -0.0361188 
v -0.00635 -0.147045 -0.0370794 
v -0.00635 -0.145476 -0.0341002 
v -0.00635 -0.145085 -0.0338003 
v -0.00635 -0.147072 -0.0429662 
v -0.00635 -0.146973 -0.0439126 
v -0.00635 -0.147047 -0.043442 
v -0.00635 -0.144786 -0.0336179 
v -0.00635 -0.146904 -0.0441722 
v -0.00635 -0.1345 -0.0293905 
v -0.00635 -0.144665 -0.0335441 
v -0.00635 -0.144219 -0.0333347 
v -0.00635 -0.129041 -0.0435737 
v -0.00635 -0.121649 -0.0435737 
v -0.00635 -0.129041 -0.0361823 
v -0.00635 -0.129884 -0.027517 
v -0.00635 -0.121649 -0.0361823 
v -0.00635 -0.114789 -0.021391 
v -0.00635 -0.11582 -0.0218095 
v -0.00635 -0.0980273 -0.0145888 
v -0.00635 -0.0849021 -0.00926224 
v -0.00635 -0.0719354 -0.0152389 
v -0.00635 -0.0713699 -0.015044 
v -0.00635 -0.0648194 -0.0179513 
v -0.00635 -0.0651117 -0.0174294 
v -0.00635 -0.0707868 -0.0149106 
v -0.00635 -0.0695946 -0.0148339 
v -0.00635 -0.0654581 -0.0169417 
v -0.00635 -0.0701927 -0.0148403 
v -0.00635 -0.0689992 -0.0148915 
v -0.00635 -0.0662967 -0.0160909 
v -0.00635 -0.0667794 -0.0157376 
v -0.00635 -0.0658546 -0.0164938 
v -0.00635 -0.0642974 -0.019661 
v -0.00635 -0.0644099 -0.0190735 
v -0.00635 -0.0678438 -0.0151952 
v -0.00635 -0.0684134 -0.0150124 
v -0.00635 -0.0672971 -0.0154379 
v -0.00635 -0.0645846 -0.0185014 
v -0.00635 -0.0642484 -0.0202572 
v -0.00635 -0.0642633 -0.0208552 
v -0.00635 -0.0643345 -0.021391 
v -0.00635 -0.070544 -0.00343535 
v -0.00635 -0.050421 0.00473106 
v -0.00635 -0.043619 0.00749149 
v -0.00635 -0.0377567 -0.00315639 
v -0.00635 -0.0374175 -0.00310077 
v -0.00635 -0.0370862 -0.0030088 
v -0.00635 -0.0367669 -0.00288155 
v -0.00635 -0.0381 -0.003175 
v -0.00635 -0.0414907 0.00835519 
v -0.00635 -0.040671 0.0086427 
v -0.00635 -0.0391138 0.0030088 
v -0.00635 -0.0381 0.009017 
v -0.00635 -0.0367669 0.00288155 
v -0.00635 -0.0370862 0.0030088 
v -0.00635 -0.0364631 -0.00272052 
v -0.00635 -0.0384433 -0.00315639 
v -0.00635 -0.0391138 -0.0030088 
v -0.00635 -0.0387825 -0.00310077 
v -0.00635 -0.0397369 -0.00272052 
v -0.00635 -0.0394331 -0.00288155 
v -0.00635 -0.0394331 0.00288155 
v -0.00635 -0.0418815 0.00819661 
v -0.00635 -0.0398274 0.00885 
v -0.00635 -0.0387825 0.00310077 
v -0.00635 -0.0374175 0.00310077 
v -0.00635 -0.0364631 0.00272052 
v -0.00635 -0.0359166 -0.00230504 
v -0.00635 -0.0356801 -0.00205545 
v -0.00635 -0.0389677 0.00897515 
v -0.00635 -0.0384433 0.00315639 
v -0.00635 -0.0361786 -0.0025276 
v -0.00635 -0.0377567 0.00315639 
v -0.00635 -0.0356801 0.00205545 
v -0.00635 -0.0359166 0.00230504 
v -0.00635 -0.0354721 -0.00178177 
v -0.00635 -0.0400214 -0.0025276 
v -0.00635 -0.0407279 -0.00178177 
v -0.00635 -0.0405199 -0.00205545 
v -0.00635 -0.0361786 0.0025276 
v -0.00635 -0.0354721 0.00178177 
v -0.00635 -0.0351505 0.00117519 
v -0.00635 -0.0352948 0.0014872 
v -0.00635 -0.0349668 0.000513658 
v -0.00635 -0.0350407 0.000849402 
v -0.00635 -0.0349297 0.000171891 
v -0.00635 -0.0349297 -0.000171891 
v -0.00635 -0.034925 -1.94413e-19 
v -0.00635 -0.0351505 -0.00117519 
v -0.00635 -0.0350407 -0.000849402 
v -0.00635 -0.0402834 -0.00230504 
v -0.00635 -0.0412703 0.000171891 
v -0.00635 -0.0397369 0.00272052 
v -0.00635 -0.0381 0.003175 
v -0.00635 -0.0352948 -0.0014872 
v -0.00635 -0.0410495 -0.00117519 
v -0.00635 -0.0409052 -0.0014872 
v -0.00635 -0.0412332 -0.000513658 
v -0.00635 -0.0411593 -0.000849402 
v -0.00635 -0.0412703 -0.000171891 
v -0.00635 -0.0410495 0.00117519 
v -0.00635 -0.0411593 0.000849402 
v -0.00635 -0.0400214 0.0025276 
v -0.00635 -0.0402834 0.00230504 
v -0.00635 -0.0349668 -0.000513658 
v -0.00635 -0.0412332 0.000513658 
v -0.00635 -0.0409052 0.0014872 
v -0.00635 -0.0405199 0.00205545 
v -0.00635 -0.0407279 0.00178177 
v -0.00635 -0.00223654 0.00294212 
v -0.00635 -0.00254153 0.00268306 
v -0.00635 -0.00281672 0.00239255 
v -0.00635 5.52132e-19 0.009017 
v -0.00635 -0.00118004 0.00350224 
v -0.00635 -0.000399575 0.00367404 
v -0.00635 -0.000794466 0.0036093 
v -0.00635 -0.0032652 0.0017311 
v -0.00635 -0.00343322 0.00136792 
v -0.00635 -0.00305889 0.00207398 
v -0.00635 -0.00155178 0.00335413 
v -0.00635 -0.00190533 0.00316669 
v -0.00635 0.000953712 0.00896642 
v -0.00635 0.000399575 0.00367404 
v -0.00635 0 0.0036957 
v -0.00635 0.00189673 0.00881526 
v -0.00635 0.000794466 0.0036093 
v -0.00635 0.00281846 0.0085652 
v -0.00635 0.00118004 0.00350224 
v -0.00635 0.00370858 0.00821905 
v -0.00635 0.00155178 0.00335413 
v -0.00635 0.00455709 0.0077807 
v -0.00635 0.00190533 0.00316669 
v -0.00635 0.00535448 0.00725506 
v -0.00635 0.00223654 0.00294212 
v -0.00635 0.0060918 0.00664803 
v -0.00635 0.00254153 0.00268306 
v -0.00635 -0.00223654 -0.00294212 
v -0.00635 -0.00190533 -0.00316669 
v -0.00635 -0.00369028 0.000200081 
v -0.00635 -0.00369028 -0.000200081 
v -0.00635 -0.00254153 -0.00268306 
v -0.00635 -0.00364701 0.000597898 
v -0.00635 -0.00356099 0.000988704 
v -0.00635 0.00676078 0.00596642 
v -0.00635 0.00281672 0.00239255 
v -0.00635 0.00735391 0.00521788 
v -0.00635 0.00305889 0.00207398 
v -0.00635 -0.00281672 -0.00239255 
v -0.00635 0.00786455 0.0044108 
v -0.00635 0.0032652 0.0017311 
v -0.00635 0.0086164 0.00265781 
v -0.00635 0.00356099 0.000988704 
v -0.00635 0.00343322 0.00136792 
v -0.00635 0.00884918 0.00173156 
v -0.00635 0.00364701 0.000597898 
v -0.00635 -0.00155178 -0.00335413 
v -0.00635 -0.0032652 -0.0017311 
v -0.00635 -0.00305889 -0.00207398 
v -0.00635 -0.00364701 -0.000597898 
v -0.00635 -0.00356099 -0.000988704 
v -0.00635 0.00828696 0.00355424 
v -0.00635 -0.00343322 -0.00136792 
v -0.00635 0.00898269 0.000785882 
v -0.00635 0.00369028 0.000200081 
v -0.00635 0.00901542 -0.00016861 
v -0.00635 0.00369028 -0.000200081 
v -0.00635 0.00894702 -0.00112121 
v -0.00635 0.00364701 -0.000597898 
v -0.00635 0.008511 -0.00297813 
v -0.00635 0.00343322 -0.00136792 
v -0.00635 0.00356099 -0.000988704 
v -0.00635 0.00832328 -0.00343535 
v -0.00635 0.00223654 -0.00294212 
v -0.00635 0.00254153 -0.00268306 
v -0.00635 0.00877825 -0.00206123 
v -0.00635 0.00305889 -0.00207398 
v -0.00635 0.0032652 -0.0017311 
v -0.00635 0.00281672 -0.00239255 
v -0.00635 0.00134793 -0.00343535 
v -0.00635 0.00155178 -0.00335413 
v -0.00635 0.00190533 -0.00316669 
v -0.00635 0.00558881 -0.00926224 
v -0.00635 0.00118004 -0.00350224 
v -0.00635 -0.000399575 -0.00367404 
v -0.00635 0.00814826 -0.00386162 
v -0.00635 1.35778e-18 -0.0036957 
v -0.00635 -0.00134793 -0.00343535 
v -0.00635 0.000794466 -0.0036093 
v -0.00635 -0.000794466 -0.0036093 
v -0.00635 -0.00118004 -0.00350224 
v -0.00635 0.000399575 -0.00367404 
v -0.00635 -0.000159242 -0.021391 
v -0.00635 -0.00306247 -0.027517 
v -0.00635 -0.00584729 -0.0341052 
v -0.00635 -0.00577703 -0.033647 
v -0.00635 -0.00566904 -0.0331963 
v -0.00635 -0.00552407 -0.032756 
v -0.00635 -0.00534311 -0.0323293 
v -0.00635 -0.053092 -0.0441722 
v -0.00635 -0.061728 -0.0441722 
v -0.00635 -0.0705327 -0.0440037 
v -0.00635 -0.0700345 -0.0436747 
v -0.00635 -0.0534911 -0.0350169 
v -0.00635 -0.0537101 -0.0346038 
v -0.00635 -0.053193 -0.0359018 
v -0.00635 -0.053318 -0.0354513 
v -0.00635 -0.0695743 -0.0432945 
v -0.00635 -0.0691573 -0.0428674 
v -0.00635 -0.070859 -0.0441722 
v -0.00635 -0.0576438 -0.0325183 
v -0.00635 -0.0581086 -0.0325689 
v -0.00635 -0.0571762 -0.0325183 
v -0.00635 -0.0549868 -0.033256 
v -0.00635 -0.0553874 -0.033015 
v -0.00635 -0.0539725 -0.0342169 
v -0.00635 -0.0542752 -0.0338605 
v -0.00635 -0.053092 -0.03683 
v -0.00635 -0.0687881 -0.0423982 
v -0.00635 -0.0684712 -0.0418924 
v -0.00635 -0.0590083 -0.0328187 
v -0.00635 -0.0594326 -0.033015 
v -0.00635 -0.0546146 -0.033539 
v -0.00635 -0.0680076 -0.040794 
v -0.00635 -0.0678662 -0.040214 
v -0.00635 -0.0602054 -0.033539 
v -0.00635 -0.0605449 -0.0338605 
v -0.00635 -0.0598332 -0.033256 
v -0.00635 -0.0585652 -0.0326694 
v -0.00635 -0.0531173 -0.0363631 
v -0.00635 -0.0617027 -0.0363631 
v -0.00635 -0.061728 -0.03683 
v -0.00635 -0.06821 -0.0413556 
v -0.00635 -0.0567114 -0.0325689 
v -0.00635 -0.0558117 -0.0328187 
v -0.00635 -0.0562548 -0.0326694 
v -0.00635 -0.061502 -0.0354513 
v -0.00635 -0.061627 -0.0359018 
v -0.00635 -0.0613289 -0.0350169 
v -0.00635 -0.0608475 -0.0342169 
v -0.00635 -0.0611099 -0.0346038 
v -0.00635 -0.0739781 -0.0447361 
v -0.00635 -0.0733821 -0.0447706 
v -0.00635 -0.0790309 -0.0441722 
v -0.00635 -0.061728 -0.0454043 
v -0.00635 -0.0710631 -0.0442776 
v -0.00635 -0.0727859 -0.0447412 
v -0.00635 -0.0721962 -0.0446485 
v -0.00635 -0.0716197 -0.0444933 
v -0.00635 -0.053092 -0.04699 
v -0.00635 -0.061728 -0.04699 
v -0.00635 -0.0149571 -0.0202385 
v -0.00635 -0.014644 -0.0201491 
v -0.00635 -0.0144966 -0.0200795 
v -0.00635 -0.0147981 -0.0202023 
v -0.00635 -0.0148343 -0.0173078 
v -0.00635 -0.0161771 -0.0199066 
v -0.00635 -0.016047 -0.0200048 
v -0.00635 -0.0151566 -0.017261 
v -0.00635 -0.0153196 -0.017264 
v -0.00635 -0.0149942 -0.0172756 
v -0.00635 -0.0145298 -0.0174231 
v -0.00635 -0.0146789 -0.0173572 
v -0.00635 -0.0151191 -0.0202572 
v -0.00635 -0.0154444 -0.0202416 
v -0.00635 -0.0152822 -0.0202583 
v -0.00635 -0.0157586 -0.0201561 
v -0.00635 -0.0156038 -0.0202074 
v -0.00635 -0.0159069 -0.0200883 
v -0.00635 -0.0156399 -0.0173229 
v -0.00635 -0.0157933 -0.0173781 
v -0.00635 -0.0154813 -0.0172847 
v -0.00635 -0.0142573 -0.0176014 
v -0.00635 -0.0143887 -0.0175048 
v -0.00635 -0.0140297 -0.0178343 
v -0.00635 -0.0141371 -0.0177117 
v -0.00635 -0.0137495 -0.018418 
v -0.00635 -0.0159399 -0.0174496 
v -0.00635 -0.0137953 -0.0182615 
v -0.00635 -0.0137414 -0.0190654 
v -0.00635 -0.0137169 -0.0189042 
v -0.00635 -0.0139168 -0.01952 
v -0.00635 -0.0138419 -0.0193751 
v -0.00635 -0.0141113 -0.0197812 
v -0.00635 -0.0140069 -0.0196559 
v -0.00635 -0.0164018 -0.0196708 
v -0.00635 -0.0162959 -0.0197948 
v -0.00635 -0.0160778 -0.0175365 
v -0.00635 -0.0138577 -0.0181109 
v -0.00635 -0.0137832 -0.019223 
v -0.00635 -0.0165703 -0.0193922 
v -0.00635 -0.0164936 -0.0195361 
v -0.00635 -0.0167636 -0.01876 
v -0.00635 -0.0167011 -0.0189228 
v -0.00635 -0.0166747 -0.0190837 
v -0.00635 -0.0139362 -0.0179679 
v -0.00635 -0.0137101 -0.0187412 
v -0.00635 -0.013721 -0.0185785 
v -0.00635 -0.0143575 -0.0199942 
v -0.00635 -0.0142286 -0.0198944 
v -0.00635 -0.0166309 -0.0192408 
v -0.00635 -0.01671 -0.01876 
v -0.00635 -0.0166424 -0.0183149 
v -0.00635 -0.0166823 -0.018473 
v -0.00635 -0.0163214 -0.0177526 
v -0.00635 -0.0164242 -0.0178792 
v -0.00635 -0.0167636 -0.0187002 
v -0.00635 -0.0165126 -0.0180162 
v -0.00635 -0.0165857 -0.018162 
v -0.00635 -0.0162055 -0.017638 
v -0.00635 -0.0168172 -0.01876 
v -0.00635 -0.0167047 -0.0186345 
v -0.00635 -0.053092 -0.0454043 
v -0.00635 0.000343837 -0.047498 
v -0.00635 -0.0167636 -0.00343535 
v -0.00635 -0.00870285 -0.00343535 
v -0.00635 -0.050421 -0.00343535 
v -0.00635 -0.043619 -0.00343535 
v -0.00635 -0.043619 -0.00926224 
v -0.00635 -0.0418815 -0.00343535 
v -0.00635 -0.0418815 -0.00926224 
v -0.00635 -0.0178946 -0.00343535 
v -0.00635 -0.0178946 -0.00926224 
v -0.00635 -0.0167636 -0.00926224 
v -0.00635 -0.00870285 -0.00926224 
v -0.00635 -0.043619 -0.021391 
v -0.00635 -0.050421 -0.021391 
v -0.00635 -0.050421 -0.00926224 
v -0.00635 -0.0418815 -0.021391 
v -0.00635 -0.0178946 -0.021391 
v -0.00635 -0.043619 -0.027517 
v -0.00635 -0.0418815 -0.027517 
v -0.00635 -0.0167636 -0.021391 
v -0.00635 -0.0167636 -0.027517 
v -0.00635 -0.00870285 -0.021391 
v -0.00635 -0.00870285 -0.027517 
v -0.00635 -0.0980273 -0.0441722 
v -0.00635 -0.11582 -0.0441722 
v -0.00635 -0.11582 -0.027517 
v -0.00635 -0.0980273 -0.027517 
v -0.00635 -0.050421 -0.027517 
v -0.00635 -0.043619 -0.0441722 
v -0.00635 -0.0178946 -0.027517 
v -0.00635 -0.0167636 -0.0441722 
v -0.00635 -0.00870285 -0.0441722 
v -0.00635 -0.144786 -0.0441722 
v -0.00635 -0.1345 -0.0441722 
v -0.00635 -0.1345 -0.0454043 
v -0.00635 -0.11582 -0.0454043 
v -0.00635 -0.0980273 -0.0454043 
v -0.00635 -0.050421 -0.0441722 
v -0.00635 -0.043619 -0.0454043 
v -0.00635 -0.0418815 -0.0441722 
v -0.00635 -0.0418815 -0.0454043 
v -0.00635 -0.0178946 -0.0441722 
v -0.00635 -0.0167636 -0.0454043 
v -0.00635 -0.00870285 -0.0454043 
v -0.00635 -0.11582 -0.047645 
v -0.00635 -0.0980273 -0.047645 
v -0.00635 -0.050421 -0.0454043 
v -0.00635 -0.043619 -0.047645 
v -0.00635 -0.0418815 -0.047645 
v -0.00635 -0.0178946 -0.0454043 
v -0.00635 -0.0167636 -0.047645 
v -0.00635 -0.00870285 -0.047645 
v -0.00635 -0.043619 -0.053971 
v -0.00635 -0.050421 -0.047645 
v -0.00635 -0.050421 -0.053971 
v -0.00635 -0.0418815 -0.053971 
v -0.00635 -0.0178946 -0.047645 
v -0.00635 -0.0178946 -0.053971 
v -0.00635 -0.0167636 -0.053971 
v -0.00635 -0.00870285 -0.053971 
v -0.00635 -0.0980273 -0.021391 
v -0.00635 -0.144786 -0.0454043 
v -0.00635 -0.1345 -0.047645 
v 0 -0.0167636 -0.01876 
v 0 -0.01671 -0.01876 
v 0 -0.0168172 -0.01876 
v 0 -0.0167636 -0.0187002 
v 0 -0.0167047 -0.0186345 
v 0 -0.0166823 -0.018473 
v 0 -0.0166424 -0.0183149 
v 0 -0.0165857 -0.018162 
v 0 -0.0165126 -0.0180162 
v 0 -0.0164242 -0.0178792 
v 0 -0.0163214 -0.0177526 
v 0 -0.0162055 -0.017638 
v 0 -0.0160778 -0.0175365 
v 0 -0.0159399 -0.0174496 
v 0 -0.0157933 -0.0173781 
v 0 -0.0156399 -0.0173229 
v 0 -0.0154813 -0.0172847 
v 0 -0.0153196 -0.017264 
v 0 -0.0151566 -0.017261 
v 0 -0.0149942 -0.0172756 
v 0 -0.0148343 -0.0173078 
v 0 -0.0146789 -0.0173572 
v 0 -0.0145298 -0.0174231 
v 0 -0.0143887 -0.0175048 
v 0 -0.0142573 -0.0176014 
v 0 -0.0141371 -0.0177117 
v 0 -0.0140297 -0.0178343 
v 0 -0.0139362 -0.0179679 
v 0 -0.0138577 -0.0181109 
v 0 -0.0137953 -0.0182615 
v 0 -0.0137495 -0.018418 
v 0 -0.013721 -0.0185785 
v 0 -0.0137101 -0.0187412 
v 0 -0.0137169 -0.0189042 
v 0 -0.0137414 -0.0190654 
v 0 -0.0137832 -0.019223 
v 0 -0.0138419 -0.0193751 
v 0 -0.0139168 -0.01952 
v 0 -0.0140069 -0.0196559 
v 0 -0.0141113 -0.0197812 
v 0 -0.0142286 -0.0198944 
v 0 -0.0143575 -0.0199942 
v 0 -0.0144966 -0.0200795 
v 0 -0.014644 -0.0201491 
v 0 -0.0147981 -0.0202023 
v 0 -0.0149571 -0.0202385 
v 0 -0.0151191 -0.0202572 
v 0 -0.0152822 -0.0202583 
v 0 -0.0154444 -0.0202416 
v 0 -0.0156038 -0.0202074 
v 0 -0.0157586 -0.0201561 
v 0 -0.0159069 -0.0200883 
v 0 -0.016047 -0.0200048 
v 0 -0.0161771 -0.0199066 
v 0 -0.0162959 -0.0197948 
v 0 -0.0164018 -0.0196708 
v 0 -0.0164936 -0.0195361 
v 0 -0.0165703 -0.0193922 
v 0 -0.0166309 -0.0192408 
v 0 -0.0166747 -0.0190837 
v 0 -0.0167011 -0.0189228 
v 0 -0.0153722 -0.0512912 
v 0 -0.01521 -0.0513 
v 0 -0.0155325 -0.0512649 
v 0 -0.015689 -0.0512215 
v 0 -0.0158398 -0.0511614 
v 0 -0.0159833 -0.0510853 
v 0 -0.0161178 -0.0509941 
v 0 -0.0162416 -0.050889 
v 0 -0.0163532 -0.0507711 
v 0 -0.0164515 -0.0506418 
v 0 -0.0165353 -0.0505026 
v 0 -0.0166035 -0.0503552 
v 0 -0.0166553 -0.0502013 
v 0 -0.0166902 -0.0500427 
v 0 -0.0167078 -0.0498812 
v 0 -0.0167078 -0.0497188 
v 0 -0.0166902 -0.0495573 
v 0 -0.0166553 -0.0493987 
v 0 -0.0166035 -0.0492448 
v 0 -0.0165353 -0.0490974 
v 0 -0.0164515 -0.0489582 
v 0 -0.0163532 -0.0488289 
v 0 -0.0162416 -0.048711 
v 0 -0.0161178 -0.0486059 
v 0 -0.0159833 -0.0485147 
v 0 -0.0158398 -0.0484386 
v 0 -0.015689 -0.0483785 
v 0 -0.0155325 -0.0483351 
v 0 -0.0153722 -0.0483088 
v 0 -0.01521 -0.0483 
v 0 -0.0150478 -0.0483088 
v 0 -0.0148875 -0.0483351 
v 0 -0.014731 -0.0483785 
v 0 -0.0145802 -0.0484386 
v 0 -0.0144367 -0.0485147 
v 0 -0.0143022 -0.0486059 
v 0 -0.0141785 -0.048711 
v 0 -0.0140668 -0.0488289 
v 0 -0.0139685 -0.0489582 
v 0 -0.0138847 -0.0490974 
v 0 -0.0138165 -0.0492448 
v 0 -0.0137647 -0.0493987 
v 0 -0.0137298 -0.0495573 
v 0 -0.0137122 -0.0497188 
v 0 -0.0137122 -0.0498812 
v 0 -0.01371 -0.0498 
v 0 -0.0137298 -0.0500427 
v 0 -0.0137647 -0.0502013 
v 0 -0.0138165 -0.0503552 
v 0 -0.0138847 -0.0505026 
v 0 -0.0139685 -0.0506418 
v 0 -0.0140668 -0.0507711 
v 0 -0.0141785 -0.050889 
v 0 -0.0143022 -0.0509941 
v 0 -0.0144367 -0.0510853 
v 0 -0.0145802 -0.0511614 
v 0 -0.014731 -0.0512215 
v 0 -0.0148875 -0.0512649 
v 0 -0.0150478 -0.0512912 
v 0 -0.0464122 -0.0512912 
v 0 -0.04625 -0.0513 
v 0 -0.0465725 -0.0512649 
v 0 -0.046729 -0.0512215 
v 0 -0.0468798 -0.0511614 
v 0 -0.0470233 -0.0510853 
v 0 -0.0471578 -0.0509941 
v 0 -0.0472816 -0.050889 
v 0 -0.0473932 -0.0507711 
v 0 -0.0474915 -0.0506418 
v 0 -0.0475753 -0.0505026 
v 0 -0.0476435 -0.0503552 
v 0 -0.0476953 -0.0502013 
v 0 -0.0477302 -0.0500427 
v 0 -0.0477478 -0.0498812 
v 0 -0.0477478 -0.0497188 
v 0 -0.0477302 -0.0495573 
v 0 -0.0476953 -0.0493987 
v 0 -0.0476435 -0.0492448 
v 0 -0.0475753 -0.0490974 
v 0 -0.0474915 -0.0489582 
v 0 -0.0473932 -0.0488289 
v 0 -0.0472816 -0.048711 
v 0 -0.0471578 -0.0486059 
v 0 -0.0470233 -0.0485147 
v 0 -0.0468798 -0.0484386 
v 0 -0.046729 -0.0483785 
v 0 -0.0465725 -0.0483351 
v 0 -0.0464122 -0.0483088 
v 0 -0.04625 -0.0483 
v 0 -0.0460878 -0.0483088 
v 0 -0.0459275 -0.0483351 
v 0 -0.045771 -0.0483785 
v 0 -0.0456202 -0.0484386 
v 0 -0.0454767 -0.0485147 
v 0 -0.0453422 -0.0486059 
v 0 -0.0452185 -0.048711 
v 0 -0.0451068 -0.0488289 
v 0 -0.0450085 -0.0489582 
v 0 -0.0449247 -0.0490974 
v 0 -0.0448565 -0.0492448 
v 0 -0.0448047 -0.0493987 
v 0 -0.0447698 -0.0495573 
v 0 -0.0447522 -0.0497188 
v 0 -0.0447522 -0.0498812 
v 0 -0.04475 -0.0498 
v 0 -0.0447698 -0.0500427 
v 0 -0.0448047 -0.0502013 
v 0 -0.0448565 -0.0503552 
v 0 -0.0449247 -0.0505026 
v 0 -0.0450085 -0.0506418 
v 0 -0.0451068 -0.0507711 
v 0 -0.0452185 -0.050889 
v 0 -0.0453422 -0.0509941 
v 0 -0.0454767 -0.0510853 
v 0 -0.0456202 -0.0511614 
v 0 -0.045771 -0.0512215 
v 0 -0.0459275 -0.0512649 
v 0 -0.0460878 -0.0512912 
v 0 -0.0464122 -0.0202512 
v 0 -0.04625 -0.02026 
v 0 -0.0465725 -0.0202249 
v 0 -0.046729 -0.0201815 
v 0 -0.0468798 -0.0201214 
v 0 -0.0470233 -0.0200453 
v 0 -0.0471578 -0.0199541 
v 0 -0.0472816 -0.019849 
v 0 -0.0473932 -0.0197311 
v 0 -0.0474915 -0.0196018 
v 0 -0.0475753 -0.0194626 
v 0 -0.0476435 -0.0193152 
v 0 -0.0476953 -0.0191613 
v 0 -0.0477302 -0.0190027 
v 0 -0.0477478 -0.0188412 
v 0 -0.0477478 -0.0186788 
v 0 -0.0477302 -0.0185173 
v 0 -0.0476953 -0.0183587 
v 0 -0.0476435 -0.0182048 
v 0 -0.0475753 -0.0180574 
v 0 -0.0474915 -0.0179182 
v 0 -0.0473932 -0.0177889 
v 0 -0.0472816 -0.017671 
v 0 -0.0471578 -0.0175659 
v 0 -0.0470233 -0.0174747 
v 0 -0.0468798 -0.0173986 
v 0 -0.046729 -0.0173385 
v 0 -0.0465725 -0.0172951 
v 0 -0.0464122 -0.0172688 
v 0 -0.04625 -0.01726 
v 0 -0.0460878 -0.0172688 
v 0 -0.0459275 -0.0172951 
v 0 -0.045771 -0.0173385 
v 0 -0.0456202 -0.0173986 
v 0 -0.0454767 -0.0174747 
v 0 -0.0453422 -0.0175659 
v 0 -0.0452185 -0.017671 
v 0 -0.0451068 -0.0177889 
v 0 -0.0450085 -0.0179182 
v 0 -0.0449247 -0.0180574 
v 0 -0.0448565 -0.0182048 
v 0 -0.0448047 -0.0183587 
v 0 -0.0447698 -0.0185173 
v 0 -0.0447522 -0.0186788 
v 0 -0.0447522 -0.0188412 
v 0 -0.04475 -0.01876 
v 0 -0.0447698 -0.0190027 
v 0 -0.0448047 -0.0191613 
v 0 -0.0448565 -0.0193152 
v 0 -0.0449247 -0.0194626 
v 0 -0.0450085 -0.0196018 
v 0 -0.0451068 -0.0197311 
v 0 -0.0452185 -0.019849 
v 0 -0.0453422 -0.0199541 
v 0 -0.0454767 -0.0200453 
v 0 -0.0456202 -0.0201214 
v 0 -0.045771 -0.0201815 
v 0 -0.0459275 -0.0202249 
v 0 -0.0460878 -0.0202512 
v 0 -0.0384433 -0.00315639 
v 0 -0.0381 -0.003175 
v 0 -0.0387825 -0.00310077 
v 0 -0.0391138 -0.0030088 
v 0 -0.0394331 -0.00288155 
v 0 -0.0397369 -0.00272052 
v 0 -0.0400214 -0.0025276 
v 0 -0.0402834 -0.00230504 
v 0 -0.0405199 -0.00205545 
v 0 -0.0407279 -0.00178177 
v 0 -0.0409052 -0.0014872 
v 0 -0.0410495 -0.00117519 
v 0 -0.0411593 -0.000849402 
v 0 -0.0412332 -0.000513658 
v 0 -0.0412703 -0.000171891 
v 0 -0.0412703 0.000171891 
v 0 -0.0412332 0.000513658 
v 0 -0.0411593 0.000849402 
v 0 -0.0410495 0.00117519 
v 0 -0.0409052 0.0014872 
v 0 -0.0407279 0.00178177 
v 0 -0.0405199 0.00205545 
v 0 -0.0402834 0.00230504 
v 0 -0.0400214 0.0025276 
v 0 -0.0397369 0.00272052 
v 0 -0.0394331 0.00288155 
v 0 -0.0391138 0.0030088 
v 0 -0.0387825 0.00310077 
v 0 -0.0384433 0.00315639 
v 0 -0.0381 0.003175 
v 0 -0.0377567 0.00315639 
v 0 -0.0374175 0.00310077 
v 0 -0.0370862 0.0030088 
v 0 -0.0367669 0.00288155 
v 0 -0.0364631 0.00272052 
v 0 -0.0361786 0.0025276 
v 0 -0.0359166 0.00230504 
v 0 -0.0356801 0.00205545 
v 0 -0.0354721 0.00178177 
v 0 -0.0352948 0.0014872 
v 0 -0.0351505 0.00117519 
v 0 -0.0350407 0.000849402 
v 0 -0.0349668 0.000513658 
v 0 -0.0349297 0.000171891 
v 0 -0.0349297 -0.000171891 
v 0 -0.034925 -9.72063e-19 
v 0 -0.0349668 -0.000513658 
v 0 -0.0350407 -0.000849402 
v 0 -0.0351505 -0.00117519 
v 0 -0.0352948 -0.0014872 
v 0 -0.0354721 -0.00178177 
v 0 -0.0356801 -0.00205545 
v 0 -0.0359166 -0.00230504 
v 0 -0.0361786 -0.0025276 
v 0 -0.0364631 -0.00272052 
v 0 -0.0367669 -0.00288155 
v 0 -0.0370862 -0.0030088 
v 0 -0.0374175 -0.00310077 
v 0 -0.0377567 -0.00315639 
v -0.005842 -0.14441 -0.0328639 
v -0.005842 -0.145373 -0.0333813 
v -0.005842 -0.144905 -0.0330967 
v -0.005842 -0.145807 -0.0337146 
v -0.005842 -0.146202 -0.0340925 
v -0.005842 -0.146555 -0.0345109 
v -0.005842 -0.14686 -0.0349647 
v -0.005842 -0.147115 -0.0354487 
v -0.005842 -0.147317 -0.0359574 
v -0.005842 -0.147462 -0.0364848 
v -0.005842 -0.147551 -0.0370248 
v -0.005842 -0.14758 -0.0375711 
v -0.005842 -0.14758 -0.0429662 
v -0.005842 -0.0416818 0.0088259 
v -0.000508 -0.14441 -0.0328639 
v -0.000508 -0.144905 -0.0330967 
v -0.000508 -0.145373 -0.0333813 
v -0.000508 -0.145807 -0.0337146 
v -0.000508 -0.146202 -0.0340925 
v -0.000508 -0.146555 -0.0345109 
v -0.000508 -0.14686 -0.0349647 
v -0.000508 -0.147115 -0.0354487 
v -0.000508 -0.147317 -0.0359574 
v -0.000508 -0.147462 -0.0364848 
v -0.000508 -0.147551 -0.0370248 
v -0.000508 -0.14758 -0.0375711 
v -0.005842 -0.147552 -0.0434949 
v -0.005842 -0.14747 -0.0440178 
v -0.005842 -0.147334 -0.0445293 
v -0.005842 -0.147145 -0.0450239 
v -0.005842 -0.146618 -0.0459408 
v -0.005842 -0.146905 -0.045496 
v -0.005842 -0.146286 -0.0463532 
v -0.005842 -0.145913 -0.0467288 
v -0.005842 -0.145503 -0.0470636 
v -0.005842 -0.14459 -0.0475965 
v -0.005842 -0.14506 -0.0473539 
v -0.005842 -0.144096 -0.0477888 
v -0.005842 -0.143586 -0.0479288 
v -0.005842 -0.143064 -0.0480148 
v -0.000508 -0.14758 -0.0429662 
v -0.005842 -0.0381 0.009525 
v -0.005842 -0.0390166 0.0094808 
v -0.005842 -0.0399247 0.00934859 
v -0.005842 -0.0408158 0.00912962 
v -0.000508 -0.0416818 0.0088259 
v 0 -0.147072 -0.0375711 
v 0 -0.147045 -0.0370794 
v 0 -0.146966 -0.0365934 
v 0 -0.146835 -0.0361188 
v 0 -0.146654 -0.035661 
v 0 -0.146424 -0.0352253 
v 0 -0.146149 -0.0348169 
v 0 -0.145832 -0.0344404 
v 0 -0.145476 -0.0341002 
v 0 -0.145085 -0.0338003 
v 0 -0.144786 -0.0336179 
v 0 -0.144665 -0.0335441 
v 0 -0.144219 -0.0333347 
v -0.005842 -0.06122 -0.05715 
v -0.000508 -0.147552 -0.0434949 
v -0.000508 -0.14747 -0.0440178 
v -0.000508 -0.147334 -0.0445293 
v -0.000508 -0.147145 -0.0450239 
v -0.000508 -0.146905 -0.045496 
v -0.000508 -0.146618 -0.0459408 
v -0.000508 -0.146286 -0.0463532 
v -0.000508 -0.145913 -0.0467288 
v -0.000508 -0.145503 -0.0470636 
v -0.000508 -0.14506 -0.0473539 
v -0.000508 -0.14459 -0.0475965 
v -0.000508 -0.144096 -0.0477888 
v -0.000508 -0.143586 -0.0479288 
v -0.000508 -0.143064 -0.0480148 
v 0 -0.147072 -0.0429662 
v -0.005842 5.83238e-19 0.009525 
v -0.000508 -0.0381 0.009525 
v -0.000508 -0.0390166 0.0094808 
v -0.000508 -0.0399247 0.00934859 
v -0.000508 -0.0408158 0.00912962 
v 0 -0.050421 0.00473106 
v 0 -0.043619 0.00749149 
v 0 -0.070544 -0.00343535 
v 0 -0.0849021 -0.00926224 
v 0 -0.0980273 -0.0145888 
v 0 -0.114789 -0.021391 
v 0 -0.129884 -0.027517 
v 0 -0.11582 -0.0218095 
v 0 -0.1345 -0.0293905 
v 0 -0.0418815 0.00819661 
v 0 -0.0414907 0.00835519 
v -0.005842 0.000851837 -0.05715 
v -0.000508 -0.06122 -0.05715 
v 0 -0.143007 -0.04751 
v -2.08167e-17 -0.143477 -0.0474325 
v -2.08167e-17 -0.143937 -0.0473065 
v -2.08167e-17 -0.144381 -0.0471334 
v 0 -0.144786 -0.0469245 
v -2.08167e-17 -0.144804 -0.0469151 
v -2.08167e-17 -0.145203 -0.0466538 
v -2.08167e-17 -0.145572 -0.0463526 
v -2.08167e-17 -0.145907 -0.0460145 
v -2.08167e-17 -0.146206 -0.0456433 
v 0 -0.146361 -0.0454043 
v -2.08167e-17 -0.146465 -0.0452431 
v -2.08167e-17 -0.14668 -0.0448181 
v -2.08167e-17 -0.14685 -0.044373 
v 0 -0.146904 -0.0441722 
v -2.08167e-17 -0.146973 -0.0439126 
v -2.08167e-17 -0.147047 -0.043442 
v -0.005842 0.00899049 -0.00314591 
v -0.005842 0.00860732 -0.00407917 
v -0.005842 0.0092728 -0.00217736 
v -0.005842 0.00945108 -0.00118438 
v -0.005842 0.00952333 -0.000178109 
v -0.005842 0.00948875 0.000830157 
v -0.005842 0.00934773 0.00182911 
v -0.005842 0.00910183 0.00280754 
v -0.005842 0.00875383 0.00375448 
v -0.005842 0.00830762 0.0046593 
v -0.005842 0.00776822 0.00551184 
v -0.005842 0.00714167 0.00630256 
v -0.005842 0.006435 0.00702257 
v -0.005842 0.00565614 0.00766379 
v -0.005842 0.00481383 0.00821905 
v -0.005842 0.00391751 0.00868209 
v -0.005842 0.00297725 0.00904774 
v -0.005842 0.00200358 0.00931189 
v -0.005842 0.00100744 0.00947157 
v -0.000508 5.83238e-19 0.009525 
v 0 -0.040671 0.0086427 
v 0 -0.0398274 0.00885 
v 0 -0.0389677 0.00897515 
v 0 -0.0381 0.009017 
v -0.005842 0.000851837 -0.04699 
v -0.005842 -0.00488405 -0.0325469 
v -0.000508 0.00860732 -0.00407917 
v -0.000508 0.00899049 -0.00314591 
v -0.000508 0.0092728 -0.00217736 
v -0.000508 0.00945108 -0.00118438 
v -0.000508 0.00952333 -0.000178109 
v -0.000508 0.00948875 0.000830157 
v -0.000508 0.00934773 0.00182911 
v -0.000508 0.00910183 0.00280754 
v -0.000508 0.00875383 0.00375448 
v -0.000508 0.00830762 0.0046593 
v -0.000508 0.00776822 0.00551184 
v -0.000508 0.00714167 0.00630256 
v -0.000508 0.006435 0.00702257 
v -0.000508 0.00565614 0.00766379 
v -0.000508 0.00481383 0.00821905 
v -0.000508 0.00391751 0.00868209 
v -0.000508 0.00297725 0.00904774 
v -0.000508 0.00200358 0.00931189 
v -0.000508 0.00100744 0.00947157 
v 0 -0.0178946 0.009017 
v 0 -0.0167636 0.009017 
v 0 -0.00870285 0.009017 
v 0 5.52132e-19 0.009017 
v -0.005842 -0.00676816 -0.04699 
v -0.000508 0.000851837 -0.04699 
v -0.000508 0.000851837 -0.05715 
v -0.005842 -0.00527852 -0.0337448 
v -0.005842 -0.00518035 -0.033335 
v -0.005842 -0.00504856 -0.0329348 
v -0.005842 -0.0053424 -0.0341613 
v -0.000508 -0.00488405 -0.0325469 
v -1.73472e-18 0.000953712 0.00896642 
v -1.73472e-18 0.00189673 0.00881526 
v -1.73472e-18 0.00281846 0.0085652 
v -1.73472e-18 0.00370858 0.00821905 
v -1.73472e-18 0.00455709 0.0077807 
v -1.73472e-18 0.00535448 0.00725506 
v -1.73472e-18 0.0060918 0.00664803 
v -1.73472e-18 0.00676078 0.00596642 
v -1.73472e-18 0.00735391 0.00521788 
v -1.73472e-18 0.00786455 0.0044108 
v -1.73472e-18 0.00828696 0.00355424 
v -1.73472e-18 0.0086164 0.00265781 
v -1.73472e-18 0.00884918 0.00173156 
v -1.73472e-18 0.00898269 0.000785882 
v -1.73472e-18 0.00901542 -0.00016861 
v -1.73472e-18 0.00894702 -0.00112121 
v -1.73472e-18 0.00877825 -0.00206123 
v -1.73472e-18 0.008511 -0.00297813 
v 0 0.00832328 -0.00343535 
v 0 0.00814826 -0.00386162 
v -0.000508 -0.0053424 -0.0341613 
v -0.000508 -0.00676816 -0.04699 
v -0.000508 -0.00504856 -0.0329348 
v -0.000508 -0.00518035 -0.033335 
v -0.000508 -0.00527852 -0.0337448 
v 0 0.00558881 -0.00926224 
v 0 -0.000159242 -0.021391 
v 0 -0.00306247 -0.027517 
v 0 -0.00534311 -0.0323293 
v 8.67362e-19 -0.00552407 -0.032756 
v 8.67362e-19 -0.00566904 -0.0331963 
v 8.67362e-19 -0.00577703 -0.033647 
v 0 -0.00584729 -0.0341052 
v 0 -0.1345 -0.0484595 
v 0 -0.141797 -0.047645 
v 0 -0.11582 -0.0505445 
v 0 -0.0980273 -0.0525305 
v 0 -0.0851216 -0.053971 
v 0 -0.0611917 -0.056642 
v 0 -0.0418815 -0.056642 
v 0 -0.043619 -0.056642 
v 0 -0.050421 -0.056642 
v 0 -0.0178946 -0.056642 
v 0 -0.0167636 -0.056642 
v 0 0.000343837 -0.056642 
v 0 -0.00870285 -0.056642 
v 0 0.000343837 -0.047645 
v 0 0.000343837 -0.053971 
v 0 0.000343837 -0.047498 
v 0 -0.00733575 -0.047498 
v 0 -0.00696612 -0.0441722 
v 0 -0.00710306 -0.0454043 
v -0.0043688 -0.003181 -0.04699 
v -0.00436705 -0.00324563 -0.04699 
v -0.00435307 -0.00337414 -0.04699 
v -0.00212026 -0.00374019 -0.04699 
v -0.0021869 -0.00385095 -0.04699 
v -0.00198295 -0.00311637 -0.04699 
v -0.003175 -0.0019872 -0.04699 
v -0.0041631 -0.00251106 -0.04699 
v -0.00408487 -0.00240815 -0.04699 
v -0.00428401 -0.00273913 -0.04699 
v -0.00422974 -0.00262182 -0.04699 
v -0.00435307 -0.00298787 -0.04699 
v -0.00432529 -0.00286163 -0.04699 
v -0.00436705 -0.00311637 -0.04699 
v -0.00206599 -0.00362287 -0.04699 
v -0.00198295 -0.00324563 -0.04699 
v -0.00267374 -0.00209754 -0.04699 
v -0.00255953 -0.00215809 -0.04699 
v -0.00330407 -0.0019942 -0.04699 
v -0.00389746 -0.00223063 -0.04699 
v -0.00379047 -0.00215809 -0.04699 
v -0.00422974 -0.00374019 -0.04699 
v -0.00428401 -0.00362287 -0.04699 
v -0.00408487 -0.00395385 -0.04699 
v -0.0041631 -0.00385095 -0.04699 
v -0.00389746 -0.00413138 -0.04699 
v -0.00399598 -0.0040477 -0.04699 
v -0.00267374 -0.00426447 -0.04699 
v -0.00279382 -0.00431231 -0.04699 
v -0.00202471 -0.00350038 -0.04699 
v -0.00199693 -0.00337414 -0.04699 
v -0.00212026 -0.00262182 -0.04699 
v -0.00206599 -0.00273913 -0.04699 
v -0.00245254 -0.00223063 -0.04699 
v -0.00291837 -0.00201511 -0.04699 
v -0.00279382 -0.00204969 -0.04699 
v -0.00343163 -0.00201511 -0.04699 
v -0.00367626 -0.00209754 -0.04699 
v -0.00355618 -0.00204969 -0.04699 
v -0.00399598 -0.00231431 -0.04699 
v -0.00432529 -0.00350038 -0.04699 
v -0.00343163 -0.00434689 -0.04699 
v -0.00355618 -0.00431231 -0.04699 
v -0.00255953 -0.00420392 -0.04699 
v -0.00226513 -0.00395385 -0.04699 
v -0.00235402 -0.0040477 -0.04699 
v -0.0021869 -0.00251106 -0.04699 
v -0.00235402 -0.00231431 -0.04699 
v -0.00226513 -0.00240815 -0.04699 
v -0.00304593 -0.0019942 -0.04699 
v -0.00379047 -0.00420392 -0.04699 
v -0.00367626 -0.00426447 -0.04699 
v -0.003175 -0.0043748 -0.04699 
v -0.00245254 -0.00413138 -0.04699 
v -0.00202471 -0.00286163 -0.04699 
v -0.00199693 -0.00298787 -0.04699 
v -0.00330407 -0.0043678 -0.04699 
v -0.00291837 -0.00434689 -0.04699 
v -0.00304593 -0.0043678 -0.04699 
v -0.00330407 -0.0019942 -0.05715 
v -0.003175 -0.0019872 -0.05715 
v -0.00343163 -0.00201511 -0.05715 
v -0.00355618 -0.00204969 -0.05715 
v -0.00367626 -0.00209754 -0.05715 
v -0.00379047 -0.00215809 -0.05715 
v -0.00389746 -0.00223063 -0.05715 
v -0.00399598 -0.00231431 -0.05715 
v -0.00408487 -0.00240815 -0.05715 
v -0.0041631 -0.00251106 -0.05715 
v -0.00422974 -0.00262182 -0.05715 
v -0.00428401 -0.00273913 -0.05715 
v -0.00432529 -0.00286163 -0.05715 
v -0.00435307 -0.00298787 -0.05715 
v -0.00436705 -0.00311637 -0.05715 
v -0.00436705 -0.00324563 -0.05715 
v -0.00435307 -0.00337414 -0.05715 
v -0.00432529 -0.00350038 -0.05715 
v -0.00428401 -0.00362287 -0.05715 
v -0.00422974 -0.00374019 -0.05715 
v -0.0041631 -0.00385095 -0.05715 
v -0.00408487 -0.00395385 -0.05715 
v -0.00399598 -0.0040477 -0.05715 
v -0.00389746 -0.00413138 -0.05715 
v -0.00379047 -0.00420392 -0.05715 
v -0.00367626 -0.00426447 -0.05715 
v -0.00355618 -0.00431231 -0.05715 
v -0.00343163 -0.00434689 -0.05715 
v -0.00330407 -0.0043678 -0.05715 
v -0.003175 -0.0043748 -0.05715 
v -0.00304593 -0.0043678 -0.05715 
v -0.00291837 -0.00434689 -0.05715 
v -0.00279382 -0.00431231 -0.05715 
v -0.00267374 -0.00426447 -0.05715 
v -0.00255953 -0.00420392 -0.05715 
v -0.00245254 -0.00413138 -0.05715 
v -0.00235402 -0.0040477 -0.05715 
v -0.00226513 -0.00395385 -0.05715 
v -0.0021869 -0.00385095 -0.05715 
v -0.00212026 -0.00374019 -0.05715 
v -0.00206599 -0.00362287 -0.05715 
v -0.00202471 -0.00350038 -0.05715 
v -0.00199693 -0.00337414 -0.05715 
v -0.00198295 -0.00324563 -0.05715 
v -0.00198295 -0.00311637 -0.05715 
v -0.0019812 -0.003181 -0.05715 
v -0.00199693 -0.00298787 -0.05715 
v -0.00202471 -0.00286163 -0.05715 
v -0.00206599 -0.00273913 -0.05715 
v -0.00212026 -0.00262182 -0.05715 
v -0.0021869 -0.00251106 -0.05715 
v -0.00226513 -0.00240815 -0.05715 
v -0.00235402 -0.00231431 -0.05715 
v -0.00245254 -0.00223063 -0.05715 
v -0.00255953 -0.00215809 -0.05715 
v -0.00267374 -0.00209754 -0.05715 
v -0.00279382 -0.00204969 -0.05715 
v -0.00291837 -0.00201511 -0.05715 
v -0.00304593 -0.0019942 -0.05715 
v -0.0019812 -0.057283 -0.05715 
v -0.00198295 -0.0572184 -0.05715 
v -0.00198295 -0.0573476 -0.05715 
v -0.00422974 -0.0578422 -0.05715 
v -0.0041631 -0.0579529 -0.05715 
v -0.00432529 -0.0576024 -0.05715 
v -0.00428401 -0.0577249 -0.05715 
v -0.00436705 -0.0572184 -0.05715 
v -0.00436705 -0.0573476 -0.05715 
v -0.00199693 -0.0574761 -0.05715 
v -0.00399598 -0.0581497 -0.05715 
v -0.00389746 -0.0582334 -0.05715 
v -0.00435307 -0.0574761 -0.05715 
v -0.00389746 -0.0563326 -0.05715 
v -0.00399598 -0.0564163 -0.05715 
v -0.00212026 -0.0578422 -0.05715 
v -0.00206599 -0.0577249 -0.05715 
v -0.00226513 -0.0580559 -0.05715 
v -0.0021869 -0.0579529 -0.05715 
v -0.00408487 -0.0580559 -0.05715 
v -0.00432529 -0.0569636 -0.05715 
v -0.00435307 -0.0570899 -0.05715 
v -0.00408487 -0.0565102 -0.05715 
v -0.00330407 -0.0560962 -0.05715 
v -0.00202471 -0.0576024 -0.05715 
v -0.00245254 -0.0582334 -0.05715 
v -0.00235402 -0.0581497 -0.05715 
v -0.00422974 -0.0567238 -0.05715 
v -0.00428401 -0.0568411 -0.05715 
v -0.0041631 -0.0566131 -0.05715 
v -0.00255953 -0.0583059 -0.05715 
v -0.003175 -0.0584768 -0.05715 
v -0.00355618 -0.0561517 -0.05715 
v -0.00367626 -0.0561995 -0.05715 
v -0.0021869 -0.0566131 -0.05715 
v -0.00226513 -0.0565102 -0.05715 
v -0.00279382 -0.0584143 -0.05715 
v -0.00267374 -0.0583665 -0.05715 
v -0.00304593 -0.0584698 -0.05715 
v -0.00291837 -0.0584489 -0.05715 
v -0.00330407 -0.0584698 -0.05715 
v -0.00379047 -0.0562601 -0.05715 
v -0.00291837 -0.0561171 -0.05715 
v -0.003175 -0.0560892 -0.05715 
v -0.00212026 -0.0567238 -0.05715 
v -0.00202471 -0.0569636 -0.05715 
v -0.00206599 -0.0568411 -0.05715 
v -0.00355618 -0.0584143 -0.05715 
v -0.00343163 -0.0584489 -0.05715 
v -0.00379047 -0.0583059 -0.05715 
v -0.00367626 -0.0583665 -0.05715 
v -0.00343163 -0.0561171 -0.05715 
v -0.00279382 -0.0561517 -0.05715 
v -0.00199693 -0.0570899 -0.05715 
v -0.00235402 -0.0564163 -0.05715 
v -0.00245254 -0.0563326 -0.05715 
v -0.00304593 -0.0560962 -0.05715 
v -0.00255953 -0.0562601 -0.05715 
v -0.00267374 -0.0561995 -0.05715 
v -0.003175 -0.0560892 -0.04699 
v -0.00330407 -0.0560962 -0.04699 
v -0.00343163 -0.0561171 -0.04699 
v -0.00355618 -0.0561517 -0.04699 
v -0.00367626 -0.0561995 -0.04699 
v -0.00379047 -0.0562601 -0.04699 
v -0.00389746 -0.0563326 -0.04699 
v -0.00399598 -0.0564163 -0.04699 
v -0.00408487 -0.0565102 -0.04699 
v -0.0041631 -0.0566131 -0.04699 
v -0.00422974 -0.0567238 -0.04699 
v -0.00428401 -0.0568411 -0.04699 
v -0.00432529 -0.0569636 -0.04699 
v -0.00435307 -0.0570899 -0.04699 
v -0.0043688 -0.057283 -0.04699 
v -0.00436705 -0.0572184 -0.04699 
v -0.00436705 -0.0573476 -0.04699 
v -0.00435307 -0.0574761 -0.04699 
v -0.00432529 -0.0576024 -0.04699 
v -0.00428401 -0.0577249 -0.04699 
v -0.00422974 -0.0578422 -0.04699 
v -0.0041631 -0.0579529 -0.04699 
v -0.00408487 -0.0580559 -0.04699 
v -0.00399598 -0.0581497 -0.04699 
v -0.00389746 -0.0582334 -0.04699 
v -0.00379047 -0.0583059 -0.04699 
v -0.00367626 -0.0583665 -0.04699 
v -0.00355618 -0.0584143 -0.04699 
v -0.00343163 -0.0584489 -0.04699 
v -0.00330407 -0.0584698 -0.04699 
v -0.003175 -0.0584768 -0.04699 
v -0.00304593 -0.0584698 -0.04699 
v -0.00291837 -0.0584489 -0.04699 
v -0.00279382 -0.0584143 -0.04699 
v -0.00267374 -0.0583665 -0.04699 
v -0.00255953 -0.0583059 -0.04699 
v -0.00245254 -0.0582334 -0.04699 
v -0.00235402 -0.0581497 -0.04699 
v -0.00226513 -0.0580559 -0.04699 
v -0.0021869 -0.0579529 -0.04699 
v -0.00212026 -0.0578422 -0.04699 
v -0.00206599 -0.0577249 -0.04699 
v -0.00202471 -0.0576024 -0.04699 
v -0.00199693 -0.0574761 -0.04699 
v -0.00198295 -0.0573476 -0.04699 
v -0.00198295 -0.0572184 -0.04699 
v -0.00199693 -0.0570899 -0.04699 
v -0.00202471 -0.0569636 -0.04699 
v -0.00206599 -0.0568411 -0.04699 
v -0.00212026 -0.0567238 -0.04699 
v -0.0021869 -0.0566131 -0.04699 
v -0.00226513 -0.0565102 -0.04699 
v -0.00235402 -0.0564163 -0.04699 
v -0.00245254 -0.0563326 -0.04699 
v -0.00255953 -0.0562601 -0.04699 
v -0.00267374 -0.0561995 -0.04699 
v -0.00279382 -0.0561517 -0.04699 
v -0.00291837 -0.0561171 -0.04699 
v -0.00304593 -0.0560962 -0.04699 
v -0.005842 -0.0884308 -0.0426118 
v -0.005842 -0.0739217 -0.0442313 
v -0.005842 -0.068494 -0.0406475 
v -0.005842 -0.068678 -0.041158 
v -0.005842 -0.0689155 -0.041646 
v -0.005842 -0.0692036 -0.0421059 
v -0.005842 -0.0695392 -0.0425324 
v -0.005842 -0.0699183 -0.0429207 
v -0.005842 -0.0703367 -0.0432664 
v -0.005842 -0.0707896 -0.0435654 
v -0.005842 -0.0712718 -0.0438144 
v -0.005842 -0.0717778 -0.0440105 
v -0.005842 -0.0723018 -0.0441516 
v -0.005842 -0.0728379 -0.0442359 
v -0.005842 -0.07338 -0.0442626 
v -0.005842 -0.0683655 -0.0401202 
v -0.005842 -0.0889532 -0.0425258 
v -0.005842 -0.0894637 -0.0423858 
v -0.005842 -0.089957 -0.0421935 
v -0.005842 -0.0904275 -0.0419508 
v -0.005842 -0.0908702 -0.0416606 
v -0.005842 -0.0912804 -0.0413258 
v -0.005842 -0.0916534 -0.0409502 
v -0.005842 -0.0919853 -0.0405378 
v -0.005842 -0.0922725 -0.040093 
v -0.005842 -0.0925119 -0.0396208 
v -0.005842 -0.0927008 -0.0391263 
v -0.005842 -0.0928373 -0.0386148 
v -0.005842 -0.0929197 -0.0380918 
v -0.005842 -0.0929473 -0.0375632 
v -0.000508 -0.0884308 -0.0426118 
v -0.000508 -0.0739217 -0.0442313 
v -0.005842 -0.0648414 -0.0213544 
v -0.000508 -0.07338 -0.0442626 
v -0.000508 -0.0728379 -0.0442359 
v -0.000508 -0.0723018 -0.0441516 
v -0.000508 -0.0717778 -0.0440105 
v -0.000508 -0.0712718 -0.0438144 
v -0.000508 -0.0707896 -0.0435654 
v -0.000508 -0.0703367 -0.0432664 
v -0.000508 -0.0699183 -0.0429207 
v -0.000508 -0.0695392 -0.0425324 
v -0.000508 -0.0692036 -0.0421059 
v -0.000508 -0.0689155 -0.041646 
v -0.000508 -0.068678 -0.041158 
v -0.000508 -0.068494 -0.0406475 
v -0.000508 -0.0683655 -0.0401202 
v -0.005842 -0.0929473 -0.0277351 
v -0.000508 -0.0929473 -0.0375632 
v -0.000508 -0.0929197 -0.0380918 
v -0.000508 -0.0928373 -0.0386148 
v -0.000508 -0.0927008 -0.0391263 
v -0.000508 -0.0925119 -0.0396208 
v -0.000508 -0.0922725 -0.040093 
v -0.000508 -0.0919853 -0.0405378 
v -0.000508 -0.0916534 -0.0409502 
v -0.000508 -0.0912804 -0.0413258 
v -0.000508 -0.0908702 -0.0416606 
v -0.000508 -0.0904275 -0.0419508 
v -0.000508 -0.089957 -0.0421935 
v -0.000508 -0.0894637 -0.0423858 
v -0.000508 -0.0889532 -0.0425258 
v 0 -0.0884872 -0.0431167 
v 0 -0.0790309 -0.0441722 
v 0 -0.0739781 -0.0447361 
v -0.005842 -0.0712303 -0.0155324 
v -0.005842 -0.0707002 -0.0154112 
v -0.005842 -0.0701601 -0.0153473 
v -0.005842 -0.0696164 -0.0153415 
v -0.005842 -0.0690751 -0.0153938 
v -0.005842 -0.0685425 -0.0155037 
v -0.005842 -0.0680248 -0.0156699 
v -0.005842 -0.0675277 -0.0158905 
v -0.005842 -0.0670571 -0.016163 
v -0.005842 -0.0666183 -0.0164842 
v -0.005842 -0.0662164 -0.0168505 
v -0.005842 -0.0658559 -0.0172576 
v -0.005842 -0.065541 -0.017701 
v -0.005842 -0.0652753 -0.0181754 
v -0.005842 -0.0650618 -0.0186756 
v -0.005842 -0.064903 -0.0191957 
v -0.005842 -0.0648008 -0.0197297 
v -0.005842 -0.0647562 -0.0202717 
v -0.005842 -0.0647697 -0.0208153 
v -0.005842 -0.0717444 -0.0157096 
v -0.000508 -0.0648414 -0.0213544 
v 0 -0.0733821 -0.0447706 
v 0 -0.0727859 -0.0447412 
v 0 -0.0721962 -0.0446485 
v 0 -0.0716197 -0.0444933 
v 0 -0.0710631 -0.0442776 
v 0 -0.070859 -0.0441722 
v 0 -0.0705327 -0.0440037 
v 0 -0.0700345 -0.0436747 
v 0 -0.0695743 -0.0432945 
v 0 -0.0691573 -0.0428674 
v 0 -0.0687881 -0.0423982 
v 0 -0.0684712 -0.0418924 
v 0 -0.06821 -0.0413556 
v 0 -0.0680076 -0.040794 
v 0 -0.0678662 -0.040214 
v -0.005842 -0.0929178 -0.0271888 
v -0.005842 -0.0928298 -0.0266488 
v -0.005842 -0.0926842 -0.0261214 
v -0.005842 -0.0924827 -0.0256128 
v -0.005842 -0.0922277 -0.0251287 
v -0.005842 -0.0919221 -0.0246749 
v -0.005842 -0.0915695 -0.0242566 
v -0.005842 -0.0911739 -0.0238786 
v -0.005842 -0.09074 -0.0235454 
v -0.005842 -0.0902727 -0.0232607 
v -0.005842 -0.0897776 -0.023028 
v -0.000508 -0.0929473 -0.0277351 
v 0 -0.0934553 -0.0375632 
v 0 -0.093425 -0.0381447 
v 0 -0.0933343 -0.0387199 
v 0 -0.0931842 -0.0392826 
v 0 -0.0929764 -0.0398266 
v 0 -0.0927131 -0.040346 
v 0 -0.0923971 -0.0408352 
v 0 -0.092032 -0.0412889 
v 0 -0.0916217 -0.0417021 
v 0 -0.0911705 -0.0420703 
v 0 -0.0906835 -0.0423896 
v 0 -0.0901659 -0.0426565 
v 0 -0.0896234 -0.0428681 
v 0 -0.0890618 -0.043022 
v -0.000508 -0.0717444 -0.0157096 
v -0.000508 -0.0897776 -0.023028 
v -0.000508 -0.0902727 -0.0232607 
v -0.000508 -0.09074 -0.0235454 
v -0.000508 -0.0911739 -0.0238786 
v -0.000508 -0.0915695 -0.0242566 
v -0.000508 -0.0919221 -0.0246749 
v -0.000508 -0.0922277 -0.0251287 
v -0.000508 -0.0924827 -0.0256128 
v -0.000508 -0.0926842 -0.0261214 
v -0.000508 -0.0928298 -0.0266488 
v -0.000508 -0.0929178 -0.0271888 
v 0 -0.0934553 -0.0277351 
v 0 -0.0899686 -0.0225573 
v 9.54098e-18 -0.0905133 -0.0228133 
v 9.54098e-18 -0.0910272 -0.0231264 
v 9.54098e-18 -0.0915046 -0.0234929 
v 9.54098e-18 -0.0919397 -0.0239087 
v 9.54098e-18 -0.0923276 -0.0243689 
v 9.54098e-18 -0.0926637 -0.0248681 
v 9.54098e-18 -0.0929442 -0.0254005 
v 9.54098e-18 -0.0931659 -0.0259601 
v 9.54098e-18 -0.093326 -0.0265402 
v 9.54098e-18 -0.0934229 -0.0271342 
v 0 -0.0934435 -0.027517 
v -0.000508 -0.0647697 -0.0208153 
v -0.000508 -0.0647562 -0.0202717 
v -0.000508 -0.0648008 -0.0197297 
v -0.000508 -0.064903 -0.0191957 
v -0.000508 -0.0650618 -0.0186756 
v -0.000508 -0.0652753 -0.0181754 
v -0.000508 -0.065541 -0.017701 
v -0.000508 -0.0658559 -0.0172576 
v -0.000508 -0.0662164 -0.0168505 
v -0.000508 -0.0666183 -0.0164842 
v -0.000508 -0.0670571 -0.016163 
v -0.000508 -0.0675277 -0.0158905 
v -0.000508 -0.0680248 -0.0156699 
v -0.000508 -0.0685425 -0.0155037 
v -0.000508 -0.0690751 -0.0153938 
v -0.000508 -0.0696164 -0.0153415 
v -0.000508 -0.0701601 -0.0153473 
v -0.000508 -0.0707002 -0.0154112 
v -0.000508 -0.0712303 -0.0155324 
v 0 -0.0654818 -0.027517 
v 0 -0.0643421 -0.0214482 
v 0 -0.0643345 -0.021391 
v 0 -0.0642633 -0.0208552 
v 0 -0.0642484 -0.0202572 
v 0 -0.0642974 -0.019661 
v 0 -0.0644099 -0.0190735 
v 0 -0.0645846 -0.0185014 
v 0 -0.0648194 -0.0179513 
v 0 -0.0651117 -0.0174294 
v 0 -0.0654581 -0.0169417 
v 0 -0.0658546 -0.0164938 
v 0 -0.0662967 -0.0160909 
v 0 -0.0667794 -0.0157376 
v 0 -0.0672971 -0.0154379 
v 0 -0.0678438 -0.0151952 
v 0 -0.0684134 -0.0150124 
v 0 -0.0689992 -0.0148915 
v 0 -0.0695946 -0.0148339 
v 0 -0.0701927 -0.0148403 
v 0 -0.0707868 -0.0149106 
v 0 -0.0713699 -0.015044 
v 0 -0.0719354 -0.0152389 
v 0 -0.0870948 -0.021391 
v -0.005842 -0.06122 -0.03683 
v -0.005842 -0.06122 -0.04699 
v -0.005842 -0.0611977 -0.0364181 
v -0.005842 -0.0611309 -0.036011 
v -0.005842 -0.0610206 -0.0356135 
v -0.005842 -0.0608679 -0.0352302 
v -0.005842 -0.0606746 -0.0348657 
v -0.005842 -0.0604431 -0.0345243 
v -0.005842 -0.060176 -0.0342099 
v -0.005842 -0.0598765 -0.0339262 
v -0.005842 -0.0595481 -0.0336765 
v -0.005842 -0.0591946 -0.0334638 
v -0.005842 -0.0588202 -0.0332906 
v -0.005842 -0.0584293 -0.0331589 
v -0.005842 -0.0580264 -0.0330702 
v -0.005842 -0.0576163 -0.0330256 
v -0.005842 -0.0572037 -0.0330256 
v -0.005842 -0.0567936 -0.0330702 
v -0.005842 -0.0563907 -0.0331589 
v -0.005842 -0.0559998 -0.0332906 
v -0.005842 -0.0556254 -0.0334638 
v -0.005842 -0.0552719 -0.0336765 
v -0.005842 -0.0549435 -0.0339262 
v -0.005842 -0.054644 -0.0342099 
v -0.005842 -0.0543769 -0.0345243 
v -0.005842 -0.0541454 -0.0348657 
v -0.005842 -0.0539521 -0.0352302 
v -0.005842 -0.0537994 -0.0356135 
v -0.005842 -0.0536891 -0.036011 
v -0.005842 -0.0536223 -0.0364181 
v -0.005842 -0.0536 -0.03683 
v -0.000508 -0.06122 -0.03683 
v -0.000508 -0.06122 -0.04699 
v -0.005842 -0.0536 -0.04699 
v 0 -0.053092 -0.04699 
v -0.000508 -0.0536 -0.04699 
v 0 -0.061728 -0.04699 
v -0.000508 -0.0536 -0.03683 
v -0.000508 -0.0611977 -0.0364181 
v -0.000508 -0.0611309 -0.036011 
v -0.000508 -0.0610206 -0.0356135 
v -0.000508 -0.0608679 -0.0352302 
v -0.000508 -0.0606746 -0.0348657 
v -0.000508 -0.0604431 -0.0345243 
v -0.000508 -0.060176 -0.0342099 
v -0.000508 -0.0598765 -0.0339262 
v -0.000508 -0.0595481 -0.0336765 
v -0.000508 -0.0591946 -0.0334638 
v -0.000508 -0.0588202 -0.0332906 
v -0.000508 -0.0584293 -0.0331589 
v -0.000508 -0.0580264 -0.0330702 
v -0.000508 -0.0576163 -0.0330256 
v -0.000508 -0.0572037 -0.0330256 
v -0.000508 -0.0567936 -0.0330702 
v -0.000508 -0.0563907 -0.0331589 
v -0.000508 -0.0559998 -0.0332906 
v -0.000508 -0.0556254 -0.0334638 
v -0.000508 -0.0552719 -0.0336765 
v -0.000508 -0.0549435 -0.0339262 
v -0.000508 -0.054644 -0.0342099 
v -0.000508 -0.0543769 -0.0345243 
v -0.000508 -0.0541454 -0.0348657 
v -0.000508 -0.0539521 -0.0352302 
v -0.000508 -0.0537994 -0.0356135 
v -0.000508 -0.0536891 -0.036011 
v -0.000508 -0.0536223 -0.0364181 
v 0 -0.061728 -0.0441722 
v 0 -0.061728 -0.0454043 
v 0 -0.061728 -0.03683 
v 0 -0.053092 -0.03683 
v 1.73472e-18 -0.0531173 -0.0363631 
v 1.73472e-18 -0.053193 -0.0359018 
v 1.73472e-18 -0.053318 -0.0354513 
v 1.73472e-18 -0.0534911 -0.0350169 
v 1.73472e-18 -0.0537101 -0.0346038 
v 1.73472e-18 -0.0539725 -0.0342169 
v 1.73472e-18 -0.0542752 -0.0338605 
v 1.73472e-18 -0.0546146 -0.033539 
v 1.73472e-18 -0.0549868 -0.033256 
v 1.73472e-18 -0.0553874 -0.033015 
v 1.73472e-18 -0.0558117 -0.0328187 
v 1.73472e-18 -0.0562548 -0.0326694 
v 1.73472e-18 -0.0567114 -0.0325689 
v 1.73472e-18 -0.0571762 -0.0325183 
v 1.73472e-18 -0.0576438 -0.0325183 
v 1.73472e-18 -0.0581086 -0.0325689 
v 1.73472e-18 -0.0585652 -0.0326694 
v 1.73472e-18 -0.0590083 -0.0328187 
v 1.73472e-18 -0.0594326 -0.033015 
v 1.73472e-18 -0.0598332 -0.033256 
v 1.73472e-18 -0.0602054 -0.033539 
v 1.73472e-18 -0.0605449 -0.0338605 
v 1.73472e-18 -0.0608475 -0.0342169 
v 1.73472e-18 -0.0611099 -0.0346038 
v 1.73472e-18 -0.0613289 -0.0350169 
v 1.73472e-18 -0.061502 -0.0354513 
v 1.73472e-18 -0.061627 -0.0359018 
v 1.73472e-18 -0.0617027 -0.0363631 
v 0 -0.053092 -0.0441722 
v 0 -0.053092 -0.0454043 
v -0.005842 -0.128533 -0.0430657 
v -0.005842 -0.122157 -0.0430657 
v -0.005842 -0.122157 -0.0366903 
v -0.005842 -0.128533 -0.0366903 
v -0.000508 -0.128533 -0.0430657 
v -0.000508 -0.122157 -0.0430657 
v -0.000508 -0.122157 -0.0366903 
v -0.000508 -0.128533 -0.0366903 
v 0 -0.121649 -0.0435737 
v 0 -0.129041 -0.0435737 
v 0 -0.129041 -0.0361823 
v 0 -0.121649 -0.0361823 
v -0.005842 -0.103107 -0.0430657 
v -0.005842 -0.103107 -0.0366903 
v -0.005842 -0.109483 -0.0366903 
v -0.005842 -0.109483 -0.0430657 
v -0.000508 -0.103107 -0.0430657 
v -0.000508 -0.103107 -0.0366903 
v -0.000508 -0.109483 -0.0366903 
v -0.000508 -0.109483 -0.0430657 
v 0 -0.102599 -0.0361823 
v 0 -0.109991 -0.0361823 
v 0 -0.109991 -0.0435737 
v 0 -0.102599 -0.0435737 
v -0.005842 0.000344651 0.00316901 
v -0.005842 0.000685261 0.00311317 
v -0.005842 0.00101784 0.00302083 
v -0.005842 0.00133848 0.00289308 
v -0.005842 0.00164343 0.0027314 
v -0.005842 0.00192911 0.00253771 
v -0.005842 0.00219218 0.00231426 
v -0.005842 0.00242954 0.00206367 
v -0.005842 0.00263842 0.0017889 
v -0.005842 0.00281637 0.00149315 
v -0.005842 0.0029613 0.00117989 
v -0.005842 0.00307151 0.0008528 
v -0.005842 0.00314571 0.000515712 
v -0.005842 0.00318302 0.000172579 
v -0.005842 0.00318302 -0.000172579 
v -0.005842 0.00314571 -0.000515712 
v -0.005842 0.00307151 -0.0008528 
v -0.005842 0.0029613 -0.00117989 
v -0.005842 0.00281637 -0.00149315 
v -0.005842 0.00263842 -0.0017889 
v -0.005842 0.00242954 -0.00206367 
v -0.005842 0.00219218 -0.00231426 
v -0.005842 0.00192911 -0.00253771 
v -0.005842 0.00164343 -0.0027314 
v -0.005842 0.00133848 -0.00289308 
v -0.005842 0.00101784 -0.00302083 
v -0.005842 0.000685261 -0.00311317 
v -0.005842 0.000344651 -0.00316901 
v -0.005842 3.90381e-19 -0.0031877 
v -0.005842 -0.000344651 -0.00316901 
v -0.005842 -0.000685261 -0.00311317 
v -0.005842 -0.00101784 -0.00302083 
v -0.005842 -0.00133848 -0.00289308 
v -0.005842 -0.00164343 -0.0027314 
v -0.005842 -0.00192911 -0.00253771 
v -0.005842 -0.00219218 -0.00231426 
v -0.005842 -0.00242954 -0.00206367 
v -0.005842 -0.00263842 -0.0017889 
v -0.005842 -0.00281637 -0.00149315 
v -0.005842 -0.0029613 -0.00117989 
v -0.005842 -0.00307151 -0.0008528 
v -0.005842 -0.00314571 -0.000515712 
v -0.005842 -0.00318302 -0.000172579 
v -0.005842 -0.00318302 0.000172579 
v -0.005842 -0.00314571 0.000515712 
v -0.005842 -0.00307151 0.0008528 
v -0.005842 -0.0029613 0.00117989 
v -0.005842 -0.00281637 0.00149315 
v -0.005842 -0.00263842 0.0017889 
v -0.005842 -0.00242954 0.00206367 
v -0.005842 -0.00219218 0.00231426 
v -0.005842 -0.00192911 0.00253771 
v -0.005842 -0.00164343 0.0027314 
v -0.005842 -0.00133848 0.00289308 
v -0.005842 -0.00101784 0.00302083 
v -0.005842 -0.000685261 0.00311317 
v -0.005842 -0.000344651 0.00316901 
v -0.005842 -7.80761e-19 0.0031877 
v -0.000508 -0.000344651 -0.00316901 
v -0.000508 0 -0.0031877 
v -0.000508 -0.000685261 -0.00311317 
v -0.000508 -0.00101784 -0.00302083 
v -0.000508 -0.00133848 -0.00289308 
v -0.000508 -0.00164343 -0.0027314 
v -0.000508 -0.00192911 -0.00253771 
v -0.000508 -0.00219218 -0.00231426 
v -0.000508 -0.00242954 -0.00206367 
v -0.000508 -0.00263842 -0.0017889 
v -0.000508 -0.00281637 -0.00149315 
v -0.000508 -0.0029613 -0.00117989 
v -0.000508 -0.00307151 -0.0008528 
v -0.000508 -0.00314571 -0.000515712 
v -0.000508 -0.00318302 -0.000172579 
v -0.000508 -0.00318302 0.000172579 
v -0.000508 -0.00314571 0.000515712 
v -0.000508 -0.00307151 0.0008528 
v -0.000508 -0.0029613 0.00117989 
v -0.000508 -0.00281637 0.00149315 
v -0.000508 -0.00263842 0.0017889 
v -0.000508 -0.00242954 0.00206367 
v -0.000508 -0.00219218 0.00231426 
v -0.000508 -0.00192911 0.00253771 
v -0.000508 -0.00164343 0.0027314 
v -0.000508 -0.00133848 0.00289308 
v -0.000508 -0.00101784 0.00302083 
v -0.000508 -0.000685261 0.00311317 
v -0.000508 -0.000344651 0.00316901 
v -0.000508 -2.44087e-18 0.0031877 
v -0.000508 0.000344651 0.00316901 
v -0.000508 0.000685261 0.00311317 
v -0.000508 0.00101784 0.00302083 
v -0.000508 0.00133848 0.00289308 
v -0.000508 0.00164343 0.0027314 
v -0.000508 0.00192911 0.00253771 
v -0.000508 0.00219218 0.00231426 
v -0.000508 0.00242954 0.00206367 
v -0.000508 0.00263842 0.0017889 
v -0.000508 0.00281637 0.00149315 
v -0.000508 0.0029613 0.00117989 
v -0.000508 0.00307151 0.0008528 
v -0.000508 0.00314571 0.000515712 
v -0.000508 0.00318302 0.000172579 
v -0.000508 0.00318302 -0.000172579 
v -0.000508 0.00314571 -0.000515712 
v -0.000508 0.00307151 -0.0008528 
v -0.000508 0.0029613 -0.00117989 
v -0.000508 0.00281637 -0.00149315 
v -0.000508 0.00263842 -0.0017889 
v -0.000508 0.00242954 -0.00206367 
v -0.000508 0.00219218 -0.00231426 
v -0.000508 0.00192911 -0.00253771 
v -0.000508 0.00164343 -0.0027314 
v -0.000508 0.00133848 -0.00289308 
v -0.000508 0.00101784 -0.00302083 
v -0.000508 0.000685261 -0.00311317 
v -0.000508 0.000344651 -0.00316901 
v 0 -9.05185e-19 -0.0036957 
v 0 0.000399575 -0.00367404 
v 0 0.000794466 -0.0036093 
v 0 0.00118004 -0.00350224 
v 0 0.00134793 -0.00343535 
v 0 0.00155178 -0.00335413 
v 0 0.00190533 -0.00316669 
v 0 0.00223654 -0.00294212 
v 0 0.00254153 -0.00268306 
v 0 0.00281672 -0.00239255 
v 0 0.00305889 -0.00207398 
v 0 0.0032652 -0.0017311 
v 0 0.00343322 -0.00136792 
v 0 0.00356099 -0.000988704 
v 0 0.00364701 -0.000597898 
v 0 0.00369028 -0.000200081 
v 0 0.00369028 0.000200081 
v 0 0.00364701 0.000597898 
v 0 0.00356099 0.000988704 
v 0 0.00343322 0.00136792 
v 0 0.0032652 0.0017311 
v 0 0.00305889 0.00207398 
v 0 0.00281672 0.00239255 
v 0 0.00254153 0.00268306 
v 0 0.00223654 0.00294212 
v 0 0.00190533 0.00316669 
v 0 0.00155178 0.00335413 
v 0 0.00118004 0.00350224 
v 0 0.000794466 0.0036093 
v 0 0.000399575 0.00367404 
v 0 -2.82985e-18 0.0036957 
v 0 -0.000399575 0.00367404 
v 0 -0.000794466 0.0036093 
v 0 -0.00118004 0.00350224 
v 0 -0.00155178 0.00335413 
v 0 -0.00190533 0.00316669 
v 0 -0.00223654 0.00294212 
v 0 -0.00254153 0.00268306 
v 0 -0.00281672 0.00239255 
v 0 -0.00305889 0.00207398 
v 0 -0.0032652 0.0017311 
v 0 -0.00343322 0.00136792 
v 0 -0.00356099 0.000988704 
v 0 -0.00364701 0.000597898 
v 0 -0.00369028 0.000200081 
v 0 -0.00369028 -0.000200081 
v 0 -0.00364701 -0.000597898 
v 0 -0.00356099 -0.000988704 
v 0 -0.00343322 -0.00136792 
v 0 -0.0032652 -0.0017311 
v 0 -0.00305889 -0.00207398 
v 0 -0.00281672 -0.00239255 
v 0 -0.00254153 -0.00268306 
v 0 -0.00223654 -0.00294212 
v 0 -0.00190533 -0.00316669 
v 0 -0.00155178 -0.00335413 
v 0 -0.00134793 -0.00343535 
v 0 -0.00118004 -0.00350224 
v 0 -0.000794466 -0.0036093 
v 0 -0.000399575 -0.00367404 
v 0 -0.0367919 -0.0443549 
v 0 -0.0370614 -0.0441722 
v 0 -0.03453 -0.0454043 
v 0 -0.0356671 -0.0449513 
v 0 -0.0396915 -0.041892 
v 0 -0.040462 -0.0408784 
v 0 -0.038816 -0.0428163 
v 0 -0.0378456 -0.0436405 
v 0 -0.0411183 -0.0397875 
v 0 -0.0416529 -0.0386321 
v 0 -0.0420594 -0.0311344 
v 0 -0.0418815 -0.0306063 
v 0 -0.0424708 -0.0336434 
v 0 -0.0423331 -0.0323778 
v 0 -0.0424708 -0.0349166 
v 0 -0.0423331 -0.0361822 
v 0 -0.0418815 -0.0379537 
v 0 -0.0420594 -0.0374256 
v 0 -0.0416529 -0.0299279 
v 0 -0.0411183 -0.0287725 
v 0 -0.040462 -0.0276816 
v 0 -0.03073 -0.022522 
v 0 -0.0294587 -0.0225909 
v 0 -0.0378456 -0.0249195 
v 0 -0.0367919 -0.0242051 
v 0 -0.0282024 -0.0227969 
v 0 -0.0332576 -0.0227969 
v 0 -0.0320013 -0.0225909 
v 0 -0.0356671 -0.0236087 
v 0 -0.0344843 -0.0231375 
v 0 -0.038816 -0.0257437 
v 0 -0.0217685 -0.026668 
v 0 -0.0211231 -0.027517 
v 0 -0.0246681 -0.0242051 
v 0 -0.0236144 -0.0249195 
v 0 -0.0269757 -0.0231375 
v 0 -0.0257929 -0.0236087 
v 0 -0.0403369 -0.027517 
v 0 -0.022644 -0.0257437 
v 0 -0.0396915 -0.026668 
v 0 -0.0217685 -0.041892 
v 0 -0.022644 -0.0428163 
v 0 -0.0189892 -0.0349166 
v 0 -0.0191269 -0.0361822 
v 0 -0.0236144 -0.0436405 
v 0 -0.0194006 -0.0374256 
v 0 -0.0189892 -0.0336434 
v 0 -0.020998 -0.0408784 
v 0 -0.0198071 -0.0386321 
v 0 -0.0203417 -0.0397875 
v 0 -0.0194006 -0.0311344 
v 0 -0.0191269 -0.0323778 
v 0 -0.0203417 -0.0287725 
v 0 -0.0198071 -0.0299279 
v 0 -0.020998 -0.0276816 
v 0 -0.0243986 -0.0441722 
v 0 -0.0246681 -0.0443549 
v 0 -0.0257929 -0.0449513 
v 0 -0.0294587 -0.0459691 
v 0 -0.03073 -0.046038 
v 0 -0.0282024 -0.0457631 
v 0 -0.0320013 -0.0459691 
v 0 -0.0332576 -0.0457631 
v 0 -0.02693 -0.0454043 
v 0 -0.0269757 -0.0454225 
v 0 -0.0344843 -0.0454225 
v 0 -0.050421 -0.053971 
v 0 -0.043619 -0.053971 
v 0 -0.0418815 -0.053971 
v 0 -0.0178946 -0.053971 
v 0 -0.0167636 -0.053971 
v 0 -0.043619 -0.047645 
v 0 -0.050421 -0.047645 
v 0 -0.0418815 -0.047645 
v 0 -0.0178946 -0.047645 
v 0 -0.00870285 -0.053971 
v 0 -0.00870285 -0.047645 
v 0 -0.0167636 -0.047645 
v 0 -0.1345 -0.0454043 
v 0 -0.1345 -0.047645 
v 0 -0.11582 -0.047645 
v 0 -0.11582 -0.0454043 
v 0 -0.0980273 -0.047645 
v 0 -0.050421 -0.0454043 
v 0 -0.043619 -0.0454043 
v 0 -0.0178946 -0.0454043 
v 0 -0.0167636 -0.0454043 
v 0 -0.144786 -0.0441722 
v 0 -0.144786 -0.0454043 
v 0 -0.1345 -0.0441722 
v 0 -0.11582 -0.0441722 
v 0 -0.0980273 -0.0454043 
v 0 -0.050421 -0.0441722 
v 0 -0.043619 -0.0441722 
v 0 -0.0418815 -0.0454043 
v 0 -0.0178946 -0.0441722 
v 0 -0.0167636 -0.0441722 
v 0 -0.00870285 -0.0454043 
v 0 -0.0980273 -0.0441722 
v 0 -0.0980273 -0.027517 
v 0 -0.11582 -0.027517 
v 0 -0.050421 -0.027517 
v 0 -0.0178946 -0.027517 
v 0 -0.0167636 -0.027517 
v 0 -0.00870285 -0.0441722 
v 0 -0.050421 -0.021391 
v 0 -0.043619 -0.027517 
v 0 -0.043619 -0.021391 
v 0 -0.0418815 -0.027517 
v 0 -0.0178946 -0.021391 
v 0 -0.0167636 -0.021391 
v 0 -0.00870285 -0.027517 
v 0 -0.043619 -0.00926224 
v 0 -0.050421 -0.00926224 
v 0 -0.0418815 -0.021391 
v 0 -0.0418815 -0.00926224 
v 0 -0.050421 -0.00343535 
v 0 -0.043619 -0.00343535 
v 0 -0.0418815 -0.00343535 
v 0 -0.0178946 -0.00926224 
v 0 -0.0178946 -0.00343535 
v 0 -0.0167636 -0.00926224 
v 0 -0.0167636 -0.00343535 
v 0 -0.00870285 -0.00926224 
v 0 -0.00870285 -0.00343535 
v 0 -0.0418815 -0.0441722 
v 0 -0.0980273 -0.021391 
v 0 -0.00870285 -0.021391 
v -0.005842 -0.0295137 -0.0230959 
v -0.005842 -0.0283116 -0.023293 
v -0.005842 -0.0271379 -0.0236189 
v -0.005842 -0.0260062 -0.0240698 
v -0.005842 -0.02493 -0.0246404 
v -0.005842 -0.0239218 -0.025324 
v -0.005842 -0.0229934 -0.0261126 
v -0.005842 -0.0221557 -0.0269969 
v -0.005842 -0.0214185 -0.0279666 
v -0.005842 -0.0207905 -0.0290104 
v -0.005842 -0.020279 -0.0301159 
v -0.005842 -0.0198901 -0.0312703 
v -0.005842 -0.0196282 -0.03246 
v -0.005842 -0.0194965 -0.0336709 
v -0.005842 -0.0194965 -0.0348891 
v -0.005842 -0.0196282 -0.0361 
v -0.005842 -0.0198901 -0.0372897 
v -0.005842 -0.020279 -0.0384441 
v -0.005842 -0.0207905 -0.0395496 
v -0.005842 -0.0214185 -0.0405934 
v -0.005842 -0.0221557 -0.0415631 
v -0.005842 -0.0229934 -0.0424474 
v -0.005842 -0.0239218 -0.043236 
v -0.005842 -0.02493 -0.0439196 
v -0.005842 -0.0260062 -0.0444902 
v -0.005842 -0.0271379 -0.0449411 
v -0.005842 -0.0283116 -0.045267 
v -0.005842 -0.0295137 -0.0454641 
v -0.005842 -0.03073 -0.04553 
v -0.005842 -0.0319463 -0.0454641 
v -0.005842 -0.0331484 -0.045267 
v -0.005842 -0.0343221 -0.0449411 
v -0.005842 -0.0354538 -0.0444902 
v -0.005842 -0.03653 -0.0439196 
v -0.005842 -0.0375382 -0.043236 
v -0.005842 -0.0384666 -0.0424474 
v -0.005842 -0.0393043 -0.0415631 
v -0.005842 -0.0400415 -0.0405934 
v -0.005842 -0.0406695 -0.0395496 
v -0.005842 -0.041181 -0.0384441 
v -0.005842 -0.0415699 -0.0372897 
v -0.005842 -0.0418318 -0.0361 
v -0.005842 -0.0419635 -0.0348891 
v -0.005842 -0.0419635 -0.0336709 
v -0.005842 -0.0418318 -0.03246 
v -0.005842 -0.0415699 -0.0312703 
v -0.005842 -0.041181 -0.0301159 
v -0.005842 -0.0406695 -0.0290104 
v -0.005842 -0.0400415 -0.0279666 
v -0.005842 -0.0393043 -0.0269969 
v -0.005842 -0.0384666 -0.0261126 
v -0.005842 -0.0375382 -0.025324 
v -0.005842 -0.03653 -0.0246404 
v -0.005842 -0.0354538 -0.0240698 
v -0.005842 -0.0343221 -0.0236189 
v -0.005842 -0.0331484 -0.023293 
v -0.005842 -0.0319463 -0.0230959 
v -0.005842 -0.03073 -0.02303 
v -0.000508 -0.0319463 -0.0454641 
v -0.000508 -0.03073 -0.04553 
v -0.000508 -0.0331484 -0.045267 
v -0.000508 -0.0343221 -0.0449411 
v -0.000508 -0.0354538 -0.0444902 
v -0.000508 -0.03653 -0.0439196 
v -0.000508 -0.0375382 -0.043236 
v -0.000508 -0.0384666 -0.0424474 
v -0.000508 -0.0393043 -0.0415631 
v -0.000508 -0.0400415 -0.0405934 
v -0.000508 -0.0406695 -0.0395496 
v -0.000508 -0.041181 -0.0384441 
v -0.000508 -0.0415699 -0.0372897 
v -0.000508 -0.0418318 -0.0361 
v -0.000508 -0.0419635 -0.0348891 
v -0.000508 -0.0419635 -0.0336709 
v -0.000508 -0.0418318 -0.03246 
v -0.000508 -0.0415699 -0.0312703 
v -0.000508 -0.041181 -0.0301159 
v -0.000508 -0.0406695 -0.0290104 
v -0.000508 -0.0400415 -0.0279666 
v -0.000508 -0.0393043 -0.0269969 
v -0.000508 -0.0384666 -0.0261126 
v -0.000508 -0.0375382 -0.025324 
v -0.000508 -0.03653 -0.0246404 
v -0.000508 -0.0354538 -0.0240698 
v -0.000508 -0.0343221 -0.0236189 
v -0.000508 -0.0331484 -0.023293 
v -0.000508 -0.0319463 -0.0230959 
v -0.000508 -0.03073 -0.02303 
v -0.000508 -0.0295137 -0.0230959 
v -0.000508 -0.0283116 -0.023293 
v -0.000508 -0.0271379 -0.0236189 
v -0.000508 -0.0260062 -0.0240698 
v -0.000508 -0.02493 -0.0246404 
v -0.000508 -0.0239218 -0.025324 
v -0.000508 -0.0229934 -0.0261126 
v -0.000508 -0.0221557 -0.0269969 
v -0.000508 -0.0214185 -0.0279666 
v -0.000508 -0.0207905 -0.0290104 
v -0.000508 -0.020279 -0.0301159 
v -0.000508 -0.0198901 -0.0312703 
v -0.000508 -0.0196282 -0.03246 
v -0.000508 -0.0194965 -0.0336709 
v -0.000508 -0.0194965 -0.0348891 
v -0.000508 -0.0196282 -0.0361 
v -0.000508 -0.0198901 -0.0372897 
v -0.000508 -0.020279 -0.0384441 
v -0.000508 -0.0207905 -0.0395496 
v -0.000508 -0.0214185 -0.0405934 
v -0.000508 -0.0221557 -0.0415631 
v -0.000508 -0.0229934 -0.0424474 
v -0.000508 -0.0239218 -0.043236 
v -0.000508 -0.02493 -0.0439196 
v -0.000508 -0.0260062 -0.0444902 
v -0.000508 -0.0271379 -0.0449411 
v -0.000508 -0.0283116 -0.045267 
v -0.000508 -0.0295137 -0.0454641 
vn 0 0.108119 0.994138 
vn 0 2.44929e-16 1 
vn 0 0.21497 0.976621 
vn 0 0.108119 0.994138 
vn 0 0.319302 0.947653 
vn 0 0.21497 0.976621 
vn 0 0.419889 0.907575 
vn 0 0.319302 0.947653 
vn 0 0.515554 0.856857 
vn 0 0.419889 0.907575 
vn 0 0.605174 0.796093 
vn 0 0.515554 0.856857 
vn 0 0.687699 0.725995 
vn 0 0.605174 0.796093 
vn 0 0.762162 0.647386 
vn 0 0.687699 0.725995 
vn 0 0.827689 0.561187 
vn 0 0.762162 0.647386 
vn 0 0.883512 0.468408 
vn 0 0.827689 0.561187 
vn 0 0.928977 0.370138 
vn 0 0.883512 0.468408 
vn 0 0.96355 0.267528 
vn 0 0.928977 0.370138 
vn 0 0.986827 0.161782 
vn 0 0.96355 0.267528 
vn 0 0.998533 0.0541389 
vn 0 0.986827 0.161782 
vn 0 0.998533 -0.0541389 
vn 0 0.998533 0.0541389 
vn 0 0.986827 -0.161782 
vn 0 0.998533 -0.0541389 
vn 0 0.96355 -0.267528 
vn 0 0.986827 -0.161782 
vn 0 0.928977 -0.370138 
vn 0 0.96355 -0.267528 
vn 0 0.883512 -0.468408 
vn 0 0.928977 -0.370138 
vn 0 0.827689 -0.561187 
vn 0 0.883512 -0.468408 
vn 0 0.762162 -0.647386 
vn 0 0.827689 -0.561187 
vn 0 0.687699 -0.725995 
vn 0 0.762162 -0.647386 
vn 0 0.605174 -0.796093 
vn 0 0.687699 -0.725995 
vn 0 0.515554 -0.856857 
vn 0 0.605174 -0.796093 
vn 0 0.419889 -0.907575 
vn 0 0.515554 -0.856857 
vn 0 0.319302 -0.947653 
vn 0 0.419889 -0.907575 
vn 0 0.21497 -0.976621 
vn 0 0.319302 -0.947653 
vn 0 0.108119 -0.994138 
vn 0 0.21497 -0.976621 
vn 0 -1.22465e-16 -1 
vn 0 0.108119 -0.994138 
vn 0 -0.108119 -0.994138 
vn 0 -1.22465e-16 -1 
vn 0 -0.21497 -0.976621 
vn 0 -0.108119 -0.994138 
vn 0 -0.319302 -0.947653 
vn 0 -0.21497 -0.976621 
vn 0 -0.419889 -0.907575 
vn 0 -0.319302 -0.947653 
vn 0 -0.515554 -0.856857 
vn 0 -0.419889 -0.907575 
vn 0 -0.605174 -0.796093 
vn 0 -0.515554 -0.856857 
vn 0 -0.687699 -0.725995 
vn 0 -0.605174 -0.796093 
vn 0 -0.762162 -0.647386 
vn 0 -0.687699 -0.725995 
vn 0 -0.827689 -0.561187 
vn 0 -0.762162 -0.647386 
vn 0 -0.883512 -0.468408 
vn 0 -0.827689 -0.561187 
vn 0 -0.928977 -0.370138 
vn 0 -0.883512 -0.468408 
vn 0 -0.96355 -0.267528 
vn 0 -0.928977 -0.370138 
vn 0 -0.986827 -0.161782 
vn 0 -0.96355 -0.267528 
vn 0 -0.998533 -0.0541389 
vn 0 -0.986827 -0.161782 
vn 0 -0.998533 0.0541389 
vn 0 -1 3.06162e-16 
vn 0 -0.998533 -0.0541389 
vn 0 -0.986827 0.161782 
vn 0 -0.998533 0.0541389 
vn 0 -0.96355 0.267528 
vn 0 -0.986827 0.161782 
vn 0 -0.928977 0.370138 
vn 0 -0.96355 0.267528 
vn 0 -0.883512 0.468408 
vn 0 -0.928977 0.370138 
vn 0 -0.827689 0.561187 
vn 0 -0.883512 0.468408 
vn 0 -0.762162 0.647386 
vn 0 -0.827689 0.561187 
vn 0 -0.687699 0.725995 
vn 0 -0.762162 0.647386 
vn 0 -0.605174 0.796093 
vn 0 -0.687699 0.725995 
vn 0 -0.515554 0.856857 
vn 0 -0.605174 0.796093 
vn 0 -0.419889 0.907575 
vn 0 -0.515554 0.856857 
vn 0 -0.319302 0.947653 
vn 0 -0.419889 0.907575 
vn 0 -0.21497 0.976621 
vn 0 -0.319302 0.947653 
vn 0 -0.108119 0.994138 
vn 0 -0.21497 0.976621 
vn -1 0 0 
vn 0 1.22465e-16 1 
vn 0 0.74461 -0.667499 
vn 0 0.981526 -0.191331 
vn 0 0.996495 -0.0836582 
vn 0 0.954957 -0.296743 
vn 0 0.981526 -0.191331 
vn 0 0.917104 -0.398648 
vn 0 0.954957 -0.296743 
vn 0 0.868413 -0.495842 
vn 0 0.917104 -0.398648 
vn 0 0.809459 -0.587176 
vn 0 0.868413 -0.495842 
vn 0 0.74094 -0.671571 
vn 0 0.809459 -0.587176 
vn 0 0.663664 -0.748031 
vn 0 0.74094 -0.671571 
vn 0 0.578546 -0.81565 
vn 0 0.663664 -0.748031 
vn 0 0.486591 -0.87363 
vn 0 0.578546 -0.81565 
vn 0 0.388885 -0.921286 
vn 0 0.486591 -0.87363 
vn 0 0.286584 -0.958055 
vn 0 0.388885 -0.921286 
vn 0 0.180896 -0.983502 
vn 0 0.286584 -0.958055 
vn 0 0.0730701 -0.997327 
vn 0 0.180896 -0.983502 
vn 0 -0.0356191 -0.999365 
vn 0 0.0730701 -0.997327 
vn 0 -0.143887 -0.989594 
vn 0 -0.0356191 -0.999365 
vn 0 -0.250455 -0.968128 
vn 0 -0.143887 -0.989594 
vn 0 -0.354063 -0.935221 
vn 0 -0.250455 -0.968128 
vn 0 -0.453487 -0.891263 
vn 0 -0.354063 -0.935221 
vn 0 -0.547552 -0.836772 
vn 0 -0.453487 -0.891263 
vn 0 -0.635146 -0.772392 
vn 0 -0.547552 -0.836772 
vn 0 -0.715235 -0.698884 
vn 0 -0.635146 -0.772392 
vn 0 -0.786871 -0.617118 
vn 0 -0.715235 -0.698884 
vn 0 -0.849208 -0.528058 
vn 0 -0.786871 -0.617118 
vn 0 -0.90151 -0.432759 
vn 0 -0.849208 -0.528058 
vn 0 -0.943158 -0.332345 
vn 0 -0.90151 -0.432759 
vn 0 -0.97366 -0.228004 
vn 0 -0.943158 -0.332345 
vn 0 -0.992656 -0.120968 
vn 0 -0.97366 -0.228004 
vn 0 -0.999922 -0.0125026 
vn 0 -0.992656 -0.120968 
vn 0 -0.995371 0.0961104 
vn 0 -0.999922 -0.0125026 
vn 0 -0.979057 0.203588 
vn 0 -0.995371 0.0961104 
vn 0 -0.951173 0.308659 
vn 0 -0.979057 0.203588 
vn 0 -0.912048 0.410083 
vn 0 -0.951173 0.308659 
vn 0 -0.862146 0.50666 
vn 0 -0.912048 0.410083 
vn 0 -0.802055 0.59725 
vn 0 -0.862146 0.50666 
vn 0 -0.732486 0.680783 
vn 0 -0.802055 0.59725 
vn 0 -0.65426 0.75627 
vn 0 -0.732486 0.680783 
vn 0 -0.568303 0.822819 
vn 0 -0.65426 0.75627 
vn 0 -0.47563 0.879645 
vn 0 -0.568303 0.822819 
vn 0 -0.377336 0.926076 
vn 0 -0.47563 0.879645 
vn 0 -0.274583 0.961563 
vn 0 -0.377336 0.926076 
vn 0 -0.168585 0.985687 
vn 0 -0.274583 0.961563 
vn 0 -0.0605953 0.998162 
vn 0 -0.168585 0.985687 
vn 0 0.0481109 0.998842 
vn 0 -0.0605953 0.998162 
vn 0 0.156249 0.987718 
vn 0 0.0481109 0.998842 
vn 0 0.26254 0.964921 
vn 0 0.156249 0.987718 
vn 0 0.365728 0.930722 
vn 0 0.26254 0.964921 
vn 0 0.464595 0.885523 
vn 0 0.365728 0.930722 
vn 0 0.557971 0.82986 
vn 0 0.464595 0.885523 
vn 0 0.644754 0.76439 
vn 0 0.557971 0.82986 
vn 0 0.723917 0.689887 
vn 0 0.644754 0.76439 
vn 0 0.794525 0.607232 
vn 0 0.723917 0.689887 
vn 0 0.855744 0.5174 
vn 0 0.794525 0.607232 
vn 0 0.90685 0.421454 
vn 0 0.855744 0.5174 
vn 0 0.947239 0.320527 
vn 0 0.90685 0.421454 
vn 0 0.976435 0.215812 
vn 0 0.947239 0.320527 
vn 0 0.994091 0.108548 
vn 0 0.976435 0.215812 
vn 0 1 -1.83697e-16 
vn 0 0.994091 0.108548 
vn 0 0.108119 0.994138 
vn 0 2.44929e-16 1 
vn 0 0.21497 0.976621 
vn 0 0.108119 0.994138 
vn 0 0.319302 0.947653 
vn 0 0.21497 0.976621 
vn 0 0.419889 0.907575 
vn 0 0.319302 0.947653 
vn 0 0.515554 0.856857 
vn 0 0.419889 0.907575 
vn 0 0.605174 0.796093 
vn 0 0.515554 0.856857 
vn 0 0.687699 0.725995 
vn 0 0.605174 0.796093 
vn 0 0.762162 0.647386 
vn 0 0.687699 0.725995 
vn 0 0.827689 0.561187 
vn 0 0.762162 0.647386 
vn 0 0.883512 0.468408 
vn 0 0.827689 0.561187 
vn 0 0.928977 0.370138 
vn 0 0.883512 0.468408 
vn 0 0.96355 0.267528 
vn 0 0.928977 0.370138 
vn 0 0.986827 0.161782 
vn 0 0.96355 0.267528 
vn 0 0.998533 0.0541389 
vn 0 0.986827 0.161782 
vn 0 0.998533 -0.0541389 
vn 0 0.998533 0.0541389 
vn 0 0.986827 -0.161782 
vn 0 0.998533 -0.0541389 
vn 0 0.96355 -0.267528 
vn 0 0.986827 -0.161782 
vn 0 0.928977 -0.370138 
vn 0 0.96355 -0.267528 
vn 0 0.883512 -0.468408 
vn 0 0.928977 -0.370138 
vn 0 0.827689 -0.561187 
vn 0 0.883512 -0.468408 
vn 0 0.762162 -0.647386 
vn 0 0.827689 -0.561187 
vn 0 0.687699 -0.725995 
vn 0 0.762162 -0.647386 
vn 0 0.605174 -0.796093 
vn 0 0.687699 -0.725995 
vn 0 0.515554 -0.856857 
vn 0 0.605174 -0.796093 
vn 0 0.419889 -0.907575 
vn 0 0.515554 -0.856857 
vn 0 0.319302 -0.947653 
vn 0 0.419889 -0.907575 
vn 0 0.21497 -0.976621 
vn 0 0.319302 -0.947653 
vn 0 0.108119 -0.994138 
vn 0 0.21497 -0.976621 
vn 0 -1.22465e-16 -1 
vn 0 0.108119 -0.994138 
vn 0 -0.108119 -0.994138 
vn 0 -1.22465e-16 -1 
vn 0 -0.21497 -0.976621 
vn 0 -0.108119 -0.994138 
vn 0 -0.319302 -0.947653 
vn 0 -0.21497 -0.976621 
vn 0 -0.419889 -0.907575 
vn 0 -0.319302 -0.947653 
vn 0 -0.515554 -0.856857 
vn 0 -0.419889 -0.907575 
vn 0 -0.605174 -0.796093 
vn 0 -0.515554 -0.856857 
vn 0 -0.687699 -0.725995 
vn 0 -0.605174 -0.796093 
vn 0 -0.762162 -0.647386 
vn 0 -0.687699 -0.725995 
vn 0 -0.827689 -0.561187 
vn 0 -0.762162 -0.647386 
vn 0 -0.883512 -0.468408 
vn 0 -0.827689 -0.561187 
vn 0 -0.928977 -0.370138 
vn 0 -0.883512 -0.468408 
vn 0 -0.96355 -0.267528 
vn 0 -0.928977 -0.370138 
vn 0 -0.986827 -0.161782 
vn 0 -0.96355 -0.267528 
vn 0 -0.998533 -0.0541389 
vn 0 -0.986827 -0.161782 
vn 0 -0.998533 0.0541389 
vn 0 -1 3.06162e-16 
vn 0 -0.998533 -0.0541389 
vn 0 -0.986827 0.161782 
vn 0 -0.998533 0.0541389 
vn 0 -0.96355 0.267528 
vn 0 -0.986827 0.161782 
vn 0 -0.928977 0.370138 
vn 0 -0.96355 0.267528 
vn 0 -0.883512 0.468408 
vn 0 -0.928977 0.370138 
vn 0 -0.827689 0.561187 
vn 0 -0.883512 0.468408 
vn 0 -0.762162 0.647386 
vn 0 -0.827689 0.561187 
vn 0 -0.687699 0.725995 
vn 0 -0.762162 0.647386 
vn 0 -0.605174 0.796093 
vn 0 -0.687699 0.725995 
vn 0 -0.515554 0.856857 
vn 0 -0.605174 0.796093 
vn 0 -0.419889 0.907575 
vn 0 -0.515554 0.856857 
vn 0 -0.319302 0.947653 
vn 0 -0.419889 0.907575 
vn 0 -0.21497 0.976621 
vn 0 -0.319302 0.947653 
vn 0 -0.108119 0.994138 
vn 0 -0.21497 0.976621 
vn 0 0.108119 0.994138 
vn 0 2.44929e-16 1 
vn 0 0.21497 0.976621 
vn 0 0.108119 0.994138 
vn 0 0.319302 0.947653 
vn 0 0.21497 0.976621 
vn 0 0.419889 0.907575 
vn 0 0.319302 0.947653 
vn 0 0.515554 0.856857 
vn 0 0.419889 0.907575 
vn 0 0.605174 0.796093 
vn 0 0.515554 0.856857 
vn 0 0.687699 0.725995 
vn 0 0.605174 0.796093 
vn 0 0.762162 0.647386 
vn 0 0.687699 0.725995 
vn 0 0.827689 0.561187 
vn 0 0.762162 0.647386 
vn 0 0.883512 0.468408 
vn 0 0.827689 0.561187 
vn 0 0.928977 0.370138 
vn 0 0.883512 0.468408 
vn 0 0.96355 0.267528 
vn 0 0.928977 0.370138 
vn 0 0.986827 0.161782 
vn 0 0.96355 0.267528 
vn 0 0.998533 0.0541389 
vn 0 0.986827 0.161782 
vn 0 0.998533 -0.0541389 
vn 0 0.998533 0.0541389 
vn 0 0.986827 -0.161782 
vn 0 0.998533 -0.0541389 
vn 0 0.96355 -0.267528 
vn 0 0.986827 -0.161782 
vn 0 0.928977 -0.370138 
vn 0 0.96355 -0.267528 
vn 0 0.883512 -0.468408 
vn 0 0.928977 -0.370138 
vn 0 0.827689 -0.561187 
vn 0 0.883512 -0.468408 
vn 0 0.762162 -0.647386 
vn 0 0.827689 -0.561187 
vn 0 0.687699 -0.725995 
vn 0 0.762162 -0.647386 
vn 0 0.605174 -0.796093 
vn 0 0.687699 -0.725995 
vn 0 0.515554 -0.856857 
vn 0 0.605174 -0.796093 
vn 0 0.419889 -0.907575 
vn 0 0.515554 -0.856857 
vn 0 0.319302 -0.947653 
vn 0 0.419889 -0.907575 
vn 0 0.21497 -0.976621 
vn 0 0.319302 -0.947653 
vn 0 0.108119 -0.994138 
vn 0 0.21497 -0.976621 
vn 0 -1.22465e-16 -1 
vn 0 0.108119 -0.994138 
vn 0 -0.108119 -0.994138 
vn 0 -1.22465e-16 -1 
vn 0 -0.21497 -0.976621 
vn 0 -0.108119 -0.994138 
vn 0 -0.319302 -0.947653 
vn 0 -0.21497 -0.976621 
vn 0 -0.419889 -0.907575 
vn 0 -0.319302 -0.947653 
vn 0 -0.515554 -0.856857 
vn 0 -0.419889 -0.907575 
vn 0 -0.605174 -0.796093 
vn 0 -0.515554 -0.856857 
vn 0 -0.687699 -0.725995 
vn 0 -0.605174 -0.796093 
vn 0 -0.762162 -0.647386 
vn 0 -0.687699 -0.725995 
vn 0 -0.827689 -0.561187 
vn 0 -0.762162 -0.647386 
vn 0 -0.883512 -0.468408 
vn 0 -0.827689 -0.561187 
vn 0 -0.928977 -0.370138 
vn 0 -0.883512 -0.468408 
vn 0 -0.96355 -0.267528 
vn 0 -0.928977 -0.370138 
vn 0 -0.986827 -0.161782 
vn 0 -0.96355 -0.267528 
vn 0 -0.998533 -0.0541389 
vn 0 -0.986827 -0.161782 
vn 0 -0.998533 0.0541389 
vn 0 -1 3.06162e-16 
vn 0 -0.998533 -0.0541389 
vn 0 -0.986827 0.161782 
vn 0 -0.998533 0.0541389 
vn 0 -0.96355 0.267528 
vn 0 -0.986827 0.161782 
vn 0 -0.928977 0.370138 
vn 0 -0.96355 0.267528 
vn 0 -0.883512 0.468408 
vn 0 -0.928977 0.370138 
vn 0 -0.827689 0.561187 
vn 0 -0.883512 0.468408 
vn 0 -0.762162 0.647386 
vn 0 -0.827689 0.561187 
vn 0 -0.687699 0.725995 
vn 0 -0.762162 0.647386 
vn 0 -0.605174 0.796093 
vn 0 -0.687699 0.725995 
vn 0 -0.515554 0.856857 
vn 0 -0.605174 0.796093 
vn 0 -0.419889 0.907575 
vn 0 -0.515554 0.856857 
vn 0 -0.319302 0.947653 
vn 0 -0.419889 0.907575 
vn 0 -0.21497 0.976621 
vn 0 -0.319302 0.947653 
vn 0 -0.108119 0.994138 
vn 0 -0.21497 0.976621 
vn 0 0.108119 0.994138 
vn 0 2.44929e-16 1 
vn 0 0.21497 0.976621 
vn 0 0.108119 0.994138 
vn 0 0.319302 0.947653 
vn 0 0.21497 0.976621 
vn 0 0.419889 0.907575 
vn 0 0.319302 0.947653 
vn 0 0.515554 0.856857 
vn 0 0.419889 0.907575 
vn 0 0.605174 0.796093 
vn 0 0.515554 0.856857 
vn 0 0.687699 0.725995 
vn 0 0.605174 0.796093 
vn 0 0.762162 0.647386 
vn 0 0.687699 0.725995 
vn 0 0.827689 0.561187 
vn 0 0.762162 0.647386 
vn 0 0.883512 0.468408 
vn 0 0.827689 0.561187 
vn 0 0.928977 0.370138 
vn 0 0.883512 0.468408 
vn 0 0.96355 0.267528 
vn 0 0.928977 0.370138 
vn 0 0.986827 0.161782 
vn 0 0.96355 0.267528 
vn 0 0.998533 0.0541389 
vn 0 0.986827 0.161782 
vn 0 0.998533 -0.0541389 
vn 0 0.998533 0.0541389 
vn 0 0.986827 -0.161782 
vn 0 0.998533 -0.0541389 
vn 0 0.96355 -0.267528 
vn 0 0.986827 -0.161782 
vn 0 0.928977 -0.370138 
vn 0 0.96355 -0.267528 
vn 0 0.883512 -0.468408 
vn 0 0.928977 -0.370138 
vn 0 0.827689 -0.561187 
vn 0 0.883512 -0.468408 
vn 0 0.762162 -0.647386 
vn 0 0.827689 -0.561187 
vn 0 0.687699 -0.725995 
vn 0 0.762162 -0.647386 
vn 0 0.605174 -0.796093 
vn 0 0.687699 -0.725995 
vn 0 0.515554 -0.856857 
vn 0 0.605174 -0.796093 
vn 0 0.419889 -0.907575 
vn 0 0.515554 -0.856857 
vn 0 0.319302 -0.947653 
vn 0 0.419889 -0.907575 
vn 0 0.21497 -0.976621 
vn 0 0.319302 -0.947653 
vn 0 0.108119 -0.994138 
vn 0 0.21497 -0.976621 
vn 0 -1.22465e-16 -1 
vn 0 0.108119 -0.994138 
vn 0 -0.108119 -0.994138 
vn 0 -1.22465e-16 -1 
vn 0 -0.21497 -0.976621 
vn 0 -0.108119 -0.994138 
vn 0 -0.319302 -0.947653 
vn 0 -0.21497 -0.976621 
vn 0 -0.419889 -0.907575 
vn 0 -0.319302 -0.947653 
vn 0 -0.515554 -0.856857 
vn 0 -0.419889 -0.907575 
vn 0 -0.605174 -0.796093 
vn 0 -0.515554 -0.856857 
vn 0 -0.687699 -0.725995 
vn 0 -0.605174 -0.796093 
vn 0 -0.762162 -0.647386 
vn 0 -0.687699 -0.725995 
vn 0 -0.827689 -0.561187 
vn 0 -0.762162 -0.647386 
vn 0 -0.883512 -0.468408 
vn 0 -0.827689 -0.561187 
vn 0 -0.928977 -0.370138 
vn 0 -0.883512 -0.468408 
vn 0 -0.96355 -0.267528 
vn 0 -0.928977 -0.370138 
vn 0 -0.986827 -0.161782 
vn 0 -0.96355 -0.267528 
vn 0 -0.998533 -0.0541389 
vn 0 -0.986827 -0.161782 
vn 0 -0.998533 0.0541389 
vn 0 -1 3.06162e-16 
vn 0 -0.998533 -0.0541389 
vn 0 -0.986827 0.161782 
vn 0 -0.998533 0.0541389 
vn 0 -0.96355 0.267528 
vn 0 -0.986827 0.161782 
vn 0 -0.928977 0.370138 
vn 0 -0.96355 0.267528 
vn 0 -0.883512 0.468408 
vn 0 -0.928977 0.370138 
vn 0 -0.827689 0.561187 
vn 0 -0.883512 0.468408 
vn 0 -0.762162 0.647386 
vn 0 -0.827689 0.561187 
vn 0 -0.687699 0.725995 
vn 0 -0.762162 0.647386 
vn 0 -0.605174 0.796093 
vn 0 -0.687699 0.725995 
vn 0 -0.515554 0.856857 
vn 0 -0.605174 0.796093 
vn 0 -0.419889 0.907575 
vn 0 -0.515554 0.856857 
vn 0 -0.319302 0.947653 
vn 0 -0.419889 0.907575 
vn 0 -0.21497 0.976621 
vn 0 -0.319302 0.947653 
vn 0 -0.108119 0.994138 
vn 0 -0.21497 0.976621 
vn 0 0.108119 0.994138 
vn 0 2.44929e-16 1 
vn 0 0.21497 0.976621 
vn 0 0.108119 0.994138 
vn 0 0.319302 0.947653 
vn 0 0.21497 0.976621 
vn 0 0.419889 0.907575 
vn 0 0.319302 0.947653 
vn 0 0.515554 0.856857 
vn 0 0.419889 0.907575 
vn 0 0.605174 0.796093 
vn 0 0.515554 0.856857 
vn 0 0.687699 0.725995 
vn 0 0.605174 0.796093 
vn 0 0.762162 0.647386 
vn 0 0.687699 0.725995 
vn 0 0.827689 0.561187 
vn 0 0.762162 0.647386 
vn 0 0.883512 0.468408 
vn 0 0.827689 0.561187 
vn 0 0.928977 0.370138 
vn 0 0.883512 0.468408 
vn 0 0.96355 0.267528 
vn 0 0.928977 0.370138 
vn 0 0.986827 0.161782 
vn 0 0.96355 0.267528 
vn 0 0.998533 0.0541389 
vn 0 0.986827 0.161782 
vn 0 0.998533 -0.0541389 
vn 0 0.998533 0.0541389 
vn 0 0.986827 -0.161782 
vn 0 0.998533 -0.0541389 
vn 0 0.96355 -0.267528 
vn 0 0.986827 -0.161782 
vn 0 0.928977 -0.370138 
vn 0 0.96355 -0.267528 
vn 0 0.883512 -0.468408 
vn 0 0.928977 -0.370138 
vn 0 0.827689 -0.561187 
vn 0 0.883512 -0.468408 
vn 0 0.762162 -0.647386 
vn 0 0.827689 -0.561187 
vn 0 0.687699 -0.725995 
vn 0 0.762162 -0.647386 
vn 0 0.605174 -0.796093 
vn 0 0.687699 -0.725995 
vn 0 0.515554 -0.856857 
vn 0 0.605174 -0.796093 
vn 0 0.419889 -0.907575 
vn 0 0.515554 -0.856857 
vn 0 0.319302 -0.947653 
vn 0 0.419889 -0.907575 
vn 0 0.21497 -0.976621 
vn 0 0.319302 -0.947653 
vn 0 0.108119 -0.994138 
vn 0 0.21497 -0.976621 
vn 0 -1.22465e-16 -1 
vn 0 0.108119 -0.994138 
vn 0 -0.108119 -0.994138 
vn 0 -1.22465e-16 -1 
vn 0 -0.21497 -0.976621 
vn 0 -0.108119 -0.994138 
vn 0 -0.319302 -0.947653 
vn 0 -0.21497 -0.976621 
vn 0 -0.419889 -0.907575 
vn 0 -0.319302 -0.947653 
vn 0 -0.515554 -0.856857 
vn 0 -0.419889 -0.907575 
vn 0 -0.605174 -0.796093 
vn 0 -0.515554 -0.856857 
vn 0 -0.687699 -0.725995 
vn 0 -0.605174 -0.796093 
vn 0 -0.762162 -0.647386 
vn 0 -0.687699 -0.725995 
vn 0 -0.827689 -0.561187 
vn 0 -0.762162 -0.647386 
vn 0 -0.883512 -0.468408 
vn 0 -0.827689 -0.561187 
vn 0 -0.928977 -0.370138 
vn 0 -0.883512 -0.468408 
vn 0 -0.96355 -0.267528 
vn 0 -0.928977 -0.370138 
vn 0 -0.986827 -0.161782 
vn 0 -0.96355 -0.267528 
vn 0 -0.998533 -0.0541389 
vn 0 -0.986827 -0.161782 
vn 0 -0.998533 0.0541389 
vn 0 -1 3.06162e-16 
vn 0 -0.998533 -0.0541389 
vn 0 -0.986827 0.161782 
vn 0 -0.96355 0.267528 
vn 0 -0.928977 0.370138 
vn 0 -0.883512 0.468408 
vn 0 -0.827689 0.561187 
vn 0 -0.762162 0.647386 
vn 0 -0.687699 0.725995 
vn 0 -0.605174 0.796093 
vn 0 -0.515554 0.856857 
vn 0 -0.419889 0.907575 
vn 0 -0.319302 0.947653 
vn 0 -0.21497 0.976621 
vn 0 -0.108119 0.994138 
vn -0.707107 -0.2659 0.655208 
vn -0.707107 -0.334822 0.622812 
vn -0.707107 -0.39986 0.583192 
vn -0.707107 -0.353975 0.612129 
vn -0.707107 -0.460259 0.536807 
vn -0.707107 -0.51532 0.484195 
vn -0.707107 -0.564404 0.425967 
vn -0.707107 -0.606941 0.362798 
vn -0.707107 -0.642438 0.295421 
vn -0.707107 -0.670483 0.224618 
vn -0.707107 -0.69075 0.151208 
vn -0.707107 -0.703006 0.0760452 
vn -0.707107 -0.707107 -9.71445e-16 
vn -0.707107 -0.2659 0.655208 
vn 0 -0.376039 0.926604 
vn 0 -0.473509 0.880789 
vn 0 -0.565487 0.824757 
vn 0 -0.650905 0.759159 
vn 0 -0.728773 0.684755 
vn 0 -0.798188 0.602409 
vn 0 -0.858344 0.513074 
vn 0 -0.908544 0.417789 
vn 0 -0.948206 0.317657 
vn 0 -0.976869 0.213841 
vn 0 -0.9942 0.107544 
vn 0 -1 1.83697e-16 
vn -0.707107 -0.707107 1.29893e-16 
vn -0.707107 -0.703267 -0.0735894 
vn -0.707107 -0.69179 -0.14638 
vn -0.707107 -0.681995 -0.186769 
vn -0.707107 -0.672799 -0.21758 
vn -0.707107 -0.646502 -0.286418 
vn -0.707107 -0.613184 -0.352144 
vn -0.707107 -0.573206 -0.414047 
vn -0.707107 -0.597859 -0.377578 
vn -0.707107 -0.527003 -0.471453 
vn -0.707107 -0.475077 -0.523739 
vn -0.707107 -0.417991 -0.570336 
vn -0.707107 -0.356366 -0.61074 
vn -0.707107 -0.29087 -0.644511 
vn -0.707107 -0.353632 -0.612327 
vn -0.707107 -0.222216 -0.671283 
vn -0.707107 -0.151148 -0.690764 
vn -0.707107 -0.0784385 -0.702743 
vn 0 -1 -1.22465e-16 
vn -0.707107 8.65956e-17 0.707107 
vn -0.707107 -0.0680452 0.703825 
vn -0.707107 -0.135459 0.694011 
vn -0.707107 -0.201615 0.677755 
vn -0.707107 -0.2659 0.655208 
vn 0 -0.376039 0.926604 
vn 0.707107 -0.707107 -1.29893e-16 
vn 0.707107 -0.703006 0.0760452 
vn 0.707107 -0.69075 0.151208 
vn 0.707107 -0.670483 0.224618 
vn 0.707107 -0.642438 0.295421 
vn 0.707107 -0.606941 0.362798 
vn 0.707107 -0.564404 0.425967 
vn 0.707107 -0.51532 0.484195 
vn 0.707107 -0.460259 0.536807 
vn 0.707107 -0.39986 0.583192 
vn 0.707107 -0.353975 0.612129 
vn 0.707107 -0.334822 0.622812 
vn 0.707107 -0.2659 0.655208 
vn -0.707107 -0.0784385 -0.702743 
vn 0 -1 1.83697e-16 
vn 0 -0.99457 -0.104071 
vn 0 -0.978338 -0.207012 
vn 0 -0.951482 -0.307705 
vn 0 -0.914292 -0.405056 
vn 0 -0.867173 -0.498008 
vn 0 -0.810636 -0.585551 
vn 0 -0.745295 -0.666735 
vn 0 -0.67186 -0.740678 
vn 0 -0.591128 -0.806577 
vn 0 -0.503977 -0.863717 
vn 0 -0.411352 -0.911476 
vn 0 -0.31426 -0.949337 
vn 0 -0.213755 -0.976887 
vn 0 -0.110929 -0.993828 
vn 0.707107 -0.707107 -8.65956e-17 
vn -0.707107 0 0.707107 
vn 0 1.22465e-16 1 
vn 0 -0.0962304 0.995359 
vn 0 -0.191568 0.981479 
vn 0 -0.285127 0.95849 
vn 0 -0.376039 0.926604 
vn 0.707107 -0.2659 0.655208 
vn -0.707107 -8.65956e-17 -0.707107 
vn 0 -0.110929 -0.993828 
vn 0.707107 -0.0784385 -0.702743 
vn 0.707107 -0.151148 -0.690764 
vn 0.707107 -0.222216 -0.671283 
vn 0.707107 -0.29087 -0.644511 
vn 0.707107 -0.353632 -0.612327 
vn 0.707107 -0.356366 -0.61074 
vn 0.707107 -0.417991 -0.570336 
vn 0.707107 -0.475077 -0.523739 
vn 0.707107 -0.527003 -0.471453 
vn 0.707107 -0.573206 -0.414047 
vn 0.707107 -0.597859 -0.377578 
vn 0.707107 -0.613184 -0.352144 
vn 0.707107 -0.646502 -0.286418 
vn 0.707107 -0.672799 -0.21758 
vn 0.707107 -0.69179 -0.14638 
vn 0.707107 -0.681995 -0.186769 
vn 0.707107 -0.703267 -0.0735894 
vn 0.707107 -0.707107 -1.31839e-15 
vn -0.707107 0.667426 -0.233543 
vn -0.707107 0.638981 -0.302825 
vn -0.707107 0.653621 -0.269776 
vn -0.707107 0.667426 -0.233543 
vn -0.707107 0.688384 -0.16164 
vn -0.707107 0.701619 -0.0879244 
vn -0.707107 0.706983 -0.0132222 
vn -0.707107 0.704416 0.0616283 
vn -0.707107 0.693947 0.135787 
vn -0.707107 0.675692 0.208423 
vn -0.707107 0.649857 0.278721 
vn -0.707107 0.616732 0.345892 
vn -0.707107 0.576689 0.409182 
vn -0.707107 0.530175 0.467882 
vn -0.707107 0.477714 0.521334 
vn -0.707107 0.419894 0.568937 
vn -0.707107 0.357364 0.610157 
vn -0.707107 0.290824 0.644532 
vn -0.707107 0.221022 0.671677 
vn -0.707107 0.14874 0.691286 
vn -0.707107 0.0747894 0.70314 
vn -0.707107 3.33067e-16 0.707107 
vn 0 0 1 
vn 0.707107 -0.2659 0.655208 
vn 0.707107 -0.201615 0.677755 
vn 0.707107 -0.135459 0.694011 
vn 0.707107 -0.0680452 0.703825 
vn 0.707107 -1.11022e-16 0.707107 
vn -0.707107 0.707107 0 
vn -0.707107 0.638981 -0.302825 
vn 0 0.903656 -0.42826 
vn 0 0.943883 -0.330279 
vn 0 0.973522 -0.228594 
vn 0 0.992239 -0.124344 
vn 0 0.999825 -0.0186991 
vn 0 0.996195 0.0871555 
vn 0 0.981389 0.192032 
vn 0 0.955573 0.294755 
vn 0 0.919037 0.394171 
vn 0 0.872191 0.489165 
vn 0 0.815561 0.578671 
vn 0 0.749781 0.661686 
vn 0 0.67559 0.737277 
vn 0 0.59382 0.804598 
vn 0 0.505389 0.862892 
vn 0 0.411287 0.911506 
vn 0 0.312572 0.949894 
vn 0 0.21035 0.977626 
vn 0 0.105768 0.994391 
vn 0 1.22465e-16 1 
vn 0.707107 0 0.707107 
vn -0.707107 0 0.707107 
vn 0 1 0 
vn -0.707107 0.70278 -0.0781061 
vn -0.707107 0.693889 -0.13608 
vn -0.707107 0.680224 -0.193118 
vn -0.707107 0.66188 -0.248828 
vn -0.707107 0.638981 -0.302825 
vn -0.707107 0.70278 -0.0781061 
vn 0 0.903656 -0.42826 
vn 0.707107 4.32978e-17 0.707107 
vn 0.707107 0.0747894 0.70314 
vn 0.707107 0.14874 0.691286 
vn 0.707107 0.221022 0.671677 
vn 0.707107 0.290824 0.644532 
vn 0.707107 0.357364 0.610157 
vn 0.707107 0.419894 0.568937 
vn 0.707107 0.477714 0.521334 
vn 0.707107 0.530175 0.467882 
vn 0.707107 0.576689 0.409182 
vn 0.707107 0.616732 0.345892 
vn 0.707107 0.649857 0.278721 
vn 0.707107 0.675692 0.208423 
vn 0.707107 0.693947 0.135787 
vn 0.707107 0.704416 0.0616283 
vn 0.707107 0.706983 -0.0132222 
vn 0.707107 0.701619 -0.0879244 
vn 0.707107 0.688384 -0.16164 
vn 0.707107 0.667426 -0.233543 
vn 0.707107 0.653621 -0.269776 
vn 0.707107 0.638981 -0.302825 
vn -0.707107 0.70278 -0.0781061 
vn 0 0.993881 -0.110459 
vn 0 0.936039 -0.351896 
vn 0 0.903656 -0.42826 
vn 0 0.961983 -0.273111 
vn 0 0.936039 -0.351896 
vn 0 0.981307 -0.192447 
vn 0 0.961983 -0.273111 
vn 0 0.993881 -0.110459 
vn 0 0.981307 -0.192447 
vn 0.707107 0.638981 -0.302825 
vn 0.707107 0.66188 -0.248828 
vn 0.707107 0.680224 -0.193118 
vn 0.707107 0.693889 -0.13608 
vn 0.707107 0.70278 -0.0781061 
vn 0.707107 0.638981 -0.302825 
vn 0.707107 -0.0784385 -0.702743 
vn 0.707107 -8.65956e-17 -0.707107 
vn 0.707107 0.707107 0 
vn 0.707107 0 0.707107 
vn 0.707107 0.70278 -0.0781061 
vn 0 0 1 
vn 0.108119 -0.994138 1.21747e-16 
vn 2.44929e-16 -1 1.22465e-16 
vn 0.21497 -0.976621 1.19602e-16 
vn 0.108119 -0.994138 1.21747e-16 
vn 0.319302 -0.947653 1.16054e-16 
vn 0.21497 -0.976621 1.19602e-16 
vn 0.419889 -0.907575 1.11146e-16 
vn 0.319302 -0.947653 1.16054e-16 
vn 0.515554 -0.856857 1.04935e-16 
vn 0.419889 -0.907575 1.11146e-16 
vn 0.605174 -0.796093 9.74933e-17 
vn 0.515554 -0.856857 1.04935e-16 
vn 0.687699 -0.725995 8.89088e-17 
vn 0.605174 -0.796093 9.74933e-17 
vn 0.762162 -0.647386 7.9282e-17 
vn 0.687699 -0.725995 8.89088e-17 
vn 0.827689 -0.561187 6.87256e-17 
vn 0.762162 -0.647386 7.9282e-17 
vn 0.883512 -0.468408 5.73635e-17 
vn 0.827689 -0.561187 6.87256e-17 
vn 0.928977 -0.370138 4.53289e-17 
vn 0.883512 -0.468408 5.73635e-17 
vn 0.96355 -0.267528 3.27628e-17 
vn 0.928977 -0.370138 4.53289e-17 
vn 0.986827 -0.161782 1.98126e-17 
vn 0.96355 -0.267528 3.27628e-17 
vn 0.998533 -0.0541389 6.6301e-18 
vn 0.986827 -0.161782 1.98126e-17 
vn 1 1.96005e-15 -2.40037e-31 
vn 0.998533 0.0541389 -6.6301e-18 
vn 0.986827 0.161782 -1.98126e-17 
vn 0.96355 0.267528 -3.27628e-17 
vn 0.928977 0.370138 -4.53289e-17 
vn 0.883512 0.468408 -5.73635e-17 
vn 0.827689 0.561187 -6.87256e-17 
vn 0.762162 0.647386 -7.9282e-17 
vn 0.687699 0.725995 -8.89088e-17 
vn 0.605174 0.796093 -9.74933e-17 
vn 0.515554 0.856857 -1.04935e-16 
vn 0.419889 0.907575 -1.11146e-16 
vn 0.319302 0.947653 -1.16054e-16 
vn 0.21497 0.976621 -1.19602e-16 
vn 0.108119 0.994138 -1.21747e-16 
vn 3.21625e-16 1 -1.22465e-16 
vn -0.108119 0.994138 -1.21747e-16 
vn -0.21497 0.976621 -1.19602e-16 
vn -0.319302 0.947653 -1.16054e-16 
vn -0.419889 0.907575 -1.11146e-16 
vn -0.515554 0.856857 -1.04935e-16 
vn -0.605174 0.796093 -9.74933e-17 
vn -0.687699 0.725995 -8.89088e-17 
vn -0.762162 0.647386 -7.9282e-17 
vn -0.827689 0.561187 -6.87256e-17 
vn -0.883512 0.468408 -5.73635e-17 
vn -0.928977 0.370138 -4.53289e-17 
vn -0.96355 0.267528 -3.27628e-17 
vn -0.986827 0.161782 -1.98126e-17 
vn -0.998533 0.0541389 -6.6301e-18 
vn -0.998533 -0.0541389 6.6301e-18 
vn -1 5.82017e-16 -7.12765e-32 
vn -0.998533 0.0541389 -6.6301e-18 
vn -0.986827 -0.161782 1.98126e-17 
vn -0.96355 -0.267528 3.27628e-17 
vn -0.928977 -0.370138 4.53289e-17 
vn -0.883512 -0.468408 5.73635e-17 
vn -0.827689 -0.561187 6.87256e-17 
vn -0.762162 -0.647386 7.9282e-17 
vn -0.687699 -0.725995 8.89088e-17 
vn -0.605174 -0.796093 9.74933e-17 
vn -0.515554 -0.856857 1.04935e-16 
vn -0.419889 -0.907575 1.11146e-16 
vn -0.319302 -0.947653 1.16054e-16 
vn -0.21497 -0.976621 1.19602e-16 
vn -0.108119 -0.994138 1.21747e-16 
vn 0 -1.22465e-16 -1 
vn 0.108119 -0.994138 1.21747e-16 
vn 2.44929e-16 -1 1.22465e-16 
vn 0.21497 -0.976621 1.19602e-16 
vn 0.108119 -0.994138 1.21747e-16 
vn 0.319302 -0.947653 1.16054e-16 
vn 0.21497 -0.976621 1.19602e-16 
vn 0.419889 -0.907575 1.11146e-16 
vn 0.319302 -0.947653 1.16054e-16 
vn 0.515554 -0.856857 1.04935e-16 
vn 0.419889 -0.907575 1.11146e-16 
vn 0.605174 -0.796093 9.74933e-17 
vn 0.515554 -0.856857 1.04935e-16 
vn 0.687699 -0.725995 8.89088e-17 
vn 0.605174 -0.796093 9.74933e-17 
vn 0.762162 -0.647386 7.9282e-17 
vn 0.687699 -0.725995 8.89088e-17 
vn 0.827689 -0.561187 6.87256e-17 
vn 0.762162 -0.647386 7.9282e-17 
vn 0.883512 -0.468408 5.73635e-17 
vn 0.827689 -0.561187 6.87256e-17 
vn 0.928977 -0.370138 4.53289e-17 
vn 0.883512 -0.468408 5.73635e-17 
vn 0.96355 -0.267528 3.27628e-17 
vn 0.928977 -0.370138 4.53289e-17 
vn 0.986827 -0.161782 1.98126e-17 
vn 0.96355 -0.267528 3.27628e-17 
vn 0.998533 -0.0541389 6.6301e-18 
vn 0.986827 -0.161782 1.98126e-17 
vn 0.998533 0.0541389 -6.6301e-18 
vn 1 -3.09025e-14 3.78447e-30 
vn 0.998533 -0.0541389 6.6301e-18 
vn 0.986827 0.161782 -1.98126e-17 
vn 0.998533 0.0541389 -6.6301e-18 
vn 0.96355 0.267528 -3.27628e-17 
vn 0.986827 0.161782 -1.98126e-17 
vn 0.928977 0.370138 -4.53289e-17 
vn 0.96355 0.267528 -3.27628e-17 
vn 0.883512 0.468408 -5.73635e-17 
vn 0.928977 0.370138 -4.53289e-17 
vn 0.827689 0.561187 -6.87256e-17 
vn 0.883512 0.468408 -5.73635e-17 
vn 0.762162 0.647386 -7.9282e-17 
vn 0.827689 0.561187 -6.87256e-17 
vn 0.687699 0.725995 -8.89088e-17 
vn 0.762162 0.647386 -7.9282e-17 
vn 0.605174 0.796093 -9.74933e-17 
vn 0.687699 0.725995 -8.89088e-17 
vn 0.515554 0.856857 -1.04935e-16 
vn 0.605174 0.796093 -9.74933e-17 
vn 0.419889 0.907575 -1.11146e-16 
vn 0.515554 0.856857 -1.04935e-16 
vn 0.319302 0.947653 -1.16054e-16 
vn 0.419889 0.907575 -1.11146e-16 
vn 0.21497 0.976621 -1.19602e-16 
vn 0.319302 0.947653 -1.16054e-16 
vn 0.108119 0.994138 -1.21747e-16 
vn 0.21497 0.976621 -1.19602e-16 
vn 3.21625e-16 1 -1.22465e-16 
vn 0.108119 0.994138 -1.21747e-16 
vn -0.108119 0.994138 -1.21747e-16 
vn 3.21625e-16 1 -1.22465e-16 
vn -0.21497 0.976621 -1.19602e-16 
vn -0.108119 0.994138 -1.21747e-16 
vn -0.319302 0.947653 -1.16054e-16 
vn -0.21497 0.976621 -1.19602e-16 
vn -0.419889 0.907575 -1.11146e-16 
vn -0.319302 0.947653 -1.16054e-16 
vn -0.515554 0.856857 -1.04935e-16 
vn -0.419889 0.907575 -1.11146e-16 
vn -0.605174 0.796093 -9.74933e-17 
vn -0.515554 0.856857 -1.04935e-16 
vn -0.687699 0.725995 -8.89088e-17 
vn -0.605174 0.796093 -9.74933e-17 
vn -0.762162 0.647386 -7.9282e-17 
vn -0.687699 0.725995 -8.89088e-17 
vn -0.827689 0.561187 -6.87256e-17 
vn -0.762162 0.647386 -7.9282e-17 
vn -0.883512 0.468408 -5.73635e-17 
vn -0.827689 0.561187 -6.87256e-17 
vn -0.928977 0.370138 -4.53289e-17 
vn -0.883512 0.468408 -5.73635e-17 
vn -0.96355 0.267528 -3.27628e-17 
vn -0.928977 0.370138 -4.53289e-17 
vn -0.986827 0.161782 -1.98126e-17 
vn -0.96355 0.267528 -3.27628e-17 
vn -0.998533 0.0541389 -6.6301e-18 
vn -0.986827 0.161782 -1.98126e-17 
vn -0.998533 -0.0541389 6.6301e-18 
vn -1 -3.22806e-14 3.95323e-30 
vn -0.986827 -0.161782 1.98126e-17 
vn -0.96355 -0.267528 3.27628e-17 
vn -0.928977 -0.370138 4.53289e-17 
vn -0.883512 -0.468408 5.73635e-17 
vn -0.827689 -0.561187 6.87256e-17 
vn -0.762162 -0.647386 7.9282e-17 
vn -0.687699 -0.725995 8.89088e-17 
vn -0.605174 -0.796093 9.74933e-17 
vn -0.515554 -0.856857 1.04935e-16 
vn -0.419889 -0.907575 1.11146e-16 
vn -0.319302 -0.947653 1.16054e-16 
vn -0.21497 -0.976621 1.19602e-16 
vn -0.108119 -0.994138 1.21747e-16 
vn -0.707107 0.0784385 0.702743 
vn -0.707107 -0.694958 0.13051 
vn -0.707107 -0.67707 0.203901 
vn -0.707107 -0.651455 0.274965 
vn -0.707107 -0.618406 0.342891 
vn -0.707107 -0.578298 0.406904 
vn -0.707107 -0.531591 0.466273 
vn -0.707107 -0.478818 0.520321 
vn -0.707107 -0.420579 0.56843 
vn -0.707107 -0.357541 0.610053 
vn -0.707107 -0.316676 0.632231 
vn -0.707107 -0.290422 0.644713 
vn -0.707107 -0.219989 0.672015 
vn -0.707107 -0.147046 0.691648 
vn -0.707107 -0.0724237 0.703388 
vn -0.707107 0.00302464 0.7071 
vn -0.707107 0.0784385 0.702743 
vn -0.707107 -0.694958 0.13051 
vn -0.707107 0.151148 0.690764 
vn -0.707107 0.222216 0.671283 
vn -0.707107 0.29087 0.644511 
vn -0.707107 0.356366 0.61074 
vn -0.707107 0.417991 0.570336 
vn -0.707107 0.475077 0.523739 
vn -0.707107 0.527003 0.471453 
vn -0.707107 0.573206 0.414047 
vn -0.707107 0.613184 0.352144 
vn -0.707107 0.646502 0.286418 
vn -0.707107 0.672799 0.21758 
vn -0.707107 0.69179 0.14638 
vn -0.707107 0.703267 0.0735894 
vn -0.707107 0.707107 6.93889e-17 
vn -0.707107 0.0784385 0.702743 
vn 0 0.110929 0.993828 
vn -0.707107 -0.694958 0.13051 
vn 0 0.00427748 0.999991 
vn 0 0.110929 0.993828 
vn 0 -0.102423 0.994741 
vn 0 0.00427748 0.999991 
vn 0 -0.207954 0.978139 
vn 0 -0.102423 0.994741 
vn 0 -0.311112 0.950373 
vn 0 -0.207954 0.978139 
vn 0 -0.410719 0.911762 
vn 0 -0.311112 0.950373 
vn 0 -0.505639 0.862745 
vn 0 -0.410719 0.911762 
vn 0 -0.594789 0.803882 
vn 0 -0.505639 0.862745 
vn 0 -0.67715 0.735845 
vn 0 -0.594789 0.803882 
vn 0 -0.751784 0.65941 
vn 0 -0.67715 0.735845 
vn 0 -0.817838 0.575449 
vn 0 -0.751784 0.65941 
vn 0 -0.874558 0.484921 
vn 0 -0.817838 0.575449 
vn 0 -0.921297 0.388859 
vn 0 -0.874558 0.484921 
vn 0 -0.957522 0.28836 
vn 0 -0.921297 0.388859 
vn 0 -0.98282 0.184569 
vn 0 -0.957522 0.28836 
vn -0.707107 0.707107 2.16489e-16 
vn 0 0.99457 0.104071 
vn 0 1 1.83697e-16 
vn 0 0.978338 0.207012 
vn 0 0.99457 0.104071 
vn 0 0.951482 0.307705 
vn 0 0.978338 0.207012 
vn 0 0.914292 0.405056 
vn 0 0.951482 0.307705 
vn 0 0.867173 0.498008 
vn 0 0.914292 0.405056 
vn 0 0.810636 0.585551 
vn 0 0.867173 0.498008 
vn 0 0.745295 0.666735 
vn 0 0.810636 0.585551 
vn 0 0.67186 0.740678 
vn 0 0.745295 0.666735 
vn 0 0.591128 0.806577 
vn 0 0.67186 0.740678 
vn 0 0.503977 0.863717 
vn 0 0.591128 0.806577 
vn 0 0.411352 0.911476 
vn 0 0.503977 0.863717 
vn 0 0.31426 0.949337 
vn 0 0.411352 0.911476 
vn 0 0.213755 0.976887 
vn 0 0.31426 0.949337 
vn 0 0.110929 0.993828 
vn 0 0.213755 0.976887 
vn 0.707107 0.0784385 0.702743 
vn -0.707107 0.2659 -0.655208 
vn -0.707107 0.19434 -0.679877 
vn -0.707107 0.120552 -0.696755 
vn -0.707107 0.0453835 -0.705649 
vn -0.707107 -0.0303053 -0.706457 
vn -0.707107 -0.105647 -0.69917 
vn -0.707107 -0.179778 -0.683871 
vn -0.707107 -0.251849 -0.660736 
vn -0.707107 -0.321034 -0.63003 
vn -0.707107 -0.38654 -0.592104 
vn -0.707107 -0.447617 -0.547393 
vn -0.707107 -0.503565 -0.49641 
vn -0.707107 -0.553742 -0.439738 
vn -0.707107 -0.597574 -0.378028 
vn -0.707107 -0.634559 -0.311986 
vn -0.707107 -0.664272 -0.242368 
vn -0.707107 -0.686374 -0.169974 
vn -0.707107 -0.70061 -0.0956315 
vn -0.707107 -0.706818 -0.0201934 
vn -0.707107 -0.704927 0.055476 
vn -0.707107 -0.696267 0.123339 
vn -0.707107 -0.694958 0.13051 
vn -0.707107 0.2659 -0.655208 
vn 0 -0.98282 0.184569 
vn 0.707107 0.0784385 0.702743 
vn 0.707107 0.00302464 0.7071 
vn 0.707107 -0.0724237 0.703388 
vn 0.707107 -0.147046 0.691648 
vn 0.707107 -0.219989 0.672015 
vn 0.707107 -0.290422 0.644713 
vn 0.707107 -0.357541 0.610053 
vn 0.707107 -0.316676 0.632231 
vn 0.707107 -0.420579 0.56843 
vn 0.707107 -0.478818 0.520321 
vn 0.707107 -0.531591 0.466273 
vn 0.707107 -0.578298 0.406904 
vn 0.707107 -0.618406 0.342891 
vn 0.707107 -0.651455 0.274965 
vn 0.707107 -0.67707 0.203901 
vn 0.707107 -0.694958 0.13051 
vn 0.707107 0.0784385 0.702743 
vn -0.707107 0.703006 -0.0760452 
vn -0.707107 0.707107 1.29893e-16 
vn -0.707107 0.706566 -0.0276383 
vn -0.707107 0.703006 -0.0760452 
vn -0.707107 0.69075 -0.151208 
vn -0.707107 0.670483 -0.224618 
vn -0.707107 0.642438 -0.295421 
vn -0.707107 0.606941 -0.362798 
vn -0.707107 0.564404 -0.425967 
vn -0.707107 0.51532 -0.484195 
vn -0.707107 0.460259 -0.536807 
vn -0.707107 0.39986 -0.583192 
vn -0.707107 0.334822 -0.622812 
vn -0.707107 0.2659 -0.655208 
vn 0 1 3.06162e-16 
vn 0.707107 0.707107 -1.29893e-16 
vn 0.707107 0.703267 0.0735894 
vn 0.707107 0.69179 0.14638 
vn 0.707107 0.672799 0.21758 
vn 0.707107 0.646502 0.286418 
vn 0.707107 0.613184 0.352144 
vn 0.707107 0.573206 0.414047 
vn 0.707107 0.527003 0.471453 
vn 0.707107 0.475077 0.523739 
vn 0.707107 0.417991 0.570336 
vn 0.707107 0.356366 0.61074 
vn 0.707107 0.29087 0.644511 
vn 0.707107 0.222216 0.671283 
vn 0.707107 0.151148 0.690764 
vn 0.707107 0.0784385 0.702743 
vn 0.707107 0.707107 -1.29893e-16 
vn -0.707107 0.2659 -0.655208 
vn 0 0.376039 -0.926604 
vn 0 0.473509 -0.880789 
vn 0 0.565487 -0.824757 
vn 0 0.650905 -0.759159 
vn 0 0.728773 -0.684755 
vn 0 0.798188 -0.602409 
vn 0 0.858344 -0.513074 
vn 0 0.908544 -0.417789 
vn 0 0.948206 -0.317657 
vn 0 0.976869 -0.213841 
vn 0 0.9942 -0.107544 
vn 0 1 1.83697e-16 
vn 0.707107 0.707107 2.16489e-16 
vn 0.707107 0.2659 -0.655208 
vn 0.707107 0.334822 -0.622812 
vn 0.707107 0.39986 -0.583192 
vn 0.707107 0.460259 -0.536807 
vn 0.707107 0.51532 -0.484195 
vn 0.707107 0.564404 -0.425967 
vn 0.707107 0.606941 -0.362798 
vn 0.707107 0.642438 -0.295421 
vn 0.707107 0.670483 -0.224618 
vn 0.707107 0.69075 -0.151208 
vn 0.707107 0.703006 -0.0760452 
vn 0.707107 0.706566 -0.0276383 
vn 0.707107 0.707107 1.11022e-16 
vn 0.707107 0.2659 -0.655208 
vn 0 -0.996918 0.078455 
vn 0 -0.98282 0.184569 
vn 0 -0.999592 -0.0285578 
vn 0 -0.996918 0.078455 
vn 0 -0.990812 -0.135243 
vn 0 -0.999592 -0.0285578 
vn 0 -0.970679 -0.240379 
vn 0 -0.990812 -0.135243 
vn 0 -0.939423 -0.342761 
vn 0 -0.970679 -0.240379 
vn 0 -0.897402 -0.441214 
vn 0 -0.939423 -0.342761 
vn 0 -0.845098 -0.534612 
vn 0 -0.897402 -0.441214 
vn 0 -0.78311 -0.621884 
vn 0 -0.845098 -0.534612 
vn 0 -0.712148 -0.70203 
vn 0 -0.78311 -0.621884 
vn 0 -0.633026 -0.774131 
vn 0 -0.712148 -0.70203 
vn 0 -0.54665 -0.837361 
vn 0 -0.633026 -0.774131 
vn 0 -0.45401 -0.890997 
vn 0 -0.54665 -0.837361 
vn 0 -0.356168 -0.934422 
vn 0 -0.45401 -0.890997 
vn 0 -0.254244 -0.96714 
vn 0 -0.356168 -0.934422 
vn 0 -0.149407 -0.988776 
vn 0 -0.254244 -0.96714 
vn 0 -0.0428582 -0.999081 
vn 0 -0.149407 -0.988776 
vn 0 0.064182 -0.997938 
vn 0 -0.0428582 -0.999081 
vn 0 0.170487 -0.98536 
vn 0 0.064182 -0.997938 
vn 0 0.274838 -0.961491 
vn 0 0.170487 -0.98536 
vn 0 0.376039 -0.926604 
vn 0 0.274838 -0.961491 
vn 0.707107 -0.694958 0.13051 
vn 0.707107 -0.704927 0.055476 
vn 0.707107 -0.696267 0.123339 
vn 0.707107 -0.694958 0.13051 
vn 0.707107 -0.704927 0.055476 
vn 0.707107 -0.706818 -0.0201934 
vn 0.707107 -0.70061 -0.0956315 
vn 0.707107 -0.686374 -0.169974 
vn 0.707107 -0.664272 -0.242368 
vn 0.707107 -0.634559 -0.311986 
vn 0.707107 -0.597574 -0.378028 
vn 0.707107 -0.553742 -0.439738 
vn 0.707107 -0.503565 -0.49641 
vn 0.707107 -0.447617 -0.547393 
vn 0.707107 -0.38654 -0.592104 
vn 0.707107 -0.321034 -0.63003 
vn 0.707107 -0.251849 -0.660736 
vn 0.707107 -0.179778 -0.683871 
vn 0.707107 -0.105647 -0.69917 
vn 0.707107 -0.0303053 -0.706457 
vn 0.707107 0.0453835 -0.705649 
vn 0.707107 0.120552 -0.696755 
vn 0.707107 0.19434 -0.679877 
vn 0.707107 0.2659 -0.655208 
vn -0.707107 0.707107 4.32978e-17 
vn -0.707107 0.702962 -0.0764517 
vn -0.707107 0.690575 -0.152007 
vn -0.707107 0.670092 -0.22578 
vn -0.707107 0.641753 -0.296906 
vn -0.707107 0.60589 -0.364552 
vn -0.707107 0.562923 -0.427923 
vn -0.707107 0.513356 -0.486277 
vn -0.707107 0.457771 -0.53893 
vn -0.707107 0.396819 -0.585265 
vn -0.707107 0.331215 -0.624737 
vn -0.707107 0.261727 -0.656886 
vn -0.707107 0.189171 -0.681333 
vn -0.707107 0.114397 -0.697792 
vn -0.707107 0.038282 -0.70607 
vn -0.707107 -0.038282 -0.70607 
vn -0.707107 -0.114397 -0.697792 
vn -0.707107 -0.189171 -0.681333 
vn -0.707107 -0.261727 -0.656886 
vn -0.707107 -0.331215 -0.624737 
vn -0.707107 -0.396819 -0.585265 
vn -0.707107 -0.457771 -0.53893 
vn -0.707107 -0.513356 -0.486277 
vn -0.707107 -0.562923 -0.427923 
vn -0.707107 -0.60589 -0.364552 
vn -0.707107 -0.641753 -0.296906 
vn -0.707107 -0.670092 -0.22578 
vn -0.707107 -0.690575 -0.152007 
vn -0.707107 -0.702962 -0.0764517 
vn -0.707107 -0.707107 1.47196e-16 
vn -0.707107 0.707107 1.29893e-16 
vn 0 1 6.12323e-17 
vn -0.707107 -0.707107 -2.16489e-16 
vn 0 0 1 
vn 0 -1 -3.06162e-16 
vn 0 0.994138 -0.108119 
vn 0 1 -1.83697e-16 
vn 0 0.976621 -0.21497 
vn 0 0.994138 -0.108119 
vn 0 0.947653 -0.319302 
vn 0 0.976621 -0.21497 
vn 0 0.907575 -0.419889 
vn 0 0.947653 -0.319302 
vn 0 0.856857 -0.515554 
vn 0 0.907575 -0.419889 
vn 0 0.796093 -0.605174 
vn 0 0.856857 -0.515554 
vn 0 0.725995 -0.687699 
vn 0 0.796093 -0.605174 
vn 0 0.647386 -0.762162 
vn 0 0.725995 -0.687699 
vn 0 0.561187 -0.827689 
vn 0 0.647386 -0.762162 
vn 0 0.468408 -0.883512 
vn 0 0.561187 -0.827689 
vn 0 0.370138 -0.928977 
vn 0 0.468408 -0.883512 
vn 0 0.267528 -0.96355 
vn 0 0.370138 -0.928977 
vn 0 0.161782 -0.986827 
vn 0 0.267528 -0.96355 
vn 0 0.0541389 -0.998533 
vn 0 0.161782 -0.986827 
vn 0 -0.0541389 -0.998533 
vn 0 0.0541389 -0.998533 
vn 0 -0.161782 -0.986827 
vn 0 -0.0541389 -0.998533 
vn 0 -0.267528 -0.96355 
vn 0 -0.161782 -0.986827 
vn 0 -0.370138 -0.928977 
vn 0 -0.267528 -0.96355 
vn 0 -0.468408 -0.883512 
vn 0 -0.370138 -0.928977 
vn 0 -0.561187 -0.827689 
vn 0 -0.468408 -0.883512 
vn 0 -0.647386 -0.762162 
vn 0 -0.561187 -0.827689 
vn 0 -0.725995 -0.687699 
vn 0 -0.647386 -0.762162 
vn 0 -0.796093 -0.605174 
vn 0 -0.725995 -0.687699 
vn 0 -0.856857 -0.515554 
vn 0 -0.796093 -0.605174 
vn 0 -0.907575 -0.419889 
vn 0 -0.856857 -0.515554 
vn 0 -0.947653 -0.319302 
vn 0 -0.907575 -0.419889 
vn 0 -0.976621 -0.21497 
vn 0 -0.947653 -0.319302 
vn 0 -0.994138 -0.108119 
vn 0 -0.976621 -0.21497 
vn 0 -1 6.12323e-17 
vn 0 -0.994138 -0.108119 
vn 0.707107 0.707107 4.32978e-17 
vn 0.707107 -0.707107 4.32978e-17 
vn 0.707107 -0.702962 -0.0764517 
vn 0.707107 -0.690575 -0.152007 
vn 0.707107 -0.670092 -0.22578 
vn 0.707107 -0.641753 -0.296906 
vn 0.707107 -0.60589 -0.364552 
vn 0.707107 -0.562923 -0.427923 
vn 0.707107 -0.513356 -0.486277 
vn 0.707107 -0.457771 -0.53893 
vn 0.707107 -0.396819 -0.585265 
vn 0.707107 -0.331215 -0.624737 
vn 0.707107 -0.261727 -0.656886 
vn 0.707107 -0.189171 -0.681333 
vn 0.707107 -0.114397 -0.697792 
vn 0.707107 -0.038282 -0.70607 
vn 0.707107 0.038282 -0.70607 
vn 0.707107 0.114397 -0.697792 
vn 0.707107 0.189171 -0.681333 
vn 0.707107 0.261727 -0.656886 
vn 0.707107 0.331215 -0.624737 
vn 0.707107 0.396819 -0.585265 
vn 0.707107 0.457771 -0.53893 
vn 0.707107 0.513356 -0.486277 
vn 0.707107 0.562923 -0.427923 
vn 0.707107 0.60589 -0.364552 
vn 0.707107 0.641753 -0.296906 
vn 0.707107 0.670092 -0.22578 
vn 0.707107 0.690575 -0.152007 
vn 0.707107 0.702962 -0.0764517 
vn 0.707107 0.707107 1.47196e-16 
vn 0.707107 -0.707107 4.32978e-17 
vn -0.707107 -8.65956e-17 0.707107 
vn -0.707107 -0.707107 -2.16489e-16 
vn -0.707107 0.707107 2.16489e-16 
vn 0 -1.22465e-16 1 
vn -0.707107 8.65956e-17 -0.707107 
vn 0 -1 -3.06162e-16 
vn 0 1 3.06162e-16 
vn 0.707107 -8.65956e-17 0.707107 
vn 0 1.22465e-16 -1 
vn 0.707107 0.707107 2.16489e-16 
vn 0.707107 8.65956e-17 -0.707107 
vn 0.707107 -0.707107 -2.16489e-16 
vn -0.707107 -0.707107 -2.16489e-16 
vn -0.707107 8.65956e-17 -0.707107 
vn -0.707107 -8.65956e-17 0.707107 
vn 0 -1 -3.06162e-16 
vn -0.707107 0.707107 2.16489e-16 
vn 0 1 3.06162e-16 
vn 0 1.22465e-16 -1 
vn 0.707107 8.65956e-17 -0.707107 
vn 0 -1.22465e-16 1 
vn 0.707107 0.707107 2.16489e-16 
vn 0.707107 -8.65956e-17 0.707107 
vn 0.707107 -0.707107 -2.16489e-16 
vn -0.707107 0 -0.707107 
vn -0.707107 -0.0764517 -0.702962 
vn -0.707107 -0.152007 -0.690575 
vn -0.707107 -0.22578 -0.670092 
vn -0.707107 -0.296906 -0.641753 
vn -0.707107 -0.364552 -0.60589 
vn -0.707107 -0.427923 -0.562923 
vn -0.707107 -0.486277 -0.513356 
vn -0.707107 -0.53893 -0.457771 
vn -0.707107 -0.585265 -0.396819 
vn -0.707107 -0.624737 -0.331215 
vn -0.707107 -0.656886 -0.261727 
vn -0.707107 -0.681333 -0.189171 
vn -0.707107 -0.697792 -0.114397 
vn -0.707107 -0.70607 -0.038282 
vn -0.707107 -0.70607 0.038282 
vn -0.707107 -0.697792 0.114397 
vn -0.707107 -0.681333 0.189171 
vn -0.707107 -0.656886 0.261727 
vn -0.707107 -0.624737 0.331215 
vn -0.707107 -0.585265 0.396819 
vn -0.707107 -0.53893 0.457771 
vn -0.707107 -0.486277 0.513356 
vn -0.707107 -0.427923 0.562923 
vn -0.707107 -0.364552 0.60589 
vn -0.707107 -0.296906 0.641753 
vn -0.707107 -0.258277 0.65825 
vn -0.707107 -0.22578 0.670092 
vn -0.707107 -0.152007 0.690575 
vn -0.707107 -0.0764517 0.702962 
vn -0.707107 1.47196e-16 0.707107 
vn -0.707107 0.0764517 0.702962 
vn -0.707107 0.152007 0.690575 
vn -0.707107 0.22578 0.670092 
vn -0.707107 0.296906 0.641753 
vn -0.707107 0.258277 0.65825 
vn -0.707107 0.364552 0.60589 
vn -0.707107 0.427923 0.562923 
vn -0.707107 0.486277 0.513356 
vn -0.707107 0.53893 0.457771 
vn -0.707107 0.585265 0.396819 
vn -0.707107 0.624737 0.331215 
vn -0.707107 0.656886 0.261727 
vn -0.707107 0.681333 0.189171 
vn -0.707107 0.697792 0.114397 
vn -0.707107 0.70607 0.038282 
vn -0.707107 0.70607 -0.038282 
vn -0.707107 0.697792 -0.114397 
vn -0.707107 0.681333 -0.189171 
vn -0.707107 0.656886 -0.261727 
vn -0.707107 0.624737 -0.331215 
vn -0.707107 0.585265 -0.396819 
vn -0.707107 0.53893 -0.457771 
vn -0.707107 0.486277 -0.513356 
vn -0.707107 0.427923 -0.562923 
vn -0.707107 0.364552 -0.60589 
vn -0.707107 0.296906 -0.641753 
vn -0.707107 0.22578 -0.670092 
vn -0.707107 0.152007 -0.690575 
vn -0.707107 0.0764517 -0.702962 
vn -0.707107 0 -0.707107 
vn 0 0.108119 0.994138 
vn 0 2.44929e-16 1 
vn 0 0.21497 0.976621 
vn 0 0.108119 0.994138 
vn 0 0.319302 0.947653 
vn 0 0.21497 0.976621 
vn 0 0.419889 0.907575 
vn 0 0.319302 0.947653 
vn 0 0.515554 0.856857 
vn 0 0.419889 0.907575 
vn 0 0.605174 0.796093 
vn 0 0.515554 0.856857 
vn 0 0.687699 0.725995 
vn 0 0.605174 0.796093 
vn 0 0.762162 0.647386 
vn 0 0.687699 0.725995 
vn 0 0.827689 0.561187 
vn 0 0.762162 0.647386 
vn 0 0.883512 0.468408 
vn 0 0.827689 0.561187 
vn 0 0.928977 0.370138 
vn 0 0.883512 0.468408 
vn 0 0.96355 0.267528 
vn 0 0.928977 0.370138 
vn 0 0.986827 0.161782 
vn 0 0.96355 0.267528 
vn 0 0.998533 0.0541389 
vn 0 0.986827 0.161782 
vn 0 0.998533 -0.0541389 
vn 0 0.998533 0.0541389 
vn 0 0.986827 -0.161782 
vn 0 0.998533 -0.0541389 
vn 0 0.96355 -0.267528 
vn 0 0.986827 -0.161782 
vn 0 0.928977 -0.370138 
vn 0 0.96355 -0.267528 
vn 0 0.883512 -0.468408 
vn 0 0.928977 -0.370138 
vn 0 0.827689 -0.561187 
vn 0 0.883512 -0.468408 
vn 0 0.762162 -0.647386 
vn 0 0.827689 -0.561187 
vn 0 0.687699 -0.725995 
vn 0 0.762162 -0.647386 
vn 0 0.605174 -0.796093 
vn 0 0.687699 -0.725995 
vn 0 0.515554 -0.856857 
vn 0 0.605174 -0.796093 
vn 0 0.419889 -0.907575 
vn 0 0.515554 -0.856857 
vn 0 0.319302 -0.947653 
vn 0 0.419889 -0.907575 
vn 0 0.21497 -0.976621 
vn 0 0.319302 -0.947653 
vn 0 0.108119 -0.994138 
vn 0 0.21497 -0.976621 
vn 0 -1.22465e-16 -1 
vn 0 0.108119 -0.994138 
vn 0 -0.108119 -0.994138 
vn 0 -1.22465e-16 -1 
vn 0 -0.21497 -0.976621 
vn 0 -0.108119 -0.994138 
vn 0 -0.319302 -0.947653 
vn 0 -0.21497 -0.976621 
vn 0 -0.419889 -0.907575 
vn 0 -0.319302 -0.947653 
vn 0 -0.515554 -0.856857 
vn 0 -0.419889 -0.907575 
vn 0 -0.605174 -0.796093 
vn 0 -0.515554 -0.856857 
vn 0 -0.687699 -0.725995 
vn 0 -0.605174 -0.796093 
vn 0 -0.762162 -0.647386 
vn 0 -0.687699 -0.725995 
vn 0 -0.827689 -0.561187 
vn 0 -0.762162 -0.647386 
vn 0 -0.883512 -0.468408 
vn 0 -0.827689 -0.561187 
vn 0 -0.928977 -0.370138 
vn 0 -0.883512 -0.468408 
vn 0 -0.96355 -0.267528 
vn 0 -0.928977 -0.370138 
vn 0 -0.986827 -0.161782 
vn 0 -0.96355 -0.267528 
vn 0 -0.998533 -0.0541389 
vn 0 -0.986827 -0.161782 
vn 0 -0.998533 0.0541389 
vn 0 -0.998533 -0.0541389 
vn 0 -0.986827 0.161782 
vn 0 -0.998533 0.0541389 
vn 0 -0.96355 0.267528 
vn 0 -0.986827 0.161782 
vn 0 -0.928977 0.370138 
vn 0 -0.96355 0.267528 
vn 0 -0.883512 0.468408 
vn 0 -0.928977 0.370138 
vn 0 -0.827689 0.561187 
vn 0 -0.883512 0.468408 
vn 0 -0.762162 0.647386 
vn 0 -0.827689 0.561187 
vn 0 -0.687699 0.725995 
vn 0 -0.762162 0.647386 
vn 0 -0.605174 0.796093 
vn 0 -0.687699 0.725995 
vn 0 -0.515554 0.856857 
vn 0 -0.605174 0.796093 
vn 0 -0.419889 0.907575 
vn 0 -0.515554 0.856857 
vn 0 -0.319302 0.947653 
vn 0 -0.419889 0.907575 
vn 0 -0.21497 0.976621 
vn 0 -0.319302 0.947653 
vn 0 -0.108119 0.994138 
vn 0 -0.21497 0.976621 
vn 0.707107 0 0.707107 
vn 0.707107 -0.0764517 0.702962 
vn 0.707107 -0.152007 0.690575 
vn 0.707107 -0.22578 0.670092 
vn 0.707107 -0.296906 0.641753 
vn 0.707107 -0.258277 0.65825 
vn 0.707107 -0.364552 0.60589 
vn 0.707107 -0.427923 0.562923 
vn 0.707107 -0.486277 0.513356 
vn 0.707107 -0.53893 0.457771 
vn 0.707107 -0.585265 0.396819 
vn 0.707107 -0.624737 0.331215 
vn 0.707107 -0.656886 0.261727 
vn 0.707107 -0.681333 0.189171 
vn 0.707107 -0.697792 0.114397 
vn 0.707107 -0.70607 0.038282 
vn 0.707107 -0.70607 -0.038282 
vn 0.707107 -0.697792 -0.114397 
vn 0.707107 -0.681333 -0.189171 
vn 0.707107 -0.656886 -0.261727 
vn 0.707107 -0.624737 -0.331215 
vn 0.707107 -0.585265 -0.396819 
vn 0.707107 -0.53893 -0.457771 
vn 0.707107 -0.486277 -0.513356 
vn 0.707107 -0.427923 -0.562923 
vn 0.707107 -0.364552 -0.60589 
vn 0.707107 -0.296906 -0.641753 
vn 0.707107 -0.22578 -0.670092 
vn 0.707107 -0.152007 -0.690575 
vn 0.707107 -0.0764517 -0.702962 
vn 0.707107 1.47196e-16 -0.707107 
vn 0.707107 0.0764517 -0.702962 
vn 0.707107 0.152007 -0.690575 
vn 0.707107 0.22578 -0.670092 
vn 0.707107 0.296906 -0.641753 
vn 0.707107 0.364552 -0.60589 
vn 0.707107 0.427923 -0.562923 
vn 0.707107 0.486277 -0.513356 
vn 0.707107 0.53893 -0.457771 
vn 0.707107 0.585265 -0.396819 
vn 0.707107 0.624737 -0.331215 
vn 0.707107 0.656886 -0.261727 
vn 0.707107 0.681333 -0.189171 
vn 0.707107 0.697792 -0.114397 
vn 0.707107 0.70607 -0.038282 
vn 0.707107 0.70607 0.038282 
vn 0.707107 0.697792 0.114397 
vn 0.707107 0.681333 0.189171 
vn 0.707107 0.656886 0.261727 
vn 0.707107 0.624737 0.331215 
vn 0.707107 0.585265 0.396819 
vn 0.707107 0.53893 0.457771 
vn 0.707107 0.486277 0.513356 
vn 0.707107 0.427923 0.562923 
vn 0.707107 0.364552 0.60589 
vn 0.707107 0.296906 0.641753 
vn 0.707107 0.258277 0.65825 
vn 0.707107 0.22578 0.670092 
vn 0.707107 0.152007 0.690575 
vn 0.707107 0.0764517 0.702962 
vn 0.707107 0 0.707107 
vn 1 0 0 
vn -0.707107 0 -0.707107 
vn -0.707107 -0.0764517 -0.702962 
vn -0.707107 -0.152007 -0.690575 
vn -0.707107 -0.22578 -0.670092 
vn -0.707107 -0.296906 -0.641753 
vn -0.707107 -0.364552 -0.60589 
vn -0.707107 -0.427923 -0.562923 
vn -0.707107 -0.486277 -0.513356 
vn -0.707107 -0.53893 -0.457771 
vn -0.707107 -0.578203 -0.40704 
vn -0.707107 -0.585265 -0.396819 
vn -0.707107 -0.624737 -0.331215 
vn -0.707107 -0.656886 -0.261727 
vn -0.707107 -0.681333 -0.189171 
vn -0.707107 -0.697792 -0.114397 
vn -0.707107 -0.70607 -0.038282 
vn -0.707107 -0.70607 0.038282 
vn -0.707107 -0.697792 0.114397 
vn -0.707107 -0.681333 0.189171 
vn -0.707107 -0.656886 0.261727 
vn -0.707107 -0.624737 0.331215 
vn -0.707107 -0.585265 0.396819 
vn -0.707107 -0.53893 0.457771 
vn -0.707107 -0.486277 0.513356 
vn -0.707107 -0.427923 0.562923 
vn -0.707107 -0.381188 0.595564 
vn -0.707107 -0.364552 0.60589 
vn -0.707107 -0.296906 0.641753 
vn -0.707107 -0.228575 0.669144 
vn -0.707107 -0.22578 0.670092 
vn -0.707107 -0.152007 0.690575 
vn -0.707107 -0.0764517 0.702962 
vn -0.707107 1.47196e-16 0.707107 
vn -0.707107 0.0764517 0.702962 
vn -0.707107 0.152007 0.690575 
vn -0.707107 0.22578 0.670092 
vn -0.707107 0.228575 0.669144 
vn -0.707107 0.296906 0.641753 
vn -0.707107 0.364552 0.60589 
vn -0.707107 0.427923 0.562923 
vn -0.707107 0.381188 0.595564 
vn -0.707107 0.486277 0.513356 
vn -0.707107 0.53893 0.457771 
vn -0.707107 0.585265 0.396819 
vn -0.707107 0.624737 0.331215 
vn -0.707107 0.656886 0.261727 
vn -0.707107 0.671602 0.221247 
vn -0.707107 0.681333 0.189171 
vn -0.707107 0.697792 0.114397 
vn -0.707107 0.70607 0.038282 
vn -0.707107 0.70607 -0.038282 
vn -0.707107 0.697792 -0.114397 
vn -0.707107 0.681333 -0.189171 
vn -0.707107 0.656886 -0.261727 
vn -0.707107 0.671602 -0.221247 
vn -0.707107 0.624737 -0.331215 
vn -0.707107 0.585265 -0.396819 
vn -0.707107 0.53893 -0.457771 
vn -0.707107 0.578203 -0.40704 
vn -0.707107 0.486277 -0.513356 
vn -0.707107 0.427923 -0.562923 
vn -0.707107 0.364552 -0.60589 
vn -0.707107 0.296906 -0.641753 
vn -0.707107 0.22578 -0.670092 
vn -0.707107 0.152007 -0.690575 
vn -0.707107 0.0764517 -0.702962 
vn -0.707107 0 -0.707107 
vn 0 0.108119 0.994138 
vn 0 2.44929e-16 1 
vn 0 0.21497 0.976621 
vn 0 0.108119 0.994138 
vn 0 0.319302 0.947653 
vn 0 0.21497 0.976621 
vn 0 0.419889 0.907575 
vn 0 0.319302 0.947653 
vn 0 0.515554 0.856857 
vn 0 0.419889 0.907575 
vn 0 0.605174 0.796093 
vn 0 0.515554 0.856857 
vn 0 0.687699 0.725995 
vn 0 0.605174 0.796093 
vn 0 0.762162 0.647386 
vn 0 0.687699 0.725995 
vn 0 0.827689 0.561187 
vn 0 0.762162 0.647386 
vn 0 0.883512 0.468408 
vn 0 0.827689 0.561187 
vn 0 0.928977 0.370138 
vn 0 0.883512 0.468408 
vn 0 0.96355 0.267528 
vn 0 0.928977 0.370138 
vn 0 0.986827 0.161782 
vn 0 0.96355 0.267528 
vn 0 0.998533 0.0541389 
vn 0 0.986827 0.161782 
vn 0 0.998533 -0.0541389 
vn 0 0.998533 0.0541389 
vn 0 0.986827 -0.161782 
vn 0 0.998533 -0.0541389 
vn 0 0.96355 -0.267528 
vn 0 0.986827 -0.161782 
vn 0 0.928977 -0.370138 
vn 0 0.96355 -0.267528 
vn 0 0.883512 -0.468408 
vn 0 0.928977 -0.370138 
vn 0 0.827689 -0.561187 
vn 0 0.883512 -0.468408 
vn 0 0.762162 -0.647386 
vn 0 0.827689 -0.561187 
vn 0 0.687699 -0.725995 
vn 0 0.762162 -0.647386 
vn 0 0.605174 -0.796093 
vn 0 0.687699 -0.725995 
vn 0 0.515554 -0.856857 
vn 0 0.605174 -0.796093 
vn 0 0.419889 -0.907575 
vn 0 0.515554 -0.856857 
vn 0 0.319302 -0.947653 
vn 0 0.419889 -0.907575 
vn 0 0.21497 -0.976621 
vn 0 0.319302 -0.947653 
vn 0 0.108119 -0.994138 
vn 0 0.21497 -0.976621 
vn 0 -1.22465e-16 -1 
vn 0 0.108119 -0.994138 
vn 0 -0.108119 -0.994138 
vn 0 -1.22465e-16 -1 
vn 0 -0.21497 -0.976621 
vn 0 -0.108119 -0.994138 
vn 0 -0.319302 -0.947653 
vn 0 -0.21497 -0.976621 
vn 0 -0.419889 -0.907575 
vn 0 -0.319302 -0.947653 
vn 0 -0.515554 -0.856857 
vn 0 -0.419889 -0.907575 
vn 0 -0.605174 -0.796093 
vn 0 -0.515554 -0.856857 
vn 0 -0.687699 -0.725995 
vn 0 -0.605174 -0.796093 
vn 0 -0.762162 -0.647386 
vn 0 -0.687699 -0.725995 
vn 0 -0.827689 -0.561187 
vn 0 -0.762162 -0.647386 
vn 0 -0.883512 -0.468408 
vn 0 -0.827689 -0.561187 
vn 0 -0.928977 -0.370138 
vn 0 -0.883512 -0.468408 
vn 0 -0.96355 -0.267528 
vn 0 -0.928977 -0.370138 
vn 0 -0.986827 -0.161782 
vn 0 -0.96355 -0.267528 
vn 0 -0.998533 -0.0541389 
vn 0 -0.986827 -0.161782 
vn 0 -0.998533 0.0541389 
vn 0 -0.998533 -0.0541389 
vn 0 -0.986827 0.161782 
vn 0 -0.998533 0.0541389 
vn 0 -0.96355 0.267528 
vn 0 -0.986827 0.161782 
vn 0 -0.928977 0.370138 
vn 0 -0.96355 0.267528 
vn 0 -0.883512 0.468408 
vn 0 -0.928977 0.370138 
vn 0 -0.827689 0.561187 
vn 0 -0.883512 0.468408 
vn 0 -0.762162 0.647386 
vn 0 -0.827689 0.561187 
vn 0 -0.687699 0.725995 
vn 0 -0.762162 0.647386 
vn 0 -0.605174 0.796093 
vn 0 -0.687699 0.725995 
vn 0 -0.515554 0.856857 
vn 0 -0.605174 0.796093 
vn 0 -0.419889 0.907575 
vn 0 -0.515554 0.856857 
vn 0 -0.319302 0.947653 
vn 0 -0.419889 0.907575 
vn 0 -0.21497 0.976621 
vn 0 -0.319302 0.947653 
vn 0 -0.108119 0.994138 
vn 0 -0.21497 0.976621 
vn 0.707107 0 0.707107 
vn 0.707107 -0.0764517 0.702962 
vn 0.707107 -0.152007 0.690575 
vn 0.707107 -0.22578 0.670092 
vn 0.707107 -0.228575 0.669144 
vn 0.707107 -0.296906 0.641753 
vn 0.707107 -0.364552 0.60589 
vn 0.707107 -0.427923 0.562923 
vn 0.707107 -0.381188 0.595564 
vn 0.707107 -0.486277 0.513356 
vn 0.707107 -0.53893 0.457771 
vn 0.707107 -0.585265 0.396819 
vn 0.707107 -0.624737 0.331215 
vn 0.707107 -0.656886 0.261727 
vn 0.707107 -0.681333 0.189171 
vn 0.707107 -0.697792 0.114397 
vn 0.707107 -0.70607 0.038282 
vn 0.707107 -0.70607 -0.038282 
vn 0.707107 -0.697792 -0.114397 
vn 0.707107 -0.681333 -0.189171 
vn 0.707107 -0.656886 -0.261727 
vn 0.707107 -0.624737 -0.331215 
vn 0.707107 -0.585265 -0.396819 
vn 0.707107 -0.53893 -0.457771 
vn 0.707107 -0.578203 -0.40704 
vn 0.707107 -0.486277 -0.513356 
vn 0.707107 -0.427923 -0.562923 
vn 0.707107 -0.364552 -0.60589 
vn 0.707107 -0.296906 -0.641753 
vn 0.707107 -0.22578 -0.670092 
vn 0.707107 -0.152007 -0.690575 
vn 0.707107 -0.0764517 -0.702962 
vn 0.707107 1.47196e-16 -0.707107 
vn 0.707107 0.0764517 -0.702962 
vn 0.707107 0.152007 -0.690575 
vn 0.707107 0.22578 -0.670092 
vn 0.707107 0.296906 -0.641753 
vn 0.707107 0.364552 -0.60589 
vn 0.707107 0.427923 -0.562923 
vn 0.707107 0.486277 -0.513356 
vn 0.707107 0.53893 -0.457771 
vn 0.707107 0.578203 -0.40704 
vn 0.707107 0.585265 -0.396819 
vn 0.707107 0.624737 -0.331215 
vn 0.707107 0.656886 -0.261727 
vn 0.707107 0.671602 -0.221247 
vn 0.707107 0.681333 -0.189171 
vn 0.707107 0.697792 -0.114397 
vn 0.707107 0.70607 -0.038282 
vn 0.707107 0.70607 0.038282 
vn 0.707107 0.697792 0.114397 
vn 0.707107 0.681333 0.189171 
vn 0.707107 0.656886 0.261727 
vn 0.707107 0.671602 0.221247 
vn 0.707107 0.624737 0.331215 
vn 0.707107 0.585265 0.396819 
vn 0.707107 0.53893 0.457771 
vn 0.707107 0.486277 0.513356 
vn 0.707107 0.427923 0.562923 
vn 0.707107 0.381188 0.595564 
vn 0.707107 0.364552 0.60589 
vn 0.707107 0.296906 0.641753 
vn 0.707107 0.228575 0.669144 
vn 0.707107 0.22578 0.670092 
vn 0.707107 0.152007 0.690575 
vn 0.707107 0.0764517 0.702962 
vn 0.707107 0 0.707107 
usemtl 0.960784_0.835294_0.470588_0.000000_0.000000
o mesh0
f 1//1 2//2 3//2 
f 4//3 1//1 5//4 
f 6//5 4//3 7//6 
f 8//7 6//5 9//8 
f 10//9 8//7 11//10 
f 12//11 10//9 13//12 
f 14//13 12//11 15//14 
f 16//15 14//13 17//16 
f 18//17 16//15 19//18 
f 20//19 18//17 21//20 
f 22//21 20//19 23//22 
f 24//23 22//21 25//24 
f 26//25 24//23 27//26 
f 28//27 26//25 29//28 
f 30//29 28//27 31//30 
f 32//31 30//29 33//32 
f 34//33 32//31 35//34 
f 36//35 34//33 37//36 
f 38//37 36//35 39//38 
f 40//39 38//37 41//40 
f 42//41 40//39 43//42 
f 44//43 42//41 45//44 
f 46//45 44//43 47//46 
f 48//47 46//45 49//48 
f 50//49 48//47 51//50 
f 52//51 50//49 53//52 
f 54//53 52//51 55//54 
f 56//55 54//53 57//56 
f 58//57 56//55 59//58 
f 60//59 58//57 61//60 
f 62//61 60//59 63//62 
f 64//63 62//61 65//64 
f 66//65 64//63 67//66 
f 68//67 66//65 69//68 
f 70//69 68//67 71//70 
f 72//71 70//69 73//72 
f 74//73 72//71 75//74 
f 76//75 74//73 77//76 
f 78//77 76//75 79//78 
f 80//79 78//77 81//80 
f 82//81 80//79 83//82 
f 84//83 82//81 85//84 
f 86//85 84//83 87//86 
f 88//87 89//88 90//88 
f 91//89 90//88 89//88 
f 89//88 86//85 91//89 
f 92//90 88//87 93//91 
f 94//92 92//90 95//93 
f 96//94 94//92 97//95 
f 98//96 96//94 99//97 
f 100//98 98//96 101//99 
f 102//100 100//98 103//101 
f 104//102 102//100 105//103 
f 106//104 104//102 107//105 
f 108//106 106//104 109//107 
f 110//108 108//106 111//109 
f 112//110 110//108 113//111 
f 114//112 112//110 115//113 
f 116//114 114//112 117//115 
f 2//2 116//114 118//114 
f 118//114 3//2 2//2 
f 117//115 118//114 116//114 
f 115//113 117//115 114//112 
f 113//111 115//113 112//110 
f 111//109 113//111 110//108 
f 109//107 111//109 108//106 
f 107//105 109//107 106//104 
f 105//103 107//105 104//102 
f 103//101 105//103 102//100 
f 101//99 103//101 100//98 
f 99//97 101//99 98//96 
f 97//95 99//97 96//94 
f 95//93 97//95 94//92 
f 93//91 95//93 92//90 
f 90//88 93//91 88//87 
f 87//86 91//89 86//85 
f 85//84 87//86 84//83 
f 83//82 85//84 82//81 
f 81//80 83//82 80//79 
f 79//78 81//80 78//77 
f 77//76 79//78 76//75 
f 75//74 77//76 74//73 
f 73//72 75//74 72//71 
f 71//70 73//72 70//69 
f 69//68 71//70 68//67 
f 67//66 69//68 66//65 
f 65//64 67//66 64//63 
f 63//62 65//64 62//61 
f 61//60 63//62 60//59 
f 59//58 61//60 58//57 
f 57//56 59//58 56//55 
f 55//54 57//56 54//53 
f 53//52 55//54 52//51 
f 51//50 53//52 50//49 
f 49//48 51//50 48//47 
f 47//46 49//48 46//45 
f 45//44 47//46 44//43 
f 43//42 45//44 42//41 
f 41//40 43//42 40//39 
f 39//38 41//40 38//37 
f 37//36 39//38 36//35 
f 35//34 37//36 34//33 
f 33//32 35//34 32//31 
f 31//30 33//32 30//29 
f 29//28 31//30 28//27 
f 27//26 29//28 26//25 
f 25//24 27//26 24//23 
f 23//22 25//24 22//21 
f 21//20 23//22 20//19 
f 19//18 21//20 18//17 
f 17//16 19//18 16//15 
f 15//14 17//16 14//13 
f 13//12 15//14 12//11 
f 11//10 13//12 10//9 
f 9//8 11//10 8//7 
f 7//6 9//8 6//5 
f 5//4 7//6 4//3 
f 3//2 5//4 1//1 
o mesh1
f 119//116 120//116 752//116 
f 120//116 121//116 753//116 
f 754//116 755//116 756//116 
f 755//116 757//116 758//116 
f 757//116 759//116 760//116 
f 759//116 752//116 761//116 
f 752//116 753//116 762//116 
f 763//116 764//116 122//116 
f 764//116 123//116 124//116 
f 764//116 125//116 126//116 
f 764//116 127//116 122//116 
f 764//116 128//116 129//116 
f 124//116 130//116 764//116 
f 126//116 131//116 764//116 
f 763//116 132//116 133//116 
f 763//116 134//116 135//116 
f 763//116 136//116 137//116 
f 763//116 138//116 139//116 
f 129//116 127//116 764//116 
f 764//116 140//116 141//116 
f 131//116 123//116 764//116 
f 764//116 142//116 143//116 
f 135//116 132//116 763//116 
f 139//116 136//116 763//116 
f 763//116 144//116 145//116 
f 141//116 128//116 764//116 
f 143//116 125//116 764//116 
f 763//116 146//116 134//116 
f 145//116 138//116 763//116 
f 130//116 140//116 764//116 
f 764//116 765//116 147//116 
f 765//116 148//116 149//116 
f 756//116 150//116 151//116 
f 133//116 756//116 763//116 
f 122//116 144//116 763//116 
f 147//116 152//116 764//116 
f 765//116 153//116 148//116 
f 151//116 154//116 756//116 
f 763//116 155//116 146//116 
f 763//116 156//116 157//116 
f 763//116 158//116 159//116 
f 764//116 160//116 142//116 
f 149//116 147//116 765//116 
f 765//116 161//116 162//116 
f 765//116 163//116 164//116 
f 756//116 165//116 166//116 
f 756//116 167//116 168//116 
f 756//116 169//116 170//116 
f 133//116 150//116 756//116 
f 763//116 171//116 156//116 
f 159//116 172//116 763//116 
f 152//116 160//116 764//116 
f 765//116 173//116 161//116 
f 164//116 174//116 765//116 
f 166//116 765//116 756//116 
f 170//116 167//116 756//116 
f 756//116 175//116 176//116 
f 756//116 177//116 178//116 
f 157//116 155//116 763//116 
f 137//116 158//116 763//116 
f 765//116 179//116 173//116 
f 166//116 163//116 765//116 
f 176//116 169//116 756//116 
f 178//116 180//116 756//116 
f 172//116 171//116 763//116 
f 174//116 179//116 765//116 
f 180//116 175//116 756//116 
f 162//116 153//116 765//116 
f 154//116 177//116 756//116 
f 756//116 758//116 766//116 
f 758//116 760//116 767//116 
f 764//116 763//116 768//116 
f 763//116 766//116 769//116 
f 767//116 770//116 771//116 
f 770//116 772//116 773//116 
f 774//116 181//116 182//116 
f 774//116 775//116 183//116 
f 183//116 181//116 774//116 
f 775//116 776//116 184//116 
f 184//116 183//116 775//116 
f 777//116 182//116 184//116 
f 184//116 776//116 777//116 
f 778//116 768//116 779//116 
f 780//116 771//116 781//116 
f 771//116 773//116 782//116 
f 783//116 784//116 785//116 
f 784//116 775//116 786//116 
f 775//116 774//116 787//116 
f 788//116 779//116 789//116 
f 779//116 790//116 791//116 
f 792//116 781//116 793//116 
f 781//116 782//116 794//116 
f 785//116 786//116 795//116 
f 786//116 787//116 796//116 
f 797//116 789//116 798//116 
f 789//116 791//116 799//116 
f 800//116 793//116 801//116 
f 793//116 794//116 802//116 
f 798//116 185//116 186//116 
f 186//116 187//116 798//116 
f 803//116 188//116 185//116 
f 185//116 798//116 803//116 
f 804//116 189//116 190//116 
f 798//116 191//116 192//116 
f 798//116 193//116 194//116 
f 187//116 195//116 798//116 
f 805//116 196//116 197//116 
f 805//116 198//116 199//116 
f 804//116 200//116 201//116 
f 804//116 202//116 203//116 
f 804//116 204//116 189//116 
f 798//116 205//116 206//116 
f 798//116 207//116 208//116 
f 192//116 209//116 798//116 
f 194//116 210//116 798//116 
f 803//116 211//116 188//116 
f 803//116 212//116 213//116 
f 805//116 214//116 215//116 
f 805//116 216//116 217//116 
f 197//116 218//116 805//116 
f 199//116 219//116 805//116 
f 201//116 805//116 804//116 
f 190//116 202//116 804//116 
f 206//116 220//116 798//116 
f 209//116 207//116 798//116 
f 195//116 193//116 798//116 
f 803//116 221//116 212//116 
f 803//116 222//116 223//116 
f 215//116 224//116 805//116 
f 218//116 216//116 805//116 
f 201//116 198//116 805//116 
f 203//116 225//116 804//116 
f 804//116 226//116 227//116 
f 208//116 205//116 798//116 
f 213//116 211//116 803//116 
f 803//116 228//116 222//116 
f 803//116 229//116 230//116 
f 803//116 231//116 232//116 
f 803//116 805//116 233//116 
f 217//116 214//116 805//116 
f 225//116 200//116 804//116 
f 804//116 234//116 226//116 
f 804//116 235//116 236//116 
f 210//116 191//116 798//116 
f 230//116 228//116 803//116 
f 803//116 237//116 231//116 
f 233//116 238//116 803//116 
f 219//116 196//116 805//116 
f 236//116 234//116 804//116 
f 223//116 221//116 803//116 
f 238//116 237//116 803//116 
f 227//116 204//116 804//116 
f 804//116 239//116 240//116 
f 220//116 241//116 798//116 
f 224//116 233//116 805//116 
f 804//116 242//116 239//116 
f 804//116 798//116 243//116 
f 232//116 229//116 803//116 
f 243//116 242//116 804//116 
f 240//116 235//116 804//116 
f 798//116 799//116 806//116 
f 799//116 807//116 808//116 
f 807//116 801//116 809//116 
f 802//116 244//116 245//116 
f 245//116 246//116 802//116 
f 810//116 247//116 248//116 
f 801//116 249//116 250//116 
f 246//116 251//116 802//116 
f 810//116 252//116 247//116 
f 809//116 253//116 254//116 
f 809//116 255//116 256//116 
f 809//116 257//116 258//116 
f 801//116 259//116 249//116 
f 802//116 260//116 261//116 
f 251//116 262//116 802//116 
f 802//116 263//116 264//116 
f 810//116 265//116 252//116 
f 810//116 809//116 266//116 
f 809//116 267//116 268//116 
f 256//116 253//116 809//116 
f 258//116 269//116 809//116 
f 250//116 809//116 801//116 
f 802//116 270//116 260//116 
f 262//116 271//116 802//116 
f 264//116 272//116 802//116 
f 802//116 810//116 273//116 
f 810//116 274//116 265//116 
f 810//116 275//116 276//116 
f 266//116 277//116 810//116 
f 809//116 278//116 267//116 
f 269//116 255//116 809//116 
f 250//116 279//116 809//116 
f 801//116 280//116 281//116 
f 802//116 282//116 283//116 
f 802//116 284//116 285//116 
f 271//116 270//116 802//116 
f 273//116 263//116 802//116 
f 810//116 286//116 274//116 
f 276//116 287//116 810//116 
f 809//116 288//116 266//116 
f 809//116 289//116 290//116 
f 254//116 278//116 809//116 
f 279//116 291//116 809//116 
f 801//116 292//116 280//116 
f 801//116 293//116 294//116 
f 285//116 282//116 802//116 
f 272//116 244//116 802//116 
f 287//116 286//116 810//116 
f 290//116 288//116 809//116 
f 291//116 257//116 809//116 
f 801//116 295//116 292//116 
f 801//116 296//116 293//116 
f 801//116 297//116 298//116 
f 283//116 801//116 802//116 
f 248//116 273//116 810//116 
f 268//116 289//116 809//116 
f 801//116 299//116 300//116 
f 294//116 295//116 801//116 
f 801//116 301//116 297//116 
f 261//116 284//116 802//116 
f 300//116 259//116 801//116 
f 298//116 296//116 801//116 
f 277//116 275//116 810//116 
f 801//116 302//116 301//116 
f 281//116 299//116 801//116 
f 805//116 803//116 303//116 
f 803//116 806//116 304//116 
f 806//116 808//116 305//116 
f 808//116 809//116 306//116 
f 809//116 810//116 307//116 
f 811//116 308//116 309//116 
f 811//116 310//116 311//116 
f 777//116 811//116 312//116 
f 811//116 313//116 314//116 
f 311//116 308//116 811//116 
f 312//116 315//116 777//116 
f 309//116 313//116 811//116 
f 811//116 316//116 317//116 
f 811//116 318//116 312//116 
f 317//116 310//116 811//116 
f 314//116 318//116 811//116 
f 315//116 319//116 777//116 
f 774//116 320//116 321//116 
f 774//116 322//116 323//116 
f 777//116 324//116 325//116 
f 774//116 326//116 320//116 
f 323//116 327//116 774//116 
f 325//116 774//116 777//116 
f 327//116 326//116 774//116 
f 774//116 328//116 329//116 
f 774//116 330//116 331//116 
f 777//116 332//116 324//116 
f 329//116 322//116 774//116 
f 774//116 333//116 330//116 
f 774//116 334//116 335//116 
f 325//116 336//116 774//116 
f 331//116 328//116 774//116 
f 336//116 334//116 774//116 
f 335//116 333//116 774//116 
f 778//116 337//116 338//116 
f 338//116 764//116 778//116 
f 800//116 339//116 340//116 
f 800//116 341//116 342//116 
f 342//116 339//116 800//116 
f 780//116 792//116 343//116 
f 792//116 344//116 345//116 
f 792//116 346//116 347//116 
f 792//116 340//116 348//116 
f 780//116 349//116 350//116 
f 343//116 351//116 780//116 
f 792//116 352//116 353//116 
f 792//116 354//116 344//116 
f 348//116 346//116 792//116 
f 780//116 355//116 349//116 
f 780//116 356//116 357//116 
f 353//116 343//116 792//116 
f 347//116 354//116 792//116 
f 357//116 355//116 780//116 
f 345//116 352//116 792//116 
f 351//116 356//116 780//116 
f 766//116 358//116 359//116 
f 766//116 360//116 358//116 
f 766//116 361//116 362//116 
f 766//116 363//116 360//116 
f 766//116 364//116 361//116 
f 767//116 365//116 366//116 
f 766//116 367//116 368//116 
f 362//116 363//116 766//116 
f 767//116 369//116 365//116 
f 359//116 367//116 766//116 
f 366//116 766//116 767//116 
f 366//116 364//116 766//116 
f 767//116 370//116 371//116 
f 371//116 369//116 767//116 
f 767//116 372//116 373//116 
f 767//116 374//116 375//116 
f 767//116 780//116 376//116 
f 373//116 370//116 767//116 
f 376//116 374//116 767//116 
f 375//116 372//116 767//116 
f 769//116 377//116 378//116 
f 769//116 368//116 379//116 
f 379//116 377//116 769//116 
f 768//116 769//116 380//116 
f 768//116 381//116 382//116 
f 380//116 383//116 768//116 
f 779//116 384//116 385//116 
f 382//116 779//116 768//116 
f 383//116 386//116 768//116 
f 779//116 387//116 384//116 
f 386//116 381//116 768//116 
f 382//116 387//116 779//116 
f 790//116 388//116 389//116 
f 389//116 390//116 790//116 
f 790//116 391//116 392//116 
f 390//116 393//116 790//116 
f 790//116 385//116 391//116 
f 392//116 388//116 790//116 
f 791//116 394//116 395//116 
f 791//116 790//116 396//116 
f 396//116 394//116 791//116 
f 807//116 799//116 397//116 
f 397//116 398//116 807//116 
f 398//116 399//116 807//116 
f 799//116 400//116 401//116 
f 799//116 791//116 402//116 
f 401//116 397//116 799//116 
f 402//116 403//116 799//116 
f 807//116 404//116 341//116 
f 403//116 400//116 799//116 
f 399//116 404//116 807//116 
f 782//116 405//116 406//116 
f 407//116 802//116 408//116 
f 794//116 406//116 408//116 
f 408//116 802//116 794//116 
f 802//116 407//116 409//116 
f 810//116 409//116 410//116 
f 805//116 411//116 412//116 
f 804//116 805//116 413//116 
f 413//116 796//116 804//116 
f 796//116 414//116 415//116 
f 795//116 415//116 416//116 
f 812//116 417//116 418//116 
f 812//116 419//116 420//116 
f 785//116 813//116 421//116 
f 420//116 417//116 812//116 
f 421//116 812//116 785//116 
f 421//116 419//116 812//116 
f 812//116 422//116 423//116 
f 812//116 424//116 425//116 
f 423//116 426//116 812//116 
f 425//116 427//116 812//116 
f 427//116 422//116 812//116 
f 783//116 428//116 429//116 
f 783//116 430//116 428//116 
f 783//116 812//116 431//116 
f 431//116 430//116 783//116 
f 432//116 433//116 434//116 
f 432//116 435//116 436//116 
f 432//116 437//116 438//116 
f 436//116 433//116 432//116 
f 432//116 439//116 437//116 
f 432//116 440//116 441//116 
f 438//116 435//116 432//116 
f 434//116 440//116 432//116 
f 783//116 442//116 432//116 
f 783//116 443//116 444//116 
f 432//116 445//116 783//116 
f 783//116 446//116 443//116 
f 444//116 442//116 783//116 
f 784//116 93//116 90//116 
f 784//116 113//116 111//116 
f 784//116 783//116 118//116 
f 447//116 85//116 83//116 
f 447//116 784//116 87//116 
f 90//116 91//116 784//116 
f 784//116 115//116 113//116 
f 118//116 117//116 784//116 
f 783//116 15//116 13//116 
f 87//116 85//116 447//116 
f 784//116 95//116 93//116 
f 784//116 101//116 99//116 
f 117//116 115//116 784//116 
f 783//116 5//116 3//116 
f 783//116 9//116 7//116 
f 13//116 11//116 783//116 
f 783//116 27//116 25//116 
f 783//116 33//116 31//116 
f 445//116 35//116 33//116 
f 448//116 449//116 53//116 
f 91//116 87//116 784//116 
f 99//116 97//116 784//116 
f 3//116 118//116 783//116 
f 11//116 9//116 783//116 
f 783//116 29//116 27//116 
f 33//116 783//116 445//116 
f 445//116 41//116 39//116 
f 51//116 445//116 448//116 
f 447//116 81//116 79//116 
f 97//116 95//116 784//116 
f 784//116 109//116 107//116 
f 7//116 5//116 783//116 
f 31//116 29//116 783//116 
f 39//116 37//116 445//116 
f 53//116 51//116 448//116 
f 447//116 73//116 71//116 
f 83//116 81//116 447//116 
f 784//116 105//116 103//116 
f 111//116 109//116 784//116 
f 783//116 19//116 17//116 
f 783//116 23//116 21//116 
f 37//116 35//116 445//116 
f 449//116 55//116 53//116 
f 449//116 59//116 57//116 
f 447//116 67//116 65//116 
f 71//116 69//116 447//116 
f 103//116 101//116 784//116 
f 17//116 15//116 783//116 
f 25//116 23//116 783//116 
f 445//116 45//116 43//116 
f 57//116 55//116 449//116 
f 447//116 63//116 61//116 
f 69//116 67//116 447//116 
f 107//116 105//116 784//116 
f 43//116 41//116 445//116 
f 445//116 49//116 47//116 
f 449//116 61//116 59//116 
f 65//116 63//116 447//116 
f 447//116 77//116 75//116 
f 21//116 19//116 783//116 
f 51//116 49//116 445//116 
f 75//116 73//116 447//116 
f 47//116 45//116 445//116 
f 79//116 77//116 447//116 
f 784//116 450//116 451//116 
f 784//116 447//116 452//116 
f 453//116 776//116 454//116 
f 452//116 450//116 784//116 
f 452//116 447//116 453//116 
f 775//116 451//116 454//116 
f 454//116 452//116 453//116 
f 451//116 775//116 784//116 
f 777//116 776//116 455//116 
f 776//116 456//116 455//116 
f 316//116 811//116 457//116 
f 458//116 459//116 316//116 
f 458//116 460//116 459//116 
f 765//116 461//116 462//116 
f 458//116 463//116 460//116 
f 458//116 765//116 464//116 
f 462//116 465//116 765//116 
f 458//116 466//116 463//116 
f 765//116 467//116 464//116 
f 765//116 468//116 469//116 
f 465//116 470//116 765//116 
f 764//116 471//116 472//116 
f 464//116 466//116 458//116 
f 765//116 473//116 474//116 
f 469//116 475//116 765//116 
f 765//116 476//116 461//116 
f 472//116 765//116 764//116 
f 474//116 467//116 765//116 
f 470//116 468//116 765//116 
f 764//116 477//116 471//116 
f 475//116 473//116 765//116 
f 764//116 478//116 477//116 
f 472//116 476//116 765//116 
f 764//116 479//116 478//116 
f 765//116 458//116 480//116 
f 755//116 754//116 481//116 
f 757//116 755//116 482//116 
f 759//116 483//116 484//116 
f 484//116 485//116 759//116 
f 485//116 486//116 759//116 
f 759//116 757//116 487//116 
f 488//116 489//116 490//116 
f 491//116 492//116 493//116 
f 486//116 494//116 759//116 
f 757//116 495//116 487//116 
f 757//116 496//116 497//116 
f 757//116 498//116 499//116 
f 500//116 501//116 488//116 
f 489//116 502//116 503//116 
f 493//116 504//116 491//116 
f 491//116 119//116 505//116 
f 759//116 506//116 507//116 
f 487//116 483//116 759//116 
f 499//116 496//116 757//116 
f 503//116 490//116 489//116 
f 502//116 508//116 509//116 
f 505//116 492//116 491//116 
f 759//116 510//116 506//116 
f 497//116 495//116 757//116 
f 509//116 503//116 502//116 
f 504//116 511//116 491//116 
f 119//116 512//116 513//116 
f 507//116 514//116 759//116 
f 757//116 515//116 498//116 
f 757//116 516//116 517//116 
f 490//116 500//116 488//116 
f 119//116 518//116 505//116 
f 119//116 519//116 512//116 
f 119//116 520//116 521//116 
f 119//116 522//116 523//116 
f 759//116 524//116 522//116 
f 759//116 525//116 526//116 
f 759//116 527//116 528//116 
f 494//116 510//116 759//116 
f 517//116 529//116 757//116 
f 757//116 501//116 530//116 
f 500//116 531//116 501//116 
f 508//116 491//116 532//116 
f 513//116 518//116 119//116 
f 523//116 520//116 119//116 
f 526//116 524//116 759//116 
f 759//116 533//116 527//116 
f 529//116 515//116 757//116 
f 757//116 534//116 535//116 
f 757//116 536//116 537//116 
f 530//116 538//116 757//116 
f 501//116 539//116 540//116 
f 501//116 541//116 542//116 
f 532//116 509//116 508//116 
f 521//116 519//116 119//116 
f 759//116 543//116 525//116 
f 514//116 533//116 759//116 
f 537//116 534//116 757//116 
f 501//116 544//116 530//116 
f 501//116 545//116 539//116 
f 501//116 546//116 547//116 
f 531//116 541//116 501//116 
f 522//116 119//116 759//116 
f 535//116 516//116 757//116 
f 540//116 544//116 501//116 
f 542//116 546//116 501//116 
f 528//116 543//116 759//116 
f 547//116 545//116 501//116 
f 538//116 536//116 757//116 
f 121//116 548//116 549//116 
f 549//116 550//116 121//116 
f 121//116 551//116 552//116 
f 551//116 553//116 554//116 
f 121//116 555//116 556//116 
f 550//116 557//116 121//116 
f 121//116 558//116 559//116 
f 554//116 552//116 551//116 
f 560//116 561//116 562//116 
f 563//116 564//116 561//116 
f 565//116 566//116 564//116 
f 567//116 568//116 566//116 
f 557//116 555//116 121//116 
f 552//116 558//116 121//116 
f 561//116 560//116 563//116 
f 566//116 565//116 567//116 
f 569//116 570//116 568//116 
f 571//116 572//116 570//116 
f 573//116 574//116 572//116 
f 753//116 575//116 576//116 
f 753//116 577//116 578//116 
f 559//116 548//116 121//116 
f 562//116 551//116 560//116 
f 568//116 567//116 569//116 
f 572//116 571//116 573//116 
f 753//116 579//116 575//116 
f 753//116 580//116 577//116 
f 121//116 581//116 580//116 
f 562//116 553//116 551//116 
f 570//116 569//116 571//116 
f 582//116 583//116 574//116 
f 584//116 585//116 583//116 
f 753//116 586//116 579//116 
f 580//116 753//116 121//116 
f 564//116 563//116 565//116 
f 583//116 582//116 584//116 
f 587//116 588//116 585//116 
f 589//116 590//116 591//116 
f 592//116 593//116 590//116 
f 576//116 594//116 753//116 
f 753//116 595//116 596//116 
f 753//116 597//116 598//116 
f 556//116 581//116 121//116 
f 585//116 584//116 587//116 
f 599//116 591//116 588//116 
f 590//116 589//116 592//116 
f 596//116 586//116 753//116 
f 598//116 600//116 753//116 
f 574//116 573//116 582//116 
f 591//116 599//116 589//116 
f 601//116 602//116 593//116 
f 603//116 604//116 602//116 
f 600//116 595//116 753//116 
f 588//116 587//116 599//116 
f 602//116 601//116 603//116 
f 605//116 606//116 604//116 
f 607//116 608//116 609//116 
f 610//116 611//116 612//116 
f 578//116 597//116 753//116 
f 604//116 603//116 605//116 
f 613//116 609//116 606//116 
f 609//116 613//116 607//116 
f 610//116 614//116 615//116 
f 612//116 616//116 610//116 
f 610//116 617//116 618//116 
f 593//116 592//116 601//116 
f 607//116 610//116 608//116 
f 616//116 614//116 610//116 
f 618//116 619//116 610//116 
f 606//116 605//116 613//116 
f 619//116 611//116 610//116 
f 615//116 608//116 610//116 
f 620//116 621//116 617//116 
f 620//116 762//116 622//116 
f 617//116 610//116 623//116 
f 622//116 624//116 620//116 
f 762//116 753//116 625//116 
f 620//116 626//116 621//116 
f 762//116 627//116 622//116 
f 625//116 628//116 762//116 
f 620//116 629//116 626//116 
f 628//116 627//116 762//116 
f 624//116 629//116 620//116 
f 762//116 620//116 630//116 
f 772//116 630//116 631//116 
f 782//116 773//116 632//116 
f 773//116 633//116 632//116 
f 773//116 634//116 633//116 
f 773//116 635//116 634//116 
f 773//116 631//116 636//116 
f 636//116 635//116 773//116 
f 637//116 788//116 797//116 
f 638//116 639//116 640//116 
f 778//116 641//116 642//116 
f 778//116 643//116 644//116 
f 638//116 645//116 646//116 
f 638//116 647//116 639//116 
f 337//116 648//116 649//116 
f 778//116 650//116 648//116 
f 778//116 651//116 652//116 
f 778//116 653//116 654//116 
f 644//116 641//116 778//116 
f 778//116 788//116 655//116 
f 638//116 656//116 657//116 
f 640//116 645//116 638//116 
f 337//116 658//116 659//116 
f 648//116 337//116 778//116 
f 778//116 660//116 651//116 
f 642//116 653//116 778//116 
f 788//116 637//116 655//116 
f 638//116 661//116 662//116 
f 646//116 656//116 638//116 
f 337//116 663//116 664//116 
f 659//116 665//116 337//116 
f 649//116 666//116 337//116 
f 654//116 660//116 778//116 
f 655//116 667//116 778//116 
f 662//116 668//116 669//116 
f 657//116 670//116 638//116 
f 665//116 663//116 337//116 
f 778//116 671//116 650//116 
f 778//116 672//116 673//116 
f 667//116 643//116 778//116 
f 670//116 661//116 638//116 
f 337//116 674//116 675//116 
f 666//116 658//116 337//116 
f 652//116 672//116 778//116 
f 662//116 675//116 668//116 
f 337//116 676//116 674//116 
f 337//116 677//116 678//116 
f 673//116 671//116 778//116 
f 675//116 662//116 337//116 
f 664//116 677//116 337//116 
f 678//116 676//116 337//116 
f 787//116 679//116 680//116 
f 787//116 774//116 681//116 
f 681//116 679//116 787//116 
f 682//116 683//116 647//116 
f 682//116 684//116 685//116 
f 680//116 682//116 787//116 
f 682//116 686//116 683//116 
f 680//116 684//116 682//116 
f 685//116 686//116 682//116 
f 797//116 804//116 687//116 
f 804//116 796//116 688//116 
f 688//116 687//116 804//116 
f 787//116 682//116 688//116 
f 688//116 796//116 787//116 
f 772//116 770//116 689//116 
f 772//116 690//116 691//116 
f 689//116 692//116 772//116 
f 761//116 762//116 693//116 
f 692//116 690//116 772//116 
f 770//116 694//116 695//116 
f 761//116 696//116 697//116 
f 693//116 698//116 761//116 
f 762//116 699//116 700//116 
f 770//116 701//116 689//116 
f 770//116 702//116 703//116 
f 770//116 704//116 705//116 
f 695//116 706//116 770//116 
f 761//116 707//116 708//116 
f 697//116 709//116 761//116 
f 700//116 693//116 762//116 
f 762//116 710//116 711//116 
f 762//116 712//116 713//116 
f 762//116 772//116 714//116 
f 703//116 701//116 770//116 
f 706//116 704//116 770//116 
f 708//116 715//116 761//116 
f 698//116 696//116 761//116 
f 713//116 710//116 762//116 
f 714//116 716//116 762//116 
f 772//116 717//116 718//116 
f 772//116 719//116 720//116 
f 772//116 721//116 722//116 
f 705//116 702//116 770//116 
f 770//116 723//116 724//116 
f 715//116 725//116 761//116 
f 711//116 699//116 762//116 
f 716//116 726//116 762//116 
f 772//116 727//116 717//116 
f 722//116 719//116 772//116 
f 724//116 694//116 770//116 
f 770//116 728//116 729//116 
f 730//116 731//116 732//116 
f 709//116 707//116 761//116 
f 726//116 733//116 762//116 
f 772//116 734//116 735//116 
f 720//116 727//116 772//116 
f 772//116 736//116 737//116 
f 729//116 723//116 770//116 
f 770//116 732//116 738//116 
f 730//116 739//116 731//116 
f 733//116 712//116 762//116 
f 718//116 734//116 772//116 
f 691//116 736//116 772//116 
f 732//116 770//116 730//116 
f 761//116 740//116 741//116 
f 761//116 742//116 743//116 
f 735//116 714//116 772//116 
f 738//116 728//116 770//116 
f 741//116 744//116 761//116 
f 761//116 745//116 746//116 
f 761//116 747//116 742//116 
f 737//116 721//116 772//116 
f 746//116 740//116 761//116 
f 725//116 747//116 761//116 
f 743//116 745//116 761//116 
f 760//116 761//116 744//116 
f 770//116 767//116 748//116 
f 744//116 748//116 760//116 
f 748//116 767//116 760//116 
f 748//116 730//116 770//116 
f 741//116 749//116 744//116 
f 687//116 750//116 797//116 
f 647//116 638//116 682//116 
f 662//116 669//116 638//116 
f 797//116 750//116 637//116 
f 632//116 405//116 782//116 
f 631//116 773//116 772//116 
f 630//116 772//116 762//116 
f 617//116 623//116 620//116 
f 594//116 625//116 753//116 
f 511//116 532//116 491//116 
f 482//116 501//116 757//116 
f 481//116 482//116 755//116 
f 481//116 754//116 480//116 
f 480//116 754//116 765//116 
f 457//116 458//116 316//116 
f 457//116 811//116 455//116 
f 455//116 811//116 777//116 
f 456//116 776//116 453//116 
f 454//116 776//116 775//116 
f 61//116 449//116 447//116 
f 441//116 445//116 432//116 
f 429//116 446//116 783//116 
f 426//116 431//116 812//116 
f 418//116 424//116 812//116 
f 421//116 813//116 416//116 
f 416//116 813//116 795//116 
f 415//116 795//116 796//116 
f 413//116 414//116 796//116 
f 412//116 413//116 805//116 
f 410//116 307//116 810//116 
f 409//116 810//116 802//116 
f 408//116 751//116 407//116 
f 406//116 794//116 782//116 
f 341//116 800//116 807//116 
f 395//116 402//116 791//116 
f 393//116 396//116 790//116 
f 385//116 790//116 779//116 
f 378//116 380//116 769//116 
f 368//116 769//116 766//116 
f 350//116 376//116 780//116 
f 340//116 792//116 800//116 
f 338//116 479//116 764//116 
f 321//116 681//116 774//116 
f 319//116 332//116 777//116 
f 307//116 306//116 809//116 
f 306//116 305//116 808//116 
f 305//116 304//116 806//116 
f 304//116 303//116 803//116 
f 303//116 411//116 805//116 
f 283//116 302//116 801//116 
f 809//116 808//116 807//116 
f 808//116 806//116 799//116 
f 806//116 803//116 798//116 
f 241//116 243//116 798//116 
f 802//116 801//116 793//116 
f 801//116 807//116 800//116 
f 799//116 798//116 789//116 
f 798//116 804//116 797//116 
f 796//116 795//116 786//116 
f 795//116 813//116 785//116 
f 794//116 793//116 781//116 
f 793//116 800//116 792//116 
f 791//116 789//116 779//116 
f 789//116 797//116 788//116 
f 787//116 786//116 775//116 
f 786//116 785//116 784//116 
f 785//116 812//116 783//116 
f 782//116 781//116 771//116 
f 781//116 792//116 780//116 
f 779//116 788//116 778//116 
f 182//116 777//116 774//116 
f 773//116 771//116 770//116 
f 771//116 780//116 767//116 
f 769//116 768//116 763//116 
f 768//116 778//116 764//116 
f 767//116 766//116 758//116 
f 766//116 763//116 756//116 
f 168//116 165//116 756//116 
f 762//116 761//116 752//116 
f 761//116 760//116 759//116 
f 760//116 758//116 757//116 
f 758//116 756//116 755//116 
f 756//116 765//116 754//116 
f 753//116 752//116 120//116 
f 752//116 759//116 119//116 
o mesh2
f 730//117 814//117 815//117 
f 816//117 814//117 730//117 
f 730//117 748//117 816//117 
f 815//117 739//117 730//117 
o mesh3
f 748//118 744//118 817//118 
f 749//118 818//118 817//118 
f 817//118 744//118 749//118 
f 817//118 816//118 748//118 
o mesh4
f 819//119 818//120 749//120 
f 820//121 819//119 741//122 
f 821//123 820//121 740//124 
f 822//125 821//123 746//126 
f 823//127 822//125 745//128 
f 824//129 823//127 743//130 
f 825//131 824//129 742//132 
f 826//133 825//131 747//134 
f 827//135 826//133 725//136 
f 828//137 827//135 715//138 
f 829//139 828//137 708//140 
f 830//141 829//139 707//142 
f 831//143 830//141 709//144 
f 832//145 831//143 697//146 
f 833//147 832//145 696//148 
f 834//149 833//147 698//150 
f 835//151 834//149 693//152 
f 836//153 835//151 700//154 
f 837//155 836//153 699//156 
f 838//157 837//155 711//158 
f 839//159 838//157 710//160 
f 840//161 839//159 713//162 
f 841//163 840//161 712//164 
f 842//165 841//163 733//166 
f 843//167 842//165 726//168 
f 844//169 843//167 716//170 
f 845//171 844//169 714//172 
f 846//173 845//171 735//174 
f 847//175 846//173 734//176 
f 848//177 847//175 718//178 
f 849//179 848//177 717//180 
f 850//181 849//179 727//182 
f 851//183 850//181 720//184 
f 852//185 851//183 719//186 
f 853//187 852//185 722//188 
f 854//189 853//187 721//190 
f 855//191 854//189 737//192 
f 856//193 855//191 736//194 
f 857//195 856//193 691//196 
f 858//197 857//195 690//198 
f 859//199 858//197 692//200 
f 860//201 859//199 689//202 
f 861//203 860//201 701//204 
f 862//205 861//203 703//206 
f 863//207 862//205 702//208 
f 864//209 863//207 705//210 
f 865//211 864//209 704//212 
f 866//213 865//211 706//214 
f 867//215 866//213 695//216 
f 868//217 867//215 694//218 
f 869//219 868//217 724//220 
f 870//221 869//219 723//222 
f 871//223 870//221 729//224 
f 872//225 871//223 728//226 
f 873//227 872//225 738//228 
f 874//229 873//227 732//230 
f 815//231 874//229 731//232 
f 731//232 739//231 815//231 
f 732//230 731//232 874//229 
f 738//228 732//230 873//227 
f 728//226 738//228 872//225 
f 729//224 728//226 871//223 
f 723//222 729//224 870//221 
f 724//220 723//222 869//219 
f 694//218 724//220 868//217 
f 695//216 694//218 867//215 
f 706//214 695//216 866//213 
f 704//212 706//214 865//211 
f 705//210 704//212 864//209 
f 702//208 705//210 863//207 
f 703//206 702//208 862//205 
f 701//204 703//206 861//203 
f 689//202 701//204 860//201 
f 692//200 689//202 859//199 
f 690//198 692//200 858//197 
f 691//196 690//198 857//195 
f 736//194 691//196 856//193 
f 737//192 736//194 855//191 
f 721//190 737//192 854//189 
f 722//188 721//190 853//187 
f 719//186 722//188 852//185 
f 720//184 719//186 851//183 
f 727//182 720//184 850//181 
f 717//180 727//182 849//179 
f 718//178 717//180 848//177 
f 734//176 718//178 847//175 
f 735//174 734//176 846//173 
f 714//172 735//174 845//171 
f 716//170 714//172 844//169 
f 726//168 716//170 843//167 
f 733//166 726//168 842//165 
f 712//164 733//166 841//163 
f 713//162 712//164 840//161 
f 710//160 713//162 839//159 
f 711//158 710//160 838//157 
f 699//156 711//158 837//155 
f 700//154 699//156 836//153 
f 693//152 700//154 835//151 
f 698//150 693//152 834//149 
f 696//148 698//150 833//147 
f 697//146 696//148 832//145 
f 709//144 697//146 831//143 
f 707//142 709//144 830//141 
f 708//140 707//142 829//139 
f 715//138 708//140 828//137 
f 725//136 715//138 827//135 
f 747//134 725//136 826//133 
f 742//132 747//134 825//131 
f 743//130 742//132 824//129 
f 745//128 743//130 823//127 
f 746//126 745//128 822//125 
f 740//124 746//126 821//123 
f 741//122 740//124 820//121 
f 749//120 741//122 819//119 
o mesh5
f 875//233 876//234 290//234 
f 877//235 875//233 289//236 
f 878//237 877//235 268//238 
f 879//239 878//237 267//240 
f 880//241 879//239 278//242 
f 881//243 880//241 254//244 
f 882//245 881//243 253//246 
f 883//247 882//245 256//248 
f 884//249 883//247 255//250 
f 885//251 884//249 269//252 
f 886//253 885//251 258//254 
f 887//255 886//253 257//256 
f 888//257 887//255 291//258 
f 889//259 888//257 279//260 
f 890//261 889//259 250//262 
f 891//263 890//261 249//264 
f 892//265 891//263 259//266 
f 893//267 892//265 300//268 
f 894//269 893//267 299//270 
f 895//271 894//269 281//272 
f 896//273 895//271 280//274 
f 897//275 896//273 292//276 
f 898//277 897//275 295//278 
f 899//279 898//277 294//280 
f 900//281 899//279 293//282 
f 901//283 900//281 296//284 
f 902//285 901//283 298//286 
f 903//287 902//285 297//288 
f 904//289 903//287 301//290 
f 905//291 904//289 302//292 
f 906//293 905//291 283//294 
f 907//295 906//293 282//296 
f 908//297 907//295 285//298 
f 909//299 908//297 284//300 
f 910//301 909//299 261//302 
f 911//303 910//301 260//304 
f 912//305 911//303 270//306 
f 913//307 912//305 271//308 
f 914//309 913//307 262//310 
f 915//311 914//309 251//312 
f 916//313 915//311 246//314 
f 917//315 916//313 245//316 
f 918//317 917//315 244//318 
f 919//319 920//320 264//320 
f 272//321 264//320 920//320 
f 920//320 918//317 272//321 
f 921//322 919//319 263//323 
f 922//324 921//322 273//325 
f 923//326 922//324 248//327 
f 924//328 923//326 247//329 
f 925//330 924//328 252//331 
f 926//332 925//330 265//333 
f 927//334 926//332 274//335 
f 928//336 927//334 286//337 
f 929//338 928//336 287//339 
f 930//340 929//338 276//341 
f 931//342 930//340 275//343 
f 932//344 931//342 277//345 
f 933//346 932//344 266//347 
f 876//234 933//346 288//346 
f 288//346 290//234 876//234 
f 266//347 288//346 933//346 
f 277//345 266//347 932//344 
f 275//343 277//345 931//342 
f 276//341 275//343 930//340 
f 287//339 276//341 929//338 
f 286//337 287//339 928//336 
f 274//335 286//337 927//334 
f 265//333 274//335 926//332 
f 252//331 265//333 925//330 
f 247//329 252//331 924//328 
f 248//327 247//329 923//326 
f 273//325 248//327 922//324 
f 263//323 273//325 921//322 
f 264//320 263//323 919//319 
f 244//318 272//321 918//317 
f 245//316 244//318 917//315 
f 246//314 245//316 916//313 
f 251//312 246//314 915//311 
f 262//310 251//312 914//309 
f 271//308 262//310 913//307 
f 270//306 271//308 912//305 
f 260//304 270//306 911//303 
f 261//302 260//304 910//301 
f 284//300 261//302 909//299 
f 285//298 284//300 908//297 
f 282//296 285//298 907//295 
f 283//294 282//296 906//293 
f 302//292 283//294 905//291 
f 301//290 302//292 904//289 
f 297//288 301//290 903//287 
f 298//286 297//288 902//285 
f 296//284 298//286 901//283 
f 293//282 296//284 900//281 
f 294//280 293//282 899//279 
f 295//278 294//280 898//277 
f 292//276 295//278 897//275 
f 280//274 292//276 896//273 
f 281//272 280//274 895//271 
f 299//270 281//272 894//269 
f 300//268 299//270 893//267 
f 259//266 300//268 892//265 
f 249//264 259//266 891//263 
f 250//262 249//264 890//261 
f 279//260 250//262 889//259 
f 291//258 279//260 888//257 
f 257//256 291//258 887//255 
f 258//254 257//256 886//253 
f 269//252 258//254 885//251 
f 255//250 269//252 884//249 
f 256//248 255//250 883//247 
f 253//246 256//248 882//245 
f 254//244 253//246 881//243 
f 278//242 254//244 880//241 
f 267//240 278//242 879//239 
f 268//238 267//240 878//237 
f 289//236 268//238 877//235 
f 290//234 289//236 875//233 
o mesh6
f 934//348 935//349 238//349 
f 936//350 934//348 233//351 
f 937//352 936//350 224//353 
f 938//354 937//352 215//355 
f 939//356 938//354 214//357 
f 940//358 939//356 217//359 
f 941//360 940//358 216//361 
f 942//362 941//360 218//363 
f 943//364 942//362 197//365 
f 944//366 943//364 196//367 
f 945//368 944//366 219//369 
f 946//370 945//368 199//371 
f 947//372 946//370 198//373 
f 948//374 947//372 201//375 
f 949//376 948//374 200//377 
f 950//378 949//376 225//379 
f 951//380 950//378 203//381 
f 952//382 951//380 202//383 
f 953//384 952//382 190//385 
f 954//386 953//384 189//387 
f 955//388 954//386 204//389 
f 956//390 955//388 227//391 
f 957//392 956//390 226//393 
f 958//394 957//392 234//395 
f 959//396 958//394 236//397 
f 960//398 959//396 235//399 
f 961//400 960//398 240//401 
f 962//402 961//400 239//403 
f 963//404 962//402 242//405 
f 964//406 963//404 243//407 
f 965//408 964//406 241//409 
f 966//410 965//408 220//411 
f 967//412 966//410 206//413 
f 968//414 967//412 205//415 
f 969//416 968//414 208//417 
f 970//418 969//416 207//419 
f 971//420 970//418 209//421 
f 972//422 971//420 192//423 
f 973//424 972//422 191//425 
f 974//426 973//424 210//427 
f 975//428 974//426 194//429 
f 976//430 975//428 193//431 
f 977//432 976//430 195//433 
f 978//434 979//435 186//435 
f 187//436 186//435 979//435 
f 979//435 977//432 187//436 
f 980//437 978//434 185//438 
f 981//439 980//437 188//440 
f 982//441 981//439 211//442 
f 983//443 982//441 213//444 
f 984//445 983//443 212//446 
f 985//447 984//445 221//448 
f 986//449 985//447 223//450 
f 987//451 986//449 222//452 
f 988//453 987//451 228//454 
f 989//455 988//453 230//456 
f 990//457 989//455 229//458 
f 991//459 990//457 232//460 
f 992//461 991//459 231//462 
f 935//349 992//461 237//461 
f 237//461 238//349 935//349 
f 231//462 237//461 992//461 
f 232//460 231//462 991//459 
f 229//458 232//460 990//457 
f 230//456 229//458 989//455 
f 228//454 230//456 988//453 
f 222//452 228//454 987//451 
f 223//450 222//452 986//449 
f 221//448 223//450 985//447 
f 212//446 221//448 984//445 
f 213//444 212//446 983//443 
f 211//442 213//444 982//441 
f 188//440 211//442 981//439 
f 185//438 188//440 980//437 
f 186//435 185//438 978//434 
f 195//433 187//436 977//432 
f 193//431 195//433 976//430 
f 194//429 193//431 975//428 
f 210//427 194//429 974//426 
f 191//425 210//427 973//424 
f 192//423 191//425 972//422 
f 209//421 192//423 971//420 
f 207//419 209//421 970//418 
f 208//417 207//419 969//416 
f 205//415 208//417 968//414 
f 206//413 205//415 967//412 
f 220//411 206//413 966//410 
f 241//409 220//411 965//408 
f 243//407 241//409 964//406 
f 242//405 243//407 963//404 
f 239//403 242//405 962//402 
f 240//401 239//403 961//400 
f 235//399 240//401 960//398 
f 236//397 235//399 959//396 
f 234//395 236//397 958//394 
f 226//393 234//395 957//392 
f 227//391 226//393 956//390 
f 204//389 227//391 955//388 
f 189//387 204//389 954//386 
f 190//385 189//387 953//384 
f 202//383 190//385 952//382 
f 203//381 202//383 951//380 
f 225//379 203//381 950//378 
f 200//377 225//379 949//376 
f 201//375 200//377 948//374 
f 198//373 201//375 947//372 
f 199//371 198//373 946//370 
f 219//369 199//371 945//368 
f 196//367 219//369 944//366 
f 197//365 196//367 943//364 
f 218//363 197//365 942//362 
f 216//361 218//363 941//360 
f 217//359 216//361 940//358 
f 214//357 217//359 939//356 
f 215//355 214//357 938//354 
f 224//353 215//355 937//352 
f 233//351 224//353 936//350 
f 238//349 233//351 934//348 
o mesh7
f 993//463 994//464 144//464 
f 995//465 993//463 122//466 
f 996//467 995//465 127//468 
f 997//469 996//467 129//470 
f 998//471 997//469 128//472 
f 999//473 998//471 141//474 
f 1000//475 999//473 140//476 
f 1001//477 1000//475 130//478 
f 1002//479 1001//477 124//480 
f 1003//481 1002//479 123//482 
f 1004//483 1003//481 131//484 
f 1005//485 1004//483 126//486 
f 1006//487 1005//485 125//488 
f 1007//489 1006//487 143//490 
f 1008//491 1007//489 142//492 
f 1009//493 1008//491 160//494 
f 1010//495 1009//493 152//496 
f 1011//497 1010//495 147//498 
f 1012//499 1011//497 149//500 
f 1013//501 1012//499 148//502 
f 1014//503 1013//501 153//504 
f 1015//505 1014//503 162//506 
f 1016//507 1015//505 161//508 
f 1017//509 1016//507 173//510 
f 1018//511 1017//509 179//512 
f 1019//513 1018//511 174//514 
f 1020//515 1019//513 164//516 
f 1021//517 1020//515 163//518 
f 1022//519 1021//517 166//520 
f 1023//521 1022//519 165//522 
f 1024//523 1023//521 168//524 
f 1025//525 1024//523 167//526 
f 1026//527 1025//525 170//528 
f 1027//529 1026//527 169//530 
f 1028//531 1027//529 176//532 
f 1029//533 1028//531 175//534 
f 1030//535 1029//533 180//536 
f 1031//537 1030//535 178//538 
f 1032//539 1031//537 177//540 
f 1033//541 1032//539 154//542 
f 1034//543 1033//541 151//544 
f 1035//545 1034//543 150//546 
f 1036//547 1035//545 133//548 
f 1037//549 1038//550 135//550 
f 132//551 135//550 1038//550 
f 1038//550 1036//547 132//551 
f 1039//552 1037//549 134//553 
f 1040//554 1039//552 146//555 
f 1041//556 1040//554 155//557 
f 1042//558 1041//556 157//559 
f 1043//560 1042//558 156//561 
f 1044//562 1043//560 171//563 
f 1045//564 1044//562 172//565 
f 1046//566 1045//564 159//567 
f 1047//568 1046//566 158//569 
f 1048//570 1047//568 137//571 
f 1049//572 1048//570 136//573 
f 1050//574 1049//572 139//575 
f 1051//576 1050//574 138//577 
f 994//464 1051//576 145//576 
f 145//576 144//464 994//464 
f 138//577 145//576 1051//576 
f 139//575 138//577 1050//574 
f 136//573 139//575 1049//572 
f 137//571 136//573 1048//570 
f 158//569 137//571 1047//568 
f 159//567 158//569 1046//566 
f 172//565 159//567 1045//564 
f 171//563 172//565 1044//562 
f 156//561 171//563 1043//560 
f 157//559 156//561 1042//558 
f 155//557 157//559 1041//556 
f 146//555 155//557 1040//554 
f 134//553 146//555 1039//552 
f 135//550 134//553 1037//549 
f 133//548 132//551 1036//547 
f 150//546 133//548 1035//545 
f 151//544 150//546 1034//543 
f 154//542 151//544 1033//541 
f 177//540 154//542 1032//539 
f 178//538 177//540 1031//537 
f 180//536 178//538 1030//535 
f 175//534 180//536 1029//533 
f 176//532 175//534 1028//531 
f 169//530 176//532 1027//529 
f 170//528 169//530 1026//527 
f 167//526 170//528 1025//525 
f 168//524 167//526 1024//523 
f 165//522 168//524 1023//521 
f 166//520 165//522 1022//519 
f 163//518 166//520 1021//517 
f 164//516 163//518 1020//515 
f 174//514 164//516 1019//513 
f 179//512 174//514 1018//511 
f 173//510 179//512 1017//509 
f 161//508 173//510 1016//507 
f 162//506 161//508 1015//505 
f 153//504 162//506 1014//503 
f 148//502 153//504 1013//501 
f 149//500 148//502 1012//499 
f 147//498 149//500 1011//497 
f 152//496 147//498 1010//495 
f 160//494 152//496 1009//493 
f 142//492 160//494 1008//491 
f 143//490 142//492 1007//489 
f 125//488 143//490 1006//487 
f 126//486 125//488 1005//485 
f 131//484 126//486 1004//483 
f 123//482 131//484 1003//481 
f 124//480 123//482 1002//479 
f 130//478 124//480 1001//477 
f 140//476 130//478 1000//475 
f 141//474 140//476 999//473 
f 128//472 141//474 998//471 
f 129//470 128//472 997//469 
f 127//468 129//470 996//467 
f 122//466 127//468 995//465 
f 144//464 122//466 993//463 
o mesh8
f 1052//578 1053//579 487//579 
f 1054//580 1052//578 495//581 
f 1055//582 1054//580 497//583 
f 1056//584 1055//582 496//585 
f 1057//586 1056//584 499//587 
f 1058//588 1057//586 498//589 
f 1059//590 1058//588 515//591 
f 1060//592 1059//590 529//593 
f 1061//594 1060//592 517//595 
f 1062//596 1061//594 516//597 
f 1063//598 1062//596 535//599 
f 1064//600 1063//598 534//601 
f 1065//602 1064//600 537//603 
f 1066//604 1065//602 536//605 
f 1067//606 1066//604 538//607 
f 1068//608 1067//606 530//609 
f 1069//610 1068//608 544//611 
f 1070//612 1069//610 540//613 
f 1071//614 1070//612 539//615 
f 1072//616 1071//614 545//617 
f 1073//618 1072//616 547//619 
f 1074//620 1073//618 546//621 
f 1075//622 1074//620 542//623 
f 1076//624 1075//622 541//625 
f 1077//626 1076//624 531//627 
f 1078//628 1077//626 500//629 
f 1079//630 1078//628 490//631 
f 1080//632 1079//630 503//633 
f 1081//634 1080//632 509//635 
f 1082//636 1081//634 532//637 
f 1083//638 1082//636 511//639 
f 1084//640 1083//638 504//641 
f 1085//642 1084//640 493//643 
f 1086//644 1085//642 492//645 
f 1087//646 1086//644 505//647 
f 1088//648 1087//646 518//649 
f 1089//650 1088//648 513//651 
f 1090//652 1089//650 512//653 
f 1091//654 1090//652 519//655 
f 1092//656 1091//654 521//657 
f 1093//658 1092//656 520//659 
f 1094//660 1093//658 523//661 
f 1095//662 1094//660 522//663 
f 525//664 1096//664 1097//665 
f 1095//662 524//666 526//665 
f 526//665 1097//665 1095//662 
f 1098//667 1096//664 525//664 
f 1099//668 1098//667 543//667 
f 1100//669 1099//668 528//668 
f 1101//670 1100//669 527//669 
f 1102//671 1101//670 533//670 
f 1103//672 1102//671 514//671 
f 1104//673 1103//672 507//672 
f 1105//674 1104//673 506//673 
f 1106//675 1105//674 510//674 
f 1107//676 1106//675 494//675 
f 1108//677 1107//676 486//676 
f 1109//678 1108//677 485//677 
f 1110//679 1109//678 484//678 
f 1053//579 1110//679 483//679 
f 483//679 487//579 1053//579 
f 484//678 483//679 1110//679 
f 485//677 484//678 1109//678 
f 486//676 485//677 1108//677 
f 494//675 486//676 1107//676 
f 510//674 494//675 1106//675 
f 506//673 510//674 1105//674 
f 507//672 506//673 1104//673 
f 514//671 507//672 1103//672 
f 533//670 514//671 1102//671 
f 527//669 533//670 1101//670 
f 528//668 527//669 1100//669 
f 543//667 528//668 1099//668 
f 525//664 543//667 1098//667 
f 1097//665 526//665 525//664 
f 522//663 524//666 1095//662 
f 523//661 522//663 1094//660 
f 520//659 523//661 1093//658 
f 521//657 520//659 1092//656 
f 519//655 521//657 1091//654 
f 512//653 519//655 1090//652 
f 513//651 512//653 1089//650 
f 518//649 513//651 1088//648 
f 505//647 518//649 1087//646 
f 492//645 505//647 1086//644 
f 493//643 492//645 1085//642 
f 504//641 493//643 1084//640 
f 511//639 504//641 1083//638 
f 532//637 511//639 1082//636 
f 509//635 532//637 1081//634 
f 503//633 509//635 1080//632 
f 490//631 503//633 1079//630 
f 500//629 490//631 1078//628 
f 531//627 500//629 1077//626 
f 541//625 531//627 1076//624 
f 542//623 541//625 1075//622 
f 546//621 542//623 1074//620 
f 547//619 546//621 1073//618 
f 545//617 547//619 1072//616 
f 539//615 545//617 1071//614 
f 540//613 539//615 1070//612 
f 544//611 540//613 1069//610 
f 530//609 544//611 1068//608 
f 538//607 530//609 1067//606 
f 536//605 538//607 1066//604 
f 537//603 536//605 1065//602 
f 534//601 537//603 1064//600 
f 535//599 534//601 1063//598 
f 516//597 535//599 1062//596 
f 517//595 516//597 1061//594 
f 529//593 517//595 1060//592 
f 515//591 529//593 1059//590 
f 498//589 515//591 1058//588 
f 499//587 498//589 1057//586 
f 496//585 499//587 1056//584 
f 497//583 496//585 1055//582 
f 495//581 497//583 1054//580 
f 487//579 495//581 1052//578 
o mesh9
f 1111//680 449//680 448//681 
f 1112//682 1113//681 445//683 
f 1113//681 448//681 445//683 
f 1112//682 441//682 440//684 
f 1114//684 440//684 434//685 
f 1115//685 434//685 433//686 
f 1116//686 433//686 436//687 
f 1117//687 436//687 435//688 
f 1118//688 435//688 438//689 
f 1119//689 438//689 437//690 
f 1120//690 437//690 439//691 
f 1121//691 439//691 432//692 
f 432//692 1122//692 1121//691 
f 439//691 1121//691 1120//690 
f 437//690 1120//690 1119//689 
f 438//689 1119//689 1118//688 
f 435//688 1118//688 1117//687 
f 436//687 1117//687 1116//686 
f 433//686 1116//686 1115//685 
f 434//685 1115//685 1114//684 
f 440//684 1114//684 1112//682 
f 445//683 441//682 1112//682 
f 448//681 1113//681 1111//680 
o mesh10
f 1122//692 432//692 442//692 
f 442//692 1123//692 1122//692 
o mesh11
f 1124//693 458//693 457//693 
f 1111//693 455//693 456//693 
f 457//693 1111//693 1124//693 
f 1124//693 481//693 480//693 
f 1124//693 488//693 501//693 
f 456//693 453//693 1111//693 
f 480//693 458//693 1124//693 
f 501//693 482//693 1124//693 
f 453//693 447//693 1111//693 
f 482//693 481//693 1124//693 
f 457//693 455//693 1111//693 
f 447//693 449//693 1111//693 
o mesh12
f 1125//694 1111//694 1113//695 
f 1126//695 1113//695 1112//696 
f 1127//696 1112//696 1114//697 
f 1128//697 1114//697 1115//698 
f 1129//698 1115//698 1116//699 
f 1130//699 1116//699 1117//700 
f 1131//700 1117//700 1118//701 
f 1132//701 1118//701 1119//702 
f 1133//702 1119//702 1120//703 
f 1134//703 1120//703 1121//704 
f 1135//704 1121//704 1122//705 
f 1122//705 1136//705 1135//704 
f 1121//704 1135//704 1134//703 
f 1120//703 1134//703 1133//702 
f 1119//702 1133//702 1132//701 
f 1118//701 1132//701 1131//700 
f 1117//700 1131//700 1130//699 
f 1116//699 1130//699 1129//698 
f 1115//698 1129//698 1128//697 
f 1114//697 1128//697 1127//696 
f 1112//696 1127//696 1126//695 
f 1113//695 1126//695 1125//694 
o mesh13
f 1123//706 442//706 444//707 
f 1137//707 444//707 443//708 
f 1138//708 443//708 446//709 
f 446//709 1139//710 1138//708 
f 1139//710 429//710 428//711 
f 1140//711 428//711 430//712 
f 1141//713 1142//712 431//714 
f 1142//712 430//712 431//714 
f 1141//713 426//713 423//715 
f 1143//715 423//715 422//716 
f 1144//716 422//716 427//717 
f 1145//717 427//717 425//718 
f 1146//719 1147//718 424//720 
f 1147//718 425//718 424//720 
f 1146//719 418//719 417//721 
f 1148//721 417//721 420//722 
f 1149//722 420//722 419//723 
f 419//723 1150//723 1149//722 
f 420//722 1149//722 1148//721 
f 417//721 1148//721 1146//719 
f 424//720 418//719 1146//719 
f 425//718 1147//718 1145//717 
f 427//717 1145//717 1144//716 
f 422//716 1144//716 1143//715 
f 423//715 1143//715 1141//713 
f 431//714 426//713 1141//713 
f 430//712 1142//712 1140//711 
f 428//711 1140//711 1139//710 
f 446//709 429//710 1139//710 
f 443//708 1138//708 1137//707 
f 444//707 1137//707 1123//706 
o mesh14
f 1151//724 1136//724 1122//724 
f 1122//724 1123//724 1151//724 
o mesh15
f 1152//725 491//725 508//726 
f 1153//726 508//726 502//727 
f 1154//727 502//727 489//728 
f 1155//728 489//728 488//729 
f 488//729 1124//729 1155//728 
f 489//728 1155//728 1154//727 
f 502//727 1154//727 1153//726 
f 508//726 1153//726 1152//725 
o mesh16
f 1125//730 1156//730 1124//730 
f 1124//730 1111//730 1125//730 
o mesh17
f 1136//731 1157//731 1158//732 
f 1135//732 1158//732 1159//733 
f 1134//733 1159//733 1160//734 
f 1133//734 1160//734 1161//735 
f 1132//735 1161//735 1162//736 
f 1131//736 1162//736 1163//737 
f 1130//737 1163//737 1164//738 
f 1129//738 1164//738 1165//739 
f 1128//739 1165//739 1166//740 
f 1127//740 1166//740 1167//741 
f 1167//741 1126//742 1127//740 
f 1126//742 1168//742 1169//743 
f 1169//743 1125//743 1126//742 
f 1167//741 1168//742 1126//742 
f 1166//740 1127//740 1128//739 
f 1165//739 1128//739 1129//738 
f 1164//738 1129//738 1130//737 
f 1163//737 1130//737 1131//736 
f 1162//736 1131//736 1132//735 
f 1161//735 1132//735 1133//734 
f 1160//734 1133//734 1134//733 
f 1159//733 1134//733 1135//732 
f 1158//732 1135//732 1136//731 
o mesh18
f 1170//744 414//744 413//744 
f 1150//744 415//744 414//744 
f 414//744 1170//744 1150//744 
f 1150//744 416//744 415//744 
f 1150//744 419//744 421//744 
f 421//744 416//744 1150//744 
f 413//744 412//744 1170//744 
o mesh19
f 1151//745 1123//745 1137//746 
f 1171//746 1137//746 1138//747 
f 1172//747 1138//747 1139//748 
f 1173//748 1139//748 1140//749 
f 1174//749 1140//749 1142//750 
f 1175//750 1142//750 1141//751 
f 1176//751 1141//751 1143//752 
f 1177//752 1143//752 1144//753 
f 1178//753 1144//753 1145//754 
f 1179//754 1145//754 1147//755 
f 1180//755 1147//755 1146//756 
f 1181//756 1146//756 1148//757 
f 1182//757 1148//757 1149//758 
f 1183//758 1149//758 1150//759 
f 1150//759 1184//759 1183//758 
f 1149//758 1183//758 1182//757 
f 1148//757 1182//757 1181//756 
f 1146//756 1181//756 1180//755 
f 1147//755 1180//755 1179//754 
f 1145//754 1179//754 1178//753 
f 1144//753 1178//753 1177//752 
f 1143//752 1177//752 1176//751 
f 1141//751 1176//751 1175//750 
f 1142//750 1175//750 1174//749 
f 1140//749 1174//749 1173//748 
f 1139//748 1173//748 1172//747 
f 1138//747 1172//747 1171//746 
f 1137//746 1171//746 1151//745 
o mesh20
f 1157//760 1136//760 1151//760 
f 1151//760 1185//760 1157//760 
o mesh21
f 1186//761 120//761 119//761 
f 119//761 1152//761 1186//761 
f 1186//761 121//761 120//761 
f 1186//761 551//761 121//761 
f 119//761 491//761 1152//761 
o mesh22
f 1187//762 1152//762 1153//763 
f 1188//763 1153//763 1154//764 
f 1189//764 1154//764 1155//765 
f 1190//765 1155//765 1124//766 
f 1124//766 1156//766 1190//765 
f 1155//765 1190//765 1189//764 
f 1154//764 1189//764 1188//763 
f 1153//763 1188//763 1187//762 
o mesh23
f 1156//767 1191//767 1192//767 
f 1156//767 1193//767 1191//767 
f 1156//767 1194//767 1193//767 
f 1156//767 1125//767 1195//767 
f 1195//767 1194//767 1156//767 
f 1125//767 1196//767 1195//767 
f 1125//767 1197//767 1198//767 
f 1198//767 1196//767 1125//767 
f 1125//767 1169//767 1199//767 
f 1199//767 1197//767 1125//767 
f 1192//767 1200//767 1156//767 
f 1200//767 1201//767 1156//767 
o mesh24
f 1202//768 305//768 306//768 
f 306//768 307//768 1202//768 
f 1202//768 304//768 305//768 
f 1170//768 303//768 304//768 
f 304//768 1202//768 1170//768 
f 1170//768 411//768 303//768 
f 1170//768 412//768 411//768 
f 307//768 410//768 1202//768 
o mesh25
f 1150//769 1170//769 1203//769 
f 1203//769 1184//769 1150//769 
o mesh26
f 1184//770 1204//770 1205//771 
f 1183//771 1205//771 1206//772 
f 1182//772 1206//772 1207//773 
f 1181//773 1207//773 1208//774 
f 1208//774 1180//775 1181//773 
f 1180//775 1209//775 1210//776 
f 1179//776 1210//776 1211//777 
f 1178//777 1211//777 1212//778 
f 1177//778 1212//778 1213//779 
f 1176//779 1213//779 1214//780 
f 1214//780 1175//781 1176//779 
f 1175//781 1215//781 1216//782 
f 1174//782 1216//782 1217//783 
f 1172//784 1173//783 1218//785 
f 1173//783 1217//783 1218//785 
f 1172//784 1219//784 1220//786 
f 1171//786 1220//786 1185//787 
f 1185//787 1151//787 1171//786 
f 1220//786 1171//786 1172//784 
f 1218//785 1219//784 1172//784 
f 1217//783 1173//783 1174//782 
f 1216//782 1174//782 1175//781 
f 1214//780 1215//781 1175//781 
f 1213//779 1176//779 1177//778 
f 1212//778 1177//778 1178//777 
f 1211//777 1178//777 1179//776 
f 1210//776 1179//776 1180//775 
f 1208//774 1209//775 1180//775 
f 1207//773 1181//773 1182//772 
f 1206//772 1182//772 1183//771 
f 1205//771 1183//771 1184//770 
o mesh27
f 1221//788 1222//789 610//790 
f 1222//789 623//789 610//790 
f 1221//788 607//791 613//792 
f 1223//792 613//792 605//793 
f 1224//793 605//793 603//794 
f 1225//794 603//794 601//795 
f 1226//795 601//795 592//796 
f 1227//796 592//796 589//797 
f 1228//797 589//797 599//798 
f 1229//798 599//798 587//799 
f 1230//799 587//799 584//800 
f 1231//800 584//800 582//801 
f 1232//801 582//801 573//802 
f 1233//802 573//802 571//803 
f 1234//803 571//803 569//804 
f 1235//804 569//804 567//805 
f 1236//805 567//805 565//806 
f 1237//806 565//806 563//807 
f 1238//807 563//807 560//808 
f 1239//808 560//808 551//809 
f 551//809 1186//809 1239//808 
f 560//808 1239//808 1238//807 
f 563//807 1238//807 1237//806 
f 565//806 1237//806 1236//805 
f 567//805 1236//805 1235//804 
f 569//804 1235//804 1234//803 
f 571//803 1234//803 1233//802 
f 573//802 1233//802 1232//801 
f 582//801 1232//801 1231//800 
f 584//800 1231//800 1230//799 
f 587//799 1230//799 1229//798 
f 599//798 1229//798 1228//797 
f 589//797 1228//797 1227//796 
f 592//796 1227//796 1226//795 
f 601//795 1226//795 1225//794 
f 603//794 1225//794 1224//793 
f 605//793 1224//793 1223//792 
f 613//792 1223//792 1221//788 
f 610//790 607//791 1221//788 
o mesh28
f 1187//810 1240//810 1186//810 
f 1186//810 1152//810 1187//810 
o mesh29
f 1156//811 1201//811 1241//812 
f 1190//812 1241//812 1242//813 
f 1189//813 1242//813 1243//814 
f 1188//814 1243//814 1244//815 
f 1244//815 1187//815 1188//814 
f 1243//814 1188//814 1189//813 
f 1242//813 1189//813 1190//812 
f 1241//812 1190//812 1156//811 
o mesh30
f 1245//816 1202//816 409//816 
f 409//816 407//816 1245//816 
f 1202//816 410//816 409//816 
f 407//816 751//816 1245//816 
o mesh31
f 1222//817 1246//817 630//817 
f 1246//817 636//817 631//817 
f 631//817 630//817 1246//817 
f 630//817 620//817 1222//817 
f 620//817 623//817 1222//817 
o mesh32
f 1247//818 1222//818 1221//819 
f 1248//819 1221//819 1223//820 
f 1249//820 1223//820 1224//821 
f 1250//821 1224//821 1225//822 
f 1251//822 1225//822 1226//823 
f 1252//823 1226//823 1227//824 
f 1253//824 1227//824 1228//825 
f 1254//825 1228//825 1229//826 
f 1255//826 1229//826 1230//827 
f 1256//827 1230//827 1231//828 
f 1257//828 1231//828 1232//829 
f 1258//829 1232//829 1233//830 
f 1259//830 1233//830 1234//831 
f 1260//831 1234//831 1235//832 
f 1261//832 1235//832 1236//833 
f 1262//833 1236//833 1237//834 
f 1263//834 1237//834 1238//835 
f 1264//835 1238//835 1239//836 
f 1265//836 1239//836 1186//837 
f 1186//837 1240//837 1265//836 
f 1239//836 1265//836 1264//835 
f 1238//835 1264//835 1263//834 
f 1237//834 1263//834 1262//833 
f 1236//833 1262//833 1261//832 
f 1235//832 1261//832 1260//831 
f 1234//831 1260//831 1259//830 
f 1233//830 1259//830 1258//829 
f 1232//829 1258//829 1257//828 
f 1231//828 1257//828 1256//827 
f 1230//827 1256//827 1255//826 
f 1229//826 1255//826 1254//825 
f 1228//825 1254//825 1253//824 
f 1227//824 1253//824 1252//823 
f 1226//823 1252//823 1251//822 
f 1225//822 1251//822 1250//821 
f 1224//821 1250//821 1249//820 
f 1223//820 1249//820 1248//819 
f 1221//819 1248//819 1247//818 
o mesh33
f 1240//838 1266//838 1267//838 
f 1267//838 1268//838 1240//838 
f 1187//838 1244//838 1266//838 
f 1266//838 1240//838 1187//838 
f 1268//838 1269//838 1240//838 
o mesh34
f 751//839 408//839 1270//839 
f 1270//839 1245//839 751//839 
o mesh35
f 1271//840 1272//840 1202//840 
f 1202//840 1245//840 1271//840 
o mesh36
f 632//841 633//842 1273//842 
f 633//842 634//843 1274//843 
f 634//843 635//844 1275//844 
f 635//844 636//845 1246//845 
f 1246//845 1275//844 635//844 
f 1275//844 1274//843 634//843 
f 1274//843 1273//842 633//842 
f 1273//842 1276//846 632//841 
o mesh37
f 1246//847 1222//847 1247//847 
f 1247//847 1277//847 1246//847 
o mesh38
f 1240//848 1269//848 1278//849 
f 1265//849 1278//849 1279//850 
f 1264//850 1279//850 1280//851 
f 1263//851 1280//851 1281//852 
f 1262//852 1281//852 1282//853 
f 1261//853 1282//853 1283//854 
f 1260//854 1283//854 1284//855 
f 1259//855 1284//855 1285//856 
f 1258//856 1285//856 1286//857 
f 1257//857 1286//857 1287//858 
f 1256//858 1287//858 1288//859 
f 1255//859 1288//859 1289//860 
f 1254//860 1289//860 1290//861 
f 1253//861 1290//861 1291//862 
f 1252//862 1291//862 1292//863 
f 1251//863 1292//863 1293//864 
f 1250//864 1293//864 1294//865 
f 1249//865 1294//865 1295//866 
f 1248//866 1295//866 1296//867 
f 1296//867 1247//868 1248//866 
f 1296//867 1297//868 1247//868 
f 1295//866 1248//866 1249//865 
f 1294//865 1249//865 1250//864 
f 1293//864 1250//864 1251//863 
f 1292//863 1251//863 1252//862 
f 1291//862 1252//862 1253//861 
f 1290//861 1253//861 1254//860 
f 1289//860 1254//860 1255//859 
f 1288//859 1255//859 1256//858 
f 1287//858 1256//858 1257//857 
f 1286//857 1257//857 1258//856 
f 1285//856 1258//856 1259//855 
f 1284//855 1259//855 1260//854 
f 1283//854 1260//854 1261//853 
f 1282//853 1261//853 1262//852 
f 1281//852 1262//852 1263//851 
f 1280//851 1263//851 1264//850 
f 1279//850 1264//850 1265//849 
f 1278//849 1265//849 1240//848 
o mesh39
f 1276//869 1270//869 405//869 
f 1270//869 406//869 405//869 
f 1270//869 408//869 406//869 
f 405//869 632//869 1276//869 
o mesh40
f 1298//870 1299//870 1270//870 
f 1270//870 1276//870 1298//870 
o mesh41
f 1275//871 1246//872 1277//872 
f 1274//873 1275//871 1300//874 
f 1273//875 1274//873 1301//876 
f 1276//877 1273//875 1302//878 
f 1302//878 1298//877 1276//877 
f 1301//876 1302//878 1273//875 
f 1300//874 1301//876 1274//873 
f 1277//872 1300//874 1275//871 
o mesh42
f 1247//879 1303//879 1304//879 
f 1304//879 1277//879 1247//879 
f 1247//879 1297//879 1303//879 
f 1304//879 1305//879 1277//879 
f 1305//879 1306//879 1277//879 
o mesh43
f 1306//879 1307//880 1300//880 
f 1307//880 1308//881 1301//881 
f 1308//881 1309//882 1302//882 
f 1309//882 1310//883 1298//883 
f 1298//883 1302//882 1309//882 
f 1302//882 1301//881 1308//881 
f 1301//881 1300//880 1307//880 
f 1300//880 1277//884 1306//879 
o mesh44
f 1184//885 1311//885 1312//885 
f 1184//885 1313//885 1311//885 
f 1184//885 1203//885 1314//885 
f 1314//885 1313//885 1184//885 
f 1203//885 1315//885 1314//885 
f 1203//885 1316//885 1315//885 
f 1312//885 1204//885 1184//885 
o mesh45
f 1203//886 1317//886 1318//886 
f 1318//886 1319//886 1203//886 
f 1203//886 1320//886 1317//886 
f 1272//886 1321//886 1320//886 
f 1320//886 1203//886 1272//886 
f 1272//886 1322//886 1323//886 
f 1323//886 1321//886 1272//886 
f 1319//886 1316//886 1203//886 
o mesh46
f 1271//887 1324//887 1325//887 
f 1325//887 1272//887 1271//887 
f 1271//887 1326//887 1324//887 
f 1325//887 1322//887 1272//887 
o mesh47
f 1326//888 1271//888 1299//888 
f 1299//888 1327//888 1326//888 
o mesh48
f 1298//889 1310//889 1328//889 
f 1328//889 1299//889 1298//889 
f 1328//889 1329//889 1299//889 
f 1329//889 1327//889 1299//889 
o mesh49
f 1245//890 1270//890 1330//890 
f 1270//890 1331//890 1330//890 
f 1270//890 1332//890 1331//890 
f 1299//890 1333//890 1334//890 
f 1299//890 1271//890 1335//890 
f 1271//890 1245//890 1336//890 
f 1245//890 1337//890 1338//890 
f 1245//890 1339//890 1340//890 
f 1245//890 1341//890 1342//890 
f 1330//890 1343//890 1245//890 
f 1299//890 1344//890 1333//890 
f 1335//890 1345//890 1299//890 
f 1271//890 1346//890 1347//890 
f 1245//890 1348//890 1336//890 
f 1245//890 1349//890 1350//890 
f 1340//890 1337//890 1245//890 
f 1343//890 1341//890 1245//890 
f 1270//890 1351//890 1352//890 
f 1270//890 1353//890 1354//890 
f 1270//890 1355//890 1356//890 
f 1299//890 1357//890 1358//890 
f 1299//890 1359//890 1344//890 
f 1345//890 1360//890 1299//890 
f 1271//890 1361//890 1362//890 
f 1347//890 1363//890 1271//890 
f 1271//890 1364//890 1365//890 
f 1245//890 1366//890 1348//890 
f 1245//890 1367//890 1368//890 
f 1245//890 1369//890 1349//890 
f 1342//890 1339//890 1245//890 
f 1352//890 1370//890 1270//890 
f 1356//890 1353//890 1270//890 
f 1270//890 1371//890 1372//890 
f 1299//890 1373//890 1357//890 
f 1299//890 1374//890 1375//890 
f 1360//890 1359//890 1299//890 
f 1271//890 1376//890 1361//890 
f 1271//890 1377//890 1378//890 
f 1365//890 1346//890 1271//890 
f 1336//890 1379//890 1271//890 
f 1350//890 1367//890 1245//890 
f 1370//890 1332//890 1270//890 
f 1270//890 1380//890 1355//890 
f 1372//890 1381//890 1270//890 
f 1270//890 1299//890 1382//890 
f 1299//890 1383//890 1373//890 
f 1334//890 1374//890 1299//890 
f 1271//890 1384//890 1385//890 
f 1378//890 1376//890 1271//890 
f 1379//890 1364//890 1271//890 
f 1338//890 1369//890 1245//890 
f 1381//890 1380//890 1270//890 
f 1382//890 1386//890 1270//890 
f 1299//890 1387//890 1388//890 
f 1375//890 1383//890 1299//890 
f 1362//890 1384//890 1271//890 
f 1368//890 1366//890 1245//890 
f 1386//890 1371//890 1270//890 
f 1358//890 1387//890 1299//890 
f 1363//890 1377//890 1271//890 
f 1388//890 1382//890 1299//890 
f 1354//890 1351//890 1270//890 
f 1385//890 1335//890 1271//890 
o mesh50
f 1389//891 1390//892 1336//892 
f 1391//893 1389//891 1348//894 
f 1392//895 1391//893 1366//896 
f 1393//897 1392//895 1368//898 
f 1394//899 1393//897 1367//900 
f 1395//901 1394//899 1350//902 
f 1396//903 1395//901 1349//904 
f 1397//905 1396//903 1369//906 
f 1398//907 1397//905 1338//908 
f 1399//909 1398//907 1337//910 
f 1400//911 1399//909 1340//912 
f 1401//913 1400//911 1339//914 
f 1402//915 1401//913 1342//916 
f 1403//917 1402//915 1341//918 
f 1403//917 1343//917 1330//919 
f 1330//919 1404//920 1403//917 
f 1405//921 1404//920 1331//920 
f 1406//922 1405//921 1332//921 
f 1407//923 1406//922 1370//922 
f 1408//924 1407//923 1352//923 
f 1409//925 1408//924 1351//924 
f 1410//926 1409//925 1354//925 
f 1411//927 1410//926 1353//926 
f 1412//928 1411//927 1356//927 
f 1413//929 1412//928 1355//928 
f 1414//930 1413//929 1380//929 
f 1415//931 1414//930 1381//930 
f 1416//932 1415//931 1372//931 
f 1417//933 1416//932 1371//932 
f 1418//934 1417//933 1386//933 
f 1419//935 1418//934 1382//934 
f 1420//936 1419//935 1388//935 
f 1421//937 1420//936 1387//936 
f 1422//938 1421//937 1358//937 
f 1423//939 1422//938 1357//938 
f 1424//940 1423//939 1373//939 
f 1425//941 1424//940 1383//940 
f 1426//942 1425//941 1375//941 
f 1427//943 1426//942 1374//942 
f 1428//944 1427//943 1334//943 
f 1429//945 1428//944 1333//944 
f 1430//946 1429//945 1344//945 
f 1431//947 1430//946 1359//946 
f 1432//948 1431//947 1360//947 
f 1335//949 1433//949 1434//950 
f 1434//950 1345//951 1335//949 
f 1435//952 1433//949 1335//949 
f 1436//953 1435//952 1385//952 
f 1437//954 1436//953 1384//953 
f 1438//955 1437//954 1362//954 
f 1439//956 1438//955 1361//955 
f 1440//957 1439//956 1376//956 
f 1441//958 1440//957 1378//957 
f 1442//959 1441//958 1377//958 
f 1443//960 1442//959 1363//959 
f 1444//961 1443//960 1347//960 
f 1445//962 1444//961 1346//961 
f 1446//963 1445//962 1365//962 
f 1447//964 1446//963 1364//963 
f 1390//892 1447//964 1379//964 
f 1379//964 1336//892 1390//892 
f 1364//963 1379//964 1447//964 
f 1365//962 1364//963 1446//963 
f 1346//961 1365//962 1445//962 
f 1347//960 1346//961 1444//961 
f 1363//959 1347//960 1443//960 
f 1377//958 1363//959 1442//959 
f 1378//957 1377//958 1441//958 
f 1376//956 1378//957 1440//957 
f 1361//955 1376//956 1439//956 
f 1362//954 1361//955 1438//955 
f 1384//953 1362//954 1437//954 
f 1385//952 1384//953 1436//953 
f 1335//949 1385//952 1435//952 
f 1434//950 1432//948 1345//951 
f 1360//947 1345//951 1432//948 
f 1359//946 1360//947 1431//947 
f 1344//945 1359//946 1430//946 
f 1333//944 1344//945 1429//945 
f 1334//943 1333//944 1428//944 
f 1374//942 1334//943 1427//943 
f 1375//941 1374//942 1426//942 
f 1383//940 1375//941 1425//941 
f 1373//939 1383//940 1424//940 
f 1357//938 1373//939 1423//939 
f 1358//937 1357//938 1422//938 
f 1387//936 1358//937 1421//937 
f 1388//935 1387//936 1420//936 
f 1382//934 1388//935 1419//935 
f 1386//933 1382//934 1418//934 
f 1371//932 1386//933 1417//933 
f 1372//931 1371//932 1416//932 
f 1381//930 1372//931 1415//931 
f 1380//929 1381//930 1414//930 
f 1355//928 1380//929 1413//929 
f 1356//927 1355//928 1412//928 
f 1353//926 1356//927 1411//927 
f 1354//925 1353//926 1410//926 
f 1351//924 1354//925 1409//925 
f 1352//923 1351//924 1408//924 
f 1370//922 1352//923 1407//923 
f 1332//921 1370//922 1406//922 
f 1331//920 1332//921 1405//921 
f 1330//919 1331//920 1404//920 
f 1341//918 1343//917 1403//917 
f 1342//916 1341//918 1402//915 
f 1339//914 1342//916 1401//913 
f 1340//912 1339//914 1400//911 
f 1337//910 1340//912 1399//909 
f 1338//908 1337//910 1398//907 
f 1369//906 1338//908 1397//905 
f 1349//904 1369//906 1396//903 
f 1350//902 1349//904 1395//901 
f 1367//900 1350//902 1394//899 
f 1368//898 1367//900 1393//897 
f 1366//896 1368//898 1392//895 
f 1348//894 1366//896 1391//893 
f 1336//892 1348//894 1389//891 
o mesh51
f 1203//965 1448//965 1449//965 
f 1449//965 1415//965 1203//965 
f 1203//965 1450//965 1448//965 
f 1170//965 1451//965 1452//965 
f 1170//965 1453//965 1454//965 
f 1170//965 1455//965 1456//965 
f 1203//965 1457//965 1450//965 
f 1170//965 1458//965 1459//965 
f 1454//965 1451//965 1170//965 
f 1456//965 1460//965 1170//965 
f 1202//965 1461//965 1462//965 
f 1272//965 1432//965 1434//965 
f 1415//965 1416//965 1203//965 
f 1203//965 1463//965 1464//965 
f 1203//965 1465//965 1466//965 
f 1170//965 1467//965 1458//965 
f 1460//965 1453//965 1170//965 
f 1202//965 1468//965 1469//965 
f 1462//965 1470//965 1202//965 
f 1471//965 1202//965 1404//965 
f 1202//965 1399//965 1400//965 
f 1202//965 1397//965 1398//965 
f 1434//965 1433//965 1272//965 
f 1203//965 1472//965 1457//965 
f 1466//965 1463//965 1203//965 
f 1203//965 1473//965 1474//965 
f 1452//965 1467//965 1170//965 
f 1469//965 1170//965 1202//965 
f 1202//965 1475//965 1476//965 
f 1470//965 1477//965 1202//965 
f 1202//965 1403//965 1404//965 
f 1398//965 1399//965 1202//965 
f 1272//965 1438//965 1439//965 
f 1272//965 1436//965 1437//965 
f 1272//965 1431//965 1432//965 
f 1203//965 1426//965 1427//965 
f 1203//965 1424//965 1425//965 
f 1203//965 1417//965 1418//965 
f 1464//965 1472//965 1203//965 
f 1203//965 1478//965 1473//965 
f 1203//965 1170//965 1479//965 
f 1469//965 1455//965 1170//965 
f 1477//965 1475//965 1202//965 
f 1202//965 1480//965 1481//965 
f 1202//965 1402//965 1403//965 
f 1400//965 1401//965 1202//965 
f 1202//965 1395//965 1396//965 
f 1202//965 1393//965 1394//965 
f 1415//965 1482//965 1483//965 
f 1272//965 1440//965 1441//965 
f 1437//965 1438//965 1272//965 
f 1433//965 1435//965 1272//965 
f 1203//965 1430//965 1431//965 
f 1203//965 1428//965 1429//965 
f 1425//965 1426//965 1203//965 
f 1418//965 1419//965 1203//965 
f 1474//965 1465//965 1203//965 
f 1203//965 1484//965 1485//965 
f 1203//965 1486//965 1487//965 
f 1170//965 1488//965 1479//965 
f 1476//965 1468//965 1202//965 
f 1481//965 1489//965 1202//965 
f 1401//965 1402//965 1202//965 
f 1394//965 1395//965 1202//965 
f 1490//965 1413//965 1414//965 
f 1491//965 1408//965 1409//965 
f 1491//965 1406//965 1407//965 
f 1415//965 1492//965 1482//965 
f 1415//965 1493//965 1494//965 
f 1272//965 1442//965 1443//965 
f 1439//965 1440//965 1272//965 
f 1431//965 1272//965 1203//965 
f 1427//965 1428//965 1203//965 
f 1419//965 1420//965 1203//965 
f 1485//965 1478//965 1203//965 
f 1479//965 1486//965 1203//965 
f 1170//965 1495//965 1496//965 
f 1170//965 1497//965 1498//965 
f 1489//965 1461//965 1202//965 
f 1202//965 1471//965 1499//965 
f 1396//965 1397//965 1202//965 
f 1414//965 1500//965 1490//965 
f 1491//965 1410//965 1411//965 
f 1407//965 1408//965 1491//965 
f 1491//965 1404//965 1405//965 
f 1494//965 1492//965 1415//965 
f 1415//965 1449//965 1501//965 
f 1441//965 1442//965 1272//965 
f 1429//965 1430//965 1203//965 
f 1203//965 1421//965 1422//965 
f 1416//965 1417//965 1203//965 
f 1496//965 1488//965 1170//965 
f 1459//965 1497//965 1170//965 
f 1404//965 1491//965 1471//965 
f 1414//965 1415//965 1500//965 
f 1411//965 1412//965 1491//965 
f 1405//965 1406//965 1491//965 
f 1415//965 1502//965 1503//965 
f 1501//965 1493//965 1415//965 
f 1435//965 1436//965 1272//965 
f 1422//965 1423//965 1203//965 
f 1487//965 1484//965 1203//965 
f 1499//965 1480//965 1202//965 
f 1490//965 1504//965 1413//965 
f 1409//965 1410//965 1491//965 
f 1415//965 1505//965 1506//965 
f 1483//965 1502//965 1415//965 
f 1423//965 1424//965 1203//965 
f 1498//965 1495//965 1170//965 
f 1412//965 1413//965 1491//965 
f 1503//965 1505//965 1415//965 
f 1202//965 1389//965 1391//965 
f 1272//965 1445//965 1446//965 
f 1420//965 1421//965 1203//965 
f 1506//965 1500//965 1415//965 
f 1391//965 1392//965 1202//965 
f 1272//965 1447//965 1390//965 
f 1272//965 1444//965 1445//965 
f 1504//965 1491//965 1413//965 
f 1202//965 1390//965 1389//965 
f 1446//965 1447//965 1272//965 
f 1392//965 1393//965 1202//965 
f 1443//965 1444//965 1272//965 
f 1390//965 1202//965 1272//965 
o mesh52
f 1471//966 1491//967 1507//967 
f 1499//968 1471//966 1508//969 
f 1480//970 1499//968 1509//971 
f 1481//972 1480//970 1510//973 
f 1489//974 1481//972 1511//975 
f 1461//976 1489//974 1512//977 
f 1462//978 1461//976 1513//979 
f 1470//980 1462//978 1514//981 
f 1477//982 1470//980 1515//983 
f 1475//984 1477//982 1516//985 
f 1476//986 1475//984 1517//987 
f 1468//988 1476//986 1518//989 
f 1469//990 1468//988 1519//991 
f 1455//992 1469//990 1520//993 
f 1456//994 1455//992 1521//995 
f 1455//992 1522//996 1521//995 
f 1460//997 1456//994 1523//998 
f 1453//999 1460//997 1524//1000 
f 1454//1001 1453//999 1525//1002 
f 1451//1003 1454//1001 1526//1004 
f 1452//1005 1451//1003 1527//1006 
f 1467//1007 1452//1005 1528//1008 
f 1458//1009 1467//1007 1529//1010 
f 1459//1011 1458//1009 1530//1012 
f 1497//1013 1459//1011 1531//1014 
f 1498//1015 1497//1013 1532//1016 
f 1495//1017 1498//1015 1533//1018 
f 1496//1019 1495//1017 1534//1020 
f 1488//1021 1496//1019 1535//1022 
f 1479//1023 1488//1021 1536//1024 
f 1486//1025 1479//1023 1537//1026 
f 1487//1027 1486//1025 1538//1028 
f 1484//1029 1487//1027 1539//1030 
f 1485//1031 1484//1029 1540//1032 
f 1478//1033 1485//1031 1541//1034 
f 1473//1035 1478//1033 1542//1036 
f 1474//1037 1473//1035 1543//1038 
f 1465//1039 1474//1037 1544//1040 
f 1466//1041 1465//1039 1545//1042 
f 1463//1043 1466//1041 1546//1044 
f 1464//1045 1463//1043 1547//1046 
f 1472//1047 1464//1045 1548//1048 
f 1457//1049 1472//1047 1549//1050 
f 1450//1051 1457//1049 1550//1052 
f 1551//1051 1552//1053 1448//1054 
f 1552//1053 1449//1053 1448//1054 
f 1501//1055 1449//1053 1552//1053 
f 1493//1056 1501//1055 1553//1055 
f 1494//1057 1493//1056 1554//1056 
f 1492//1058 1494//1057 1555//1057 
f 1482//1059 1492//1058 1556//1058 
f 1483//1060 1482//1059 1557//1059 
f 1502//1061 1483//1060 1558//1060 
f 1503//1062 1502//1061 1559//1061 
f 1505//1063 1503//1062 1560//1062 
f 1506//1064 1505//1063 1561//1063 
f 1500//1065 1506//1064 1562//1064 
f 1490//1066 1500//1065 1563//1065 
f 1504//1067 1490//1066 1564//1066 
f 1491//967 1504//1067 1565//1067 
f 1565//1067 1507//967 1491//967 
f 1564//1066 1565//1067 1504//1067 
f 1563//1065 1564//1066 1490//1066 
f 1562//1064 1563//1065 1500//1065 
f 1561//1063 1562//1064 1506//1064 
f 1560//1062 1561//1063 1505//1063 
f 1559//1061 1560//1062 1503//1062 
f 1558//1060 1559//1061 1502//1061 
f 1557//1059 1558//1060 1483//1060 
f 1556//1058 1557//1059 1482//1059 
f 1555//1057 1556//1058 1492//1058 
f 1554//1056 1555//1057 1494//1057 
f 1553//1055 1554//1056 1493//1056 
f 1552//1053 1553//1055 1501//1055 
f 1448//1054 1450//1051 1551//1051 
f 1550//1052 1551//1051 1450//1051 
f 1549//1050 1550//1052 1457//1049 
f 1548//1048 1549//1050 1472//1047 
f 1547//1046 1548//1048 1464//1045 
f 1546//1044 1547//1046 1463//1043 
f 1545//1042 1546//1044 1466//1041 
f 1544//1040 1545//1042 1465//1039 
f 1543//1038 1544//1040 1474//1037 
f 1542//1036 1543//1038 1473//1035 
f 1541//1034 1542//1036 1478//1033 
f 1540//1032 1541//1034 1485//1031 
f 1539//1030 1540//1032 1484//1029 
f 1538//1028 1539//1030 1487//1027 
f 1537//1026 1538//1028 1486//1025 
f 1536//1024 1537//1026 1479//1023 
f 1535//1022 1536//1024 1488//1021 
f 1534//1020 1535//1022 1496//1019 
f 1533//1018 1534//1020 1495//1017 
f 1532//1016 1533//1018 1498//1015 
f 1531//1014 1532//1016 1497//1013 
f 1530//1012 1531//1014 1459//1011 
f 1529//1010 1530//1012 1458//1009 
f 1528//1008 1529//1010 1467//1007 
f 1527//1006 1528//1008 1452//1005 
f 1526//1004 1527//1006 1451//1003 
f 1525//1002 1526//1004 1454//1001 
f 1524//1000 1525//1002 1453//999 
f 1523//998 1524//1000 1460//997 
f 1521//995 1523//998 1456//994 
f 1520//993 1522//996 1455//992 
f 1519//991 1520//993 1469//990 
f 1518//989 1519//991 1468//988 
f 1517//987 1518//989 1476//986 
f 1516//985 1517//987 1475//984 
f 1515//983 1516//985 1477//982 
f 1514//981 1515//983 1470//980 
f 1513//979 1514//981 1462//978 
f 1512//977 1513//979 1461//976 
f 1511//975 1512//977 1489//974 
f 1510//973 1511//975 1481//972 
f 1509//971 1510//973 1480//970 
f 1508//969 1509//971 1499//968 
f 1507//967 1508//969 1471//966 
o mesh53
f 1566//1068 1567//1068 681//1068 
f 1567//1068 679//1068 681//1068 
f 681//1068 321//1068 1566//1068 
o mesh54
f 662//1069 661//1070 1568//1070 
f 661//1070 670//1071 1569//1071 
f 670//1071 657//1072 1570//1072 
f 657//1072 656//1073 1571//1073 
f 656//1073 646//1074 1572//1074 
f 646//1074 645//1075 1573//1075 
f 645//1075 640//1076 1574//1076 
f 640//1076 639//1077 1575//1077 
f 1575//1077 639//1077 647//1078 
f 647//1078 1576//1079 1575//1077 
f 683//1079 686//1080 1577//1080 
f 686//1080 685//1081 1578//1081 
f 685//1081 684//1082 1579//1082 
f 684//1082 680//1083 1580//1083 
f 680//1083 679//1084 1567//1084 
f 1567//1084 1580//1083 680//1083 
f 1580//1083 1579//1082 684//1082 
f 1579//1082 1578//1081 685//1081 
f 1578//1081 1577//1080 686//1080 
f 1577//1080 1576//1079 683//1079 
f 647//1078 683//1079 1576//1079 
f 1575//1077 1574//1076 640//1076 
f 1574//1076 1573//1075 645//1075 
f 1573//1075 1572//1074 646//1074 
f 1572//1074 1571//1073 656//1073 
f 1571//1073 1570//1072 657//1072 
f 1570//1072 1569//1071 670//1071 
f 1569//1071 1568//1070 661//1070 
f 1568//1070 1581//1085 662//1069 
o mesh55
f 321//1084 320//1086 1582//1086 
f 320//1086 326//1087 1583//1087 
f 326//1087 327//1088 1584//1088 
f 327//1088 323//1089 1585//1089 
f 323//1089 322//1090 1586//1090 
f 322//1090 329//1091 1587//1091 
f 329//1091 328//1092 1588//1092 
f 328//1092 331//1093 1589//1093 
f 331//1093 330//1094 1590//1094 
f 330//1094 333//1095 1591//1095 
f 333//1095 335//1096 1592//1096 
f 335//1096 334//1097 1593//1097 
f 334//1097 336//1098 1594//1098 
f 336//1098 325//1099 1595//1099 
f 1595//1099 1594//1098 336//1098 
f 1594//1098 1593//1097 334//1097 
f 1593//1097 1592//1096 335//1096 
f 1592//1096 1591//1095 333//1095 
f 1591//1095 1590//1094 330//1094 
f 1590//1094 1589//1093 331//1093 
f 1589//1093 1588//1092 328//1092 
f 1588//1092 1587//1091 329//1091 
f 1587//1091 1586//1090 322//1090 
f 1586//1090 1585//1089 323//1089 
f 1585//1089 1584//1088 327//1088 
f 1584//1088 1583//1087 326//1087 
f 1583//1087 1582//1086 320//1086 
f 1582//1086 1566//1100 321//1084 
o mesh56
f 1596//1101 1597//1101 1567//1101 
f 1567//1101 1566//1101 1596//1101 
o mesh57
f 1581//1102 1598//1102 337//1102 
f 1598//1102 338//1102 337//1102 
f 337//1102 662//1102 1581//1102 
o mesh58
f 1580//1103 1567//1104 1597//1104 
f 1579//1105 1580//1103 1599//1106 
f 1578//1107 1579//1105 1600//1108 
f 1577//1109 1578//1107 1601//1110 
f 1576//1111 1577//1109 1602//1112 
f 1575//1113 1576//1111 1603//1114 
f 1574//1115 1575//1113 1604//1116 
f 1573//1117 1574//1115 1605//1118 
f 1572//1119 1573//1117 1606//1120 
f 1571//1121 1572//1119 1607//1122 
f 1570//1123 1571//1121 1608//1124 
f 1569//1125 1570//1123 1609//1126 
f 1568//1127 1569//1125 1610//1128 
f 1581//1129 1568//1127 1611//1130 
f 1611//1130 1612//1129 1581//1129 
f 1610//1128 1611//1130 1568//1127 
f 1609//1126 1610//1128 1569//1125 
f 1608//1124 1609//1126 1570//1123 
f 1607//1122 1608//1124 1571//1121 
f 1606//1120 1607//1122 1572//1119 
f 1605//1118 1606//1120 1573//1117 
f 1604//1116 1605//1118 1574//1115 
f 1603//1114 1604//1116 1575//1113 
f 1602//1112 1603//1114 1576//1111 
f 1601//1110 1602//1112 1577//1109 
f 1600//1108 1601//1110 1578//1107 
f 1599//1106 1600//1108 1579//1105 
f 1597//1104 1599//1106 1580//1103 
o mesh59
f 1613//1131 1595//1131 325//1131 
f 325//1131 324//1131 1613//1131 
o mesh60
f 1594//1132 1595//1133 1614//1133 
f 1593//1134 1594//1132 1615//1135 
f 1592//1136 1593//1134 1616//1137 
f 1591//1138 1592//1136 1617//1139 
f 1590//1140 1591//1138 1618//1141 
f 1589//1142 1590//1140 1619//1143 
f 1588//1144 1589//1142 1620//1145 
f 1587//1146 1588//1144 1621//1147 
f 1586//1148 1587//1146 1622//1149 
f 1585//1150 1586//1148 1623//1151 
f 1584//1152 1585//1150 1624//1153 
f 1583//1154 1584//1152 1625//1155 
f 1582//1156 1583//1154 1626//1157 
f 1566//1158 1582//1156 1627//1159 
f 1627//1159 1596//1158 1566//1158 
f 1626//1157 1627//1159 1582//1156 
f 1625//1155 1626//1157 1583//1154 
f 1624//1153 1625//1155 1584//1152 
f 1623//1151 1624//1153 1585//1150 
f 1622//1149 1623//1151 1586//1148 
f 1621//1147 1622//1149 1587//1146 
f 1620//1145 1621//1147 1588//1144 
f 1619//1143 1620//1145 1589//1142 
f 1618//1141 1619//1143 1590//1140 
f 1617//1139 1618//1141 1591//1138 
f 1616//1137 1617//1139 1592//1136 
f 1615//1135 1616//1137 1593//1134 
f 1614//1133 1615//1135 1594//1132 
o mesh61
f 1596//1160 1628//1160 1629//1160 
f 1629//1160 1597//1160 1596//1160 
f 1629//1160 1630//1160 1597//1160 
o mesh62
f 459//1161 460//1162 1631//1162 
f 460//1162 463//1163 1632//1163 
f 463//1163 466//1164 1633//1164 
f 466//1164 464//1165 1634//1165 
f 464//1165 467//1166 1635//1166 
f 467//1166 474//1167 1636//1167 
f 474//1167 473//1168 1637//1168 
f 473//1168 475//1169 1638//1169 
f 475//1169 469//1170 1639//1170 
f 469//1170 468//1171 1640//1171 
f 468//1171 470//1172 1641//1172 
f 470//1172 465//1173 1642//1173 
f 465//1173 462//1174 1643//1174 
f 462//1174 461//1175 1644//1175 
f 461//1175 476//1176 1645//1176 
f 476//1176 472//1177 1646//1177 
f 472//1177 471//1178 1647//1178 
f 471//1178 477//1179 1648//1179 
f 477//1179 478//1180 1649//1180 
f 1649//1180 478//1180 479//1181 
f 479//1181 1598//1182 1649//1180 
f 479//1181 338//1182 1598//1182 
f 1649//1180 1648//1179 477//1179 
f 1648//1179 1647//1178 471//1178 
f 1647//1178 1646//1177 472//1177 
f 1646//1177 1645//1176 476//1176 
f 1645//1176 1644//1175 461//1175 
f 1644//1175 1643//1174 462//1174 
f 1643//1174 1642//1173 465//1173 
f 1642//1173 1641//1172 470//1172 
f 1641//1172 1640//1171 468//1171 
f 1640//1171 1639//1170 469//1170 
f 1639//1170 1638//1169 475//1169 
f 1638//1169 1637//1168 473//1168 
f 1637//1168 1636//1167 474//1167 
f 1636//1167 1635//1166 467//1166 
f 1635//1166 1634//1165 464//1165 
f 1634//1165 1633//1164 466//1164 
f 1633//1164 1632//1163 463//1163 
f 1632//1163 1631//1162 460//1162 
f 1631//1162 1650//1183 459//1161 
o mesh63
f 1612//1184 1651//1184 1598//1184 
f 1598//1184 1581//1184 1612//1184 
o mesh64
f 1630//1185 1652//1186 1599//1186 
f 1652//1186 1653//1187 1600//1187 
f 1653//1187 1654//1188 1601//1188 
f 1654//1188 1655//1189 1602//1189 
f 1655//1189 1656//1190 1603//1190 
f 1604//1191 1603//1190 1657//1192 
f 1603//1190 1656//1190 1657//1192 
f 1658//1191 1659//1193 1605//1193 
f 1659//1193 1660//1194 1606//1194 
f 1660//1194 1661//1195 1607//1195 
f 1661//1195 1662//1196 1608//1196 
f 1662//1196 1663//1197 1609//1197 
f 1663//1197 1664//1198 1610//1198 
f 1664//1198 1665//1199 1611//1199 
f 1665//1199 1666//1200 1612//1200 
f 1612//1200 1611//1199 1665//1199 
f 1611//1199 1610//1198 1664//1198 
f 1610//1198 1609//1197 1663//1197 
f 1609//1197 1608//1196 1662//1196 
f 1608//1196 1607//1195 1661//1195 
f 1607//1195 1606//1194 1660//1194 
f 1606//1194 1605//1193 1659//1193 
f 1605//1193 1604//1191 1658//1191 
f 1657//1192 1658//1191 1604//1191 
f 1603//1190 1602//1189 1655//1189 
f 1602//1189 1601//1188 1654//1188 
f 1601//1188 1600//1187 1653//1187 
f 1600//1187 1599//1186 1652//1186 
f 1599//1186 1597//1201 1630//1185 
o mesh65
f 1667//1202 1613//1203 332//1204 
f 1613//1203 324//1203 332//1204 
f 319//1205 315//1206 1668//1206 
f 315//1206 312//1207 1669//1207 
f 312//1207 318//1208 1670//1208 
f 318//1208 314//1209 1671//1209 
f 314//1209 313//1210 1672//1210 
f 313//1210 309//1211 1673//1211 
f 309//1211 308//1212 1674//1212 
f 308//1212 311//1213 1675//1213 
f 311//1213 310//1214 1676//1214 
f 310//1214 317//1215 1677//1215 
f 1677//1215 1676//1214 310//1214 
f 1676//1214 1675//1213 311//1213 
f 1675//1213 1674//1212 308//1212 
f 1674//1212 1673//1211 309//1211 
f 1673//1211 1672//1210 313//1210 
f 1672//1210 1671//1209 314//1209 
f 1671//1209 1670//1208 318//1208 
f 1670//1208 1669//1207 312//1207 
f 1669//1207 1668//1206 315//1206 
f 1668//1206 1667//1202 319//1205 
f 332//1204 319//1205 1667//1202 
o mesh66
f 1678//1216 1614//1216 1595//1216 
f 1595//1216 1613//1216 1678//1216 
o mesh67
f 1679//1217 1680//1218 1615//1218 
f 1680//1218 1681//1219 1616//1219 
f 1681//1219 1682//1220 1617//1220 
f 1682//1220 1683//1221 1618//1221 
f 1683//1221 1684//1222 1619//1222 
f 1684//1222 1685//1223 1620//1223 
f 1685//1223 1686//1224 1621//1224 
f 1686//1224 1687//1225 1622//1225 
f 1687//1225 1688//1226 1623//1226 
f 1688//1226 1689//1227 1624//1227 
f 1689//1227 1690//1228 1625//1228 
f 1690//1228 1691//1229 1626//1229 
f 1691//1229 1692//1230 1627//1230 
f 1692//1230 1628//1231 1596//1231 
f 1596//1231 1627//1230 1692//1230 
f 1627//1230 1626//1229 1691//1229 
f 1626//1229 1625//1228 1690//1228 
f 1625//1228 1624//1227 1689//1227 
f 1624//1227 1623//1226 1688//1226 
f 1623//1226 1622//1225 1687//1225 
f 1622//1225 1621//1224 1686//1224 
f 1621//1224 1620//1223 1685//1223 
f 1620//1223 1619//1222 1684//1222 
f 1619//1222 1618//1221 1683//1221 
f 1618//1221 1617//1220 1682//1220 
f 1617//1220 1616//1219 1681//1219 
f 1616//1219 1615//1218 1680//1218 
f 1615//1218 1614//1232 1679//1217 
o mesh68
f 1650//1233 1677//1233 316//1233 
f 1677//1233 317//1233 316//1233 
f 316//1233 459//1233 1650//1233 
o mesh69
f 1693//1234 1694//1234 1677//1234 
f 1677//1234 1650//1234 1693//1234 
o mesh70
f 1676//1235 1677//1234 1694//1234 
f 1675//1236 1676//1235 1695//1235 
f 1674//1237 1675//1236 1696//1236 
f 1673//1238 1674//1237 1697//1237 
f 1672//1239 1673//1238 1698//1238 
f 1671//1240 1672//1239 1699//1239 
f 1670//1241 1671//1240 1700//1240 
f 1669//1242 1670//1241 1701//1241 
f 1668//1243 1669//1242 1702//1242 
f 1667//1244 1668//1243 1703//1243 
f 1613//1245 1667//1244 1704//1244 
f 1704//1244 1678//1245 1613//1245 
f 1703//1243 1704//1244 1667//1244 
f 1702//1242 1703//1243 1668//1243 
f 1701//1241 1702//1242 1669//1242 
f 1700//1240 1701//1241 1670//1241 
f 1699//1239 1700//1240 1671//1240 
f 1698//1238 1699//1239 1672//1239 
f 1697//1237 1698//1238 1673//1238 
f 1696//1236 1697//1237 1674//1237 
f 1695//1235 1696//1236 1675//1236 
f 1694//1234 1695//1235 1676//1235 
o mesh71
f 1614//1246 1678//1246 1705//1246 
f 1705//1246 1679//1246 1614//1246 
o mesh72
f 1706//1247 1707//1248 1695//1248 
f 1707//1248 1708//1249 1696//1249 
f 1708//1249 1709//1250 1697//1250 
f 1709//1250 1710//1251 1698//1251 
f 1710//1251 1711//1252 1699//1252 
f 1711//1252 1712//1253 1700//1253 
f 1712//1253 1713//1254 1701//1254 
f 1713//1254 1714//1255 1702//1255 
f 1714//1255 1715//1256 1703//1256 
f 1715//1256 1716//1257 1704//1257 
f 1704//1257 1716//1257 1717//1258 
f 1717//1258 1678//1259 1704//1257 
f 1717//1258 1705//1259 1678//1259 
f 1704//1257 1703//1256 1715//1256 
f 1703//1256 1702//1255 1714//1255 
f 1702//1255 1701//1254 1713//1254 
f 1701//1254 1700//1253 1712//1253 
f 1700//1253 1699//1252 1711//1252 
f 1699//1252 1698//1251 1710//1251 
f 1698//1251 1697//1250 1709//1250 
f 1697//1250 1696//1249 1708//1249 
f 1696//1249 1695//1248 1707//1248 
f 1695//1248 1694//1260 1706//1247 
o mesh73
f 1649//1261 1598//1262 1651//1262 
f 1648//1263 1649//1261 1718//1264 
f 1647//1265 1648//1263 1719//1266 
f 1646//1267 1647//1265 1720//1268 
f 1645//1269 1646//1267 1721//1270 
f 1644//1271 1645//1269 1722//1272 
f 1643//1273 1644//1271 1723//1274 
f 1642//1275 1643//1273 1724//1276 
f 1641//1277 1642//1275 1725//1278 
f 1640//1279 1641//1277 1726//1280 
f 1639//1281 1640//1279 1727//1282 
f 1638//1283 1639//1281 1728//1284 
f 1637//1285 1638//1283 1729//1286 
f 1636//1287 1637//1285 1730//1288 
f 1635//1289 1636//1287 1731//1290 
f 1634//1291 1635//1289 1732//1292 
f 1633//1293 1634//1291 1733//1294 
f 1632//1295 1633//1293 1734//1296 
f 1631//1297 1632//1295 1735//1298 
f 1650//1299 1631//1297 1736//1300 
f 1736//1300 1693//1299 1650//1299 
f 1735//1298 1736//1300 1631//1297 
f 1734//1296 1735//1298 1632//1295 
f 1733//1294 1734//1296 1633//1293 
f 1732//1292 1733//1294 1634//1291 
f 1731//1290 1732//1292 1635//1289 
f 1730//1288 1731//1290 1636//1287 
f 1729//1286 1730//1288 1637//1285 
f 1728//1284 1729//1286 1638//1283 
f 1727//1282 1728//1284 1639//1281 
f 1726//1280 1727//1282 1640//1279 
f 1725//1278 1726//1280 1641//1277 
f 1724//1276 1725//1278 1642//1275 
f 1723//1274 1724//1276 1643//1273 
f 1722//1272 1723//1274 1644//1271 
f 1721//1270 1722//1272 1645//1269 
f 1720//1268 1721//1270 1646//1267 
f 1719//1266 1720//1268 1647//1265 
f 1718//1264 1719//1266 1648//1263 
f 1651//1262 1718//1264 1649//1261 
o mesh74
f 1612//1301 1666//1301 1737//1301 
f 1737//1301 1651//1301 1612//1301 
f 1737//1301 1738//1301 1651//1301 
o mesh75
f 1718//1302 1651//1301 1739//1303 
f 1651//1301 1738//1304 1739//1303 
f 1740//1305 1741//1306 1719//1306 
f 1741//1306 1742//1307 1720//1307 
f 1742//1307 1743//1308 1721//1308 
f 1743//1308 1744//1309 1722//1309 
f 1744//1309 1745//1310 1723//1310 
f 1745//1310 1746//1311 1724//1311 
f 1746//1311 1747//1312 1725//1312 
f 1747//1312 1748//1313 1726//1313 
f 1748//1313 1749//1314 1727//1314 
f 1749//1314 1750//1315 1728//1315 
f 1750//1315 1751//1316 1729//1316 
f 1751//1316 1752//1317 1730//1317 
f 1752//1317 1753//1318 1731//1318 
f 1753//1318 1754//1319 1732//1319 
f 1754//1319 1755//1320 1733//1320 
f 1755//1320 1756//1321 1734//1321 
f 1756//1321 1757//1322 1735//1322 
f 1757//1322 1758//1323 1736//1323 
f 1758//1323 1759//1324 1693//1324 
f 1693//1324 1736//1323 1758//1323 
f 1736//1323 1735//1322 1757//1322 
f 1735//1322 1734//1321 1756//1321 
f 1734//1321 1733//1320 1755//1320 
f 1733//1320 1732//1319 1754//1319 
f 1732//1319 1731//1318 1753//1318 
f 1731//1318 1730//1317 1752//1317 
f 1730//1317 1729//1316 1751//1316 
f 1729//1316 1728//1315 1750//1315 
f 1728//1315 1727//1314 1749//1314 
f 1727//1314 1726//1313 1748//1313 
f 1726//1313 1725//1312 1747//1312 
f 1725//1312 1724//1311 1746//1311 
f 1724//1311 1723//1310 1745//1310 
f 1723//1310 1722//1309 1744//1309 
f 1722//1309 1721//1308 1743//1308 
f 1721//1308 1720//1307 1742//1307 
f 1720//1307 1719//1306 1741//1306 
f 1719//1306 1718//1302 1740//1305 
f 1739//1303 1740//1305 1718//1302 
o mesh76
f 1693//1324 1759//1324 1760//1324 
f 1760//1324 1694//1324 1693//1324 
f 1760//1324 1706//1324 1694//1324 
o mesh77
f 1761//1325 1762//1325 638//1325 
f 1762//1325 682//1325 638//1325 
f 1762//1325 688//1325 682//1325 
f 638//1325 669//1325 1761//1325 
o mesh78
f 669//1325 668//1326 1763//1326 
f 668//1326 675//1327 1764//1327 
f 675//1327 674//1328 1765//1328 
f 674//1328 676//1329 1766//1329 
f 676//1329 678//1330 1767//1330 
f 678//1330 677//1331 1768//1331 
f 677//1331 664//1332 1769//1332 
f 664//1332 663//1333 1770//1333 
f 663//1333 665//1334 1771//1334 
f 665//1334 659//1335 1772//1335 
f 659//1335 658//1336 1773//1336 
f 658//1336 666//1337 1774//1337 
f 666//1337 649//1338 1775//1338 
f 649//1338 648//1339 1776//1339 
f 648//1339 650//1340 1777//1340 
f 650//1340 671//1341 1778//1341 
f 671//1341 673//1342 1779//1342 
f 673//1342 672//1343 1780//1343 
f 672//1343 652//1344 1781//1344 
f 652//1344 651//1345 1782//1345 
f 651//1345 660//1346 1783//1346 
f 660//1346 654//1347 1784//1347 
f 654//1347 653//1348 1785//1348 
f 653//1348 642//1349 1786//1349 
f 642//1349 641//1350 1787//1350 
f 641//1350 644//1351 1788//1351 
f 644//1351 643//1352 1789//1352 
f 643//1352 667//1353 1790//1353 
f 667//1353 655//1354 1791//1354 
f 1791//1354 1790//1353 667//1353 
f 1790//1353 1789//1352 643//1352 
f 1789//1352 1788//1351 644//1351 
f 1788//1351 1787//1350 641//1350 
f 1787//1350 1786//1349 642//1349 
f 1786//1349 1785//1348 653//1348 
f 1785//1348 1784//1347 654//1347 
f 1784//1347 1783//1346 660//1346 
f 1783//1346 1782//1345 651//1345 
f 1782//1345 1781//1344 652//1344 
f 1781//1344 1780//1343 672//1343 
f 1780//1343 1779//1342 673//1342 
f 1779//1342 1778//1341 671//1341 
f 1778//1341 1777//1340 650//1340 
f 1777//1340 1776//1339 648//1339 
f 1776//1339 1775//1338 649//1338 
f 1775//1338 1774//1337 666//1337 
f 1774//1337 1773//1336 658//1336 
f 1773//1336 1772//1335 659//1335 
f 1772//1335 1771//1334 665//1334 
f 1771//1334 1770//1333 663//1333 
f 1770//1333 1769//1332 664//1332 
f 1769//1332 1768//1331 677//1331 
f 1768//1331 1767//1330 678//1330 
f 1767//1330 1766//1329 676//1329 
f 1766//1329 1765//1328 674//1328 
f 1765//1328 1764//1327 675//1327 
f 1764//1327 1763//1326 668//1326 
f 1763//1326 1761//1355 669//1325 
o mesh79
f 1792//1356 1793//1356 1762//1356 
f 1762//1356 1761//1356 1792//1356 
o mesh80
f 1794//1357 637//1357 750//1357 
f 1791//1357 655//1357 637//1357 
f 637//1357 1794//1357 1791//1357 
f 750//1357 687//1357 1794//1357 
o mesh81
f 1762//1358 1523//1358 1521//1358 
f 1521//1358 1794//1358 1762//1358 
f 1521//1358 1522//1358 1794//1358 
f 1794//1358 1514//1358 1513//1358 
f 1762//1358 1524//1358 1523//1358 
f 1795//1358 1552//1358 1551//1358 
f 1795//1358 1560//1358 1559//1358 
f 1794//1358 1515//1358 1514//1358 
f 1522//1358 1520//1358 1794//1358 
f 1762//1358 1527//1358 1526//1358 
f 1762//1358 1529//1358 1528//1358 
f 1793//1358 1547//1358 1546//1358 
f 1793//1358 1549//1358 1548//1358 
f 1551//1358 1793//1358 1795//1358 
f 1559//1358 1558//1358 1795//1358 
f 1794//1358 1516//1358 1515//1358 
f 1762//1358 1525//1358 1524//1358 
f 1528//1358 1527//1358 1762//1358 
f 1762//1358 1532//1358 1531//1358 
f 1793//1358 1538//1358 1537//1358 
f 1793//1358 1545//1358 1544//1358 
f 1548//1358 1547//1358 1793//1358 
f 1551//1358 1550//1358 1793//1358 
f 1795//1358 1556//1358 1555//1358 
f 1558//1358 1557//1358 1795//1358 
f 1794//1358 1517//1358 1516//1358 
f 1794//1358 1519//1358 1518//1358 
f 1526//1358 1525//1358 1762//1358 
f 1531//1358 1530//1358 1762//1358 
f 1537//1358 1762//1358 1793//1358 
f 1793//1358 1540//1358 1539//1358 
f 1544//1358 1543//1358 1793//1358 
f 1550//1358 1549//1358 1793//1358 
f 1557//1358 1556//1358 1795//1358 
f 1560//1358 1795//1358 1796//1358 
f 1518//1358 1517//1358 1794//1358 
f 1530//1358 1529//1358 1762//1358 
f 1762//1358 1536//1358 1535//1358 
f 1539//1358 1538//1358 1793//1358 
f 1793//1358 1542//1358 1541//1358 
f 1546//1358 1545//1358 1793//1358 
f 1795//1358 1554//1358 1553//1358 
f 1796//1358 1561//1358 1560//1358 
f 1796//1358 1565//1358 1564//1358 
f 1796//1358 1508//1358 1507//1358 
f 1520//1358 1519//1358 1794//1358 
f 1762//1358 1534//1358 1533//1358 
f 1537//1358 1536//1358 1762//1358 
f 1543//1358 1542//1358 1793//1358 
f 1555//1358 1554//1358 1795//1358 
f 1796//1358 1563//1358 1562//1358 
f 1507//1358 1565//1358 1796//1358 
f 1796//1358 1510//1358 1509//1358 
f 1533//1358 1532//1358 1762//1358 
f 1541//1358 1540//1358 1793//1358 
f 1562//1358 1561//1358 1796//1358 
f 1509//1358 1508//1358 1796//1358 
f 1796//1358 1513//1358 1512//1358 
f 1535//1358 1534//1358 1762//1358 
f 1564//1358 1563//1358 1796//1358 
f 1512//1358 1511//1358 1796//1358 
f 1513//1358 1796//1358 1794//1358 
f 1511//1358 1510//1358 1796//1358 
f 1553//1358 1552//1358 1795//1358 
f 1794//1358 687//1358 1762//1358 
f 687//1358 688//1358 1762//1358 
f 1793//1358 1797//1358 1795//1358 
o mesh82
f 1796//1359 1798//1359 1791//1359 
f 1791//1359 1794//1359 1796//1359 
o mesh83
f 1799//1360 1792//1361 1761//1361 
f 1800//1362 1799//1360 1763//1363 
f 1801//1364 1800//1362 1764//1365 
f 1802//1366 1801//1364 1765//1367 
f 1803//1368 1802//1366 1766//1369 
f 1804//1370 1803//1368 1767//1371 
f 1805//1372 1804//1370 1768//1373 
f 1806//1374 1805//1372 1769//1375 
f 1807//1376 1806//1374 1770//1377 
f 1808//1378 1807//1376 1771//1379 
f 1809//1380 1808//1378 1772//1381 
f 1810//1382 1809//1380 1773//1383 
f 1811//1384 1810//1382 1774//1385 
f 1812//1386 1811//1384 1775//1387 
f 1813//1388 1812//1386 1776//1389 
f 1814//1390 1813//1388 1777//1391 
f 1815//1392 1814//1390 1778//1393 
f 1816//1394 1815//1392 1779//1395 
f 1817//1396 1816//1394 1780//1397 
f 1818//1398 1817//1396 1781//1399 
f 1819//1400 1818//1398 1782//1401 
f 1820//1402 1819//1400 1783//1403 
f 1821//1404 1820//1402 1784//1405 
f 1822//1406 1821//1404 1785//1407 
f 1823//1408 1822//1406 1786//1409 
f 1824//1410 1823//1408 1787//1411 
f 1825//1412 1824//1410 1788//1413 
f 1826//1414 1825//1412 1789//1415 
f 1798//1416 1826//1414 1790//1417 
f 1790//1417 1791//1416 1798//1416 
f 1789//1415 1790//1417 1826//1414 
f 1788//1413 1789//1415 1825//1412 
f 1787//1411 1788//1413 1824//1410 
f 1786//1409 1787//1411 1823//1408 
f 1785//1407 1786//1409 1822//1406 
f 1784//1405 1785//1407 1821//1404 
f 1783//1403 1784//1405 1820//1402 
f 1782//1401 1783//1403 1819//1400 
f 1781//1399 1782//1401 1818//1398 
f 1780//1397 1781//1399 1817//1396 
f 1779//1395 1780//1397 1816//1394 
f 1778//1393 1779//1395 1815//1392 
f 1777//1391 1778//1393 1814//1390 
f 1776//1389 1777//1391 1813//1388 
f 1775//1387 1776//1389 1812//1386 
f 1774//1385 1775//1387 1811//1384 
f 1773//1383 1774//1385 1810//1382 
f 1772//1381 1773//1383 1809//1380 
f 1771//1379 1772//1381 1808//1378 
f 1770//1377 1771//1379 1807//1376 
f 1769//1375 1770//1377 1806//1374 
f 1768//1373 1769//1375 1805//1372 
f 1767//1371 1768//1373 1804//1370 
f 1766//1369 1767//1371 1803//1368 
f 1765//1367 1766//1369 1802//1366 
f 1764//1365 1765//1367 1801//1364 
f 1763//1363 1764//1365 1800//1362 
f 1761//1361 1763//1363 1799//1360 
o mesh84
f 1793//1418 1827//1418 1828//1418 
f 1792//1418 1829//1418 1827//1418 
f 1827//1418 1793//1418 1792//1418 
f 1828//1418 1797//1418 1793//1418 
o mesh85
f 1830//1419 1831//1420 1826//1420 
f 1831//1420 1832//1421 1825//1421 
f 1832//1421 1833//1422 1824//1422 
f 1833//1422 1834//1423 1823//1423 
f 1834//1423 1835//1424 1822//1424 
f 1835//1424 1836//1425 1821//1425 
f 1836//1425 1837//1426 1820//1426 
f 1837//1426 1838//1427 1819//1427 
f 1838//1427 1839//1428 1818//1428 
f 1839//1428 1840//1429 1817//1429 
f 1840//1429 1841//1430 1816//1430 
f 1841//1430 1842//1431 1815//1431 
f 1842//1431 1843//1432 1814//1432 
f 1843//1432 1844//1433 1813//1433 
f 1844//1433 1845//1434 1812//1434 
f 1845//1434 1846//1435 1811//1435 
f 1846//1435 1847//1436 1810//1436 
f 1847//1436 1848//1437 1809//1437 
f 1848//1437 1849//1438 1808//1438 
f 1849//1438 1850//1439 1807//1439 
f 1850//1439 1851//1440 1806//1440 
f 1851//1440 1852//1441 1805//1441 
f 1852//1441 1853//1442 1804//1442 
f 1853//1442 1854//1443 1803//1443 
f 1854//1443 1855//1444 1802//1444 
f 1855//1444 1856//1445 1801//1445 
f 1856//1445 1857//1446 1800//1446 
f 1857//1446 1858//1447 1799//1447 
f 1858//1447 1829//1448 1792//1448 
f 1792//1448 1799//1447 1858//1447 
f 1799//1447 1800//1446 1857//1446 
f 1800//1446 1801//1445 1856//1445 
f 1801//1445 1802//1444 1855//1444 
f 1802//1444 1803//1443 1854//1443 
f 1803//1443 1804//1442 1853//1442 
f 1804//1442 1805//1441 1852//1441 
f 1805//1441 1806//1440 1851//1440 
f 1806//1440 1807//1439 1850//1439 
f 1807//1439 1808//1438 1849//1438 
f 1808//1438 1809//1437 1848//1437 
f 1809//1437 1810//1436 1847//1436 
f 1810//1436 1811//1435 1846//1435 
f 1811//1435 1812//1434 1845//1434 
f 1812//1434 1813//1433 1844//1433 
f 1813//1433 1814//1432 1843//1432 
f 1814//1432 1815//1431 1842//1431 
f 1815//1431 1816//1430 1841//1430 
f 1816//1430 1817//1429 1840//1429 
f 1817//1429 1818//1428 1839//1428 
f 1818//1428 1819//1427 1838//1427 
f 1819//1427 1820//1426 1837//1426 
f 1820//1426 1821//1425 1836//1425 
f 1821//1425 1822//1424 1835//1424 
f 1822//1424 1823//1423 1834//1423 
f 1823//1423 1824//1422 1833//1422 
f 1824//1422 1825//1421 1832//1421 
f 1825//1421 1826//1420 1831//1420 
f 1826//1420 1798//1449 1830//1419 
o mesh86
f 1798//1449 1796//1449 1859//1449 
f 1796//1449 1795//1449 1860//1449 
f 1860//1449 1859//1449 1796//1449 
f 1859//1449 1830//1449 1798//1449 
o mesh87
f 451//1450 450//1450 1861//1450 
f 1861//1450 1862//1450 451//1450 
o mesh88
f 451//1451 1862//1451 1863//1451 
f 1863//1451 454//1451 451//1451 
o mesh89
f 450//1452 452//1452 1864//1452 
f 1864//1452 1861//1452 450//1452 
o mesh90
f 1862//1453 1861//1453 1865//1453 
f 1865//1453 1866//1453 1862//1453 
o mesh91
f 454//1454 1863//1454 1864//1454 
f 1864//1454 452//1454 454//1454 
o mesh92
f 1863//1455 1862//1455 1866//1455 
f 1866//1455 1867//1455 1863//1455 
o mesh93
f 1861//1456 1864//1456 1868//1456 
f 1868//1456 1865//1456 1861//1456 
o mesh94
f 1869//1457 1866//1457 1865//1457 
f 1865//1457 1870//1457 1869//1457 
o mesh95
f 1864//1458 1863//1458 1867//1458 
f 1867//1458 1868//1458 1864//1458 
o mesh96
f 1871//1459 1870//1459 1865//1459 
f 1865//1459 1868//1459 1871//1459 
o mesh97
f 1872//1460 1871//1460 1868//1460 
f 1868//1460 1867//1460 1872//1460 
o mesh98
f 1869//1461 1872//1461 1867//1461 
f 1867//1461 1866//1461 1869//1461 
o mesh99
f 181//1462 1873//1462 1874//1462 
f 1874//1462 182//1462 181//1462 
o mesh100
f 182//1463 1874//1463 1875//1463 
f 1875//1463 184//1463 182//1463 
o mesh101
f 181//1464 183//1464 1876//1464 
f 1876//1464 1873//1464 181//1464 
o mesh102
f 1874//1465 1873//1465 1877//1465 
f 1877//1465 1878//1465 1874//1465 
o mesh103
f 184//1466 1875//1466 1876//1466 
f 1876//1466 183//1466 184//1466 
o mesh104
f 1876//1467 1875//1467 1879//1467 
f 1879//1467 1880//1467 1876//1467 
o mesh105
f 1875//1468 1874//1468 1878//1468 
f 1878//1468 1879//1468 1875//1468 
o mesh106
f 1881//1469 1882//1469 1879//1469 
f 1879//1469 1878//1469 1881//1469 
o mesh107
f 1873//1470 1876//1470 1880//1470 
f 1880//1470 1877//1470 1873//1470 
o mesh108
f 1882//1471 1883//1471 1880//1471 
f 1880//1471 1879//1471 1882//1471 
o mesh109
f 1883//1472 1884//1472 1877//1472 
f 1877//1472 1880//1472 1883//1472 
o mesh110
f 1884//1473 1881//1473 1878//1473 
f 1878//1473 1877//1473 1884//1473 
o mesh111
f 562//1474 561//1475 1885//1475 
f 561//1475 564//1476 1886//1476 
f 564//1476 566//1477 1887//1477 
f 566//1477 568//1478 1888//1478 
f 568//1478 570//1479 1889//1479 
f 570//1479 572//1480 1890//1480 
f 572//1480 574//1481 1891//1481 
f 574//1481 583//1482 1892//1482 
f 583//1482 585//1483 1893//1483 
f 585//1483 588//1484 1894//1484 
f 588//1484 591//1485 1895//1485 
f 591//1485 590//1486 1896//1486 
f 590//1486 593//1487 1897//1487 
f 593//1487 602//1488 1898//1488 
f 602//1488 604//1489 1899//1489 
f 604//1489 606//1490 1900//1490 
f 606//1490 609//1491 1901//1491 
f 609//1491 608//1492 1902//1492 
f 608//1492 615//1493 1903//1493 
f 615//1493 614//1494 1904//1494 
f 614//1494 616//1495 1905//1495 
f 616//1495 612//1496 1906//1496 
f 612//1496 611//1497 1907//1497 
f 611//1497 619//1498 1908//1498 
f 619//1498 618//1499 1909//1499 
f 1909//1499 618//1499 617//1500 
f 617//1500 1910//1501 1909//1499 
f 621//1501 626//1502 1911//1502 
f 626//1502 629//1503 1912//1503 
f 629//1503 624//1504 1913//1504 
f 624//1504 622//1505 1914//1505 
f 622//1505 627//1506 1915//1506 
f 627//1506 628//1507 1916//1507 
f 1917//1508 1916//1507 625//1509 
f 1916//1507 628//1507 625//1509 
f 594//1508 576//1510 1918//1510 
f 576//1510 575//1511 1919//1511 
f 575//1511 579//1512 1920//1512 
f 579//1512 586//1513 1921//1513 
f 586//1513 596//1514 1922//1514 
f 596//1514 595//1515 1923//1515 
f 595//1515 600//1516 1924//1516 
f 600//1516 598//1517 1925//1517 
f 598//1517 597//1518 1926//1518 
f 597//1518 578//1519 1927//1519 
f 578//1519 577//1520 1928//1520 
f 577//1520 580//1521 1929//1521 
f 580//1521 581//1522 1930//1522 
f 581//1522 556//1523 1931//1523 
f 556//1523 555//1524 1932//1524 
f 555//1524 557//1525 1933//1525 
f 557//1525 550//1526 1934//1526 
f 550//1526 549//1527 1935//1527 
f 549//1527 548//1528 1936//1528 
f 548//1528 559//1529 1937//1529 
f 559//1529 558//1530 1938//1530 
f 558//1530 552//1531 1939//1531 
f 552//1531 554//1532 1940//1532 
f 554//1532 553//1533 1941//1533 
f 553//1533 562//1474 1942//1534 
f 1942//1534 1941//1533 553//1533 
f 1941//1533 1940//1532 554//1532 
f 1940//1532 1939//1531 552//1531 
f 1939//1531 1938//1530 558//1530 
f 1938//1530 1937//1529 559//1529 
f 1937//1529 1936//1528 548//1528 
f 1936//1528 1935//1527 549//1527 
f 1935//1527 1934//1526 550//1526 
f 1934//1526 1933//1525 557//1525 
f 1933//1525 1932//1524 555//1524 
f 1932//1524 1931//1523 556//1523 
f 1931//1523 1930//1522 581//1522 
f 1930//1522 1929//1521 580//1521 
f 1929//1521 1928//1520 577//1520 
f 1928//1520 1927//1519 578//1519 
f 1927//1519 1926//1518 597//1518 
f 1926//1518 1925//1517 598//1517 
f 1925//1517 1924//1516 600//1516 
f 1924//1516 1923//1515 595//1515 
f 1923//1515 1922//1514 596//1514 
f 1922//1514 1921//1513 586//1513 
f 1921//1513 1920//1512 579//1512 
f 1920//1512 1919//1511 575//1511 
f 1919//1511 1918//1510 576//1510 
f 1918//1510 1917//1508 594//1508 
f 625//1509 594//1508 1917//1508 
f 1916//1507 1915//1506 627//1506 
f 1915//1506 1914//1505 622//1505 
f 1914//1505 1913//1504 624//1504 
f 1913//1504 1912//1503 629//1503 
f 1912//1503 1911//1502 626//1502 
f 1911//1502 1910//1501 621//1501 
f 617//1500 621//1501 1910//1501 
f 1909//1499 1908//1498 619//1498 
f 1908//1498 1907//1497 611//1497 
f 1907//1497 1906//1496 612//1496 
f 1906//1496 1905//1495 616//1495 
f 1905//1495 1904//1494 614//1494 
f 1904//1494 1903//1493 615//1493 
f 1903//1493 1902//1492 608//1492 
f 1902//1492 1901//1491 609//1491 
f 1901//1491 1900//1490 606//1490 
f 1900//1490 1899//1489 604//1489 
f 1899//1489 1898//1488 602//1488 
f 1898//1488 1897//1487 593//1487 
f 1897//1487 1896//1486 590//1486 
f 1896//1486 1895//1485 591//1485 
f 1895//1485 1894//1484 588//1484 
f 1894//1484 1893//1483 585//1483 
f 1893//1483 1892//1482 583//1482 
f 1892//1482 1891//1481 574//1481 
f 1891//1481 1890//1480 572//1480 
f 1890//1480 1889//1479 570//1479 
f 1889//1479 1888//1478 568//1478 
f 1888//1478 1887//1477 566//1477 
f 1887//1477 1886//1476 564//1476 
f 1886//1476 1885//1475 561//1475 
f 1885//1475 1942//1534 562//1474 
o mesh112
f 1943//1535 1944//1536 1913//1536 
f 1945//1537 1943//1535 1914//1538 
f 1946//1539 1945//1537 1915//1540 
f 1947//1541 1946//1539 1916//1542 
f 1948//1543 1947//1541 1917//1544 
f 1949//1545 1948//1543 1918//1546 
f 1950//1547 1949//1545 1919//1548 
f 1951//1549 1950//1547 1920//1550 
f 1952//1551 1951//1549 1921//1552 
f 1953//1553 1952//1551 1922//1554 
f 1954//1555 1953//1553 1923//1556 
f 1955//1557 1954//1555 1924//1558 
f 1956//1559 1955//1557 1925//1560 
f 1957//1561 1956//1559 1926//1562 
f 1958//1563 1957//1561 1927//1564 
f 1959//1565 1958//1563 1928//1566 
f 1960//1567 1959//1565 1929//1568 
f 1961//1569 1960//1567 1930//1570 
f 1962//1571 1961//1569 1931//1572 
f 1963//1573 1962//1571 1932//1574 
f 1964//1575 1963//1573 1933//1576 
f 1965//1577 1964//1575 1934//1578 
f 1966//1579 1965//1577 1935//1580 
f 1967//1581 1966//1579 1936//1582 
f 1968//1583 1967//1581 1937//1584 
f 1969//1585 1968//1583 1938//1586 
f 1970//1587 1969//1585 1939//1588 
f 1971//1589 1970//1587 1940//1590 
f 1972//1591 1971//1589 1941//1592 
f 1973//1593 1972//1591 1942//1594 
f 1974//1595 1973//1593 1885//1596 
f 1975//1597 1974//1595 1886//1598 
f 1976//1599 1975//1597 1887//1600 
f 1977//1601 1976//1599 1888//1602 
f 1978//1603 1977//1601 1889//1604 
f 1979//1605 1978//1603 1890//1606 
f 1980//1607 1979//1605 1891//1608 
f 1981//1609 1980//1607 1892//1610 
f 1982//1611 1981//1609 1893//1612 
f 1983//1613 1982//1611 1894//1614 
f 1984//1615 1983//1613 1895//1616 
f 1985//1617 1984//1615 1896//1618 
f 1986//1619 1985//1617 1897//1620 
f 1987//1621 1986//1619 1898//1622 
f 1988//1623 1987//1621 1899//1624 
f 1989//1625 1988//1623 1900//1626 
f 1990//1627 1989//1625 1901//1628 
f 1991//1629 1990//1627 1902//1630 
f 1992//1631 1991//1629 1903//1632 
f 1993//1633 1992//1631 1904//1634 
f 1994//1635 1993//1633 1905//1636 
f 1995//1637 1994//1635 1906//1638 
f 1996//1639 1995//1637 1907//1640 
f 1997//1641 1996//1639 1908//1642 
f 1998//1643 1997//1641 1909//1644 
f 1999//1645 1998//1643 1910//1646 
f 2000//1647 1999//1645 1911//1648 
f 1944//1536 2000//1647 1912//1647 
f 1912//1647 1913//1536 1944//1536 
f 1911//1648 1912//1647 2000//1647 
f 1910//1646 1911//1648 1999//1645 
f 1909//1644 1910//1646 1998//1643 
f 1908//1642 1909//1644 1997//1641 
f 1907//1640 1908//1642 1996//1639 
f 1906//1638 1907//1640 1995//1637 
f 1905//1636 1906//1638 1994//1635 
f 1904//1634 1905//1636 1993//1633 
f 1903//1632 1904//1634 1992//1631 
f 1902//1630 1903//1632 1991//1629 
f 1901//1628 1902//1630 1990//1627 
f 1900//1626 1901//1628 1989//1625 
f 1899//1624 1900//1626 1988//1623 
f 1898//1622 1899//1624 1987//1621 
f 1897//1620 1898//1622 1986//1619 
f 1896//1618 1897//1620 1985//1617 
f 1895//1616 1896//1618 1984//1615 
f 1894//1614 1895//1616 1983//1613 
f 1893//1612 1894//1614 1982//1611 
f 1892//1610 1893//1612 1981//1609 
f 1891//1608 1892//1610 1980//1607 
f 1890//1606 1891//1608 1979//1605 
f 1889//1604 1890//1606 1978//1603 
f 1888//1602 1889//1604 1977//1601 
f 1887//1600 1888//1602 1976//1599 
f 1886//1598 1887//1600 1975//1597 
f 1885//1596 1886//1598 1974//1595 
f 1942//1594 1885//1596 1973//1593 
f 1941//1592 1942//1594 1972//1591 
f 1940//1590 1941//1592 1971//1589 
f 1939//1588 1940//1590 1970//1587 
f 1938//1586 1939//1588 1969//1585 
f 1937//1584 1938//1586 1968//1583 
f 1936//1582 1937//1584 1967//1581 
f 1935//1580 1936//1582 1966//1579 
f 1934//1578 1935//1580 1965//1577 
f 1933//1576 1934//1578 1964//1575 
f 1932//1574 1933//1576 1963//1573 
f 1931//1572 1932//1574 1962//1571 
f 1930//1570 1931//1572 1961//1569 
f 1929//1568 1930//1570 1960//1567 
f 1928//1566 1929//1568 1959//1565 
f 1927//1564 1928//1566 1958//1563 
f 1926//1562 1927//1564 1957//1561 
f 1925//1560 1926//1562 1956//1559 
f 1924//1558 1925//1560 1955//1557 
f 1923//1556 1924//1558 1954//1555 
f 1922//1554 1923//1556 1953//1553 
f 1921//1552 1922//1554 1952//1551 
f 1920//1550 1921//1552 1951//1549 
f 1919//1548 1920//1550 1950//1547 
f 1918//1546 1919//1548 1949//1545 
f 1917//1544 1918//1546 1948//1543 
f 1916//1542 1917//1544 1947//1541 
f 1915//1540 1916//1542 1946//1539 
f 1914//1538 1915//1540 1945//1537 
f 1913//1536 1914//1538 1943//1535 
o mesh113
f 2001//1649 2002//1650 2000//1650 
f 2002//1650 2003//1651 1999//1651 
f 2003//1651 2004//1652 1998//1652 
f 1997//1653 1998//1652 2005//1654 
f 1998//1652 2004//1652 2005//1654 
f 2006//1653 2007//1655 1996//1655 
f 2007//1655 2008//1656 1995//1656 
f 2008//1656 2009//1657 1994//1657 
f 2009//1657 2010//1658 1993//1658 
f 2010//1658 2011//1659 1992//1659 
f 2011//1659 2012//1660 1991//1660 
f 2012//1660 2013//1661 1990//1661 
f 2013//1661 2014//1662 1989//1662 
f 2014//1662 2015//1663 1988//1663 
f 2015//1663 2016//1664 1987//1664 
f 2016//1664 2017//1665 1986//1665 
f 2017//1665 2018//1666 1985//1666 
f 2018//1666 2019//1667 1984//1667 
f 2019//1667 2020//1668 1983//1668 
f 2020//1668 2021//1669 1982//1669 
f 2021//1669 2022//1670 1981//1670 
f 2022//1670 2023//1671 1980//1671 
f 2023//1671 2024//1672 1979//1672 
f 2024//1672 2025//1673 1978//1673 
f 2025//1673 2026//1674 1977//1674 
f 2026//1674 2027//1675 1976//1675 
f 2027//1675 2028//1676 1975//1676 
f 2028//1676 2029//1677 1974//1677 
f 2029//1677 2030//1678 1973//1678 
f 2030//1678 2031//1679 1972//1679 
f 2031//1679 2032//1680 1971//1680 
f 2032//1680 2033//1681 1970//1681 
f 2033//1681 2034//1682 1969//1682 
f 2034//1682 2035//1683 1968//1683 
f 2035//1683 2036//1684 1967//1684 
f 2036//1684 2037//1685 1966//1685 
f 2037//1685 2038//1686 1965//1686 
f 2038//1686 2039//1687 1964//1687 
f 2039//1687 2040//1688 1963//1688 
f 2040//1688 2041//1689 1962//1689 
f 2041//1689 2042//1690 1961//1690 
f 2042//1690 2043//1691 1960//1691 
f 2043//1691 2044//1692 1959//1692 
f 2044//1692 2045//1693 1958//1693 
f 2045//1693 2046//1694 1957//1694 
f 2046//1694 2047//1695 1956//1695 
f 2047//1695 2048//1696 1955//1696 
f 2048//1696 2049//1697 1954//1697 
f 2049//1697 2050//1698 1953//1698 
f 2050//1698 2051//1699 1952//1699 
f 2051//1699 2052//1700 1951//1700 
f 2052//1700 2053//1701 1950//1701 
f 2053//1701 2054//1702 1949//1702 
f 2054//1702 2055//1703 1948//1703 
f 2055//1703 2056//1704 1947//1704 
f 1947//1704 2056//1704 2057//1705 
f 2057//1705 1946//1706 1947//1704 
f 2058//1706 2059//1707 1945//1707 
f 2059//1707 2060//1708 1943//1708 
f 2060//1708 2001//1649 1944//1709 
f 1944//1709 1943//1708 2060//1708 
f 1943//1708 1945//1707 2059//1707 
f 1945//1707 1946//1706 2058//1706 
f 2057//1705 2058//1706 1946//1706 
f 1947//1704 1948//1703 2055//1703 
f 1948//1703 1949//1702 2054//1702 
f 1949//1702 1950//1701 2053//1701 
f 1950//1701 1951//1700 2052//1700 
f 1951//1700 1952//1699 2051//1699 
f 1952//1699 1953//1698 2050//1698 
f 1953//1698 1954//1697 2049//1697 
f 1954//1697 1955//1696 2048//1696 
f 1955//1696 1956//1695 2047//1695 
f 1956//1695 1957//1694 2046//1694 
f 1957//1694 1958//1693 2045//1693 
f 1958//1693 1959//1692 2044//1692 
f 1959//1692 1960//1691 2043//1691 
f 1960//1691 1961//1690 2042//1690 
f 1961//1690 1962//1689 2041//1689 
f 1962//1689 1963//1688 2040//1688 
f 1963//1688 1964//1687 2039//1687 
f 1964//1687 1965//1686 2038//1686 
f 1965//1686 1966//1685 2037//1685 
f 1966//1685 1967//1684 2036//1684 
f 1967//1684 1968//1683 2035//1683 
f 1968//1683 1969//1682 2034//1682 
f 1969//1682 1970//1681 2033//1681 
f 1970//1681 1971//1680 2032//1680 
f 1971//1680 1972//1679 2031//1679 
f 1972//1679 1973//1678 2030//1678 
f 1973//1678 1974//1677 2029//1677 
f 1974//1677 1975//1676 2028//1676 
f 1975//1676 1976//1675 2027//1675 
f 1976//1675 1977//1674 2026//1674 
f 1977//1674 1978//1673 2025//1673 
f 1978//1673 1979//1672 2024//1672 
f 1979//1672 1980//1671 2023//1671 
f 1980//1671 1981//1670 2022//1670 
f 1981//1670 1982//1669 2021//1669 
f 1982//1669 1983//1668 2020//1668 
f 1983//1668 1984//1667 2019//1667 
f 1984//1667 1985//1666 2018//1666 
f 1985//1666 1986//1665 2017//1665 
f 1986//1665 1987//1664 2016//1664 
f 1987//1664 1988//1663 2015//1663 
f 1988//1663 1989//1662 2014//1662 
f 1989//1662 1990//1661 2013//1661 
f 1990//1661 1991//1660 2012//1660 
f 1991//1660 1992//1659 2011//1659 
f 1992//1659 1993//1658 2010//1658 
f 1993//1658 1994//1657 2009//1657 
f 1994//1657 1995//1656 2008//1656 
f 1995//1656 1996//1655 2007//1655 
f 1996//1655 1997//1653 2006//1653 
f 2005//1654 2006//1653 1997//1653 
f 1998//1652 1999//1651 2003//1651 
f 1999//1651 2000//1650 2002//1650 
f 2000//1650 1944//1709 2001//1649 
o mesh114
f 2127//1710 1319//1710 1318//1710 
f 2128//1710 1318//1710 1317//1710 
f 2129//1710 1317//1710 1320//1710 
f 2130//1710 1320//1710 1321//1710 
f 2131//1710 1321//1710 1323//1710 
f 2128//1710 2132//1710 978//1710 
f 2132//1710 977//1710 979//1710 
f 979//1710 978//1710 2132//1710 
f 2132//1710 976//1710 977//1710 
f 2128//1710 981//1710 982//1710 
f 978//1710 980//1710 2128//1710 
f 2133//1710 951//1710 952//1710 
f 2128//1710 984//1710 985//1710 
f 982//1710 983//1710 2128//1710 
f 2132//1710 975//1710 976//1710 
f 2132//1710 973//1710 974//1710 
f 2132//1710 970//1710 971//1710 
f 952//1710 953//1710 2133//1710 
f 2133//1710 949//1710 950//1710 
f 2133//1710 2127//1710 947//1710 
f 2127//1710 944//1710 945//1710 
f 2128//1710 987//1710 988//1710 
f 985//1710 986//1710 2128//1710 
f 980//1710 981//1710 2128//1710 
f 2132//1710 972//1710 973//1710 
f 2132//1710 969//1710 970//1710 
f 2132//1710 967//1710 968//1710 
f 2132//1710 965//1710 966//1710 
f 2133//1710 954//1710 955//1710 
f 950//1710 951//1710 2133//1710 
f 2127//1710 946//1710 947//1710 
f 2127//1710 943//1710 944//1710 
f 2127//1710 941//1710 942//1710 
f 986//1710 987//1710 2128//1710 
f 974//1710 975//1710 2132//1710 
f 968//1710 969//1710 2132//1710 
f 2132//1710 964//1710 965//1710 
f 2133//1710 957//1710 958//1710 
f 955//1710 956//1710 2133//1710 
f 2133//1710 948//1710 949//1710 
f 945//1710 946//1710 2127//1710 
f 2127//1710 940//1710 941//1710 
f 2127//1710 938//1710 939//1710 
f 2127//1710 936//1710 937//1710 
f 983//1710 984//1710 2128//1710 
f 966//1710 967//1710 2132//1710 
f 2133//1710 962//1710 963//1710 
f 956//1710 957//1710 2133//1710 
f 947//1710 948//1710 2133//1710 
f 939//1710 940//1710 2127//1710 
f 2127//1710 934//1710 936//1710 
f 971//1710 972//1710 2132//1710 
f 963//1710 2132//1710 2133//1710 
f 2133//1710 959//1710 960//1710 
f 953//1710 954//1710 2133//1710 
f 937//1710 938//1710 2127//1710 
f 2128//1710 989//1710 990//1710 
f 963//1710 964//1710 2132//1710 
f 960//1710 961//1710 2133//1710 
f 942//1710 943//1710 2127//1710 
f 2128//1710 935//1710 934//1710 
f 990//1710 991//1710 2128//1710 
f 961//1710 962//1710 2133//1710 
f 934//1710 2127//1710 2128//1710 
f 991//1710 992//1710 2128//1710 
f 958//1710 959//1710 2133//1710 
f 988//1710 989//1710 2128//1710 
f 2132//1710 2128//1710 2129//1710 
f 2134//1710 2129//1710 2130//1710 
f 2135//1710 2130//1710 2131//1710 
f 2136//1710 921//1710 922//1710 
f 922//1710 923//1710 2136//1710 
f 2137//1710 915//1710 916//1710 
f 923//1710 924//1710 2136//1710 
f 2137//1710 914//1710 915//1710 
f 2138//1710 2131//1710 889//1710 
f 2136//1710 928//1710 929//1710 
f 924//1710 925//1710 2136//1710 
f 2137//1710 919//1710 921//1710 
f 2137//1710 918//1710 920//1710 
f 2137//1710 913//1710 914//1710 
f 2138//1710 893//1710 894//1710 
f 889//1710 890//1710 2138//1710 
f 2131//1710 884//1710 885//1710 
f 2131//1710 881//1710 882//1710 
f 2131//1710 879//1710 880//1710 
f 2136//1710 931//1710 932//1710 
f 2136//1710 927//1710 928//1710 
f 925//1710 926//1710 2136//1710 
f 920//1710 919//1710 2137//1710 
f 2137//1710 912//1710 913//1710 
f 2137//1710 908//1710 909//1710 
f 2138//1710 897//1710 898//1710 
f 894//1710 895//1710 2138//1710 
f 2131//1710 888//1710 889//1710 
f 2131//1710 883//1710 884//1710 
f 880//1710 881//1710 2131//1710 
f 2131//1710 875//1710 877//1710 
f 2136//1710 930//1710 931//1710 
f 926//1710 927//1710 2136//1710 
f 2137//1710 917//1710 918//1710 
f 2137//1710 911//1710 912//1710 
f 909//1710 910//1710 2137//1710 
f 2137//1710 906//1710 907//1710 
f 2137//1710 2138//1710 905//1710 
f 2138//1710 900//1710 901//1710 
f 898//1710 899//1710 2138//1710 
f 895//1710 896//1710 2138//1710 
f 2131//1710 887//1710 888//1710 
f 882//1710 883//1710 2131//1710 
f 877//1710 878//1710 2131//1710 
f 932//1710 2131//1710 2136//1710 
f 921//1710 2136//1710 2137//1710 
f 910//1710 911//1710 2137//1710 
f 905//1710 906//1710 2137//1710 
f 2138//1710 903//1710 904//1710 
f 901//1710 902//1710 2138//1710 
f 896//1710 897//1710 2138//1710 
f 2131//1710 886//1710 887//1710 
f 878//1710 879//1710 2131//1710 
f 932//1710 933//1710 2131//1710 
f 916//1710 917//1710 2137//1710 
f 904//1710 905//1710 2138//1710 
f 899//1710 900//1710 2138//1710 
f 885//1710 886//1710 2131//1710 
f 929//1710 930//1710 2136//1710 
f 902//1710 903//1710 2138//1710 
f 2138//1710 891//1710 892//1710 
f 2131//1710 876//1710 875//1710 
f 907//1710 908//1710 2137//1710 
f 890//1710 891//1710 2138//1710 
f 892//1710 893//1710 2138//1710 
f 2139//1710 2140//1710 2141//1710 
f 2142//1710 2141//1710 2143//1710 
f 2144//1710 2133//1710 2132//1710 
f 2145//1710 2132//1710 2134//1710 
f 2146//1710 2135//1710 2138//1710 
f 2147//1710 2138//1710 2137//1710 
f 2148//1710 2149//1710 2139//1710 
f 2150//1710 2139//1710 2142//1710 
f 2151//1710 2142//1710 2152//1710 
f 2153//1710 2144//1710 2145//1710 
f 2154//1710 2145//1710 2155//1710 
f 2156//1710 2146//1710 2147//1710 
f 2157//1710 2147//1710 2158//1710 
f 2159//1710 2160//1710 1881//1710 
f 2160//1710 2161//1710 1882//1710 
f 2151//1710 1883//1710 1882//1710 
f 2159//1710 1884//1710 1883//1710 
f 1882//1710 1881//1710 2160//1710 
f 1883//1710 2151//1710 2159//1710 
f 1882//1710 2161//1710 2151//1710 
f 2162//1710 2153//1710 2154//1710 
f 2163//1710 2156//1710 2157//1710 
f 2164//1710 2157//1710 2165//1710 
f 2166//1710 2162//1710 2167//1710 
f 2168//1710 2167//1710 2169//1710 
f 2170//1710 2163//1710 2164//1710 
f 2171//1710 2164//1710 2172//1710 
f 2168//1710 1036//1710 1038//1710 
f 1038//1710 1037//1710 2168//1710 
f 2168//1710 2173//1710 1035//1710 
f 2166//1710 1003//1710 1004//1710 
f 2166//1710 1000//1710 1001//1710 
f 2168//1710 994//1710 993//1710 
f 1035//1710 1036//1710 2168//1710 
f 2173//1710 1024//1710 1025//1710 
f 2173//1710 1022//1710 1023//1710 
f 2173//1710 2174//1710 1021//1710 
f 2174//1710 1018//1710 1019//1710 
f 2166//1710 1002//1710 1003//1710 
f 2166//1710 999//1710 1000//1710 
f 2166//1710 995//1710 996//1710 
f 993//1710 2166//1710 2168//1710 
f 2168//1710 1040//1710 1041//1710 
f 1037//1710 1039//1710 2168//1710 
f 2173//1710 1029//1710 1030//1710 
f 2173//1710 1026//1710 1027//1710 
f 1023//1710 1024//1710 2173//1710 
f 2174//1710 1020//1710 1021//1710 
f 2174//1710 1017//1710 1018//1710 
f 2174//1710 1015//1710 1016//1710 
f 2174//1710 1013//1710 1014//1710 
f 2166//1710 1005//1710 1006//1710 
f 1001//1710 1002//1710 2166//1710 
f 2166//1710 997//1710 998//1710 
f 993//1710 995//1710 2166//1710 
f 1041//1710 1042//1710 2168//1710 
f 2173//1710 1034//1710 1035//1710 
f 2173//1710 1032//1710 1033//1710 
f 2173//1710 1028//1710 1029//1710 
f 1025//1710 1026//1710 2173//1710 
f 1019//1710 1020//1710 2174//1710 
f 1014//1710 1015//1710 2174//1710 
f 2174//1710 1010//1710 1011//1710 
f 2166//1710 1009//1710 1010//1710 
f 1004//1710 1005//1710 2166//1710 
f 996//1710 997//1710 2166//1710 
f 2168//1710 1048//1710 1049//1710 
f 2168//1710 1046//1710 1047//1710 
f 1039//1710 1040//1710 2168//1710 
f 2173//1710 1031//1710 1032//1710 
f 1027//1710 1028//1710 2173//1710 
f 1016//1710 1017//1710 2174//1710 
f 1011//1710 1012//1710 2174//1710 
f 2166//1710 1008//1710 1009//1710 
f 998//1710 999//1710 2166//1710 
f 2168//1710 1050//1710 1051//1710 
f 1047//1710 1048//1710 2168//1710 
f 2168//1710 1044//1710 1045//1710 
f 1033//1710 1034//1710 2173//1710 
f 1021//1710 1022//1710 2173//1710 
f 1010//1710 2174//1710 2166//1710 
f 1006//1710 1007//1710 2166//1710 
f 1049//1710 1050//1710 2168//1710 
f 2168//1710 1043//1710 1044//1710 
f 1030//1710 1031//1710 2173//1710 
f 1007//1710 1008//1710 2166//1710 
f 1045//1710 1046//1710 2168//1710 
f 1012//1710 1013//1710 2174//1710 
f 1042//1710 1043//1710 2168//1710 
f 2173//1710 2168//1710 2175//1710 
f 2176//1710 2175//1710 2170//1710 
f 2177//1710 2174//1710 2173//1710 
f 2178//1710 2173//1710 2176//1710 
f 2179//1710 2176//1710 2180//1710 
f 2181//1710 2180//1710 2182//1710 
f 2183//1710 2182//1710 2184//1710 
f 1266//1710 2181//1710 2183//1710 
f 1267//1710 2183//1710 2185//1710 
f 2155//1710 2061//1710 2062//1710 
f 2155//1710 2063//1710 2064//1710 
f 2064//1710 2061//1710 2155//1710 
f 2186//1710 2065//1710 2066//1710 
f 2186//1710 2067//1710 2065//1710 
f 2186//1710 2068//1710 2067//1710 
f 2186//1710 2069//1710 2070//1710 
f 2186//1710 2062//1710 2068//1710 
f 2066//1710 2069//1710 2186//1710 
f 2167//1710 2071//1710 2072//1710 
f 2167//1710 2073//1710 2074//1710 
f 2167//1710 2154//1710 2075//1710 
f 2074//1710 2071//1710 2167//1710 
f 2154//1710 2076//1710 2075//1710 
f 2154//1710 2186//1710 2077//1710 
f 2075//1710 2073//1710 2167//1710 
f 2077//1710 2078//1710 2154//1710 
f 2078//1710 2076//1710 2154//1710 
f 2169//1710 2079//1710 2080//1710 
f 2169//1710 2072//1710 2079//1710 
f 2080//1710 2081//1710 2169//1710 
f 2170//1710 2175//1710 2082//1710 
f 2082//1710 2083//1710 2170//1710 
f 2175//1710 2084//1710 2085//1710 
f 2083//1710 2086//1710 2170//1710 
f 2175//1710 2087//1710 2088//1710 
f 2175//1710 2089//1710 2090//1710 
f 2175//1710 2091//1710 2084//1710 
f 2170//1710 2092//1710 2093//1710 
f 2170//1710 2094//1710 2095//1710 
f 2170//1710 2096//1710 2097//1710 
f 2088//1710 2082//1710 2175//1710 
f 2085//1710 2089//1710 2175//1710 
f 2175//1710 2169//1710 2098//1710 
f 2170//1710 2099//1710 2092//1710 
f 2097//1710 2094//1710 2170//1710 
f 2090//1710 2087//1710 2175//1710 
f 2098//1710 2100//1710 2175//1710 
f 2095//1710 2099//1710 2170//1710 
f 2100//1710 2091//1710 2175//1710 
f 2086//1710 2096//1710 2170//1710 
f 2156//1710 2101//1710 2102//1710 
f 2156//1710 2103//1710 2104//1710 
f 2102//1710 2105//1710 2156//1710 
f 2104//1710 2106//1710 2156//1710 
f 2163//1710 2107//1710 2103//1710 
f 2156//1710 2108//1710 2101//1710 
f 2156//1710 2109//1710 2110//1710 
f 2103//1710 2156//1710 2163//1710 
f 2163//1710 2111//1710 2112//1710 
f 2110//1710 2108//1710 2156//1710 
f 2112//1710 2107//1710 2163//1710 
f 2106//1710 2109//1710 2156//1710 
f 2163//1710 2113//1710 2114//1710 
f 2114//1710 2111//1710 2163//1710 
f 2163//1710 2093//1710 2115//1710 
f 2115//1710 2113//1710 2163//1710 
f 2146//1710 2156//1710 2116//1710 
f 2116//1710 2117//1710 2146//1710 
f 2117//1710 2118//1710 2146//1710 
f 2135//1710 2119//1710 2120//1710 
f 2135//1710 2121//1710 2119//1710 
f 2134//1710 2122//1710 2123//1710 
f 2120//1710 2134//1710 2135//1710 
f 2135//1710 2146//1710 2124//1710 
f 2120//1710 2122//1710 2134//1710 
f 2124//1710 2125//1710 2135//1710 
f 2134//1710 2126//1710 2063//1710 
f 2125//1710 2121//1710 2135//1710 
f 2123//1710 2126//1710 2134//1710 
f 2187//1710 1709//1710 1708//1710 
f 2187//1710 1712//1710 1711//1710 
f 2187//1710 1714//1710 1713//1710 
f 2187//1710 1710//1710 1709//1710 
f 1713//1710 1712//1710 2187//1710 
f 2160//1710 1715//1710 1714//1710 
f 2187//1710 1707//1710 1706//1710 
f 1711//1710 1710//1710 2187//1710 
f 2160//1710 1716//1710 1715//1710 
f 1708//1710 1707//1710 2187//1710 
f 2160//1710 1717//1710 1716//1710 
f 1714//1710 2187//1710 2160//1710 
f 2166//1710 1739//1710 1738//1710 
f 1738//1710 2162//1710 2166//1710 
f 2160//1710 2159//1710 1679//1710 
f 2159//1710 1689//1710 1688//1710 
f 2159//1710 1680//1710 1679//1710 
f 2159//1710 1690//1710 1689//1710 
f 2159//1710 1629//1710 1628//1710 
f 1679//1710 1705//1710 2160//1710 
f 2159//1710 1684//1710 1683//1710 
f 2159//1710 1686//1710 1685//1710 
f 2159//1710 1691//1710 1690//1710 
f 1628//1710 1692//1710 2159//1710 
f 2159//1710 1681//1710 1680//1710 
f 1683//1710 1682//1710 2159//1710 
f 2159//1710 1687//1710 1686//1710 
f 1692//1710 1691//1710 2159//1710 
f 1682//1710 1681//1710 2159//1710 
f 1688//1710 1687//1710 2159//1710 
f 1685//1710 1684//1710 2159//1710 
f 2136//1710 1323//1710 1322//1710 
f 2137//1710 2136//1710 1325//1710 
f 2158//1710 2137//1710 1327//1710 
f 1324//1710 1326//1710 1327//1710 
f 1327//1710 2137//1710 1324//1710 
f 2165//1710 2158//1710 1329//1710 
f 2165//1710 1328//1710 1310//1710 
f 2172//1710 1309//1710 1308//1710 
f 1310//1710 2172//1710 2165//1710 
f 2172//1710 1307//1710 1306//1710 
f 1310//1710 1309//1710 2172//1710 
f 1308//1710 1307//1710 2172//1710 
f 2188//1710 2172//1710 1305//1710 
f 2184//1710 2188//1710 1304//1710 
f 1303//1710 2001//1710 2060//1710 
f 1303//1710 1297//1710 2005//1710 
f 2060//1710 2184//1710 1303//1710 
f 2005//1710 2004//1710 1303//1710 
f 2184//1710 2058//1710 2057//1710 
f 2060//1710 2059//1710 2184//1710 
f 1303//1710 2003//1710 2002//1710 
f 1297//1710 1296//1710 2005//1710 
f 2059//1710 2058//1710 2184//1710 
f 2004//1710 2003//1710 1303//1710 
f 2002//1710 2001//1710 1303//1710 
f 1280//1710 1279//1710 2029//1710 
f 1279//1710 1278//1710 2030//1710 
f 1282//1710 1281//1710 2027//1710 
f 1281//1710 1280//1710 2028//1710 
f 2030//1710 2029//1710 1279//1710 
f 1278//1710 1269//1710 2031//1710 
f 2028//1710 2027//1710 1281//1710 
f 2031//1710 2030//1710 1278//1710 
f 1285//1710 1284//1710 2024//1710 
f 1284//1710 1283//1710 2025//1710 
f 1283//1710 1282//1710 2026//1710 
f 2029//1710 2028//1710 1280//1710 
f 1295//1710 1294//1710 2014//1710 
f 1288//1710 1287//1710 2021//1710 
f 1287//1710 1286//1710 2022//1710 
f 1286//1710 1285//1710 2023//1710 
f 2025//1710 2024//1710 1284//1710 
f 2027//1710 2026//1710 1282//1710 
f 1269//1710 2033//1710 2032//1710 
f 1268//1710 2035//1710 2034//1710 
f 1268//1710 2037//1710 2036//1710 
f 2185//1710 2054//1710 2053//1710 
f 1296//1710 2007//1710 2006//1710 
f 1296//1710 2010//1710 2009//1710 
f 1296//1710 2012//1710 2011//1710 
f 2013//1710 1296//1710 1295//1710 
f 1294//1710 1293//1710 2015//1710 
f 2022//1710 2021//1710 1287//1710 
f 2024//1710 2023//1710 1285//1710 
f 2032//1710 2031//1710 1269//1710 
f 2034//1710 1269//1710 1268//1710 
f 1268//1710 2038//1710 2037//1710 
f 2053//1710 2052//1710 2185//1710 
f 1296//1710 2008//1710 2007//1710 
f 2011//1710 2010//1710 1296//1710 
f 2015//1710 2014//1710 1294//1710 
f 1293//1710 1292//1710 2016//1710 
f 1292//1710 1291//1710 2017//1710 
f 2023//1710 2022//1710 1286//1710 
f 2034//1710 2033//1710 1269//1710 
f 1268//1710 2039//1710 2038//1710 
f 1268//1710 2041//1710 2040//1710 
f 1268//1710 2185//1710 2044//1710 
f 2185//1710 2046//1710 2045//1710 
f 2185//1710 2050//1710 2049//1710 
f 2052//1710 2051//1710 2185//1710 
f 2185//1710 2056//1710 2055//1710 
f 2009//1710 2008//1710 1296//1710 
f 2014//1710 2013//1710 1295//1710 
f 2017//1710 2016//1710 1292//1710 
f 1291//1710 1290//1710 2018//1710 
f 2026//1710 2025//1710 1283//1710 
f 2040//1710 2039//1710 1268//1710 
f 2044//1710 2043//1710 1268//1710 
f 2185//1710 2047//1710 2046//1710 
f 2051//1710 2050//1710 2185//1710 
f 2185//1710 2057//1710 2056//1710 
f 2013//1710 2012//1710 1296//1710 
f 2018//1710 2017//1710 1291//1710 
f 1290//1710 1289//1710 2019//1710 
f 1289//1710 1288//1710 2020//1710 
f 2036//1710 2035//1710 1268//1710 
f 2043//1710 2042//1710 1268//1710 
f 2185//1710 2048//1710 2047//1710 
f 2055//1710 2054//1710 2185//1710 
f 2016//1710 2015//1710 1293//1710 
f 2020//1710 2019//1710 1289//1710 
f 2042//1710 2041//1710 1268//1710 
f 2049//1710 2048//1710 2185//1710 
f 2019//1710 2018//1710 1290//1710 
f 2045//1710 2044//1710 2185//1710 
f 2021//1710 2020//1710 1288//1710 
f 1244//1710 1083//1710 1084//1710 
f 1201//1710 1077//1710 1078//1710 
f 1244//1710 1085//1710 1086//1710 
f 1244//1710 1082//1710 1083//1710 
f 1241//1710 1078//1710 1079//1710 
f 1078//1710 1241//1710 1201//1710 
f 1084//1710 1085//1710 1244//1710 
f 1243//1710 1080//1710 1081//1710 
f 1242//1710 1079//1710 1080//1710 
f 1201//1710 1200//1710 1077//1710 
f 2181//1710 1107//1710 1108//1710 
f 1086//1710 1266//1710 1244//1710 
f 1081//1710 1244//1710 1243//1710 
f 1079//1710 1242//1710 1241//1710 
f 1108//1710 1109//1710 2181//1710 
f 1081//1710 1082//1710 1244//1710 
f 1200//1710 1076//1710 1077//1710 
f 2181//1710 1110//1710 1053//1710 
f 2181//1710 1106//1710 1107//1710 
f 2181//1710 1102//1710 1103//1710 
f 1266//1710 1087//1710 1088//1710 
f 1080//1710 1243//1710 1242//1710 
f 1109//1710 1110//1710 2181//1710 
f 1103//1710 1104//1710 2181//1710 
f 1088//1710 1089//1710 1266//1710 
f 1200//1710 1075//1710 1076//1710 
f 2181//1710 1105//1710 1106//1710 
f 2181//1710 1101//1710 1102//1710 
f 2181//1710 1098//1710 1099//1710 
f 2181//1710 1095//1710 1097//1710 
f 1266//1710 1092//1710 1093//1710 
f 1266//1710 1090//1710 1091//1710 
f 1086//1710 1087//1710 1266//1710 
f 1200//1710 1073//1710 1074//1710 
f 2179//1710 1055//1710 1056//1710 
f 2179//1710 1052//1710 1054//1710 
f 1104//1710 1105//1710 2181//1710 
f 1099//1710 1100//1710 2181//1710 
f 1097//1710 1096//1710 2181//1710 
f 2181//1710 1266//1710 1094//1710 
f 1091//1710 1092//1710 1266//1710 
f 1074//1710 1075//1710 1200//1710 
f 2179//1710 1066//1710 1067//1710 
f 1054//1710 1055//1710 2179//1710 
f 1100//1710 1101//1710 2181//1710 
f 1094//1710 1095//1710 2181//1710 
f 1089//1710 1090//1710 1266//1710 
f 1200//1710 1071//1710 1072//1710 
f 1200//1710 1068//1710 1069//1710 
f 2179//1710 1065//1710 1066//1710 
f 2179//1710 1059//1710 1060//1710 
f 1056//1710 1057//1710 2179//1710 
f 1096//1710 1098//1710 2181//1710 
f 1072//1710 1073//1710 1200//1710 
f 1069//1710 1070//1710 1200//1710 
f 1067//1710 1200//1710 2179//1710 
f 2179//1710 1063//1710 1064//1710 
f 2179//1710 1061//1710 1062//1710 
f 2179//1710 1058//1710 1059//1710 
f 2179//1710 1053//1710 1052//1710 
f 1093//1710 1094//1710 1266//1710 
f 1067//1710 1068//1710 1200//1710 
f 1062//1710 1063//1710 2179//1710 
f 1057//1710 1058//1710 2179//1710 
f 1070//1710 1071//1710 1200//1710 
f 1060//1710 1061//1710 2179//1710 
f 1064//1710 1065//1710 2179//1710 
f 2179//1710 1200//1710 1192//1710 
f 2178//1710 1192//1710 1191//1710 
f 2174//1710 2177//1710 1193//1710 
f 1760//1710 1194//1710 1195//1710 
f 1195//1710 2187//1710 1760//1710 
f 2174//1710 1751//1710 1750//1710 
f 1760//1710 1759//1710 1194//1710 
f 2166//1710 2174//1710 1743//1710 
f 2174//1710 1746//1710 1745//1710 
f 2174//1710 1748//1710 1747//1710 
f 1750//1710 1749//1710 2174//1710 
f 2174//1710 1753//1710 1752//1710 
f 2174//1710 1755//1710 1754//1710 
f 1194//1710 1756//1710 1755//1710 
f 1759//1710 1758//1710 1194//1710 
f 2174//1710 1744//1710 1743//1710 
f 1747//1710 1746//1710 2174//1710 
f 1752//1710 1751//1710 2174//1710 
f 1755//1710 2174//1710 1194//1710 
f 1758//1710 1757//1710 1194//1710 
f 2166//1710 1741//1710 1740//1710 
f 1743//1710 1742//1710 2166//1710 
f 1749//1710 1748//1710 2174//1710 
f 1757//1710 1756//1710 1194//1710 
f 1742//1710 1741//1710 2166//1710 
f 1754//1710 1753//1710 2174//1710 
f 1745//1710 1744//1710 2174//1710 
f 2160//1710 2187//1710 1196//1710 
f 1196//1710 2161//1710 2160//1710 
f 1197//1710 1871//1710 1872//1710 
f 2151//1710 2161//1710 1872//1710 
f 1872//1710 2161//1710 1197//1710 
f 2150//1710 1870//1710 1871//1710 
f 2150//1710 2151//1710 1869//1710 
f 1197//1710 1199//1710 1871//1710 
f 1869//1710 1870//1710 2150//1710 
f 1871//1710 1199//1710 2150//1710 
f 1168//1710 48//1710 50//1710 
f 2150//1710 86//1710 89//1710 
f 1199//1710 66//1710 68//1710 
f 50//1710 1169//1710 1168//1710 
f 2150//1710 94//1710 96//1710 
f 89//1710 88//1710 2150//1710 
f 1199//1710 64//1710 66//1710 
f 1199//1710 60//1710 62//1710 
f 1199//1710 1169//1710 58//1710 
f 1167//1710 46//1710 48//1710 
f 1167//1710 2148//1710 30//1710 
f 2150//1710 92//1710 94//1710 
f 2150//1710 84//1710 86//1710 
f 1199//1710 82//1710 84//1710 
f 1199//1710 78//1710 80//1710 
f 62//1710 64//1710 1199//1710 
f 1169//1710 56//1710 58//1710 
f 1169//1710 52//1710 54//1710 
f 1168//1710 1167//1710 48//1710 
f 1167//1710 34//1710 36//1710 
f 2148//1710 28//1710 30//1710 
f 88//1710 92//1710 2150//1710 
f 80//1710 82//1710 1199//1710 
f 58//1710 60//1710 1199//1710 
f 50//1710 52//1710 1169//1710 
f 1167//1710 32//1710 34//1710 
f 2148//1710 26//1710 28//1710 
f 2148//1710 20//1710 22//1710 
f 2150//1710 98//1710 100//1710 
f 84//1710 2150//1710 1199//1710 
f 1199//1710 70//1710 72//1710 
f 54//1710 56//1710 1169//1710 
f 30//1710 32//1710 1167//1710 
f 22//1710 24//1710 2148//1710 
f 2148//1710 8//1710 10//1710 
f 2150//1710 114//1710 116//1710 
f 2150//1710 106//1710 108//1710 
f 96//1710 98//1710 2150//1710 
f 1199//1710 74//1710 76//1710 
f 68//1710 70//1710 1199//1710 
f 1167//1710 42//1710 44//1710 
f 1167//1710 38//1710 40//1710 
f 24//1710 26//1710 2148//1710 
f 2148//1710 6//1710 8//1710 
f 2148//1710 1//1710 4//1710 
f 2150//1710 112//1710 114//1710 
f 108//1710 110//1710 2150//1710 
f 76//1710 78//1710 1199//1710 
f 44//1710 46//1710 1167//1710 
f 36//1710 38//1710 1167//1710 
f 2148//1710 16//1710 18//1710 
f 4//1710 6//1710 2148//1710 
f 110//1710 112//1710 2150//1710 
f 72//1710 74//1710 1199//1710 
f 18//1710 20//1710 2148//1710 
f 2148//1710 12//1710 14//1710 
f 2148//1710 2//1710 1//1710 
f 116//1710 2148//1710 2150//1710 
f 2150//1710 102//1710 104//1710 
f 40//1710 42//1710 1167//1710 
f 10//1710 12//1710 2148//1710 
f 104//1710 106//1710 2150//1710 
f 14//1710 16//1710 2148//1710 
f 100//1710 102//1710 2150//1710 
f 1163//1710 1160//1710 1159//1710 
f 1157//1710 1166//1710 1165//1710 
f 1159//1710 1158//1710 1163//1710 
f 1160//1710 1163//1710 1162//1710 
f 1165//1710 1164//1710 1157//1710 
f 1162//1710 1161//1710 1160//1710 
f 1157//1710 1167//1710 1166//1710 
f 2148//1710 1220//1710 1219//1710 
f 2148//1710 1167//1710 1157//1710 
f 1164//1710 1163//1710 1157//1710 
f 2148//1710 1185//1710 1220//1710 
f 1158//1710 1157//1710 1163//1710 
f 1157//1710 1185//1710 2148//1710 
f 2148//1710 1215//1710 1214//1710 
f 2148//1710 1217//1710 1216//1710 
f 1216//1710 1215//1710 2148//1710 
f 2148//1710 1218//1710 1217//1710 
f 2149//1710 1212//1710 1211//1710 
f 1211//1710 1210//1710 2149//1710 
f 1210//1710 1209//1710 2149//1710 
f 2149//1710 1214//1710 1213//1710 
f 1213//1710 1212//1710 2149//1710 
f 2149//1710 1206//1710 1205//1710 
f 2139//1710 2149//1710 1312//1710 
f 2149//1710 1207//1710 1206//1710 
f 2149//1710 1204//1710 1312//1710 
f 2149//1710 1208//1710 1207//1710 
f 1205//1710 1204//1710 2149//1710 
f 2141//1710 2140//1710 1311//1710 
f 2143//1710 2141//1710 1313//1710 
f 2133//1710 2143//1710 1315//1710 
f 2143//1710 1314//1710 1315//1710 
f 2127//1710 1315//1710 1316//1710 
f 1859//1710 1860//1710 2144//1710 
f 2152//1710 2143//1710 1797//1710 
f 2133//1710 1795//1710 1797//1710 
f 1797//1710 2143//1710 2133//1710 
f 2144//1710 1860//1710 1795//1710 
f 1795//1710 2133//1710 2144//1710 
f 2152//1710 1630//1710 1629//1710 
f 2152//1710 1828//1710 1652//1710 
f 1652//1710 1630//1710 2152//1710 
f 1828//1710 1653//1710 1652//1710 
f 1828//1710 1654//1710 1653//1710 
f 1828//1710 1827//1710 1657//1710 
f 1828//1710 1655//1710 1654//1710 
f 1657//1710 1656//1710 1828//1710 
f 1656//1710 1655//1710 1828//1710 
f 2162//1710 1836//1710 1835//1710 
f 2162//1710 1838//1710 1837//1710 
f 2162//1710 1737//1710 1845//1710 
f 1827//1710 1829//1710 1666//1710 
f 1837//1710 1836//1710 2162//1710 
f 1737//1710 1846//1710 1845//1710 
f 1737//1710 1848//1710 1847//1710 
f 1737//1710 1850//1710 1849//1710 
f 1737//1710 1853//1710 1852//1710 
f 1666//1710 1665//1710 1827//1710 
f 2162//1710 1834//1710 1833//1710 
f 2162//1710 1839//1710 1838//1710 
f 2162//1710 1843//1710 1842//1710 
f 1845//1710 1844//1710 2162//1710 
f 1849//1710 1848//1710 1737//1710 
f 1852//1710 1851//1710 1737//1710 
f 1827//1710 1661//1710 1660//1710 
f 1829//1710 1858//1710 1666//1710 
f 2162//1710 1831//1710 1830//1710 
f 1835//1710 1834//1710 2162//1710 
f 2162//1710 1841//1710 1840//1710 
f 1844//1710 1843//1710 2162//1710 
f 1851//1710 1850//1710 1737//1710 
f 1737//1710 1855//1710 1854//1710 
f 1737//1710 1666//1710 1857//1710 
f 1660//1710 1659//1710 1827//1710 
f 1827//1710 1663//1710 1662//1710 
f 1665//1710 1664//1710 1827//1710 
f 1830//1710 2153//1710 2162//1710 
f 1840//1710 1839//1710 2162//1710 
f 1847//1710 1846//1710 1737//1710 
f 1737//1710 1856//1710 1855//1710 
f 1666//1710 1858//1710 1857//1710 
f 1659//1710 1658//1710 1827//1710 
f 1664//1710 1663//1710 1827//1710 
f 2162//1710 1832//1710 1831//1710 
f 1842//1710 1841//1710 2162//1710 
f 1857//1710 1856//1710 1737//1710 
f 1662//1710 1661//1710 1827//1710 
f 1833//1710 1832//1710 2162//1710 
f 1658//1710 1657//1710 1827//1710 
f 1854//1710 1853//1710 1737//1710 
f 2180//1710 816//1710 817//1710 
f 2180//1710 2170//1710 816//1710 
f 2171//1710 814//1710 816//1710 
f 816//1710 2170//1710 2171//1710 
f 2188//1710 858//1710 859//1710 
f 2188//1710 857//1710 858//1710 
f 2188//1710 855//1710 856//1710 
f 2171//1710 865//1710 866//1710 
f 856//1710 857//1710 2188//1710 
f 2182//1710 833//1710 834//1710 
f 2171//1710 864//1710 865//1710 
f 2171//1710 862//1710 863//1710 
f 2171//1710 860//1710 861//1710 
f 859//1710 2171//1710 2188//1710 
f 2184//1710 838//1710 839//1710 
f 2184//1710 836//1710 837//1710 
f 2184//1710 834//1710 835//1710 
f 2182//1710 832//1710 833//1710 
f 863//1710 864//1710 2171//1710 
f 859//1710 860//1710 2171//1710 
f 2184//1710 843//1710 844//1710 
f 837//1710 838//1710 2184//1710 
f 834//1710 2184//1710 2182//1710 
f 2182//1710 830//1710 831//1710 
f 2182//1710 827//1710 828//1710 
f 2171//1710 867//1710 868//1710 
f 861//1710 862//1710 2171//1710 
f 2188//1710 851//1710 852//1710 
f 2188//1710 849//1710 850//1710 
f 2188//1710 846//1710 847//1710 
f 2184//1710 842//1710 843//1710 
f 835//1710 836//1710 2184//1710 
f 2182//1710 829//1710 830//1710 
f 2182//1710 826//1710 827//1710 
f 814//1710 2171//1710 873//1710 
f 2171//1710 869//1710 870//1710 
f 866//1710 867//1710 2171//1710 
f 850//1710 851//1710 2188//1710 
f 847//1710 848//1710 2188//1710 
f 2184//1710 841//1710 842//1710 
f 831//1710 832//1710 2182//1710 
f 2182//1710 825//1710 826//1710 
f 873//1710 874//1710 814//1710 
f 2171//1710 871//1710 872//1710 
f 868//1710 869//1710 2171//1710 
f 2188//1710 853//1710 854//1710 
f 848//1710 849//1710 2188//1710 
f 2188//1710 844//1710 845//1710 
f 2184//1710 840//1710 841//1710 
f 828//1710 829//1710 2182//1710 
f 872//1710 873//1710 2171//1710 
f 854//1710 855//1710 2188//1710 
f 845//1710 846//1710 2188//1710 
f 839//1710 840//1710 2184//1710 
f 870//1710 871//1710 2171//1710 
f 844//1710 2188//1710 2184//1710 
f 2182//1710 822//1710 823//1710 
f 817//1710 818//1710 819//1710 
f 852//1710 853//1710 2188//1710 
f 823//1710 824//1710 2182//1710 
f 2182//1710 820//1710 821//1710 
f 819//1710 2182//1710 817//1710 
f 824//1710 825//1710 2182//1710 
f 819//1710 820//1710 2182//1710 
f 821//1710 822//1710 2182//1710 
f 874//1710 815//1710 814//1710 
f 817//1710 2182//1710 2180//1710 
f 1830//1710 1859//1710 2153//1710 
f 1629//1710 2159//1710 2152//1710 
f 1797//1710 1828//1710 2152//1710 
f 2144//1710 2153//1710 1859//1710 
f 1316//1710 1319//1710 2127//1710 
f 1315//1710 2127//1710 2133//1710 
f 1313//1710 1314//1710 2143//1710 
f 1311//1710 1313//1710 2141//1710 
f 1311//1710 2140//1710 1312//1710 
f 1312//1710 2140//1710 2139//1710 
f 1209//1710 1208//1710 2149//1710 
f 1214//1710 2149//1710 2148//1710 
f 1219//1710 1218//1710 2148//1710 
f 116//1710 2//1710 2148//1710 
f 1872//1710 1869//1710 2151//1710 
f 1197//1710 2161//1710 1198//1710 
f 1196//1710 1198//1710 2161//1710 
f 1196//1710 2187//1710 1195//1710 
f 1740//1710 1739//1710 2166//1710 
f 1193//1710 1194//1710 2174//1710 
f 1193//1710 2177//1710 1191//1710 
f 1191//1710 2177//1710 2178//1710 
f 1192//1710 2178//1710 2179//1710 
f 1053//1710 2179//1710 2181//1710 
f 2006//1710 2005//1710 1296//1710 
f 2057//1710 2185//1710 2184//1710 
f 1304//1710 1303//1710 2184//1710 
f 1305//1710 1304//1710 2188//1710 
f 1306//1710 1305//1710 2172//1710 
f 1329//1710 1328//1710 2165//1710 
f 1327//1710 1329//1710 2158//1710 
f 1325//1710 1324//1710 2137//1710 
f 1322//1710 1325//1710 2136//1710 
f 1705//1710 1717//1710 2160//1710 
f 1738//1710 1737//1710 2162//1710 
f 1706//1710 1760//1710 2187//1710 
f 2063//1710 2155//1710 2134//1710 
f 2118//1710 2124//1710 2146//1710 
f 2105//1710 2116//1710 2156//1710 
f 2093//1710 2163//1710 2170//1710 
f 2081//1710 2098//1710 2169//1710 
f 2072//1710 2169//1710 2167//1710 
f 2070//1710 2077//1710 2186//1710 
f 2062//1710 2186//1710 2155//1710 
f 2185//1710 1268//1710 1267//1710 
f 2183//1710 1267//1710 1266//1710 
f 2184//1710 2185//1710 2183//1710 
f 2182//1710 2183//1710 2181//1710 
f 2180//1710 2181//1710 2179//1710 
f 2176//1710 2179//1710 2178//1710 
f 2173//1710 2178//1710 2177//1710 
f 2170//1710 2180//1710 2176//1710 
f 2175//1710 2176//1710 2173//1710 
f 1051//1710 994//1710 2168//1710 
f 2172//1710 2188//1710 2171//1710 
f 2164//1710 2171//1710 2170//1710 
f 2169//1710 2175//1710 2168//1710 
f 2167//1710 2168//1710 2166//1710 
f 2165//1710 2172//1710 2164//1710 
f 2157//1710 2164//1710 2163//1710 
f 2154//1710 2167//1710 2162//1710 
f 1881//1710 1884//1710 2159//1710 
f 2158//1710 2165//1710 2157//1710 
f 2147//1710 2157//1710 2156//1710 
f 2155//1710 2186//1710 2154//1710 
f 2145//1710 2154//1710 2153//1710 
f 2152//1710 2159//1710 2151//1710 
f 2142//1710 2151//1710 2150//1710 
f 2139//1710 2150//1710 2148//1710 
f 2137//1710 2158//1710 2147//1710 
f 2138//1710 2147//1710 2146//1710 
f 2134//1710 2155//1710 2145//1710 
f 2132//1710 2145//1710 2144//1710 
f 2143//1710 2152//1710 2142//1710 
f 2141//1710 2142//1710 2139//1710 
f 933//1710 876//1710 2131//1710 
f 2131//1710 2138//1710 2135//1710 
f 2130//1710 2135//1710 2134//1710 
f 2129//1710 2134//1710 2132//1710 
f 992//1710 935//1710 2128//1710 
f 1323//1710 2136//1710 2131//1710 
f 1321//1710 2131//1710 2130//1710 
f 1320//1710 2130//1710 2129//1710 
f 1317//1710 2129//1710 2128//1710 
f 1318//1710 2128//1710 2127//1710 
o mesh115
f 366//1711 365//1712 2189//1712 
f 365//1712 369//1713 2190//1713 
f 369//1713 371//1714 2191//1714 
f 371//1714 370//1715 2192//1715 
f 370//1715 373//1716 2193//1716 
f 373//1716 372//1717 2194//1717 
f 372//1717 375//1718 2195//1718 
f 375//1718 374//1719 2196//1719 
f 2196//1719 374//1719 376//1720 
f 376//1720 2197//1721 2196//1719 
f 350//1721 349//1722 2198//1722 
f 349//1722 355//1723 2199//1723 
f 355//1723 357//1724 2200//1724 
f 357//1724 356//1725 2201//1725 
f 356//1725 351//1726 2202//1726 
f 351//1726 343//1727 2203//1727 
f 343//1727 353//1728 2204//1728 
f 353//1728 352//1729 2205//1729 
f 352//1729 345//1730 2206//1730 
f 345//1730 344//1731 2207//1731 
f 344//1731 354//1732 2208//1732 
f 354//1732 347//1733 2209//1733 
f 347//1733 346//1734 2210//1734 
f 346//1734 348//1735 2211//1735 
f 2211//1735 348//1735 340//1736 
f 340//1736 2212//1737 2211//1735 
f 339//1737 342//1738 2213//1738 
f 341//1739 2214//1740 2213//1738 
f 2213//1738 342//1738 341//1739 
f 404//1740 399//1741 2215//1741 
f 399//1741 398//1742 2216//1742 
f 398//1742 397//1743 2217//1743 
f 397//1743 401//1744 2218//1744 
f 401//1744 400//1745 2219//1745 
f 400//1745 403//1746 2220//1746 
f 402//1747 395//1748 2221//1748 
f 2220//1746 403//1746 402//1747 
f 395//1748 394//1749 2222//1749 
f 2223//1750 2222//1749 396//1751 
f 2222//1749 394//1749 396//1751 
f 393//1750 390//1752 2224//1752 
f 390//1752 389//1753 2225//1753 
f 389//1753 388//1754 2226//1754 
f 388//1754 392//1755 2227//1755 
f 392//1755 391//1756 2228//1756 
f 2228//1756 391//1756 385//1757 
f 385//1757 2229//1758 2228//1756 
f 384//1758 387//1759 2230//1759 
f 387//1759 382//1760 2231//1760 
f 382//1760 381//1761 2232//1761 
f 381//1761 386//1762 2233//1762 
f 386//1762 383//1763 2234//1763 
f 2235//1764 2234//1763 380//1765 
f 2234//1763 383//1763 380//1765 
f 378//1764 377//1766 2236//1766 
f 377//1766 379//1767 2237//1767 
f 2238//1768 2237//1767 368//1769 
f 2237//1767 379//1767 368//1769 
f 367//1768 359//1770 2239//1770 
f 359//1770 358//1771 2240//1771 
f 358//1771 360//1772 2241//1772 
f 360//1772 363//1773 2242//1773 
f 363//1773 362//1774 2243//1774 
f 362//1774 361//1775 2244//1775 
f 361//1775 364//1776 2245//1776 
f 364//1776 366//1711 2246//1777 
f 2246//1777 2245//1776 364//1776 
f 2245//1776 2244//1775 361//1775 
f 2244//1775 2243//1774 362//1774 
f 2243//1774 2242//1773 363//1773 
f 2242//1773 2241//1772 360//1772 
f 2241//1772 2240//1771 358//1771 
f 2240//1771 2239//1770 359//1770 
f 2239//1770 2238//1768 367//1768 
f 368//1769 367//1768 2238//1768 
f 2237//1767 2236//1766 377//1766 
f 2236//1766 2235//1764 378//1764 
f 380//1765 378//1764 2235//1764 
f 2234//1763 2233//1762 386//1762 
f 2233//1762 2232//1761 381//1761 
f 2232//1761 2231//1760 382//1760 
f 2231//1760 2230//1759 387//1759 
f 2230//1759 2229//1758 384//1758 
f 385//1757 384//1758 2229//1758 
f 2228//1756 2227//1755 392//1755 
f 2227//1755 2226//1754 388//1754 
f 2226//1754 2225//1753 389//1753 
f 2225//1753 2224//1752 390//1752 
f 2224//1752 2223//1750 393//1750 
f 396//1751 393//1750 2223//1750 
f 2222//1749 2221//1748 395//1748 
f 2221//1748 2220//1746 402//1747 
f 2220//1746 2219//1745 400//1745 
f 2219//1745 2218//1744 401//1744 
f 2218//1744 2217//1743 397//1743 
f 2217//1743 2216//1742 398//1742 
f 2216//1742 2215//1741 399//1741 
f 2215//1741 2214//1740 404//1740 
f 341//1739 404//1740 2214//1740 
f 2213//1738 2212//1737 339//1737 
f 340//1736 339//1737 2212//1737 
f 2211//1735 2210//1734 346//1734 
f 2210//1734 2209//1733 347//1733 
f 2209//1733 2208//1732 354//1732 
f 2208//1732 2207//1731 344//1731 
f 2207//1731 2206//1730 345//1730 
f 2206//1730 2205//1729 352//1729 
f 2205//1729 2204//1728 353//1728 
f 2204//1728 2203//1727 343//1727 
f 2203//1727 2202//1726 351//1726 
f 2202//1726 2201//1725 356//1725 
f 2201//1725 2200//1724 357//1724 
f 2200//1724 2199//1723 355//1723 
f 2199//1723 2198//1722 349//1722 
f 2198//1722 2197//1721 350//1721 
f 376//1720 350//1721 2197//1721 
f 2196//1719 2195//1718 375//1718 
f 2195//1718 2194//1717 372//1717 
f 2194//1717 2193//1716 373//1716 
f 2193//1716 2192//1715 370//1715 
f 2192//1715 2191//1714 371//1714 
f 2191//1714 2190//1713 369//1713 
f 2190//1713 2189//1712 365//1712 
f 2189//1712 2246//1777 366//1711 
o mesh116
f 2247//1778 2248//1779 2217//1779 
f 2249//1780 2247//1778 2218//1781 
f 2250//1782 2249//1780 2219//1783 
f 2251//1784 2250//1782 2220//1785 
f 2252//1786 2251//1784 2221//1787 
f 2253//1788 2252//1786 2222//1789 
f 2254//1790 2253//1788 2223//1791 
f 2255//1792 2254//1790 2224//1793 
f 2256//1794 2255//1792 2225//1795 
f 2257//1796 2256//1794 2226//1797 
f 2258//1798 2257//1796 2227//1799 
f 2259//1800 2258//1798 2228//1801 
f 2260//1802 2259//1800 2229//1803 
f 2261//1804 2260//1802 2230//1805 
f 2262//1806 2261//1804 2231//1807 
f 2263//1808 2262//1806 2232//1809 
f 2264//1810 2263//1808 2233//1811 
f 2265//1812 2264//1810 2234//1813 
f 2266//1814 2265//1812 2235//1815 
f 2267//1816 2266//1814 2236//1817 
f 2268//1818 2267//1816 2237//1819 
f 2269//1820 2268//1818 2238//1821 
f 2270//1822 2269//1820 2239//1823 
f 2271//1824 2270//1822 2240//1825 
f 2272//1826 2271//1824 2241//1827 
f 2273//1828 2272//1826 2242//1829 
f 2274//1830 2273//1828 2243//1831 
f 2275//1832 2274//1830 2244//1833 
f 2276//1834 2275//1832 2245//1835 
f 2277//1836 2276//1834 2246//1837 
f 2278//1838 2277//1836 2189//1839 
f 2279//1840 2278//1838 2190//1841 
f 2280//1842 2279//1840 2191//1843 
f 2281//1844 2280//1842 2192//1845 
f 2282//1846 2281//1844 2193//1847 
f 2283//1848 2282//1846 2194//1849 
f 2284//1850 2283//1848 2195//1851 
f 2285//1852 2284//1850 2196//1853 
f 2286//1854 2285//1852 2197//1855 
f 2287//1856 2286//1854 2198//1857 
f 2288//1858 2287//1856 2199//1859 
f 2289//1860 2288//1858 2200//1861 
f 2290//1862 2289//1860 2201//1863 
f 2291//1864 2290//1862 2202//1865 
f 2292//1866 2291//1864 2203//1867 
f 2293//1868 2292//1866 2204//1869 
f 2294//1870 2293//1868 2205//1871 
f 2295//1872 2294//1870 2206//1873 
f 2296//1874 2295//1872 2207//1875 
f 2297//1876 2296//1874 2208//1877 
f 2298//1878 2297//1876 2209//1879 
f 2299//1880 2298//1878 2210//1881 
f 2300//1882 2299//1880 2211//1883 
f 2301//1884 2300//1882 2212//1885 
f 2302//1886 2301//1884 2213//1887 
f 2303//1888 2302//1886 2214//1889 
f 2304//1890 2303//1888 2215//1891 
f 2248//1779 2304//1890 2216//1890 
f 2216//1890 2217//1779 2248//1779 
f 2215//1891 2216//1890 2304//1890 
f 2214//1889 2215//1891 2303//1888 
f 2213//1887 2214//1889 2302//1886 
f 2212//1885 2213//1887 2301//1884 
f 2211//1883 2212//1885 2300//1882 
f 2210//1881 2211//1883 2299//1880 
f 2209//1879 2210//1881 2298//1878 
f 2208//1877 2209//1879 2297//1876 
f 2207//1875 2208//1877 2296//1874 
f 2206//1873 2207//1875 2295//1872 
f 2205//1871 2206//1873 2294//1870 
f 2204//1869 2205//1871 2293//1868 
f 2203//1867 2204//1869 2292//1866 
f 2202//1865 2203//1867 2291//1864 
f 2201//1863 2202//1865 2290//1862 
f 2200//1861 2201//1863 2289//1860 
f 2199//1859 2200//1861 2288//1858 
f 2198//1857 2199//1859 2287//1856 
f 2197//1855 2198//1857 2286//1854 
f 2196//1853 2197//1855 2285//1852 
f 2195//1851 2196//1853 2284//1850 
f 2194//1849 2195//1851 2283//1848 
f 2193//1847 2194//1849 2282//1846 
f 2192//1845 2193//1847 2281//1844 
f 2191//1843 2192//1845 2280//1842 
f 2190//1841 2191//1843 2279//1840 
f 2189//1839 2190//1841 2278//1838 
f 2246//1837 2189//1839 2277//1836 
f 2245//1835 2246//1837 2276//1834 
f 2244//1833 2245//1835 2275//1832 
f 2243//1831 2244//1833 2274//1830 
f 2242//1829 2243//1831 2273//1828 
f 2241//1827 2242//1829 2272//1826 
f 2240//1825 2241//1827 2271//1824 
f 2239//1823 2240//1825 2270//1822 
f 2238//1821 2239//1823 2269//1820 
f 2237//1819 2238//1821 2268//1818 
f 2236//1817 2237//1819 2267//1816 
f 2235//1815 2236//1817 2266//1814 
f 2234//1813 2235//1815 2265//1812 
f 2233//1811 2234//1813 2264//1810 
f 2232//1809 2233//1811 2263//1808 
f 2231//1807 2232//1809 2262//1806 
f 2230//1805 2231//1807 2261//1804 
f 2229//1803 2230//1805 2260//1802 
f 2228//1801 2229//1803 2259//1800 
f 2227//1799 2228//1801 2258//1798 
f 2226//1797 2227//1799 2257//1796 
f 2225//1795 2226//1797 2256//1794 
f 2224//1793 2225//1795 2255//1792 
f 2223//1791 2224//1793 2254//1790 
f 2222//1789 2223//1791 2253//1788 
f 2221//1787 2222//1789 2252//1786 
f 2220//1785 2221//1787 2251//1784 
f 2219//1783 2220//1785 2250//1782 
f 2218//1781 2219//1783 2249//1780 
f 2217//1779 2218//1781 2247//1778 
o mesh117
f 2120//1892 2119//1893 2304//1893 
f 2119//1893 2121//1894 2303//1894 
f 2121//1894 2125//1895 2302//1895 
f 2124//1896 2118//1897 2301//1897 
f 2302//1895 2125//1895 2124//1896 
f 2118//1897 2117//1898 2300//1898 
f 2299//1899 2300//1898 2116//1900 
f 2300//1898 2117//1898 2116//1900 
f 2105//1899 2102//1901 2298//1901 
f 2102//1901 2101//1902 2297//1902 
f 2101//1902 2108//1903 2296//1903 
f 2108//1903 2110//1904 2295//1904 
f 2110//1904 2109//1905 2294//1905 
f 2109//1905 2106//1906 2293//1906 
f 2106//1906 2104//1907 2292//1907 
f 2104//1907 2103//1908 2291//1908 
f 2103//1908 2107//1909 2290//1909 
f 2107//1909 2112//1910 2289//1910 
f 2112//1910 2111//1911 2288//1911 
f 2111//1911 2114//1912 2287//1912 
f 2114//1912 2113//1913 2286//1913 
f 2113//1913 2115//1914 2285//1914 
f 2284//1915 2285//1914 2093//1916 
f 2285//1914 2115//1914 2093//1916 
f 2092//1915 2099//1917 2283//1917 
f 2099//1917 2095//1918 2282//1918 
f 2095//1918 2094//1919 2281//1919 
f 2094//1919 2097//1920 2280//1920 
f 2097//1920 2096//1921 2279//1921 
f 2096//1921 2086//1922 2278//1922 
f 2086//1922 2083//1923 2277//1923 
f 2083//1923 2082//1924 2276//1924 
f 2082//1924 2088//1925 2275//1925 
f 2088//1925 2087//1926 2274//1926 
f 2087//1926 2090//1927 2273//1927 
f 2090//1927 2089//1928 2272//1928 
f 2089//1928 2085//1929 2271//1929 
f 2085//1929 2084//1930 2270//1930 
f 2084//1930 2091//1931 2269//1931 
f 2091//1931 2100//1932 2268//1932 
f 2268//1932 2100//1932 2098//1933 
f 2098//1933 2267//1934 2268//1932 
f 2081//1934 2080//1935 2266//1935 
f 2080//1935 2079//1936 2265//1936 
f 2265//1936 2079//1936 2072//1937 
f 2072//1937 2264//1938 2265//1936 
f 2071//1938 2074//1939 2263//1939 
f 2074//1939 2073//1940 2262//1940 
f 2073//1940 2075//1941 2261//1941 
f 2075//1941 2076//1942 2260//1942 
f 2076//1942 2078//1943 2259//1943 
f 2258//1944 2259//1943 2077//1945 
f 2259//1943 2078//1943 2077//1945 
f 2070//1944 2069//1946 2257//1946 
f 2069//1946 2066//1947 2256//1947 
f 2066//1947 2065//1948 2255//1948 
f 2065//1948 2067//1949 2254//1949 
f 2067//1949 2068//1950 2253//1950 
f 2253//1950 2068//1950 2062//1951 
f 2062//1951 2252//1952 2253//1950 
f 2061//1952 2064//1953 2251//1953 
f 2063//1954 2250//1955 2251//1953 
f 2251//1953 2064//1953 2063//1954 
f 2126//1955 2123//1956 2249//1956 
f 2123//1956 2122//1957 2247//1957 
f 2122//1957 2120//1892 2248//1958 
f 2248//1958 2247//1957 2122//1957 
f 2247//1957 2249//1956 2123//1956 
f 2249//1956 2250//1955 2126//1955 
f 2063//1954 2126//1955 2250//1955 
f 2251//1953 2252//1952 2061//1952 
f 2062//1951 2061//1952 2252//1952 
f 2253//1950 2254//1949 2067//1949 
f 2254//1949 2255//1948 2065//1948 
f 2255//1948 2256//1947 2066//1947 
f 2256//1947 2257//1946 2069//1946 
f 2257//1946 2258//1944 2070//1944 
f 2077//1945 2070//1944 2258//1944 
f 2259//1943 2260//1942 2076//1942 
f 2260//1942 2261//1941 2075//1941 
f 2261//1941 2262//1940 2073//1940 
f 2262//1940 2263//1939 2074//1939 
f 2263//1939 2264//1938 2071//1938 
f 2072//1937 2071//1938 2264//1938 
f 2265//1936 2266//1935 2080//1935 
f 2266//1935 2267//1934 2081//1934 
f 2098//1933 2081//1934 2267//1934 
f 2268//1932 2269//1931 2091//1931 
f 2269//1931 2270//1930 2084//1930 
f 2270//1930 2271//1929 2085//1929 
f 2271//1929 2272//1928 2089//1928 
f 2272//1928 2273//1927 2090//1927 
f 2273//1927 2274//1926 2087//1926 
f 2274//1926 2275//1925 2088//1925 
f 2275//1925 2276//1924 2082//1924 
f 2276//1924 2277//1923 2083//1923 
f 2277//1923 2278//1922 2086//1922 
f 2278//1922 2279//1921 2096//1921 
f 2279//1921 2280//1920 2097//1920 
f 2280//1920 2281//1919 2094//1919 
f 2281//1919 2282//1918 2095//1918 
f 2282//1918 2283//1917 2099//1917 
f 2283//1917 2284//1915 2092//1915 
f 2093//1916 2092//1915 2284//1915 
f 2285//1914 2286//1913 2113//1913 
f 2286//1913 2287//1912 2114//1912 
f 2287//1912 2288//1911 2111//1911 
f 2288//1911 2289//1910 2112//1910 
f 2289//1910 2290//1909 2107//1909 
f 2290//1909 2291//1908 2103//1908 
f 2291//1908 2292//1907 2104//1907 
f 2292//1907 2293//1906 2106//1906 
f 2293//1906 2294//1905 2109//1905 
f 2294//1905 2295//1904 2110//1904 
f 2295//1904 2296//1903 2108//1903 
f 2296//1903 2297//1902 2101//1902 
f 2297//1902 2298//1901 2102//1901 
f 2298//1901 2299//1899 2105//1899 
f 2116//1900 2105//1899 2299//1899 
f 2300//1898 2301//1897 2118//1897 
f 2301//1897 2302//1895 2124//1896 
f 2302//1895 2303//1894 2121//1894 
f 2303//1894 2304//1893 2119//1893 
f 2304//1893 2248//1958 2120//1892 
