# OBJ generated by ONSHAPE BY PTC INC, 1.207 Units = meters
mtllib base_plate - Part 1.mtl
g Part 1
v -0.0345321 0.0322923 0 
v -0.034544 0.032512 0 
v -0.034544 0.032512 0.003175 
v -0.0344965 0.0320752 0 
v -0.0345321 0.0322923 0.003175 
v -0.0344376 0.0318632 0 
v -0.0344965 0.0320752 0.003175 
v -0.0343562 0.0316588 0 
v -0.0344376 0.0318632 0.003175 
v -0.0342531 0.0314644 0 
v -0.0343562 0.0316588 0.003175 
v -0.0341297 0.0312823 0 
v -0.0342531 0.0314644 0.003175 
v -0.0339872 0.0311146 0 
v -0.0341297 0.0312823 0.003175 
v -0.0338275 0.0309633 0 
v -0.0339872 0.0311146 0.003175 
v -0.0336523 0.0308301 0 
v -0.0338275 0.0309633 0.003175 
v -0.0334638 0.0307167 0 
v -0.0336523 0.0308301 0.003175 
v -0.0332641 0.0306243 0 
v -0.0334638 0.0307167 0.003175 
v -0.0330556 0.0305541 0 
v -0.0332641 0.0306243 0.003175 
v -0.0328407 0.0305068 0 
v -0.0330556 0.0305541 0.003175 
v -0.032622 0.030483 0 
v -0.0328407 0.0305068 0.003175 
v -0.032402 0.030483 0 
v -0.032622 0.030483 0.003175 
v -0.0321833 0.0305068 0 
v -0.032402 0.030483 0.003175 
v -0.0319684 0.0305541 0 
v -0.0321833 0.0305068 0.003175 
v -0.0317599 0.0306243 0 
v -0.0319684 0.0305541 0.003175 
v -0.0315602 0.0307167 0 
v -0.0317599 0.0306243 0.003175 
v -0.0313717 0.0308301 0 
v -0.0315602 0.0307167 0.003175 
v -0.0311965 0.0309633 0 
v -0.0313717 0.0308301 0.003175 
v -0.0310368 0.0311146 0 
v -0.0311965 0.0309633 0.003175 
v -0.0308943 0.0312823 0 
v -0.0310368 0.0311146 0.003175 
v -0.0307709 0.0314644 0 
v -0.0308943 0.0312823 0.003175 
v -0.0306678 0.0316588 0 
v -0.0307709 0.0314644 0.003175 
v -0.0305864 0.0318632 0 
v -0.0306678 0.0316588 0.003175 
v -0.0305275 0.0320752 0 
v -0.0305864 0.0318632 0.003175 
v -0.0304919 0.0322923 0 
v -0.0305275 0.0320752 0.003175 
v -0.03048 0.032512 0 
v -0.0304919 0.0322923 0.003175 
v -0.0304919 0.0327317 0 
v -0.03048 0.032512 0.003175 
v -0.0305275 0.0329488 0 
v -0.0304919 0.0327317 0.003175 
v -0.0305864 0.0331608 0 
v -0.0305275 0.0329488 0.003175 
v -0.0306678 0.0333652 0 
v -0.0305864 0.0331608 0.003175 
v -0.0307709 0.0335596 0 
v -0.0306678 0.0333652 0.003175 
v -0.0308943 0.0337417 0 
v -0.0307709 0.0335596 0.003175 
v -0.0310368 0.0339094 0 
v -0.0308943 0.0337417 0.003175 
v -0.0311965 0.0340607 0 
v -0.0310368 0.0339094 0.003175 
v -0.0313717 0.0341939 0 
v -0.0311965 0.0340607 0.003175 
v -0.0315602 0.0343073 0 
v -0.0313717 0.0341939 0.003175 
v -0.0317599 0.0343997 0 
v -0.0315602 0.0343073 0.003175 
v -0.0319684 0.0344699 0 
v -0.0317599 0.0343997 0.003175 
v -0.0321833 0.0345172 0 
v -0.0319684 0.0344699 0.003175 
v -0.032402 0.034541 0 
v -0.0321833 0.0345172 0.003175 
v -0.032622 0.034541 0 
v -0.032402 0.034541 0.003175 
v -0.0328407 0.0345172 0 
v -0.032622 0.034541 0.003175 
v -0.0330556 0.0344699 0 
v -0.0328407 0.0345172 0.003175 
v -0.0332641 0.0343997 0 
v -0.0330556 0.0344699 0.003175 
v -0.0334638 0.0343073 0 
v -0.0332641 0.0343997 0.003175 
v -0.0336523 0.0341939 0 
v -0.0334638 0.0343073 0.003175 
v -0.0338275 0.0340607 0 
v -0.0336523 0.0341939 0.003175 
v -0.0339872 0.0339094 0 
v -0.0338275 0.0340607 0.003175 
v -0.0341297 0.0337417 0 
v -0.0339872 0.0339094 0.003175 
v -0.0342531 0.0335596 0 
v -0.0341297 0.0337417 0.003175 
v -0.0343562 0.0333652 0 
v -0.0342531 0.0335596 0.003175 
v -0.0344376 0.0331608 0 
v -0.0343562 0.0333652 0.003175 
v -0.0344965 0.0329488 0 
v -0.0344376 0.0331608 0.003175 
v -0.0345321 0.0327317 0 
v -0.0344965 0.0329488 0.003175 
v -0.0345321 0.0327317 0.003175 
v -0.028441 0.0369628 0.003175 
v -0.0284202 0.037094 0.003175 
v -0.0283858 0.0372225 0.003175 
v -0.0283382 0.0373466 0.003175 
v -0.028448 0.03683 0.003175 
v -0.0372225 0.0283858 0.003175 
v -0.037094 0.0284202 0.003175 
v -0.0282779 0.037465 0.003175 
v -0.0282055 0.0375765 0.003175 
v -0.0373466 0.0283382 0.003175 
v -0.028194 0.037592 0.003175 
v -0.03175 0.037592 0.003175 
v -0.037465 0.0282779 0.003175 
v -0.037592 0.028194 0.003175 
v -0.0375765 0.0282055 0.003175 
v -0.0369628 0.028441 0.003175 
v -0.028448 0.032512 0.003175 
v -0.03683 0.028448 0.003175 
v -0.0323607 0.03756 0.003175 
v -0.0329646 0.0374643 0.003175 
v -0.0370869 0.0341262 0.003175 
v -0.0373061 0.0335553 0.003175 
v -0.0374643 0.0329646 0.003175 
v -0.03756 0.0323607 0.003175 
v -0.037592 0.03175 0.003175 
v -0.032512 0.028448 0.003175 
v -0.0320872 0.0284703 0.003175 
v -0.0335553 0.0373061 0.003175 
v -0.0351838 0.0364763 0.003175 
v -0.0356591 0.0360915 0.003175 
v -0.0360915 0.0356591 0.003175 
v -0.031667 0.0285368 0.003175 
v -0.0297927 0.0294919 0.003175 
v -0.0294919 0.0297927 0.003175 
v -0.0292242 0.0301232 0.003175 
v -0.0289925 0.03048 0.003175 
v -0.0287994 0.030859 0.003175 
v -0.0341262 0.0370869 0.003175 
v -0.034671 0.0368093 0.003175 
v -0.0364763 0.0351838 0.003175 
v -0.0312562 0.0286469 0.003175 
v -0.030859 0.0287994 0.003175 
v -0.03048 0.0289925 0.003175 
v -0.0301232 0.0292242 0.003175 
v -0.0285368 0.031667 0.003175 
v -0.0284703 0.0320872 0.003175 
v -0.0368093 0.034671 0.003175 
v -0.0286469 0.0312562 0.003175 
v -0.0284703 0.0320872 0.005842 
v -0.028448 0.032512 0.005842 
v -0.0285368 0.031667 0.005842 
v -0.0286469 0.0312562 0.005842 
v -0.0287994 0.030859 0.005842 
v -0.0289925 0.03048 0.005842 
v -0.0292242 0.0301232 0.005842 
v -0.0294919 0.0297927 0.005842 
v -0.0297927 0.0294919 0.005842 
v -0.0301232 0.0292242 0.005842 
v -0.03048 0.0289925 0.005842 
v -0.030859 0.0287994 0.005842 
v -0.0312562 0.0286469 0.005842 
v -0.031667 0.0285368 0.005842 
v -0.0320872 0.0284703 0.005842 
v -0.032512 0.028448 0.005842 
v -0.028448 0.03683 0.005842 
v -0.03683 0.028448 0.005842 
v -0.032512 0.02794 0.00635 
v -0.0320341 0.027965 0.00635 
v -0.0315614 0.0280399 0.00635 
v -0.0310992 0.0281638 0.00635 
v -0.0306524 0.0283353 0.00635 
v -0.030226 0.0285525 0.00635 
v -0.0298246 0.0288132 0.00635 
v -0.0294527 0.0291143 0.00635 
v -0.0291143 0.0294527 0.00635 
v -0.0288132 0.0298246 0.00635 
v -0.0285525 0.030226 0.00635 
v -0.0283353 0.0306524 0.00635 
v -0.0281638 0.0310992 0.00635 
v -0.0280399 0.0315614 0.00635 
v -0.027965 0.0320341 0.00635 
v -0.02794 0.032512 0.00635 
v -0.036322 0.02794 0.00635 
v -0.03683 0.02794 0.00635 
v -0.0369628 0.028441 0.005842 
v -0.037094 0.0284202 0.005842 
v -0.0372225 0.0283858 0.005842 
v -0.0373466 0.0283382 0.005842 
v -0.037465 0.0282779 0.005842 
v -0.0375765 0.0282055 0.005842 
v -0.0376798 0.0281218 0.005842 
v -0.0377738 0.0280278 0.005842 
v -0.0376798 0.0281218 0.0030872 
v -0.0378575 0.0279245 0.005842 
v -0.0377738 0.0280278 0.00299321 
v -0.0379299 0.027813 0.005842 
v -0.0378575 0.0279245 0.00290955 
v -0.0378951 0.0278697 0.00287189 
v -0.0379902 0.0276946 0.005842 
v -0.0379299 0.027813 0.00283715 
v -0.0379616 0.0277546 0.00280542 
v -0.0380378 0.0275705 0.005842 
v -0.0379902 0.0276946 0.0027768 
v -0.0380156 0.0276331 0.00275135 
v -0.0380722 0.027442 0.005842 
v -0.0380378 0.0275705 0.00272916 
v -0.0380567 0.0275067 0.00271027 
v -0.038093 0.0273108 0.005842 
v -0.0380722 0.027442 0.00269475 
v -0.0380844 0.0273767 0.00268264 
v -0.0381 0.027178 0.005842 
v -0.038093 0.0273108 0.00267396 
v -0.0380983 0.0272445 0.00266874 
v -0.0381 0.027178 0.002667 
v -0.0381 0.03175 0.002667 
v -0.037592 0.027178 0.00635 
v -0.0375878 0.0272577 0.00635 
v -0.0375753 0.0273364 0.00635 
v -0.0375547 0.0274135 0.00635 
v -0.0375261 0.0274879 0.00635 
v -0.0374899 0.027559 0.00635 
v -0.0374465 0.0276259 0.00635 
v -0.0373963 0.0276879 0.00635 
v -0.0373399 0.0277443 0.00635 
v -0.0372779 0.0277945 0.00635 
v -0.037211 0.0278379 0.00635 
v -0.0371684 0.0278596 0.00635 
v -0.0371399 0.0278741 0.00635 
v -0.0370655 0.0279027 0.00635 
v -0.0369884 0.0279233 0.00635 
v -0.0369097 0.0279358 0.00635 
v -0.037592 0.00913538 0.00635 
v -0.037592 0.0251206 0.00635 
v -0.0381 -0.027178 0.005842 
v -0.037592 -0.00913538 0.00635 
v -0.037592 -0.0251206 0.00635 
v -0.037592 -0.027178 0.00635 
v -0.02794 0.03683 0.00635 
v -0.027178 0.0381 0.005842 
v -0.0272445 0.0380983 0.00266874 
v -0.0273108 0.038093 0.00267396 
v -0.027178 0.0381 0.002667 
v -0.0273108 0.038093 0.005842 
v -0.0273767 0.0380844 0.00268264 
v -0.027442 0.0380722 0.00269475 
v -0.027442 0.0380722 0.005842 
v -0.0275067 0.0380567 0.00271027 
v -0.0275705 0.0380378 0.00272916 
v -0.0275705 0.0380378 0.005842 
v -0.0276331 0.0380156 0.00275135 
v -0.0276946 0.0379902 0.0027768 
v -0.0276946 0.0379902 0.005842 
v -0.0277546 0.0379616 0.00280542 
v -0.027813 0.0379299 0.00283715 
v -0.027813 0.0379299 0.005842 
v -0.0278697 0.0378951 0.00287189 
v -0.0279245 0.0378575 0.00290955 
v -0.0279245 0.0378575 0.005842 
v -0.0280278 0.0377738 0.00299321 
v -0.0280278 0.0377738 0.005842 
v -0.0281218 0.0376798 0.0030872 
v -0.0282055 0.0375765 0.005842 
v -0.0281218 0.0376798 0.005842 
v -0.0282779 0.037465 0.005842 
v -0.0283382 0.0373466 0.005842 
v -0.0283858 0.0372225 0.005842 
v -0.0284202 0.037094 0.005842 
v -0.028441 0.0369628 0.005842 
v -0.03175 0.0381 0.002667 
v -0.0279358 0.0369097 0.00635 
v -0.0279233 0.0369884 0.00635 
v -0.0279027 0.0370655 0.00635 
v -0.0278741 0.0371399 0.00635 
v -0.0278596 0.0371684 0.00635 
v -0.0278379 0.037211 0.00635 
v -0.0277945 0.0372779 0.00635 
v -0.0277443 0.0373399 0.00635 
v -0.0276879 0.0373963 0.00635 
v -0.0276259 0.0374465 0.00635 
v -0.027559 0.0374899 0.00635 
v -0.0274879 0.0375261 0.00635 
v -0.0274135 0.0375547 0.00635 
v -0.0273364 0.0375753 0.00635 
v -0.0272577 0.0375878 0.00635 
v -0.027178 0.037592 0.00635 
v 0.027178 0.0381 0.005842 
v -0.0219775 0.037592 0.00635 
v 0.0219775 0.037592 0.00635 
v 0.027178 0.037592 0.00635 
v -0.0380652 0.0324138 0.002667 
v -0.0379612 0.0330702 0.002667 
v -0.0377892 0.0337123 0.002667 
v -0.037551 0.0343328 0.002667 
v -0.0372493 0.034925 0.002667 
v -0.0368873 0.0354824 0.002667 
v -0.036469 0.035999 0.002667 
v -0.035999 0.036469 0.002667 
v -0.0354824 0.0368873 0.002667 
v -0.034925 0.0372493 0.002667 
v -0.0343328 0.037551 0.002667 
v -0.0337123 0.0377892 0.002667 
v -0.0330702 0.0379612 0.002667 
v -0.0324138 0.0380652 0.002667 
v -0.0381 0.03175 0.000508 
v -0.0380652 0.0324138 0.000508 
v -0.0379612 0.0330702 0.000508 
v -0.0377892 0.0337123 0.000508 
v -0.037551 0.0343328 0.000508 
v -0.0372493 0.034925 0.000508 
v -0.0368873 0.0354824 0.000508 
v -0.036469 0.035999 0.000508 
v -0.035999 0.036469 0.000508 
v -0.0354824 0.0368873 0.000508 
v -0.034925 0.0372493 0.000508 
v -0.0343328 0.037551 0.000508 
v -0.0337123 0.0377892 0.000508 
v -0.0330702 0.0379612 0.000508 
v -0.0324138 0.0380652 0.000508 
v -0.03175 0.0381 0.000508 
v -0.03683 -0.028448 0.005842 
v -0.03683 -0.02794 0.00635 
v -0.0369097 -0.0279358 0.00635 
v -0.0369628 -0.028441 0.005842 
v -0.0369884 -0.0279233 0.00635 
v -0.037094 -0.0284202 0.005842 
v -0.0370655 -0.0279027 0.00635 
v -0.0372225 -0.0283858 0.005842 
v -0.0371399 -0.0278741 0.00635 
v -0.037465 -0.0282779 0.005842 
v -0.0373466 -0.0283382 0.005842 
v -0.0371684 -0.0278596 0.00635 
v -0.037211 -0.0278379 0.00635 
v -0.0372779 -0.0277945 0.00635 
v -0.0375765 -0.0282055 0.005842 
v -0.0373399 -0.0277443 0.00635 
v -0.0376798 -0.0281218 0.005842 
v -0.0373963 -0.0276879 0.00635 
v -0.0377738 -0.0280278 0.005842 
v -0.0374465 -0.0276259 0.00635 
v -0.0378575 -0.0279245 0.005842 
v -0.0374899 -0.027559 0.00635 
v -0.0379299 -0.027813 0.005842 
v -0.0375261 -0.0274879 0.00635 
v -0.0379902 -0.0276946 0.005842 
v -0.0375547 -0.0274135 0.00635 
v -0.0380378 -0.0275705 0.005842 
v -0.0375753 -0.0273364 0.00635 
v -0.0380722 -0.027442 0.005842 
v -0.0375878 -0.0272577 0.00635 
v -0.038093 -0.0273108 0.005842 
v -0.032512 -0.028448 0.005842 
v -0.032512 -0.02794 0.00635 
v -0.036322 -0.02794 0.00635 
v -0.0380983 -0.0272445 0.00266874 
v -0.038093 -0.0273108 0.00267396 
v -0.0381 -0.027178 0.002667 
v -0.0380844 -0.0273767 0.00268264 
v -0.0380722 -0.027442 0.00269475 
v -0.0380567 -0.0275067 0.00271027 
v -0.0380378 -0.0275705 0.00272916 
v -0.0380156 -0.0276331 0.00275135 
v -0.0379902 -0.0276946 0.0027768 
v -0.0379616 -0.0277546 0.00280542 
v -0.0379299 -0.027813 0.00283715 
v -0.0378951 -0.0278697 0.00287189 
v -0.0378575 -0.0279245 0.00290955 
v -0.0377738 -0.0280278 0.00299321 
v -0.0376798 -0.0281218 0.0030872 
v -0.037592 -0.028194 0.003175 
v -0.0375765 -0.0282055 0.003175 
v -0.037465 -0.0282779 0.003175 
v -0.0373466 -0.0283382 0.003175 
v -0.0372225 -0.0283858 0.003175 
v -0.037094 -0.0284202 0.003175 
v -0.0369628 -0.028441 0.003175 
v -0.03683 -0.028448 0.003175 
v -0.032512 -0.028448 0.003175 
v -0.0320872 -0.0284703 0.005842 
v -0.031667 -0.0285368 0.005842 
v -0.0320872 -0.0284703 0.003175 
v -0.0312562 -0.0286469 0.005842 
v -0.031667 -0.0285368 0.003175 
v -0.030859 -0.0287994 0.005842 
v -0.0312562 -0.0286469 0.003175 
v -0.03048 -0.0289925 0.005842 
v -0.030859 -0.0287994 0.003175 
v -0.0301232 -0.0292242 0.005842 
v -0.03048 -0.0289925 0.003175 
v -0.0297927 -0.0294919 0.005842 
v -0.0301232 -0.0292242 0.003175 
v -0.0294919 -0.0297927 0.005842 
v -0.0297927 -0.0294919 0.003175 
v -0.0292242 -0.0301232 0.005842 
v -0.0294919 -0.0297927 0.003175 
v -0.0289925 -0.03048 0.005842 
v -0.0292242 -0.0301232 0.003175 
v -0.0287994 -0.030859 0.005842 
v -0.0289925 -0.03048 0.003175 
v -0.0286469 -0.0312562 0.005842 
v -0.0287994 -0.030859 0.003175 
v -0.0285368 -0.031667 0.005842 
v -0.0286469 -0.0312562 0.003175 
v -0.0284703 -0.0320872 0.005842 
v -0.0285368 -0.031667 0.003175 
v -0.028448 -0.032512 0.005842 
v -0.0284703 -0.0320872 0.003175 
v -0.028448 -0.032512 0.003175 
v -0.02794 -0.032512 0.00635 
v -0.027965 -0.0320341 0.00635 
v -0.0280399 -0.0315614 0.00635 
v -0.0281638 -0.0310992 0.00635 
v -0.0283353 -0.0306524 0.00635 
v -0.0285525 -0.030226 0.00635 
v -0.0288132 -0.0298246 0.00635 
v -0.0291143 -0.0294527 0.00635 
v -0.0294527 -0.0291143 0.00635 
v -0.0296169 -0.0289814 0.00635 
v -0.0298246 -0.0288132 0.00635 
v -0.030226 -0.0285525 0.00635 
v -0.0306524 -0.0283353 0.00635 
v -0.0310992 -0.0281638 0.00635 
v -0.0315614 -0.0280399 0.00635 
v -0.0320341 -0.027965 0.00635 
v -0.028448 -0.03683 0.003175 
v -0.028448 -0.03683 0.005842 
v -0.02794 -0.036322 0.00635 
v -0.02794 -0.03683 0.00635 
v -0.027178 -0.0381 0.005842 
v -0.027178 -0.037592 0.00635 
v -0.0272577 -0.0375878 0.00635 
v -0.0273108 -0.038093 0.005842 
v -0.0273364 -0.0375753 0.00635 
v -0.027442 -0.0380722 0.005842 
v -0.0274135 -0.0375547 0.00635 
v -0.0275705 -0.0380378 0.005842 
v -0.0274879 -0.0375261 0.00635 
v -0.0276946 -0.0379902 0.005842 
v -0.027559 -0.0374899 0.00635 
v -0.027813 -0.0379299 0.005842 
v -0.0276259 -0.0374465 0.00635 
v -0.0279245 -0.0378575 0.005842 
v -0.0276879 -0.0373963 0.00635 
v -0.0280278 -0.0377738 0.005842 
v -0.0277443 -0.0373399 0.00635 
v -0.0281218 -0.0376798 0.005842 
v -0.0277945 -0.0372779 0.00635 
v -0.0282055 -0.0375765 0.005842 
v -0.0278379 -0.037211 0.00635 
v -0.0282779 -0.037465 0.005842 
v -0.0278596 -0.0371684 0.00635 
v -0.0283382 -0.0373466 0.005842 
v -0.0278741 -0.0371399 0.00635 
v -0.0279027 -0.0370655 0.00635 
v -0.0283858 -0.0372225 0.005842 
v -0.0279233 -0.0369884 0.00635 
v -0.0284202 -0.037094 0.005842 
v -0.0279358 -0.0369097 0.00635 
v -0.028441 -0.0369628 0.005842 
v -0.0381 -0.03175 0.002667 
v -0.037592 -0.03175 0.003175 
v -0.0310368 -0.0339094 0.003175 
v -0.0283858 -0.0372225 0.003175 
v -0.0284202 -0.037094 0.003175 
v -0.0283382 -0.0373466 0.003175 
v -0.0317599 -0.0306243 0.003175 
v -0.0315602 -0.0307167 0.003175 
v -0.0319684 -0.0305541 0.003175 
v -0.032402 -0.030483 0.003175 
v -0.0321833 -0.0305068 0.003175 
v -0.032622 -0.030483 0.003175 
v -0.0341297 -0.0312823 0.003175 
v -0.0339872 -0.0311146 0.003175 
v -0.0282779 -0.037465 0.003175 
v -0.0311965 -0.0340607 0.003175 
v -0.028194 -0.037592 0.003175 
v -0.0282055 -0.0375765 0.003175 
v -0.0356591 -0.0360915 0.003175 
v -0.0338275 -0.0340607 0.003175 
v -0.0339872 -0.0339094 0.003175 
v -0.0351838 -0.0364763 0.003175 
v -0.0336523 -0.0341939 0.003175 
v -0.028441 -0.0369628 0.003175 
v -0.0328407 -0.0305068 0.003175 
v -0.0332641 -0.0306243 0.003175 
v -0.0338275 -0.0309633 0.003175 
v -0.0336523 -0.0308301 0.003175 
v -0.0344376 -0.0318632 0.003175 
v -0.0343562 -0.0316588 0.003175 
v -0.03756 -0.0323607 0.003175 
v -0.034544 -0.032512 0.003175 
v -0.0345321 -0.0322923 0.003175 
v -0.0374643 -0.0329646 0.003175 
v -0.0345321 -0.0327317 0.003175 
v -0.0373061 -0.0335553 0.003175 
v -0.0344965 -0.0329488 0.003175 
v -0.0360915 -0.0356591 0.003175 
v -0.0341297 -0.0337417 0.003175 
v -0.034671 -0.0368093 0.003175 
v -0.0334638 -0.0343073 0.003175 
v -0.0341262 -0.0370869 0.003175 
v -0.0332641 -0.0343997 0.003175 
v -0.0304919 -0.0322923 0.003175 
v -0.03048 -0.032512 0.003175 
v -0.0305275 -0.0320752 0.003175 
v -0.0305864 -0.0318632 0.003175 
v -0.0306678 -0.0316588 0.003175 
v -0.0307709 -0.0314644 0.003175 
v -0.0308943 -0.0312823 0.003175 
v -0.0310368 -0.0311146 0.003175 
v -0.0311965 -0.0309633 0.003175 
v -0.0330556 -0.0305541 0.003175 
v -0.0334638 -0.0307167 0.003175 
v -0.0344965 -0.0320752 0.003175 
v -0.0370869 -0.0341262 0.003175 
v -0.0344376 -0.0331608 0.003175 
v -0.0368093 -0.034671 0.003175 
v -0.0343562 -0.0333652 0.003175 
v -0.0364763 -0.0351838 0.003175 
v -0.0342531 -0.0335596 0.003175 
v -0.0335553 -0.0373061 0.003175 
v -0.0330556 -0.0344699 0.003175 
v -0.0329646 -0.0374643 0.003175 
v -0.032622 -0.034541 0.003175 
v -0.0328407 -0.0345172 0.003175 
v -0.0323607 -0.03756 0.003175 
v -0.032402 -0.034541 0.003175 
v -0.0306678 -0.0333652 0.003175 
v -0.0307709 -0.0335596 0.003175 
v -0.0313717 -0.0308301 0.003175 
v -0.03175 -0.037592 0.003175 
v -0.0321833 -0.0345172 0.003175 
v -0.0315602 -0.0343073 0.003175 
v -0.0317599 -0.0343997 0.003175 
v -0.0313717 -0.0341939 0.003175 
v -0.0308943 -0.0337417 0.003175 
v -0.0305864 -0.0331608 0.003175 
v -0.0304919 -0.0327317 0.003175 
v -0.0342531 -0.0314644 0.003175 
v -0.0319684 -0.0344699 0.003175 
v -0.0305275 -0.0329488 0.003175 
v -0.0345321 -0.0327317 0 
v -0.034544 -0.032512 0 
v -0.0344965 -0.0329488 0 
v -0.0344376 -0.0331608 0 
v -0.0343562 -0.0333652 0 
v -0.0342531 -0.0335596 0 
v -0.0341297 -0.0337417 0 
v -0.0339872 -0.0339094 0 
v -0.0338275 -0.0340607 0 
v -0.0336523 -0.0341939 0 
v -0.0334638 -0.0343073 0 
v -0.0332641 -0.0343997 0 
v -0.0330556 -0.0344699 0 
v -0.0328407 -0.0345172 0 
v -0.032622 -0.034541 0 
v -0.032402 -0.034541 0 
v -0.0321833 -0.0345172 0 
v -0.0319684 -0.0344699 0 
v -0.0317599 -0.0343997 0 
v -0.0315602 -0.0343073 0 
v -0.0313717 -0.0341939 0 
v -0.0311965 -0.0340607 0 
v -0.0310368 -0.0339094 0 
v -0.0308943 -0.0337417 0 
v -0.0307709 -0.0335596 0 
v -0.0306678 -0.0333652 0 
v -0.0305864 -0.0331608 0 
v -0.0305275 -0.0329488 0 
v -0.0304919 -0.0327317 0 
v -0.03048 -0.032512 0 
v -0.0304919 -0.0322923 0 
v -0.0305275 -0.0320752 0 
v -0.0305864 -0.0318632 0 
v -0.0306678 -0.0316588 0 
v -0.0307709 -0.0314644 0 
v -0.0308943 -0.0312823 0 
v -0.0310368 -0.0311146 0 
v -0.0311965 -0.0309633 0 
v -0.0313717 -0.0308301 0 
v -0.0315602 -0.0307167 0 
v -0.0317599 -0.0306243 0 
v -0.0319684 -0.0305541 0 
v -0.0321833 -0.0305068 0 
v -0.032402 -0.030483 0 
v -0.032622 -0.030483 0 
v -0.0328407 -0.0305068 0 
v -0.0330556 -0.0305541 0 
v -0.0332641 -0.0306243 0 
v -0.0334638 -0.0307167 0 
v -0.0336523 -0.0308301 0 
v -0.0338275 -0.0309633 0 
v -0.0339872 -0.0311146 0 
v -0.0341297 -0.0312823 0 
v -0.0342531 -0.0314644 0 
v -0.0343562 -0.0316588 0 
v -0.0344376 -0.0318632 0 
v -0.0344965 -0.0320752 0 
v -0.0345321 -0.0322923 0 
v -0.0281218 -0.0376798 0.0030872 
v -0.0280278 -0.0377738 0.00299321 
v -0.0279245 -0.0378575 0.00290955 
v -0.0278697 -0.0378951 0.00287189 
v -0.027813 -0.0379299 0.00283715 
v -0.0277546 -0.0379616 0.00280542 
v -0.0276946 -0.0379902 0.0027768 
v -0.0276331 -0.0380156 0.00275135 
v -0.0275705 -0.0380378 0.00272916 
v -0.0275067 -0.0380567 0.00271027 
v -0.027442 -0.0380722 0.00269475 
v -0.0273767 -0.0380844 0.00268264 
v -0.0273108 -0.038093 0.00267396 
v -0.0272445 -0.0380983 0.00266874 
v -0.027178 -0.0381 0.002667 
v -0.03175 -0.0381 0.002667 
v 0.027178 -0.0381 0.005842 
v 0.0219775 -0.037592 0.00635 
v -0.0219775 -0.037592 0.00635 
v 0.027178 -0.037592 0.00635 
v -0.0324138 -0.0380652 0.002667 
v -0.0330702 -0.0379612 0.002667 
v -0.0337123 -0.0377892 0.002667 
v -0.0343328 -0.037551 0.002667 
v -0.034925 -0.0372493 0.002667 
v -0.0354824 -0.0368873 0.002667 
v -0.035999 -0.036469 0.002667 
v -0.036469 -0.035999 0.002667 
v -0.0368873 -0.0354824 0.002667 
v -0.0372493 -0.034925 0.002667 
v -0.037551 -0.0343328 0.002667 
v -0.0377892 -0.0337123 0.002667 
v -0.0379612 -0.0330702 0.002667 
v -0.0380652 -0.0324138 0.002667 
v -0.0381 -0.03175 0.000508 
v -0.03175 -0.0381 0.000508 
v -0.0324138 -0.0380652 0.000508 
v -0.0330702 -0.0379612 0.000508 
v -0.0337123 -0.0377892 0.000508 
v -0.0343328 -0.037551 0.000508 
v -0.034925 -0.0372493 0.000508 
v -0.0354824 -0.0368873 0.000508 
v -0.035999 -0.036469 0.000508 
v -0.036469 -0.035999 0.000508 
v -0.0368873 -0.0354824 0.000508 
v -0.0372493 -0.034925 0.000508 
v -0.037551 -0.0343328 0.000508 
v -0.0377892 -0.0337123 0.000508 
v -0.0379612 -0.0330702 0.000508 
v -0.0380652 -0.0324138 0.000508 
v -0.037592 -0.0168973 0 
v -0.037592 -0.0293624 0 
v -0.037592 0.0168973 0 
v -0.037592 0.0293624 0 
v -0.037592 0.03175 0 
v -0.037592 -0.03175 0 
v -0.03175 0.037592 0 
v -0.0323607 0.03756 8.67362e-19 
v -0.0329646 0.0374643 8.67362e-19 
v -0.0335553 0.0373061 8.67362e-19 
v -0.0341262 0.0370869 8.67362e-19 
v -0.034671 0.0368093 8.67362e-19 
v -0.0351838 0.0364763 8.67362e-19 
v -0.0356591 0.0360915 8.67362e-19 
v -0.036068 0.0356825 0 
v -0.0360915 0.0356591 8.67362e-19 
v -0.0364763 0.0351838 8.67362e-19 
v -0.0368093 0.034671 8.67362e-19 
v -0.0370869 0.0341262 8.67362e-19 
v -0.0373061 0.0335553 8.67362e-19 
v -0.0374643 0.0329646 8.67362e-19 
v -0.03756 0.0323607 8.67362e-19 
v -0.0168973 0.037592 0 
v -0.0293624 0.037592 0 
v 0.03175 0.0381 0.000508 
v 0.0168973 0.037592 0 
v 0.0293624 0.037592 0 
v 0.03175 0.037592 0 
v -0.03756 -0.0323607 2.38524e-18 
v -0.0374643 -0.0329646 2.38524e-18 
v -0.0373061 -0.0335553 2.38524e-18 
v -0.0370869 -0.0341262 2.38524e-18 
v -0.0368093 -0.034671 2.38524e-18 
v -0.0364763 -0.0351838 2.38524e-18 
v -0.0360915 -0.0356591 2.38524e-18 
v -0.036068 -0.0356825 0 
v -0.0356825 -0.036068 0 
v -0.0356591 -0.0360915 2.38524e-18 
v -0.0351838 -0.0364763 2.38524e-18 
v -0.034671 -0.0368093 2.38524e-18 
v -0.0341262 -0.0370869 2.38524e-18 
v -0.0335553 -0.0373061 2.38524e-18 
v -0.0329646 -0.0374643 2.38524e-18 
v -0.0323607 -0.03756 2.38524e-18 
v -0.03175 -0.037592 0 
v 0.03175 -0.0381 0.000508 
v 0.0168973 -0.037592 0 
v 0.0293624 -0.037592 0 
v -0.0168973 -0.037592 0 
v -0.0293624 -0.037592 0 
v 0.03175 -0.037592 0 
v 0.028448 -0.03683 0.005842 
v 0.02794 -0.03683 0.00635 
v 0.0279358 -0.0369097 0.00635 
v 0.028441 -0.0369628 0.005842 
v 0.0279233 -0.0369884 0.00635 
v 0.0284202 -0.037094 0.005842 
v 0.0279027 -0.0370655 0.00635 
v 0.0283858 -0.0372225 0.005842 
v 0.0278741 -0.0371399 0.00635 
v 0.0282779 -0.037465 0.005842 
v 0.0283382 -0.0373466 0.005842 
v 0.0278596 -0.0371684 0.00635 
v 0.0278379 -0.037211 0.00635 
v 0.0277945 -0.0372779 0.00635 
v 0.0282055 -0.0375765 0.005842 
v 0.0277443 -0.0373399 0.00635 
v 0.0281218 -0.0376798 0.005842 
v 0.0276879 -0.0373963 0.00635 
v 0.0280278 -0.0377738 0.005842 
v 0.0276259 -0.0374465 0.00635 
v 0.0279245 -0.0378575 0.005842 
v 0.027559 -0.0374899 0.00635 
v 0.027813 -0.0379299 0.005842 
v 0.0274879 -0.0375261 0.00635 
v 0.0276946 -0.0379902 0.005842 
v 0.0274135 -0.0375547 0.00635 
v 0.0275705 -0.0380378 0.005842 
v 0.0273364 -0.0375753 0.00635 
v 0.027442 -0.0380722 0.005842 
v 0.0272577 -0.0375878 0.00635 
v 0.0273108 -0.038093 0.005842 
v 0.027178 -0.0381 0.002667 
v 0.03175 -0.0381 0.002667 
v 0.0323607 -0.03756 2.38524e-18 
v 0.0324138 -0.0380652 0.000508 
v 0.0329646 -0.0374643 2.38524e-18 
v 0.0330702 -0.0379612 0.000508 
v 0.0335553 -0.0373061 2.38524e-18 
v 0.0337123 -0.0377892 0.000508 
v 0.0341262 -0.0370869 2.38524e-18 
v 0.0343328 -0.037551 0.000508 
v 0.034671 -0.0368093 2.38524e-18 
v 0.034925 -0.0372493 0.000508 
v 0.0351838 -0.0364763 2.38524e-18 
v 0.0354824 -0.0368873 0.000508 
v 0.0356591 -0.0360915 2.38524e-18 
v 0.036469 -0.035999 0.000508 
v 0.035999 -0.036469 0.000508 
v 0.0356825 -0.036068 0 
v 0.0360915 -0.0356591 2.38524e-18 
v 0.0364763 -0.0351838 2.38524e-18 
v 0.0368873 -0.0354824 0.000508 
v 0.0368093 -0.034671 2.38524e-18 
v 0.0372493 -0.034925 0.000508 
v 0.0370869 -0.0341262 2.38524e-18 
v 0.037551 -0.0343328 0.000508 
v 0.0373061 -0.0335553 2.38524e-18 
v 0.0377892 -0.0337123 0.000508 
v 0.0374643 -0.0329646 2.38524e-18 
v 0.0379612 -0.0330702 0.000508 
v 0.03756 -0.0323607 2.38524e-18 
v 0.0380652 -0.0324138 0.000508 
v 0.037592 -0.03175 0 
v 0.0381 -0.03175 0.000508 
v 0.0381 0.03175 0.000508 
v 0.037592 0.03175 0 
v 0.03756 0.0323607 2.38524e-18 
v 0.0380652 0.0324138 0.000508 
v 0.0374643 0.0329646 2.38524e-18 
v 0.0379612 0.0330702 0.000508 
v 0.0373061 0.0335553 2.38524e-18 
v 0.0377892 0.0337123 0.000508 
v 0.0370869 0.0341262 2.38524e-18 
v 0.037551 0.0343328 0.000508 
v 0.0368093 0.034671 2.38524e-18 
v 0.0372493 0.034925 0.000508 
v 0.0364763 0.0351838 2.38524e-18 
v 0.0368873 0.0354824 0.000508 
v 0.0360915 0.0356591 2.38524e-18 
v 0.036469 0.035999 0.000508 
v 0.0356591 0.0360915 2.38524e-18 
v 0.035999 0.036469 0.000508 
v 0.0351838 0.0364763 2.38524e-18 
v 0.0354824 0.0368873 0.000508 
v 0.034671 0.0368093 2.38524e-18 
v 0.034925 0.0372493 0.000508 
v 0.0341262 0.0370869 2.38524e-18 
v 0.0343328 0.037551 0.000508 
v 0.0335553 0.0373061 2.38524e-18 
v 0.0337123 0.0377892 0.000508 
v 0.0329646 0.0374643 2.38524e-18 
v 0.0330702 0.0379612 0.000508 
v 0.0323607 0.03756 2.38524e-18 
v 0.0324138 0.0380652 0.000508 
v 0.037592 -0.0168973 0 
v 0.037592 0.0168973 0 
v 0.037592 0.0293624 0 
v 0.037592 -0.0293624 0 
v 0.0381 -0.03175 0.002667 
v 0.0380652 -0.0324138 0.002667 
v 0.0379612 -0.0330702 0.002667 
v 0.0377892 -0.0337123 0.002667 
v 0.037551 -0.0343328 0.002667 
v 0.0372493 -0.034925 0.002667 
v 0.0368873 -0.0354824 0.002667 
v 0.036469 -0.035999 0.002667 
v 0.035999 -0.036469 0.002667 
v 0.0354824 -0.0368873 0.002667 
v 0.034925 -0.0372493 0.002667 
v 0.0343328 -0.037551 0.002667 
v 0.0337123 -0.0377892 0.002667 
v 0.0330702 -0.0379612 0.002667 
v 0.0324138 -0.0380652 0.002667 
v 0.03175 0.0381 0.002667 
v 0.0324138 0.0380652 0.002667 
v 0.0330702 0.0379612 0.002667 
v 0.0337123 0.0377892 0.002667 
v 0.0343328 0.037551 0.002667 
v 0.034925 0.0372493 0.002667 
v 0.0354824 0.0368873 0.002667 
v 0.035999 0.036469 0.002667 
v 0.036469 0.035999 0.002667 
v 0.0368873 0.0354824 0.002667 
v 0.0372493 0.034925 0.002667 
v 0.037551 0.0343328 0.002667 
v 0.0377892 0.0337123 0.002667 
v 0.0379612 0.0330702 0.002667 
v 0.0380652 0.0324138 0.002667 
v 0.0381 0.03175 0.002667 
v 0.0279245 -0.0378575 0.00290955 
v 0.0278697 -0.0378951 0.00287189 
v 0.027813 -0.0379299 0.00283715 
v 0.0277546 -0.0379616 0.00280542 
v 0.0276946 -0.0379902 0.0027768 
v 0.0276331 -0.0380156 0.00275135 
v 0.0275705 -0.0380378 0.00272916 
v 0.0275067 -0.0380567 0.00271027 
v 0.027442 -0.0380722 0.00269475 
v 0.0273767 -0.0380844 0.00268264 
v 0.0273108 -0.038093 0.00267396 
v 0.0272445 -0.0380983 0.00266874 
v 0.03175 -0.037592 0.003175 
v 0.028194 -0.037592 0.003175 
v 0.0280278 -0.0377738 0.00299321 
v 0.0281218 -0.0376798 0.0030872 
v 0.0282779 -0.037465 0.003175 
v 0.0283382 -0.0373466 0.003175 
v 0.0283858 -0.0372225 0.003175 
v 0.0284202 -0.037094 0.003175 
v 0.028441 -0.0369628 0.003175 
v 0.028448 -0.03683 0.003175 
v 0.0282055 -0.0375765 0.003175 
v 0.028448 -0.032512 0.003175 
v 0.028448 -0.032512 0.005842 
v 0.02794 -0.032512 0.00635 
v 0.02794 -0.036322 0.00635 
v 0.0284703 -0.0320872 0.005842 
v 0.0285368 -0.031667 0.005842 
v 0.0284703 -0.0320872 0.003175 
v 0.0286469 -0.0312562 0.005842 
v 0.0285368 -0.031667 0.003175 
v 0.0287994 -0.030859 0.005842 
v 0.0286469 -0.0312562 0.003175 
v 0.0289925 -0.03048 0.005842 
v 0.0287994 -0.030859 0.003175 
v 0.0292242 -0.0301232 0.005842 
v 0.0289925 -0.03048 0.003175 
v 0.0294919 -0.0297927 0.005842 
v 0.0292242 -0.0301232 0.003175 
v 0.0297927 -0.0294919 0.005842 
v 0.0294919 -0.0297927 0.003175 
v 0.0301232 -0.0292242 0.005842 
v 0.0297927 -0.0294919 0.003175 
v 0.03048 -0.0289925 0.005842 
v 0.0301232 -0.0292242 0.003175 
v 0.030859 -0.0287994 0.005842 
v 0.03048 -0.0289925 0.003175 
v 0.0312562 -0.0286469 0.005842 
v 0.030859 -0.0287994 0.003175 
v 0.031667 -0.0285368 0.005842 
v 0.0312562 -0.0286469 0.003175 
v 0.0320872 -0.0284703 0.005842 
v 0.031667 -0.0285368 0.003175 
v 0.032512 -0.028448 0.005842 
v 0.0320872 -0.0284703 0.003175 
v 0.032512 -0.028448 0.003175 
v 0.032512 -0.02794 0.00635 
v 0.0320341 -0.027965 0.00635 
v 0.0315614 -0.0280399 0.00635 
v 0.0310992 -0.0281638 0.00635 
v 0.0306524 -0.0283353 0.00635 
v 0.030226 -0.0285525 0.00635 
v 0.0298246 -0.0288132 0.00635 
v 0.0296169 -0.0289814 0.00635 
v 0.0294527 -0.0291143 0.00635 
v 0.0291143 -0.0294527 0.00635 
v 0.0288132 -0.0298246 0.00635 
v 0.0285525 -0.030226 0.00635 
v 0.0283353 -0.0306524 0.00635 
v 0.0281638 -0.0310992 0.00635 
v 0.0280399 -0.0315614 0.00635 
v 0.027965 -0.0320341 0.00635 
v 0.03683 -0.028448 0.003175 
v 0.03683 -0.028448 0.005842 
v 0.03683 -0.02794 0.00635 
v 0.0369628 -0.028441 0.003175 
v 0.0369628 -0.028441 0.005842 
v 0.037094 -0.0284202 0.003175 
v 0.037094 -0.0284202 0.005842 
v 0.0372225 -0.0283858 0.003175 
v 0.0372225 -0.0283858 0.005842 
v 0.0373466 -0.0283382 0.003175 
v 0.0373466 -0.0283382 0.005842 
v 0.037465 -0.0282779 0.003175 
v 0.037465 -0.0282779 0.005842 
v 0.0375765 -0.0282055 0.003175 
v 0.0375765 -0.0282055 0.005842 
v 0.037592 -0.028194 0.003175 
v 0.0376798 -0.0281218 0.005842 
v 0.0377738 -0.0280278 0.005842 
v 0.0376798 -0.0281218 0.0030872 
v 0.0378575 -0.0279245 0.005842 
v 0.0377738 -0.0280278 0.00299321 
v 0.0379299 -0.027813 0.005842 
v 0.0378575 -0.0279245 0.00290955 
v 0.0378951 -0.0278697 0.00287189 
v 0.0379902 -0.0276946 0.005842 
v 0.0379299 -0.027813 0.00283715 
v 0.0379616 -0.0277546 0.00280542 
v 0.0380378 -0.0275705 0.005842 
v 0.0379902 -0.0276946 0.0027768 
v 0.0380156 -0.0276331 0.00275135 
v 0.0380722 -0.027442 0.005842 
v 0.0380378 -0.0275705 0.00272916 
v 0.0380567 -0.0275067 0.00271027 
v 0.038093 -0.0273108 0.005842 
v 0.0380722 -0.027442 0.00269475 
v 0.0380844 -0.0273767 0.00268264 
v 0.0381 -0.027178 0.005842 
v 0.038093 -0.0273108 0.00267396 
v 0.0380983 -0.0272445 0.00266874 
v 0.0381 -0.027178 0.002667 
v 0.037592 -0.03175 0.003175 
v 0.03756 -0.0323607 0.003175 
v 0.0374643 -0.0329646 0.003175 
v 0.0373061 -0.0335553 0.003175 
v 0.0370869 -0.0341262 0.003175 
v 0.0368093 -0.034671 0.003175 
v 0.0364763 -0.0351838 0.003175 
v 0.0360915 -0.0356591 0.003175 
v 0.0356591 -0.0360915 0.003175 
v 0.0351838 -0.0364763 0.003175 
v 0.034671 -0.0368093 0.003175 
v 0.0341262 -0.0370869 0.003175 
v 0.0335553 -0.0373061 0.003175 
v 0.0329646 -0.0374643 0.003175 
v 0.0323607 -0.03756 0.003175 
v 0.0311965 -0.0340607 0.003175 
v 0.0310368 -0.0339094 0.003175 
v 0.0339872 -0.0311146 0.003175 
v 0.0304919 -0.0322923 0.003175 
v 0.03048 -0.032512 0.003175 
v 0.0330556 -0.0305541 0.003175 
v 0.0332641 -0.0306243 0.003175 
v 0.032402 -0.030483 0.003175 
v 0.0307709 -0.0314644 0.003175 
v 0.0306678 -0.0316588 0.003175 
v 0.0305275 -0.0320752 0.003175 
v 0.0305275 -0.0329488 0.003175 
v 0.0304919 -0.0327317 0.003175 
v 0.0308943 -0.0337417 0.003175 
v 0.0307709 -0.0335596 0.003175 
v 0.0313717 -0.0341939 0.003175 
v 0.0341297 -0.0312823 0.003175 
v 0.032622 -0.030483 0.003175 
v 0.0321833 -0.0305068 0.003175 
v 0.0305864 -0.0318632 0.003175 
v 0.0305864 -0.0331608 0.003175 
v 0.0306678 -0.0333652 0.003175 
v 0.0315602 -0.0343073 0.003175 
v 0.0317599 -0.0343997 0.003175 
v 0.0328407 -0.0305068 0.003175 
v 0.0319684 -0.0305541 0.003175 
v 0.0317599 -0.0306243 0.003175 
v 0.0313717 -0.0308301 0.003175 
v 0.0311965 -0.0309633 0.003175 
v 0.0315602 -0.0307167 0.003175 
v 0.032402 -0.034541 0.003175 
v 0.032622 -0.034541 0.003175 
v 0.0345321 -0.0322923 0.003175 
v 0.0343562 -0.0316588 0.003175 
v 0.0338275 -0.0309633 0.003175 
v 0.0334638 -0.0307167 0.003175 
v 0.0336523 -0.0308301 0.003175 
v 0.0321833 -0.0345172 0.003175 
v 0.0319684 -0.0344699 0.003175 
v 0.0328407 -0.0345172 0.003175 
v 0.0338275 -0.0340607 0.003175 
v 0.0339872 -0.0339094 0.003175 
v 0.0344965 -0.0320752 0.003175 
v 0.0342531 -0.0314644 0.003175 
v 0.0310368 -0.0311146 0.003175 
v 0.0308943 -0.0312823 0.003175 
v 0.0332641 -0.0343997 0.003175 
v 0.0330556 -0.0344699 0.003175 
v 0.0334638 -0.0343073 0.003175 
v 0.0336523 -0.0341939 0.003175 
v 0.0341297 -0.0337417 0.003175 
v 0.0344376 -0.0318632 0.003175 
v 0.0343562 -0.0333652 0.003175 
v 0.0342531 -0.0335596 0.003175 
v 0.0344376 -0.0331608 0.003175 
v 0.0345321 -0.0327317 0.003175 
v 0.034544 -0.032512 0.003175 
v 0.0344965 -0.0329488 0.003175 
v 0.0304919 -0.0327317 0 
v 0.03048 -0.032512 0 
v 0.0305275 -0.0329488 0 
v 0.0305864 -0.0331608 0 
v 0.0306678 -0.0333652 0 
v 0.0307709 -0.0335596 0 
v 0.0308943 -0.0337417 0 
v 0.0310368 -0.0339094 0 
v 0.0311965 -0.0340607 0 
v 0.0313717 -0.0341939 0 
v 0.0315602 -0.0343073 0 
v 0.0317599 -0.0343997 0 
v 0.0319684 -0.0344699 0 
v 0.0321833 -0.0345172 0 
v 0.032402 -0.034541 0 
v 0.032622 -0.034541 0 
v 0.0328407 -0.0345172 0 
v 0.0330556 -0.0344699 0 
v 0.0332641 -0.0343997 0 
v 0.0334638 -0.0343073 0 
v 0.0336523 -0.0341939 0 
v 0.0338275 -0.0340607 0 
v 0.0339872 -0.0339094 0 
v 0.0341297 -0.0337417 0 
v 0.0342531 -0.0335596 0 
v 0.0343562 -0.0333652 0 
v 0.0344376 -0.0331608 0 
v 0.0344965 -0.0329488 0 
v 0.0345321 -0.0327317 0 
v 0.034544 -0.032512 0 
v 0.0345321 -0.0322923 0 
v 0.0344965 -0.0320752 0 
v 0.0344376 -0.0318632 0 
v 0.0343562 -0.0316588 0 
v 0.0342531 -0.0314644 0 
v 0.0341297 -0.0312823 0 
v 0.0339872 -0.0311146 0 
v 0.0338275 -0.0309633 0 
v 0.0336523 -0.0308301 0 
v 0.0334638 -0.0307167 0 
v 0.0332641 -0.0306243 0 
v 0.0330556 -0.0305541 0 
v 0.0328407 -0.0305068 0 
v 0.032622 -0.030483 0 
v 0.032402 -0.030483 0 
v 0.0321833 -0.0305068 0 
v 0.0319684 -0.0305541 0 
v 0.0317599 -0.0306243 0 
v 0.0315602 -0.0307167 0 
v 0.0313717 -0.0308301 0 
v 0.0311965 -0.0309633 0 
v 0.0310368 -0.0311146 0 
v 0.0308943 -0.0312823 0 
v 0.0307709 -0.0314644 0 
v 0.0306678 -0.0316588 0 
v 0.0305864 -0.0318632 0 
v 0.0305275 -0.0320752 0 
v 0.0304919 -0.0322923 0 
v 0.037592 -0.027178 0.00635 
v 0.0375878 -0.0272577 0.00635 
v 0.0375753 -0.0273364 0.00635 
v 0.0375547 -0.0274135 0.00635 
v 0.0375261 -0.0274879 0.00635 
v 0.0374899 -0.027559 0.00635 
v 0.0374465 -0.0276259 0.00635 
v 0.0373963 -0.0276879 0.00635 
v 0.0373399 -0.0277443 0.00635 
v 0.0372779 -0.0277945 0.00635 
v 0.037211 -0.0278379 0.00635 
v 0.0371684 -0.0278596 0.00635 
v 0.0371399 -0.0278741 0.00635 
v 0.0370655 -0.0279027 0.00635 
v 0.0369884 -0.0279233 0.00635 
v 0.0369097 -0.0279358 0.00635 
v 0.037592 -0.00913538 0.00635 
v 0.037592 -0.0251206 0.00635 
v 0.0381 0.027178 0.005842 
v 0.037592 0.00913538 0.00635 
v 0.037592 0.027178 0.00635 
v 0.037592 0.0251206 0.00635 
v 0.0381 0.027178 0.002667 
v 0.03683 0.028448 0.005842 
v 0.03683 0.02794 0.00635 
v 0.0369097 0.0279358 0.00635 
v 0.0369628 0.028441 0.005842 
v 0.0369884 0.0279233 0.00635 
v 0.037094 0.0284202 0.005842 
v 0.0370655 0.0279027 0.00635 
v 0.0372225 0.0283858 0.005842 
v 0.0371399 0.0278741 0.00635 
v 0.037465 0.0282779 0.005842 
v 0.0373466 0.0283382 0.005842 
v 0.0371684 0.0278596 0.00635 
v 0.037211 0.0278379 0.00635 
v 0.0372779 0.0277945 0.00635 
v 0.0375765 0.0282055 0.005842 
v 0.0373399 0.0277443 0.00635 
v 0.0376798 0.0281218 0.005842 
v 0.0373963 0.0276879 0.00635 
v 0.0377738 0.0280278 0.005842 
v 0.0374465 0.0276259 0.00635 
v 0.0378575 0.0279245 0.005842 
v 0.0374899 0.027559 0.00635 
v 0.0379299 0.027813 0.005842 
v 0.0375261 0.0274879 0.00635 
v 0.0379902 0.0276946 0.005842 
v 0.0375547 0.0274135 0.00635 
v 0.0380378 0.0275705 0.005842 
v 0.0375753 0.0273364 0.00635 
v 0.0380722 0.027442 0.005842 
v 0.0375878 0.0272577 0.00635 
v 0.038093 0.0273108 0.005842 
v 0.0378575 0.0279245 0.00290955 
v 0.0378951 0.0278697 0.00287189 
v 0.0379299 0.027813 0.00283715 
v 0.0379616 0.0277546 0.00280542 
v 0.0379902 0.0276946 0.0027768 
v 0.0380156 0.0276331 0.00275135 
v 0.0380378 0.0275705 0.00272916 
v 0.0380567 0.0275067 0.00271027 
v 0.0380722 0.027442 0.00269475 
v 0.0380844 0.0273767 0.00268264 
v 0.038093 0.0273108 0.00267396 
v 0.0380983 0.0272445 0.00266874 
v 0.037592 0.03175 0.003175 
v 0.037592 0.028194 0.003175 
v 0.0377738 0.0280278 0.00299321 
v 0.0376798 0.0281218 0.0030872 
v 0.037465 0.0282779 0.003175 
v 0.0373466 0.0283382 0.003175 
v 0.0372225 0.0283858 0.003175 
v 0.037094 0.0284202 0.003175 
v 0.0369628 0.028441 0.003175 
v 0.03683 0.028448 0.003175 
v 0.0375765 0.0282055 0.003175 
v 0.032512 0.028448 0.003175 
v 0.032512 0.028448 0.005842 
v 0.032512 0.02794 0.00635 
v 0.0320872 0.0284703 0.005842 
v 0.031667 0.0285368 0.005842 
v 0.0320872 0.0284703 0.003175 
v 0.0312562 0.0286469 0.005842 
v 0.031667 0.0285368 0.003175 
v 0.030859 0.0287994 0.005842 
v 0.0312562 0.0286469 0.003175 
v 0.03048 0.0289925 0.005842 
v 0.030859 0.0287994 0.003175 
v 0.0301232 0.0292242 0.005842 
v 0.03048 0.0289925 0.003175 
v 0.0297927 0.0294919 0.005842 
v 0.0301232 0.0292242 0.003175 
v 0.0294919 0.0297927 0.005842 
v 0.0297927 0.0294919 0.003175 
v 0.0292242 0.0301232 0.005842 
v 0.0294919 0.0297927 0.003175 
v 0.0289925 0.03048 0.005842 
v 0.0292242 0.0301232 0.003175 
v 0.0287994 0.030859 0.005842 
v 0.0289925 0.03048 0.003175 
v 0.0286469 0.0312562 0.005842 
v 0.0287994 0.030859 0.003175 
v 0.0285368 0.031667 0.005842 
v 0.0286469 0.0312562 0.003175 
v 0.0284703 0.0320872 0.005842 
v 0.0285368 0.031667 0.003175 
v 0.028448 0.032512 0.005842 
v 0.0284703 0.0320872 0.003175 
v 0.028448 0.032512 0.003175 
v 0.02794 0.032512 0.00635 
v 0.027965 0.0320341 0.00635 
v 0.0280399 0.0315614 0.00635 
v 0.0281638 0.0310992 0.00635 
v 0.0283353 0.0306524 0.00635 
v 0.0285525 0.030226 0.00635 
v 0.0288132 0.0298246 0.00635 
v 0.0291143 0.0294527 0.00635 
v 0.0294527 0.0291143 0.00635 
v 0.0298246 0.0288132 0.00635 
v 0.030226 0.0285525 0.00635 
v 0.0306524 0.0283353 0.00635 
v 0.0310992 0.0281638 0.00635 
v 0.0315614 0.0280399 0.00635 
v 0.0320341 0.027965 0.00635 
v 0.028448 0.03683 0.005842 
v 0.02794 0.03683 0.00635 
v 0.028448 0.03683 0.003175 
v 0.0272577 0.0375878 0.00635 
v 0.0273108 0.038093 0.005842 
v 0.0273364 0.0375753 0.00635 
v 0.027442 0.0380722 0.005842 
v 0.0274135 0.0375547 0.00635 
v 0.0275705 0.0380378 0.005842 
v 0.0274879 0.0375261 0.00635 
v 0.0276946 0.0379902 0.005842 
v 0.027559 0.0374899 0.00635 
v 0.027813 0.0379299 0.005842 
v 0.0276259 0.0374465 0.00635 
v 0.0279245 0.0378575 0.005842 
v 0.0276879 0.0373963 0.00635 
v 0.0280278 0.0377738 0.005842 
v 0.0277443 0.0373399 0.00635 
v 0.0281218 0.0376798 0.005842 
v 0.0277945 0.0372779 0.00635 
v 0.0282055 0.0375765 0.005842 
v 0.0278379 0.037211 0.00635 
v 0.0282779 0.037465 0.005842 
v 0.0278596 0.0371684 0.00635 
v 0.0283382 0.0373466 0.005842 
v 0.0278741 0.0371399 0.00635 
v 0.0279027 0.0370655 0.00635 
v 0.0283858 0.0372225 0.005842 
v 0.0279233 0.0369884 0.00635 
v 0.0284202 0.037094 0.005842 
v 0.0279358 0.0369097 0.00635 
v 0.028441 0.0369628 0.005842 
v 0.027178 0.0381 0.002667 
v 0.028441 0.0369628 0.003175 
v 0.0284202 0.037094 0.003175 
v 0.0283858 0.0372225 0.003175 
v 0.0283382 0.0373466 0.003175 
v 0.0282779 0.037465 0.003175 
v 0.0282055 0.0375765 0.003175 
v 0.028194 0.037592 0.003175 
v 0.0281218 0.0376798 0.0030872 
v 0.0280278 0.0377738 0.00299321 
v 0.0279245 0.0378575 0.00290955 
v 0.0278697 0.0378951 0.00287189 
v 0.027813 0.0379299 0.00283715 
v 0.0277546 0.0379616 0.00280542 
v 0.0276946 0.0379902 0.0027768 
v 0.0276331 0.0380156 0.00275135 
v 0.0275705 0.0380378 0.00272916 
v 0.0275067 0.0380567 0.00271027 
v 0.027442 0.0380722 0.00269475 
v 0.0273767 0.0380844 0.00268264 
v 0.0273108 0.038093 0.00267396 
v 0.0272445 0.0380983 0.00266874 
v 0.03175 0.037592 0.003175 
v 0.0323607 0.03756 0.003175 
v 0.0329646 0.0374643 0.003175 
v 0.0335553 0.0373061 0.003175 
v 0.0341262 0.0370869 0.003175 
v 0.034671 0.0368093 0.003175 
v 0.0351838 0.0364763 0.003175 
v 0.0356591 0.0360915 0.003175 
v 0.0360915 0.0356591 0.003175 
v 0.0364763 0.0351838 0.003175 
v 0.0368093 0.034671 0.003175 
v 0.0370869 0.0341262 0.003175 
v 0.0373061 0.0335553 0.003175 
v 0.0374643 0.0329646 0.003175 
v 0.03756 0.0323607 0.003175 
v 0.0304919 0.0322923 0.003175 
v 0.03048 0.032512 0.003175 
v 0.0305275 0.0320752 0.003175 
v 0.0307709 0.0314644 0.003175 
v 0.0306678 0.0316588 0.003175 
v 0.0308943 0.0312823 0.003175 
v 0.0313717 0.0308301 0.003175 
v 0.0311965 0.0309633 0.003175 
v 0.0315602 0.0307167 0.003175 
v 0.0338275 0.0340607 0.003175 
v 0.0339872 0.0339094 0.003175 
v 0.0336523 0.0341939 0.003175 
v 0.0310368 0.0339094 0.003175 
v 0.0304919 0.0327317 0.003175 
v 0.0305864 0.0318632 0.003175 
v 0.0310368 0.0311146 0.003175 
v 0.0341297 0.0337417 0.003175 
v 0.0334638 0.0343073 0.003175 
v 0.0332641 0.0343997 0.003175 
v 0.0306678 0.0333652 0.003175 
v 0.0307709 0.0335596 0.003175 
v 0.0305864 0.0331608 0.003175 
v 0.0305275 0.0329488 0.003175 
v 0.0317599 0.0306243 0.003175 
v 0.0330556 0.0344699 0.003175 
v 0.032622 0.034541 0.003175 
v 0.0328407 0.0345172 0.003175 
v 0.032402 0.034541 0.003175 
v 0.0311965 0.0340607 0.003175 
v 0.0321833 0.0345172 0.003175 
v 0.0319684 0.0305541 0.003175 
v 0.0321833 0.0305068 0.003175 
v 0.032402 0.030483 0.003175 
v 0.032622 0.030483 0.003175 
v 0.0341297 0.0312823 0.003175 
v 0.0339872 0.0311146 0.003175 
v 0.0345321 0.0327317 0.003175 
v 0.034544 0.032512 0.003175 
v 0.0344965 0.0329488 0.003175 
v 0.0343562 0.0333652 0.003175 
v 0.0342531 0.0335596 0.003175 
v 0.0315602 0.0343073 0.003175 
v 0.0317599 0.0343997 0.003175 
v 0.0313717 0.0341939 0.003175 
v 0.0344376 0.0331608 0.003175 
v 0.0319684 0.0344699 0.003175 
v 0.0308943 0.0337417 0.003175 
v 0.0328407 0.0305068 0.003175 
v 0.0332641 0.0306243 0.003175 
v 0.0338275 0.0309633 0.003175 
v 0.0336523 0.0308301 0.003175 
v 0.0330556 0.0305541 0.003175 
v 0.0334638 0.0307167 0.003175 
v 0.0344376 0.0318632 0.003175 
v 0.0343562 0.0316588 0.003175 
v 0.0345321 0.0322923 0.003175 
v 0.0342531 0.0314644 0.003175 
v 0.0344965 0.0320752 0.003175 
v 0.0304919 0.0322923 0 
v 0.03048 0.032512 0 
v 0.0305275 0.0320752 0 
v 0.0305864 0.0318632 0 
v 0.0306678 0.0316588 0 
v 0.0307709 0.0314644 0 
v 0.0308943 0.0312823 0 
v 0.0310368 0.0311146 0 
v 0.0311965 0.0309633 0 
v 0.0313717 0.0308301 0 
v 0.0315602 0.0307167 0 
v 0.0317599 0.0306243 0 
v 0.0319684 0.0305541 0 
v 0.0321833 0.0305068 0 
v 0.032402 0.030483 0 
v 0.032622 0.030483 0 
v 0.0328407 0.0305068 0 
v 0.0330556 0.0305541 0 
v 0.0332641 0.0306243 0 
v 0.0334638 0.0307167 0 
v 0.0336523 0.0308301 0 
v 0.0338275 0.0309633 0 
v 0.0339872 0.0311146 0 
v 0.0341297 0.0312823 0 
v 0.0342531 0.0314644 0 
v 0.0343562 0.0316588 0 
v 0.0344376 0.0318632 0 
v 0.0344965 0.0320752 0 
v 0.0345321 0.0322923 0 
v 0.034544 0.032512 0 
v 0.0345321 0.0327317 0 
v 0.0344965 0.0329488 0 
v 0.0344376 0.0331608 0 
v 0.0343562 0.0333652 0 
v 0.0342531 0.0335596 0 
v 0.0341297 0.0337417 0 
v 0.0339872 0.0339094 0 
v 0.0338275 0.0340607 0 
v 0.0336523 0.0341939 0 
v 0.0334638 0.0343073 0 
v 0.0332641 0.0343997 0 
v 0.0330556 0.0344699 0 
v 0.0328407 0.0345172 0 
v 0.032622 0.034541 0 
v 0.032402 0.034541 0 
v 0.0321833 0.0345172 0 
v 0.0319684 0.0344699 0 
v 0.0317599 0.0343997 0 
v 0.0315602 0.0343073 0 
v 0.0313717 0.0341939 0 
v 0.0311965 0.0340607 0 
v 0.0310368 0.0339094 0 
v 0.0308943 0.0337417 0 
v 0.0307709 0.0335596 0 
v 0.0306678 0.0333652 0 
v 0.0305864 0.0331608 0 
v 0.0305275 0.0329488 0 
v 0.0304919 0.0327317 0 
v -0.0267316 0.0259007 0 
v -0.0271156 0.028243 0 
v -0.0272441 0.0282291 0 
v -0.0267316 0.0282013 0 
v -0.0268579 0.0282291 0 
v -0.0266091 0.025942 0 
v -0.0269864 0.025859 0 
v -0.0268579 0.0258729 0 
v -0.0269864 0.028243 0 
v -0.0273704 0.0282013 0 
v -0.0274929 0.02816 0 
v -0.0271156 0.025859 0 
v -0.0273704 0.0259007 0 
v -0.0272441 0.0258729 0 
v -0.0264918 0.0281057 0 
v -0.0266091 0.02816 0 
v -0.0276102 0.0259963 0 
v -0.0274929 0.025942 0 
v -0.0280014 0.0277735 0 
v -0.0280739 0.0276665 0 
v -0.0278238 0.0279609 0 
v -0.0279177 0.027872 0 
v -0.0276102 0.0281057 0 
v -0.0277209 0.0280391 0 
v -0.0259197 0.0266698 0 
v -0.0261006 0.0263285 0 
v -0.0260281 0.0264355 0 
v -0.0262782 0.0261411 0 
v -0.0261843 0.02623 0 
v -0.0264918 0.0259963 0 
v -0.0263811 0.0260629 0 
v -0.0281345 0.0275523 0 
v -0.0281823 0.0274322 0 
v -0.0262782 0.0279609 0 
v -0.0263811 0.0280391 0 
v -0.0261006 0.0277735 0 
v -0.0261843 0.027872 0 
v -0.0259675 0.0275523 0 
v -0.0260281 0.0276665 0 
v -0.0259675 0.0265497 0 
v -0.0278238 0.0261411 0 
v -0.0277209 0.0260629 0 
v -0.0280014 0.0263285 0 
v -0.0279177 0.02623 0 
v -0.0281345 0.0265497 0 
v -0.0280739 0.0264355 0 
v -0.0258851 0.0273076 0 
v -0.0259197 0.0274322 0 
v -0.0282169 0.0267944 0 
v -0.0281823 0.0266698 0 
v -0.0282169 0.0273076 0 
v -0.0282378 0.0271801 0 
v -0.0258851 0.0267944 0 
v -0.0258642 0.0269219 0 
v -0.0282378 0.0269219 0 
v -0.0258572 0.027051 0 
v -0.0258642 0.0271801 0 
v -0.0282448 0.027051 0 
v 0.0269864 0.028243 0 
v 0.0268579 0.0282291 0 
v 0.0273704 0.0259007 0 
v 0.0274929 0.025942 0 
v 0.0271156 0.025859 0 
v 0.0272441 0.0258729 0 
v 0.0271156 0.028243 0 
v 0.0273704 0.0282013 0 
v 0.0272441 0.0282291 0 
v 0.0267316 0.0282013 0 
v 0.0266091 0.02816 0 
v 0.0269864 0.025859 0 
v 0.0267316 0.0259007 0 
v 0.0268579 0.0258729 0 
v 0.0266091 0.025942 0 
v 0.0276102 0.0281057 0 
v 0.0274929 0.02816 0 
v 0.0264918 0.0259963 0 
v 0.0261006 0.0277735 0 
v 0.0260281 0.0276665 0 
v 0.0262782 0.0279609 0 
v 0.0261843 0.027872 0 
v 0.0264918 0.0281057 0 
v 0.0263811 0.0280391 0 
v 0.0280014 0.0263285 0 
v 0.0280739 0.0264355 0 
v 0.0278238 0.0261411 0 
v 0.0279177 0.02623 0 
v 0.0276102 0.0259963 0 
v 0.0277209 0.0260629 0 
v 0.0259675 0.0275523 0 
v 0.0259197 0.0274322 0 
v 0.0278238 0.0279609 0 
v 0.0277209 0.0280391 0 
v 0.0280014 0.0277735 0 
v 0.0279177 0.027872 0 
v 0.0281345 0.0275523 0 
v 0.0280739 0.0276665 0 
v 0.0281345 0.0265497 0 
v 0.0281823 0.0266698 0 
v 0.0262782 0.0261411 0 
v 0.0263811 0.0260629 0 
v 0.0261006 0.0263285 0 
v 0.0261843 0.02623 0 
v 0.0259675 0.0265497 0 
v 0.0260281 0.0264355 0 
v 0.0258851 0.0267944 0 
v 0.0259197 0.0266698 0 
v 0.0282169 0.0273076 0 
v 0.0281823 0.0274322 0 
v 0.0282169 0.0267944 0 
v 0.0282378 0.0269219 0 
v 0.0258851 0.0273076 0 
v 0.0258642 0.0271801 0 
v 0.0282448 0.027051 0 
v 0.0282378 0.0271801 0 
v 0.0258572 0.027051 0 
v 0.0258642 0.0269219 0 
v 0.00513863 0.00604966 0 
v 0.00445442 0.00656978 0 
v 0.00371799 0.00701288 0 
v -0.007522 0.00253446 0 
v -0.00775193 0.00170633 0 
v -0.00631899 0.00480357 0 
v -0.0068013 0.00409221 0 
v -0.00445442 0.00656978 0 
v -0.00513863 0.00604966 0 
v 0.000429728 0.00792586 0 
v 0.00576259 0.00545861 0 
v -0.00789097 0.000858195 0 
v -0.00576259 0.00545861 0 
v -0.00371799 0.00701288 0 
v -0.00212351 0.00764818 0 
v -0.00293797 0.00737375 0 
v -0.000429728 0.00792586 0 
v 0.00631899 0.00480357 0 
v 0.00720388 0.00333287 0 
v 0.0068013 0.00409221 0 
v 0.0079375 2.91619e-18 0 
v 0.00789097 0.000858195 0 
v 0.00789097 -0.000858195 0 
v -0.00720388 0.00333287 0 
v -0.00128414 0.00783294 0 
v 0.00128414 0.00783294 0 
v 0.00775193 0.00170633 0 
v 0.007522 0.00253446 0 
v 0.007522 -0.00253446 0 
v 0.00775193 -0.00170633 0 
v -0.00445442 -0.00656978 0 
v -0.00371799 -0.00701288 0 
v 0.0068013 -0.00409221 0 
v 0.00720388 -0.00333287 0 
v 0.00576259 -0.00545861 0 
v 0.00631899 -0.00480357 0 
v -0.000429728 -0.00792586 0 
v -0.00212351 -0.00764818 0 
v -0.00128414 -0.00783294 0 
v -0.00513863 -0.00604966 0 
v -0.00631899 -0.00480357 0 
v -0.00576259 -0.00545861 0 
v -0.00720388 -0.00333287 0 
v -0.0068013 -0.00409221 0 
v 0.00293797 0.00737375 0 
v 0.00212351 0.00764818 0 
v 0.00445442 -0.00656978 0 
v 0.00513863 -0.00604966 0 
v 0.00128414 -0.00783294 0 
v 0.00212351 -0.00764818 0 
v 0.000429728 -0.00792586 0 
v -0.00293797 -0.00737375 0 
v -0.007522 -0.00253446 0 
v -0.0079375 0 0 
v 0.00371799 -0.00701288 0 
v -0.00775193 -0.00170633 0 
v -0.00789097 -0.000858195 0 
v 0.00293797 -0.00737375 0 
v -0.0269864 -0.028243 0 
v -0.0268579 -0.0282291 0 
v -0.0271156 -0.025859 0 
v -0.0272441 -0.0258729 0 
v -0.0267316 -0.0282013 0 
v -0.0266091 -0.02816 0 
v -0.0269864 -0.025859 0 
v -0.0267316 -0.0259007 0 
v -0.0268579 -0.0258729 0 
v -0.0273704 -0.0259007 0 
v -0.0274929 -0.025942 0 
v -0.0266091 -0.025942 0 
v -0.0271156 -0.028243 0 
v -0.0273704 -0.0282013 0 
v -0.0272441 -0.0282291 0 
v -0.0264918 -0.0259963 0 
v -0.0276102 -0.0281057 0 
v -0.0274929 -0.02816 0 
v -0.0280014 -0.0263285 0 
v -0.0280739 -0.0264355 0 
v -0.0278238 -0.0261411 0 
v -0.0279177 -0.02623 0 
v -0.0276102 -0.0259963 0 
v -0.0277209 -0.0260629 0 
v -0.0261006 -0.0277735 0 
v -0.0260281 -0.0276665 0 
v -0.0262782 -0.0279609 0 
v -0.0261843 -0.027872 0 
v -0.0264918 -0.0281057 0 
v -0.0263811 -0.0280391 0 
v -0.0281345 -0.0265497 0 
v -0.0281823 -0.0266698 0 
v -0.0262782 -0.0261411 0 
v -0.0263811 -0.0260629 0 
v -0.0261006 -0.0263285 0 
v -0.0261843 -0.02623 0 
v -0.0259675 -0.0265497 0 
v -0.0260281 -0.0264355 0 
v -0.0258851 -0.0267944 0 
v -0.0259197 -0.0266698 0 
v -0.0259675 -0.0275523 0 
v -0.0259197 -0.0274322 0 
v -0.0278238 -0.0279609 0 
v -0.0277209 -0.0280391 0 
v -0.0280014 -0.0277735 0 
v -0.0279177 -0.027872 0 
v -0.0281345 -0.0275523 0 
v -0.0280739 -0.0276665 0 
v -0.0282169 -0.0273076 0 
v -0.0281823 -0.0274322 0 
v -0.0282169 -0.0267944 0 
v -0.0282378 -0.0269219 0 
v -0.0258851 -0.0273076 0 
v -0.0258642 -0.0271801 0 
v -0.0258572 -0.027051 0 
v -0.0258642 -0.0269219 0 
v -0.0282448 -0.027051 0 
v -0.0282378 -0.0271801 0 
v 0.0269864 -0.025859 0 
v 0.0268579 -0.0258729 0 
v 0.0273704 -0.0282013 0 
v 0.0274929 -0.02816 0 
v 0.0271156 -0.028243 0 
v 0.0272441 -0.0282291 0 
v 0.0267316 -0.0259007 0 
v 0.0271156 -0.025859 0 
v 0.0273704 -0.0259007 0 
v 0.0272441 -0.0258729 0 
v 0.0267316 -0.0282013 0 
v 0.0268579 -0.0282291 0 
v 0.0266091 -0.025942 0 
v 0.0269864 -0.028243 0 
v 0.0276102 -0.0259963 0 
v 0.0274929 -0.025942 0 
v 0.0264918 -0.0281057 0 
v 0.0266091 -0.02816 0 
v 0.0259197 -0.0266698 0 
v 0.0261006 -0.0263285 0 
v 0.0260281 -0.0264355 0 
v 0.0262782 -0.0261411 0 
v 0.0261843 -0.02623 0 
v 0.0264918 -0.0259963 0 
v 0.0263811 -0.0260629 0 
v 0.0280014 -0.0277735 0 
v 0.0280739 -0.0276665 0 
v 0.0278238 -0.0279609 0 
v 0.0279177 -0.027872 0 
v 0.0276102 -0.0281057 0 
v 0.0277209 -0.0280391 0 
v 0.0259675 -0.0265497 0 
v 0.0278238 -0.0261411 0 
v 0.0277209 -0.0260629 0 
v 0.0280014 -0.0263285 0 
v 0.0279177 -0.02623 0 
v 0.0281345 -0.0265497 0 
v 0.0280739 -0.0264355 0 
v 0.0281345 -0.0275523 0 
v 0.0281823 -0.0274322 0 
v 0.0262782 -0.0279609 0 
v 0.0263811 -0.0280391 0 
v 0.0261006 -0.0277735 0 
v 0.0261843 -0.027872 0 
v 0.0259675 -0.0275523 0 
v 0.0260281 -0.0276665 0 
v 0.0282169 -0.0267944 0 
v 0.0281823 -0.0266698 0 
v 0.0258851 -0.0273076 0 
v 0.0259197 -0.0274322 0 
v 0.0258851 -0.0267944 0 
v 0.0258642 -0.0269219 0 
v 0.0282378 -0.0269219 0 
v 0.0282169 -0.0273076 0 
v 0.0282378 -0.0271801 0 
v 0.0282448 -0.027051 0 
v 0.0258572 -0.027051 0 
v 0.0258642 -0.0271801 0 
v -0.0168973 0.0293624 0 
v 0.0168973 0.0293624 0 
v 0.0293624 0.0293624 0 
v -0.036068 0.0293624 0 
v -0.036068 0.0168973 0 
v -0.0293624 0.0293624 0 
v -0.0293624 0.0168973 0 
v -0.0168973 0.0168973 0 
v 0.0168973 0.0168973 0 
v 0.0293624 0.0168973 0 
v -0.036068 -0.0168973 0 
v -0.0293624 -0.0168973 0 
v -0.0168973 -0.0168973 0 
v 0.0168973 -0.0168973 0 
v 0.0293624 -0.0168973 0 
v -0.036068 -0.0293624 0 
v -0.0293624 -0.0293624 0 
v -0.0168973 -0.0293624 0 
v 0.0168973 -0.0293624 0 
v 0.0293624 -0.0293624 0 
v -0.0168973 -0.036068 0 
v 0.0168973 -0.036068 0 
v 0.0293624 -0.036068 0 
v -0.0293624 -0.036068 0 
v -0.0282448 -0.027051 0.00635 
v -0.0282378 -0.0271801 0.00635 
v -0.0282169 -0.0273076 0.00635 
v -0.0281823 -0.0274322 0.00635 
v -0.0281345 -0.0275523 0.00635 
v -0.0280739 -0.0276665 0.00635 
v -0.0280014 -0.0277735 0.00635 
v -0.0279282 -0.0278596 0.00635 
v -0.0279177 -0.027872 0.00635 
v -0.0278596 -0.027927 0.00635 
v -0.0278238 -0.0279609 0.00635 
v -0.0277209 -0.0280391 0.00635 
v -0.0276102 -0.0281057 0.00635 
v -0.0274929 -0.02816 0.00635 
v -0.0273704 -0.0282013 0.00635 
v -0.0272441 -0.0282291 0.00635 
v -0.0271156 -0.028243 0.00635 
v -0.0269864 -0.028243 0.00635 
v -0.0268579 -0.0282291 0.00635 
v -0.0267316 -0.0282013 0.00635 
v -0.0266091 -0.02816 0.00635 
v -0.0264918 -0.0281057 0.00635 
v -0.0263811 -0.0280391 0.00635 
v -0.0262782 -0.0279609 0.00635 
v -0.0261843 -0.027872 0.00635 
v -0.0261738 -0.0278596 0.00635 
v -0.0261006 -0.0277735 0.00635 
v -0.0260281 -0.0276665 0.00635 
v -0.0259675 -0.0275523 0.00635 
v -0.0259197 -0.0274322 0.00635 
v -0.0258851 -0.0273076 0.00635 
v -0.0258642 -0.0271801 0.00635 
v -0.0258572 -0.027051 0.00635 
v -0.0258642 -0.0269219 0.00635 
v -0.0258851 -0.0267944 0.00635 
v -0.0259197 -0.0266698 0.00635 
v -0.0259675 -0.0265497 0.00635 
v -0.0260281 -0.0264355 0.00635 
v -0.0261006 -0.0263285 0.00635 
v -0.0261843 -0.02623 0.00635 
v -0.0262782 -0.0261411 0.00635 
v -0.0263811 -0.0260629 0.00635 
v -0.0264918 -0.0259963 0.00635 
v -0.0266091 -0.025942 0.00635 
v -0.0267316 -0.0259007 0.00635 
v -0.0268579 -0.0258729 0.00635 
v -0.0269864 -0.025859 0.00635 
v -0.0271156 -0.025859 0.00635 
v -0.0272441 -0.0258729 0.00635 
v -0.0273704 -0.0259007 0.00635 
v -0.0274929 -0.025942 0.00635 
v -0.0276102 -0.0259963 0.00635 
v -0.0277209 -0.0260629 0.00635 
v -0.0278596 -0.026175 0.00635 
v -0.0278238 -0.0261411 0.00635 
v -0.0279177 -0.02623 0.00635 
v -0.0280014 -0.0263285 0.00635 
v -0.0280739 -0.0264355 0.00635 
v -0.0281345 -0.0265497 0.00635 
v -0.0281823 -0.0266698 0.00635 
v -0.0282169 -0.0267944 0.00635 
v -0.0282378 -0.0269219 0.00635 
v -0.0282448 0.027051 0.00635 
v -0.0282378 0.0269219 0.00635 
v -0.0282169 0.0267944 0.00635 
v -0.0281823 0.0266698 0.00635 
v -0.0281345 0.0265497 0.00635 
v -0.0280739 0.0264355 0.00635 
v -0.0280014 0.0263285 0.00635 
v -0.0279177 0.02623 0.00635 
v -0.0278596 0.026175 0.00635 
v -0.0278238 0.0261411 0.00635 
v -0.0277209 0.0260629 0.00635 
v -0.0276102 0.0259963 0.00635 
v -0.0274929 0.025942 0.00635 
v -0.0273704 0.0259007 0.00635 
v -0.0272441 0.0258729 0.00635 
v -0.0271156 0.025859 0.00635 
v -0.0269864 0.025859 0.00635 
v -0.0268579 0.0258729 0.00635 
v -0.0267316 0.0259007 0.00635 
v -0.0266091 0.025942 0.00635 
v -0.0264918 0.0259963 0.00635 
v -0.0263811 0.0260629 0.00635 
v -0.0262782 0.0261411 0.00635 
v -0.0261843 0.02623 0.00635 
v -0.0261006 0.0263285 0.00635 
v -0.0260281 0.0264355 0.00635 
v -0.0259675 0.0265497 0.00635 
v -0.0259197 0.0266698 0.00635 
v -0.0258851 0.0267944 0.00635 
v -0.0258642 0.0269219 0.00635 
v -0.0258572 0.027051 0.00635 
v -0.0258642 0.0271801 0.00635 
v -0.0258851 0.0273076 0.00635 
v -0.0259197 0.0274322 0.00635 
v -0.0259675 0.0275523 0.00635 
v -0.0260281 0.0276665 0.00635 
v -0.0261006 0.0277735 0.00635 
v -0.0261738 0.0278596 0.00635 
v -0.0261843 0.027872 0.00635 
v -0.0262782 0.0279609 0.00635 
v -0.0263811 0.0280391 0.00635 
v -0.0264918 0.0281057 0.00635 
v -0.0266091 0.02816 0.00635 
v -0.0267316 0.0282013 0.00635 
v -0.0268579 0.0282291 0.00635 
v -0.0269864 0.028243 0.00635 
v -0.0271156 0.028243 0.00635 
v -0.0272441 0.0282291 0.00635 
v -0.0273704 0.0282013 0.00635 
v -0.0274929 0.02816 0.00635 
v -0.0276102 0.0281057 0.00635 
v -0.0277209 0.0280391 0.00635 
v -0.0278596 0.027927 0.00635 
v -0.0278238 0.0279609 0.00635 
v -0.0279177 0.027872 0.00635 
v -0.0279282 0.0278596 0.00635 
v -0.0280014 0.0277735 0.00635 
v -0.0280739 0.0276665 0.00635 
v -0.0281345 0.0275523 0.00635 
v -0.0281823 0.0274322 0.00635 
v -0.0282169 0.0273076 0.00635 
v -0.0282378 0.0271801 0.00635 
v 0.0258572 0.027051 0.00635 
v 0.0258642 0.0269219 0.00635 
v 0.0258851 0.0267944 0.00635 
v 0.0259197 0.0266698 0.00635 
v 0.0259675 0.0265497 0.00635 
v 0.0260281 0.0264355 0.00635 
v 0.0261006 0.0263285 0.00635 
v 0.0261843 0.02623 0.00635 
v 0.0262782 0.0261411 0.00635 
v 0.0263811 0.0260629 0.00635 
v 0.0264918 0.0259963 0.00635 
v 0.0266091 0.025942 0.00635 
v 0.0267316 0.0259007 0.00635 
v 0.0268579 0.0258729 0.00635 
v 0.0269864 0.025859 0.00635 
v 0.0271156 0.025859 0.00635 
v 0.0272441 0.0258729 0.00635 
v 0.0273704 0.0259007 0.00635 
v 0.0274929 0.025942 0.00635 
v 0.0276102 0.0259963 0.00635 
v 0.0277209 0.0260629 0.00635 
v 0.0278596 0.026175 0.00635 
v 0.0278238 0.0261411 0.00635 
v 0.0279177 0.02623 0.00635 
v 0.0280014 0.0263285 0.00635 
v 0.0280739 0.0264355 0.00635 
v 0.0281345 0.0265497 0.00635 
v 0.0281823 0.0266698 0.00635 
v 0.0282169 0.0267944 0.00635 
v 0.0282378 0.0269219 0.00635 
v 0.0282448 0.027051 0.00635 
v 0.0282378 0.0271801 0.00635 
v 0.0282169 0.0273076 0.00635 
v 0.0281823 0.0274322 0.00635 
v 0.0281345 0.0275523 0.00635 
v 0.0280739 0.0276665 0.00635 
v 0.0280014 0.0277735 0.00635 
v 0.0279282 0.0278596 0.00635 
v 0.0279177 0.027872 0.00635 
v 0.0278596 0.027927 0.00635 
v 0.0278238 0.0279609 0.00635 
v 0.0277209 0.0280391 0.00635 
v 0.0276102 0.0281057 0.00635 
v 0.0274929 0.02816 0.00635 
v 0.0273704 0.0282013 0.00635 
v 0.0272441 0.0282291 0.00635 
v 0.0271156 0.028243 0.00635 
v 0.0269864 0.028243 0.00635 
v 0.0268579 0.0282291 0.00635 
v 0.0267316 0.0282013 0.00635 
v 0.0266091 0.02816 0.00635 
v 0.0264918 0.0281057 0.00635 
v 0.0263811 0.0280391 0.00635 
v 0.0262782 0.0279609 0.00635 
v 0.0261843 0.027872 0.00635 
v 0.0261738 0.0278596 0.00635 
v 0.0261006 0.0277735 0.00635 
v 0.0260281 0.0276665 0.00635 
v 0.0259675 0.0275523 0.00635 
v 0.0259197 0.0274322 0.00635 
v 0.0258851 0.0273076 0.00635 
v 0.0258642 0.0271801 0.00635 
v 0.0258572 -0.027051 0.00635 
v 0.0258642 -0.0271801 0.00635 
v 0.0258851 -0.0273076 0.00635 
v 0.0259197 -0.0274322 0.00635 
v 0.0259675 -0.0275523 0.00635 
v 0.0260281 -0.0276665 0.00635 
v 0.0261006 -0.0277735 0.00635 
v 0.0261738 -0.0278596 0.00635 
v 0.0261843 -0.027872 0.00635 
v 0.0262782 -0.0279609 0.00635 
v 0.0263811 -0.0280391 0.00635 
v 0.0264918 -0.0281057 0.00635 
v 0.0266091 -0.02816 0.00635 
v 0.0267316 -0.0282013 0.00635 
v 0.0268579 -0.0282291 0.00635 
v 0.0269864 -0.028243 0.00635 
v 0.0271156 -0.028243 0.00635 
v 0.0272441 -0.0282291 0.00635 
v 0.0273704 -0.0282013 0.00635 
v 0.0274929 -0.02816 0.00635 
v 0.0276102 -0.0281057 0.00635 
v 0.0277209 -0.0280391 0.00635 
v 0.0278596 -0.027927 0.00635 
v 0.0278238 -0.0279609 0.00635 
v 0.0279177 -0.027872 0.00635 
v 0.0279282 -0.0278596 0.00635 
v 0.0280014 -0.0277735 0.00635 
v 0.0280739 -0.0276665 0.00635 
v 0.0281345 -0.0275523 0.00635 
v 0.0281823 -0.0274322 0.00635 
v 0.0282169 -0.0273076 0.00635 
v 0.0282378 -0.0271801 0.00635 
v 0.0282448 -0.027051 0.00635 
v 0.0282378 -0.0269219 0.00635 
v 0.0282169 -0.0267944 0.00635 
v 0.0281823 -0.0266698 0.00635 
v 0.0281345 -0.0265497 0.00635 
v 0.0280739 -0.0264355 0.00635 
v 0.0280014 -0.0263285 0.00635 
v 0.0279177 -0.02623 0.00635 
v 0.0278596 -0.026175 0.00635 
v 0.0278238 -0.0261411 0.00635 
v 0.0277209 -0.0260629 0.00635 
v 0.0276102 -0.0259963 0.00635 
v 0.0274929 -0.025942 0.00635 
v 0.0273704 -0.0259007 0.00635 
v 0.0272441 -0.0258729 0.00635 
v 0.0271156 -0.025859 0.00635 
v 0.0269864 -0.025859 0.00635 
v 0.0268579 -0.0258729 0.00635 
v 0.0267316 -0.0259007 0.00635 
v 0.0266091 -0.025942 0.00635 
v 0.0264918 -0.0259963 0.00635 
v 0.0263811 -0.0260629 0.00635 
v 0.0262782 -0.0261411 0.00635 
v 0.0261843 -0.02623 0.00635 
v 0.0261006 -0.0263285 0.00635 
v 0.0260281 -0.0264355 0.00635 
v 0.0259675 -0.0265497 0.00635 
v 0.0259197 -0.0266698 0.00635 
v 0.0258851 -0.0267944 0.00635 
v 0.0258642 -0.0269219 0.00635 
v -0.0079375 -6.07785e-18 0.005842 
v -0.00789097 -0.000858195 0.005842 
v -0.00775193 -0.00170633 0.005842 
v -0.007522 -0.00253446 0.005842 
v -0.00720388 -0.00333287 0.005842 
v -0.0068013 -0.00409221 0.005842 
v -0.00631899 -0.00480357 0.005842 
v -0.00576259 -0.00545861 0.005842 
v -0.00513863 -0.00604966 0.005842 
v -0.00445442 -0.00656978 0.005842 
v -0.00371799 -0.00701288 0.005842 
v -0.00293797 -0.00737375 0.005842 
v -0.00212351 -0.00764818 0.005842 
v -0.00128414 -0.00783294 0.005842 
v -0.000429728 -0.00792586 0.005842 
v 0.000429728 -0.00792586 0.005842 
v 0.00128414 -0.00783294 0.005842 
v 0.00212351 -0.00764818 0.005842 
v 0.00293797 -0.00737375 0.005842 
v 0.00371799 -0.00701288 0.005842 
v 0.00445442 -0.00656978 0.005842 
v 0.00513863 -0.00604966 0.005842 
v 0.00576259 -0.00545861 0.005842 
v 0.00631899 -0.00480357 0.005842 
v 0.0068013 -0.00409221 0.005842 
v 0.00720388 -0.00333287 0.005842 
v 0.007522 -0.00253446 0.005842 
v 0.00775193 -0.00170633 0.005842 
v 0.00789097 -0.000858195 0.005842 
v 0.0079375 0 0.005842 
v 0.00789097 0.000858195 0.005842 
v 0.00775193 0.00170633 0.005842 
v 0.007522 0.00253446 0.005842 
v 0.00720388 0.00333287 0.005842 
v 0.0068013 0.00409221 0.005842 
v 0.00631899 0.00480357 0.005842 
v 0.00576259 0.00545861 0.005842 
v 0.00513863 0.00604966 0.005842 
v 0.00445442 0.00656978 0.005842 
v 0.00371799 0.00701288 0.005842 
v 0.00293797 0.00737375 0.005842 
v 0.00212351 0.00764818 0.005842 
v 0.00128414 0.00783294 0.005842 
v 0.000429728 0.00792586 0.005842 
v -0.000429728 0.00792586 0.005842 
v -0.00128414 0.00783294 0.005842 
v -0.00212351 0.00764818 0.005842 
v -0.00293797 0.00737375 0.005842 
v -0.00371799 0.00701288 0.005842 
v -0.00445442 0.00656978 0.005842 
v -0.00513863 0.00604966 0.005842 
v -0.00576259 0.00545861 0.005842 
v -0.00631899 0.00480357 0.005842 
v -0.0068013 0.00409221 0.005842 
v -0.00720388 0.00333287 0.005842 
v -0.007522 0.00253446 0.005842 
v -0.00775193 0.00170633 0.005842 
v -0.00789097 0.000858195 0.005842 
v 0.0084455 -2.06855e-18 0.00635 
v 0.00839599 0.000913119 0.00635 
v 0.00824805 0.00181553 0.00635 
v 0.0080034 0.00269666 0.00635 
v 0.00766493 0.00354617 0.00635 
v 0.00723659 0.00435411 0.00635 
v 0.0067234 0.005111 0.00635 
v 0.00613139 0.00580797 0.00635 
v 0.0054675 0.00643684 0.00635 
v 0.00473951 0.00699025 0.00635 
v 0.00395594 0.0074617 0.00635 
v 0.003126 0.00784567 0.00635 
v 0.00225941 0.00813766 0.00635 
v 0.00136633 0.00833424 0.00635 
v 0.00045723 0.00843311 0.00635 
v -0.00045723 0.00843311 0.00635 
v -0.00136633 0.00833424 0.00635 
v -0.00225941 0.00813766 0.00635 
v -0.003126 0.00784567 0.00635 
v -0.00395594 0.0074617 0.00635 
v -0.00473951 0.00699025 0.00635 
v -0.0054675 0.00643684 0.00635 
v -0.00613139 0.00580797 0.00635 
v -0.0067234 0.005111 0.00635 
v -0.00723659 0.00435411 0.00635 
v -0.00766493 0.00354617 0.00635 
v -0.0080034 0.00269666 0.00635 
v -0.00824805 0.00181553 0.00635 
v -0.00839599 0.000913119 0.00635 
v -0.0084455 -6.46684e-18 0.00635 
v -0.00839599 -0.000913119 0.00635 
v -0.00824805 -0.00181553 0.00635 
v -0.0080034 -0.00269666 0.00635 
v -0.00766493 -0.00354617 0.00635 
v -0.00723659 -0.00435411 0.00635 
v -0.0067234 -0.005111 0.00635 
v -0.00613139 -0.00580797 0.00635 
v -0.0054675 -0.00643684 0.00635 
v -0.00473951 -0.00699025 0.00635 
v -0.00395594 -0.0074617 0.00635 
v -0.003126 -0.00784567 0.00635 
v -0.00225941 -0.00813766 0.00635 
v -0.00136633 -0.00833424 0.00635 
v -0.00045723 -0.00843311 0.00635 
v 0.00045723 -0.00843311 0.00635 
v 0.00136633 -0.00833424 0.00635 
v 0.00225941 -0.00813766 0.00635 
v 0.003126 -0.00784567 0.00635 
v 0.00395594 -0.0074617 0.00635 
v 0.00473951 -0.00699025 0.00635 
v 0.0054675 -0.00643684 0.00635 
v 0.00613139 -0.00580797 0.00635 
v 0.0067234 -0.005111 0.00635 
v 0.00723659 -0.00435411 0.00635 
v 0.00766493 -0.00354617 0.00635 
v 0.0080034 -0.00269666 0.00635 
v 0.00824805 -0.00181553 0.00635 
v 0.00839599 -0.000913119 0.00635 
v -0.0219775 -0.035052 0.00635 
v -0.0274744 -0.033263 0.00635 
v -0.0274635 -0.0330764 0.00635 
v -0.0274405 -0.0328062 0.00635 
v -0.0274658 -0.0334496 0.00635 
v -0.0260676 -0.0350128 0.00635 
v -0.026248 -0.0349643 0.00635 
v -0.0274376 -0.0336343 0.00635 
v -0.025883 -0.0350422 0.00635 
v -0.0256965 -0.035052 0.00635 
v -0.0273902 -0.033815 0.00635 
v -0.0271388 -0.0343137 0.00635 
v -0.0272399 -0.0341566 0.00635 
v -0.0267451 -0.0347098 0.00635 
v -0.02689 -0.0345919 0.00635 
v -0.0264223 -0.0348971 0.00635 
v -0.0256612 -0.0310587 0.00635 
v -0.025262 -0.0308971 0.00635 
v -0.027324 -0.0339898 0.00635 
v -0.0270217 -0.0344593 0.00635 
v -0.0265886 -0.034812 0.00635 
v -0.0248812 -0.0306958 0.00635 
v -0.0260747 -0.0311789 0.00635 
v -0.0273179 -0.0322528 0.00635 
v -0.0272386 -0.0320806 0.00635 
v -0.0237212 -0.0298747 0.00635 
v -0.023546 -0.0298067 0.00635 
v -0.0240452 -0.0300639 0.00635 
v -0.0238882 -0.0299607 0.00635 
v -0.0245228 -0.030457 0.00635 
v -0.0273784 -0.0324326 0.00635 
v -0.0274195 -0.0326177 0.00635 
v -0.0233646 -0.0297576 0.00635 
v -0.0241905 -0.0301831 0.00635 
v -0.0271414 -0.0319177 0.00635 
v -0.0270274 -0.0317661 0.00635 
v -0.0262567 -0.0312324 0.00635 
v -0.0268979 -0.0316276 0.00635 
v -0.0267544 -0.0315036 0.00635 
v -0.0231791 -0.0297279 0.00635 
v -0.0229914 -0.029718 0.00635 
v -0.0265985 -0.0313956 0.00635 
v -0.0264319 -0.0313049 0.00635 
v -0.0219775 -0.029718 0.00635 
v 0.0219775 -0.029718 0.00635 
v 0.0245228 -0.030457 0.00635 
v 0.0248812 -0.0306958 0.00635 
v 0.0241905 -0.0301831 0.00635 
v 0.025262 -0.0308971 0.00635 
v 0.0256965 -0.035052 0.00635 
v 0.02689 -0.0345919 0.00635 
v 0.0267451 -0.0347098 0.00635 
v 0.0256612 -0.0310587 0.00635 
v 0.0231791 -0.0297279 0.00635 
v 0.0233646 -0.0297576 0.00635 
v 0.0229914 -0.029718 0.00635 
v 0.025883 -0.0350422 0.00635 
v 0.0270217 -0.0344593 0.00635 
v 0.0274376 -0.0336343 0.00635 
v 0.0273902 -0.033815 0.00635 
v 0.0240452 -0.0300639 0.00635 
v 0.023546 -0.0298067 0.00635 
v 0.0260676 -0.0350128 0.00635 
v 0.0271388 -0.0343137 0.00635 
v 0.027324 -0.0339898 0.00635 
v 0.0274744 -0.033263 0.00635 
v 0.0274658 -0.0334496 0.00635 
v 0.0260747 -0.0311789 0.00635 
v 0.026248 -0.0349643 0.00635 
v 0.0265886 -0.034812 0.00635 
v 0.0264223 -0.0348971 0.00635 
v 0.0272399 -0.0341566 0.00635 
v 0.0274635 -0.0330764 0.00635 
v 0.0238882 -0.0299607 0.00635 
v 0.0237212 -0.0298747 0.00635 
v 0.0274405 -0.0328062 0.00635 
v 0.0274195 -0.0326177 0.00635 
v 0.0264319 -0.0313049 0.00635 
v 0.0265985 -0.0313956 0.00635 
v 0.0262567 -0.0312324 0.00635 
v 0.0270274 -0.0317661 0.00635 
v 0.0271414 -0.0319177 0.00635 
v 0.0267544 -0.0315036 0.00635 
v 0.0268979 -0.0316276 0.00635 
v 0.0273784 -0.0324326 0.00635 
v 0.0272386 -0.0320806 0.00635 
v 0.0273179 -0.0322528 0.00635 
v -0.0219775 0.029718 0.00635 
v -0.0219775 0.035052 0.00635 
v 0.0219775 0.035052 0.00635 
v 0.035052 0.0251206 0.00635 
v 0.035052 0.00913538 0.00635 
v 0.035052 -0.00913538 0.00635 
v 0.035052 -0.0251206 0.00635 
v 0.0303933 -0.0244391 0.00635 
v 0.030093 -0.0240948 0.00635 
v 0.0297574 -0.0237847 0.00635 
v 0.0293903 -0.0235126 0.00635 
v 0.0306549 -0.0248138 0.00635 
v 0.0289961 -0.0232815 0.00635 
v 0.0285794 -0.0230941 0.00635 
v 0.0308231 -0.0251206 0.00635 
v 0.0281449 -0.0229527 0.00635 
v 0.026872 -0.0227571 0.00635 
v 0.0266931 -0.0226998 0.00635 
v 0.0270561 -0.0227951 0.00635 
v 0.0265212 -0.022624 0.00635 
v 0.0278596 -0.0228928 0.00635 
v 0.0276977 -0.0228588 0.00635 
v 0.0263582 -0.0225305 0.00635 
v 0.0272431 -0.0228135 0.00635 
v 0.026206 -0.0224203 0.00635 
v 0.0260663 -0.0222946 0.00635 
v 0.0266931 0.0226998 0.00635 
v 0.026872 0.0227571 0.00635 
v 0.0265212 0.022624 0.00635 
v 0.0219775 0.0182058 0.00635 
v 0.0260663 0.0222946 0.00635 
v 0.0272431 0.0228135 0.00635 
v 0.0276977 0.0228588 0.00635 
v 0.0263582 0.0225305 0.00635 
v 0.026206 0.0224203 0.00635 
v 0.0270561 0.0227951 0.00635 
v 0.0303933 0.0244391 0.00635 
v 0.0306549 0.0248138 0.00635 
v 0.0289961 0.0232815 0.00635 
v 0.0293903 0.0235126 0.00635 
v 0.030093 0.0240948 0.00635 
v 0.0285794 0.0230941 0.00635 
v 0.0278596 0.0228928 0.00635 
v 0.0281449 0.0229527 0.00635 
v 0.0297574 0.0237847 0.00635 
v -0.035052 -0.0251206 0.00635 
v -0.035052 -0.00913538 0.00635 
v -0.035052 0.00913538 0.00635 
v -0.030093 0.0240948 0.00635 
v -0.0297574 0.0237847 0.00635 
v -0.0303933 0.0244391 0.00635 
v -0.0289961 0.0232815 0.00635 
v -0.0285794 0.0230941 0.00635 
v -0.0306549 0.0248138 0.00635 
v -0.0293903 0.0235126 0.00635 
v -0.0308231 0.0251206 0.00635 
v -0.0281449 0.0229527 0.00635 
v -0.0266931 0.0226998 0.00635 
v -0.0265212 0.022624 0.00635 
v -0.026872 0.0227571 0.00635 
v -0.0263582 0.0225305 0.00635 
v -0.0278596 0.0228928 0.00635 
v -0.0276977 0.0228588 0.00635 
v -0.0270561 0.0227951 0.00635 
v -0.0272431 0.0228135 0.00635 
v -0.026206 0.0224203 0.00635 
v -0.0260663 0.0222946 0.00635 
v -0.0175771 0.0213488 0.00635 
v -0.0219775 0.0182058 0.00635 
v -0.0129071 0.00913538 0.00635 
v -0.00457639 0.00998688 0.00635 
v -0.00117781 0.0109222 0.00635 
v -0.00234204 0.0107329 0.00635 
v 0.00117781 0.0109222 0.00635 
v -5.55121e-18 0.0109855 0.00635 
v 0.00347927 0.01042 0.00635 
v 0.00234204 0.0107329 0.00635 
v -0.00644079 0.0102254 0.00635 
v -0.00657431 0.010346 0.00635 
v 0.00474357 0.00992029 0.00635 
v -0.00491663 0.00987094 0.00635 
v -0.00509379 0.00983933 0.00635 
v 0.00457639 0.00998688 0.00635 
v 0.0129071 0.00913538 0.00635 
v 0.00527324 0.0098258 0.00635 
v 0.00563164 0.00985331 0.00635 
v 0.00545314 0.00983047 0.00635 
v 0.00597719 0.00995234 0.00635 
v 0.00580692 0.00989407 0.00635 
v -0.00629575 0.0101188 0.00635 
v -0.00597719 0.00995234 0.00635 
v -0.00614069 0.0100275 0.00635 
v -0.00545314 0.00983047 0.00635 
v -0.00563164 0.00985331 0.00635 
v -0.00527324 0.0098258 0.00635 
v 0.00509379 0.00983933 0.00635 
v 0.00491663 0.00987094 0.00635 
v 0.00614069 0.0100275 0.00635 
v 0.00644079 0.0102254 0.00635 
v 0.00629575 0.0101188 0.00635 
v 0.0175771 0.0213488 0.00635 
v 0.00657431 0.010346 0.00635 
v -0.00580692 0.00989407 0.00635 
v -0.00474357 0.00992029 0.00635 
v -0.00347927 0.01042 0.00635 
v 0.0177042 0.0214904 0.00635 
v 0.0178156 0.0216447 0.00635 
v -0.0180696 0.0229217 0.00635 
v -0.0180258 0.0231069 0.00635 
v 0.0179098 0.0218101 0.00635 
v 0.0180426 0.0221663 0.00635 
v 0.0179857 0.0219847 0.00635 
v 0.0180967 0.0225425 0.00635 
v 0.0180797 0.022353 0.00635 
v -0.0179625 0.0232864 0.00635 
v 0.0180696 0.0229217 0.00635 
v 0.0180933 0.0227328 0.00635 
v -0.0163198 0.024384 0.00635 
v 0.0163198 0.024384 0.00635 
v -0.0178803 0.0234581 0.00635 
v -0.0180967 0.0225425 0.00635 
v -0.0180933 0.0227328 0.00635 
v -0.0180797 0.022353 0.00635 
v -0.0177042 0.0214904 0.00635 
v -0.0178156 0.0216447 0.00635 
v 0.0180258 0.0231069 0.00635 
v 0.0178803 0.0234581 0.00635 
v 0.0179625 0.0232864 0.00635 
v 0.0172271 0.0241351 0.00635 
v 0.0173853 0.0240294 0.00635 
v -0.0165099 0.0243738 0.00635 
v -0.0170584 0.0242233 0.00635 
v -0.0168813 0.024293 0.00635 
v -0.0180426 0.0221663 0.00635 
v -0.0179098 0.0218101 0.00635 
v -0.0179857 0.0219847 0.00635 
v 0.0170584 0.0242233 0.00635 
v 0.0165099 0.0243738 0.00635 
v 0.0166978 0.0243434 0.00635 
v -0.0166978 0.0243434 0.00635 
v 0.0177803 0.02362 0.00635 
v 0.0175314 0.0239073 0.00635 
v 0.0176635 0.0237703 0.00635 
v 0.0168813 0.024293 0.00635 
v -0.0172271 0.0241351 0.00635 
v -0.0175314 0.0239073 0.00635 
v -0.0173853 0.0240294 0.00635 
v -0.0177803 0.02362 0.00635 
v -0.0176635 0.0237703 0.00635 
v 0.00985331 0.00563164 0.00635 
v 0.00989407 0.00580692 0.00635 
v 0.00992029 0.00474357 0.00635 
v -0.00995234 0.00597719 0.00635 
v -0.00989407 0.00580692 0.00635 
v 0.00983047 0.00545314 0.00635 
v 0.00987094 0.00491663 0.00635 
v -0.00985331 0.00563164 0.00635 
v 0.00995234 -0.00597719 0.00635 
v 0.00989407 -0.00580692 0.00635 
v 0.0098258 0.00527324 0.00635 
v 0.00983933 0.00509379 0.00635 
v -0.0098258 0.00527324 0.00635 
v -0.00983933 0.00509379 0.00635 
v -0.00983047 0.00545314 0.00635 
v 0.00985331 -0.00563164 0.00635 
v -0.0100275 0.00614069 0.00635 
v -0.010346 0.00657431 0.00635 
v -0.00987094 0.00491663 0.00635 
v -0.00992029 0.00474357 0.00635 
v -0.00992029 -0.00474357 0.00635 
v -0.0102254 -0.00644079 0.00635 
v -0.010346 -0.00657431 0.00635 
v -0.0129071 -0.00913538 0.00635 
v 0.0100275 -0.00614069 0.00635 
v 0.0102254 -0.00644079 0.00635 
v 0.0101188 -0.00629575 0.00635 
v 0.0098258 -0.00527324 0.00635 
v 0.00983933 -0.00509379 0.00635 
v 0.00983047 -0.00545314 0.00635 
v 0.0107329 0.00234204 0.00635 
v 0.01042 0.00347927 0.00635 
v 0.00998688 0.00457639 0.00635 
v 0.0102254 0.00644079 0.00635 
v 0.010346 0.00657431 0.00635 
v 0.00995234 0.00597719 0.00635 
v -0.0101188 0.00629575 0.00635 
v -0.0102254 0.00644079 0.00635 
v -0.00985331 -0.00563164 0.00635 
v -0.00989407 -0.00580692 0.00635 
v -0.0098258 -0.00527324 0.00635 
v -0.00983047 -0.00545314 0.00635 
v -0.00987094 -0.00491663 0.00635 
v -0.00983933 -0.00509379 0.00635 
v -0.00998688 -0.00457639 0.00635 
v -0.0101188 -0.00629575 0.00635 
v 0.0129071 -0.00913538 0.00635 
v 0.010346 -0.00657431 0.00635 
v 0.00987094 -0.00491663 0.00635 
v 0.00992029 -0.00474357 0.00635 
v 0.0101188 0.00629575 0.00635 
v 0.0100275 0.00614069 0.00635 
v -0.0100275 -0.00614069 0.00635 
v -0.00995234 -0.00597719 0.00635 
v -0.00998688 0.00457639 0.00635 
v -0.01042 0.00347927 0.00635 
v -0.0107329 0.00234204 0.00635 
v -0.0109222 -0.00117781 0.00635 
v -0.0107329 -0.00234204 0.00635 
v -0.01042 -0.00347927 0.00635 
v 0.00998688 -0.00457639 0.00635 
v 0.01042 -0.00347927 0.00635 
v 0.0107329 -0.00234204 0.00635 
v 0.0109222 -0.00117781 0.00635 
v -0.0109222 0.00117781 0.00635 
v -0.0109855 -2.69067e-18 0.00635 
v 0.0109222 0.00117781 0.00635 
v 0.0109855 -3.53321e-18 0.00635 
v 0.00347927 -0.01042 0.00635 
v -0.00117781 -0.0109222 0.00635 
v 2.018e-18 -0.0109855 0.00635 
v 0.00117781 -0.0109222 0.00635 
v -0.00234204 -0.0107329 0.00635 
v -0.00347927 -0.01042 0.00635 
v 0.0175771 -0.0213488 0.00635 
v 0.0219775 -0.0182058 0.00635 
v -0.00457639 -0.00998688 0.00635 
v 0.00644079 -0.0102254 0.00635 
v 0.00657431 -0.010346 0.00635 
v -0.00474357 -0.00992029 0.00635 
v 0.00509379 -0.00983933 0.00635 
v 0.00527324 -0.0098258 0.00635 
v 0.00234204 -0.0107329 0.00635 
v 0.00545314 -0.00983047 0.00635 
v 0.00563164 -0.00985331 0.00635 
v 0.00457639 -0.00998688 0.00635 
v -0.00527324 -0.0098258 0.00635 
v -0.00563164 -0.00985331 0.00635 
v -0.00545314 -0.00983047 0.00635 
v -0.0175771 -0.0213488 0.00635 
v -0.00657431 -0.010346 0.00635 
v 0.00629575 -0.0101188 0.00635 
v 0.00580692 -0.00989407 0.00635 
v 0.00597719 -0.00995234 0.00635 
v -0.00509379 -0.00983933 0.00635 
v -0.00491663 -0.00987094 0.00635 
v -0.00597719 -0.00995234 0.00635 
v -0.00580692 -0.00989407 0.00635 
v -0.00629575 -0.0101188 0.00635 
v -0.00614069 -0.0100275 0.00635 
v -0.0219775 -0.0182058 0.00635 
v 0.00614069 -0.0100275 0.00635 
v 0.00474357 -0.00992029 0.00635 
v -0.0177042 -0.0214904 0.00635 
v 0.00491663 -0.00987094 0.00635 
v -0.00644079 -0.0102254 0.00635 
v 0.0180797 -0.022353 0.00635 
v 0.0180426 -0.0221663 0.00635 
v 0.0177042 -0.0214904 0.00635 
v 0.0178156 -0.0216447 0.00635 
v -0.0178156 -0.0216447 0.00635 
v -0.0180797 -0.022353 0.00635 
v -0.0180426 -0.0221663 0.00635 
v -0.0180967 -0.0225425 0.00635 
v -0.0180696 -0.0229217 0.00635 
v -0.0180933 -0.0227328 0.00635 
v -0.0173853 -0.0240294 0.00635 
v -0.0175314 -0.0239073 0.00635 
v 0.0163198 -0.024384 0.00635 
v -0.0163198 -0.024384 0.00635 
v 0.0173853 -0.0240294 0.00635 
v 0.0172271 -0.0241351 0.00635 
v 0.0179857 -0.0219847 0.00635 
v 0.0179098 -0.0218101 0.00635 
v -0.0179098 -0.0218101 0.00635 
v -0.0179857 -0.0219847 0.00635 
v -0.0179625 -0.0232864 0.00635 
v -0.0180258 -0.0231069 0.00635 
v -0.0177803 -0.02362 0.00635 
v -0.0178803 -0.0234581 0.00635 
v -0.0176635 -0.0237703 0.00635 
v -0.0166978 -0.0243434 0.00635 
v -0.0168813 -0.024293 0.00635 
v 0.0165099 -0.0243738 0.00635 
v 0.0168813 -0.024293 0.00635 
v 0.0166978 -0.0243434 0.00635 
v 0.0170584 -0.0242233 0.00635 
v 0.0177803 -0.02362 0.00635 
v 0.0176635 -0.0237703 0.00635 
v -0.0165099 -0.0243738 0.00635 
v 0.0178803 -0.0234581 0.00635 
v 0.0180258 -0.0231069 0.00635 
v 0.0179625 -0.0232864 0.00635 
v -0.0170584 -0.0242233 0.00635 
v -0.0172271 -0.0241351 0.00635 
v 0.0175314 -0.0239073 0.00635 
v 0.0180933 -0.0227328 0.00635 
v 0.0180696 -0.0229217 0.00635 
v 0.0180967 -0.0225425 0.00635 
v -0.0268251 -0.0228152 0.00635 
v -0.027279 -0.0228153 0.00635 
v -0.0277304 -0.022864 0.00635 
v -0.0266045 -0.0228328 0.00635 
v -0.0278596 -0.0228921 0.00635 
v -0.0281739 -0.0229605 0.00635 
v -0.0297712 -0.0237963 0.00635 
v -0.0301034 -0.0241056 0.00635 
v -0.0290175 -0.0232926 0.00635 
v -0.0294078 -0.0235242 0.00635 
v -0.0286046 -0.0231039 0.00635 
v -0.0304007 -0.0244486 0.00635 
v -0.0306596 -0.0248215 0.00635 
v -0.0343137 -0.0271388 0.00635 
v -0.0344593 -0.0270217 0.00635 
v -0.0341566 -0.0272399 0.00635 
v -0.033815 -0.0273902 0.00635 
v -0.0339898 -0.027324 0.00635 
v -0.033263 -0.0274744 0.00635 
v -0.0334496 -0.0274658 0.00635 
v -0.034812 -0.0265886 0.00635 
v -0.0348971 -0.0264223 0.00635 
v -0.0336343 -0.0274376 0.00635 
v -0.0350128 -0.0260676 0.00635 
v -0.0349643 -0.026248 0.00635 
v -0.0345919 -0.02689 0.00635 
v -0.0347098 -0.0267451 0.00635 
v -0.0350422 -0.025883 0.00635 
v -0.035052 -0.0256965 0.00635 
v -0.0328062 -0.0274405 0.00635 
v -0.0330764 -0.0274635 0.00635 
v -0.0326177 -0.0274195 0.00635 
v -0.0313049 -0.0264319 0.00635 
v -0.0319177 -0.0271414 0.00635 
v -0.0320806 -0.0272386 0.00635 
v -0.0316276 -0.0268979 0.00635 
v -0.0317661 -0.0270274 0.00635 
v -0.0313956 -0.0265985 0.00635 
v -0.030823 -0.0251206 0.00635 
v -0.0324326 -0.0273784 0.00635 
v -0.0315036 -0.0267544 0.00635 
v -0.0308772 -0.0252199 0.00635 
v -0.031051 -0.0256392 0.00635 
v -0.0311789 -0.0260747 0.00635 
v -0.0312324 -0.0262567 0.00635 
v -0.0322528 -0.0273179 0.00635 
v -0.0339898 0.027324 0.00635 
v -0.033815 0.0273902 0.00635 
v -0.0336343 0.0274376 0.00635 
v -0.0343137 0.0271388 0.00635 
v -0.0341566 0.0272399 0.00635 
v -0.0334496 0.0274658 0.00635 
v -0.0345919 0.02689 0.00635 
v -0.0344593 0.0270217 0.00635 
v -0.034812 0.0265886 0.00635 
v -0.0347098 0.0267451 0.00635 
v -0.0349643 0.026248 0.00635 
v -0.0348971 0.0264223 0.00635 
v -0.0350422 0.025883 0.00635 
v -0.0350128 0.0260676 0.00635 
v -0.0319177 0.0271414 0.00635 
v -0.0317661 0.0270274 0.00635 
v -0.0322528 0.0273179 0.00635 
v -0.0320806 0.0272386 0.00635 
v -0.035052 0.0251206 0.00635 
v -0.035052 0.0256965 0.00635 
v -0.0316276 0.0268979 0.00635 
v -0.0315036 0.0267544 0.00635 
v -0.0330764 0.0274635 0.00635 
v -0.0328062 0.0274405 0.00635 
v -0.033263 0.0274744 0.00635 
v -0.0326177 0.0274195 0.00635 
v -0.0324326 0.0273784 0.00635 
v -0.0308746 0.0252144 0.00635 
v -0.0312324 0.0262567 0.00635 
v -0.0311789 0.0260747 0.00635 
v -0.0313956 0.0265985 0.00635 
v -0.0313049 0.0264319 0.00635 
v -0.03105 0.0256364 0.00635 
v -0.026248 0.0349643 0.00635 
v -0.0264223 0.0348971 0.00635 
v -0.0274635 0.0330764 0.00635 
v -0.0274744 0.033263 0.00635 
v -0.0274376 0.0336343 0.00635 
v -0.0273902 0.033815 0.00635 
v -0.0274405 0.0328062 0.00635 
v -0.0272399 0.0341566 0.00635 
v -0.0271388 0.0343137 0.00635 
v -0.027324 0.0339898 0.00635 
v -0.0274658 0.0334496 0.00635 
v -0.0274195 0.0326177 0.00635 
v -0.0248812 0.0306958 0.00635 
v -0.0265886 0.034812 0.00635 
v -0.02689 0.0345919 0.00635 
v -0.0267451 0.0347098 0.00635 
v -0.0270217 0.0344593 0.00635 
v -0.0237212 0.0298747 0.00635 
v -0.0238882 0.0299607 0.00635 
v -0.0256965 0.035052 0.00635 
v -0.0260676 0.0350128 0.00635 
v -0.0264319 0.0313049 0.00635 
v -0.025262 0.0308971 0.00635 
v -0.023546 0.0298067 0.00635 
v -0.0231791 0.0297279 0.00635 
v -0.0233646 0.0297576 0.00635 
v -0.0229914 0.029718 0.00635 
v -0.0245228 0.030457 0.00635 
v -0.025883 0.0350422 0.00635 
v -0.0262567 0.0312324 0.00635 
v -0.0256612 0.0310587 0.00635 
v -0.0240452 0.0300639 0.00635 
v -0.0241905 0.0301831 0.00635 
v -0.0272386 0.0320806 0.00635 
v -0.0273179 0.0322528 0.00635 
v -0.0270274 0.0317661 0.00635 
v -0.0271414 0.0319177 0.00635 
v -0.0265985 0.0313956 0.00635 
v -0.0260747 0.0311789 0.00635 
v -0.0273784 0.0324326 0.00635 
v -0.0267544 0.0315036 0.00635 
v -0.0268979 0.0316276 0.00635 
v 0.0264223 0.0348971 0.00635 
v 0.0265886 0.034812 0.00635 
v 0.026248 0.0349643 0.00635 
v 0.0274376 0.0336343 0.00635 
v 0.0274658 0.0334496 0.00635 
v 0.0270217 0.0344593 0.00635 
v 0.0271388 0.0343137 0.00635 
v 0.0267451 0.0347098 0.00635 
v 0.0273902 0.033815 0.00635 
v 0.0272399 0.0341566 0.00635 
v 0.027324 0.0339898 0.00635 
v 0.02689 0.0345919 0.00635 
v 0.0260676 0.0350128 0.00635 
v 0.0256965 0.035052 0.00635 
v 0.025883 0.0350422 0.00635 
v 0.0274635 0.0330764 0.00635 
v 0.0274405 0.0328062 0.00635 
v 0.0274744 0.033263 0.00635 
v 0.0248812 0.0306958 0.00635 
v 0.0245228 0.030457 0.00635 
v 0.0274195 0.0326177 0.00635 
v 0.025262 0.0308971 0.00635 
v 0.0268979 0.0316276 0.00635 
v 0.0267544 0.0315036 0.00635 
v 0.0271414 0.0319177 0.00635 
v 0.0270274 0.0317661 0.00635 
v 0.0273784 0.0324326 0.00635 
v 0.0256612 0.0310587 0.00635 
v 0.0265985 0.0313956 0.00635 
v 0.0272386 0.0320806 0.00635 
v 0.0273179 0.0322528 0.00635 
v 0.0238882 0.0299607 0.00635 
v 0.0260747 0.0311789 0.00635 
v 0.0264319 0.0313049 0.00635 
v 0.0237212 0.0298747 0.00635 
v 0.0262567 0.0312324 0.00635 
v 0.0233646 0.0297576 0.00635 
v 0.023546 0.0298067 0.00635 
v 0.0241905 0.0301831 0.00635 
v 0.0231791 0.0297279 0.00635 
v 0.0229914 0.029718 0.00635 
v 0.0240452 0.0300639 0.00635 
v 0.0219775 0.029718 0.00635 
v 0.0349643 0.026248 0.00635 
v 0.0348971 0.0264223 0.00635 
v 0.0350422 0.025883 0.00635 
v 0.0328062 0.0274405 0.00635 
v 0.0330764 0.0274635 0.00635 
v 0.0326177 0.0274195 0.00635 
v 0.035052 0.0256965 0.00635 
v 0.0341566 0.0272399 0.00635 
v 0.0343137 0.0271388 0.00635 
v 0.033815 0.0273902 0.00635 
v 0.0339898 0.027324 0.00635 
v 0.0350128 0.0260676 0.00635 
v 0.0344593 0.0270217 0.00635 
v 0.0345919 0.02689 0.00635 
v 0.0334496 0.0274658 0.00635 
v 0.0336343 0.0274376 0.00635 
v 0.033263 0.0274744 0.00635 
v 0.0347098 0.0267451 0.00635 
v 0.034812 0.0265886 0.00635 
v 0.0324326 0.0273784 0.00635 
v 0.0320806 0.0272386 0.00635 
v 0.0322528 0.0273179 0.00635 
v 0.0317661 0.0270274 0.00635 
v 0.0319177 0.0271414 0.00635 
v 0.0308231 0.0251206 0.00635 
v 0.0316276 0.0268979 0.00635 
v 0.0313956 0.0265985 0.00635 
v 0.0315036 0.0267544 0.00635 
v 0.0313049 0.0264319 0.00635 
v 0.0308746 0.0252144 0.00635 
v 0.03105 0.0256364 0.00635 
v 0.0311789 0.0260747 0.00635 
v 0.0312324 0.0262567 0.00635 
v 0.0349643 -0.026248 0.00635 
v 0.0348971 -0.0264223 0.00635 
v 0.034812 -0.0265886 0.00635 
v 0.033815 -0.0273902 0.00635 
v 0.0336343 -0.0274376 0.00635 
v 0.0341566 -0.0272399 0.00635 
v 0.0339898 -0.027324 0.00635 
v 0.0334496 -0.0274658 0.00635 
v 0.0343137 -0.0271388 0.00635 
v 0.0345919 -0.02689 0.00635 
v 0.0344593 -0.0270217 0.00635 
v 0.0350128 -0.0260676 0.00635 
v 0.035052 -0.0256965 0.00635 
v 0.0350422 -0.025883 0.00635 
v 0.0317661 -0.0270274 0.00635 
v 0.0316276 -0.0268979 0.00635 
v 0.0347098 -0.0267451 0.00635 
v 0.0319177 -0.0271414 0.00635 
v 0.0322528 -0.0273179 0.00635 
v 0.0320806 -0.0272386 0.00635 
v 0.0328062 -0.0274405 0.00635 
v 0.0326177 -0.0274195 0.00635 
v 0.0330764 -0.0274635 0.00635 
v 0.033263 -0.0274744 0.00635 
v 0.0324326 -0.0273784 0.00635 
v 0.0308746 -0.0252144 0.00635 
v 0.0315036 -0.0267544 0.00635 
v 0.0313956 -0.0265985 0.00635 
v 0.0312324 -0.0262567 0.00635 
v 0.0311789 -0.0260747 0.00635 
v 0.0313049 -0.0264319 0.00635 
v 0.03105 -0.0256364 0.00635 
v 0.0219775 -0.035052 0.00635 
v -0.0219775 -0.036322 0.00635 
v -0.0219775 -0.0278596 0.00635 
v -0.0219775 -0.0289814 0.00635 
v 0.0219775 -0.0289814 0.00635 
v -0.0219775 -0.0251206 0.00635 
v 0.0219775 -0.0278596 0.00635 
v -0.036322 -0.0251206 0.00635 
v -0.036322 -0.00913538 0.00635 
v -0.036322 0.00913538 0.00635 
v -0.0219775 0.0278596 0.00635 
v -0.0219775 0.0251206 0.00635 
v 0.0219775 0.0251206 0.00635 
v -0.036322 0.0278596 0.00635 
v -0.036322 0.0251206 0.00635 
v -0.036322 -0.0278596 0.00635 
v -0.0278596 -0.036322 0.00635 
v -0.0278596 -0.0289814 0.00635 
v 0.0278596 -0.036322 0.00635 
v 0.0219775 -0.036322 0.00635 
v 0.0278596 -0.0289814 0.00635 
v 0.0219775 0.0278596 0.00635 
v 0.0278596 -0.0251206 0.00635 
v 0.0219775 -0.0251206 0.00635 
v 0.0278596 0.0251206 0.00635 
v -0.0278596 0.0251206 0.00635 
v -0.0278596 -0.0251206 0.00635 
v -0.0317115 0.0260878 0.005842 
v -0.0317632 0.026213 0.005842 
v -0.0318281 0.0263319 0.005842 
v -0.0319052 0.0264433 0.005842 
v -0.0319938 0.0265458 0.005842 
v -0.0320927 0.0266383 0.005842 
v -0.032201 0.0267197 0.005842 
v -0.0323173 0.0267892 0.005842 
v -0.0324404 0.0268458 0.005842 
v -0.0325687 0.026889 0.005842 
v -0.032701 0.0269183 0.005842 
v -0.0328356 0.0269334 0.005842 
v -0.0316733 0.0259578 0.005842 
v -0.0272661 0.0223061 0.005842 
v -0.0282759 0.0224619 0.005842 
v -0.0277752 0.0223567 0.005842 
v -0.0287624 0.0226202 0.005842 
v -0.0292291 0.02283 0.005842 
v -0.0296705 0.0230888 0.005842 
v -0.0300815 0.0233936 0.005842 
v -0.0304573 0.0237408 0.005842 
v -0.0307936 0.0241264 0.005842 
v -0.0310865 0.0245459 0.005842 
v -0.0313325 0.0249945 0.005842 
v -0.0315289 0.025467 0.005842 
v -0.0331329 0.0269586 0.005842 
v -0.0328356 0.0269334 0.003556 
v -0.032701 0.0269183 0.003556 
v -0.0325687 0.026889 0.003556 
v -0.0324404 0.0268458 0.003556 
v -0.0323173 0.0267892 0.003556 
v -0.032201 0.0267197 0.003556 
v -0.0320927 0.0266383 0.003556 
v -0.0319938 0.0265458 0.003556 
v -0.0319052 0.0264433 0.003556 
v -0.0318281 0.0263319 0.003556 
v -0.0317632 0.026213 0.003556 
v -0.0317115 0.0260878 0.003556 
v -0.0316733 0.0259578 0.003556 
v -0.0272661 0.0223061 0.003556 
v -0.0277752 0.0223567 0.003556 
v -0.0282759 0.0224619 0.003556 
v -0.0287624 0.0226202 0.003556 
v -0.0292291 0.02283 0.003556 
v -0.0296705 0.0230888 0.003556 
v -0.0300815 0.0233936 0.003556 
v -0.0304573 0.0237408 0.003556 
v -0.0307936 0.0241264 0.003556 
v -0.0310865 0.0245459 0.003556 
v -0.0313325 0.0249945 0.003556 
v -0.0315289 0.025467 0.003556 
v -0.0265253 0.0220252 0.005842 
v -0.026634 0.0221039 0.005842 
v -0.0267504 0.0221707 0.005842 
v -0.0268732 0.0222248 0.005842 
v -0.0270011 0.0222657 0.005842 
v -0.0271325 0.0222929 0.005842 
v -0.0264255 0.0219354 0.005842 
v -0.0331329 0.0269586 0.003556 
v -0.0332661 0.0269664 0.005842 
v -0.0333994 0.0269603 0.005842 
v -0.0335314 0.0269401 0.005842 
v -0.0336604 0.0269062 0.005842 
v -0.0337853 0.026859 0.005842 
v -0.0339044 0.0267989 0.005842 
v -0.0340167 0.0267267 0.005842 
v -0.0341207 0.0266431 0.005842 
v -0.0342153 0.026549 0.005842 
v -0.0342996 0.0264455 0.005842 
v -0.0343725 0.0263337 0.005842 
v -0.0344333 0.0262149 0.005842 
v -0.0344814 0.0260904 0.005842 
v -0.034516 0.0259615 0.005842 
v -0.034537 0.0258297 0.005842 
v -0.034544 0.0256965 0.005842 
v -0.0265253 0.0220252 0.003556 
v -0.0264255 0.0219354 0.003556 
v -0.026634 0.0221039 0.003556 
v -0.0267504 0.0221707 0.003556 
v -0.0268732 0.0222248 0.003556 
v -0.0270011 0.0222657 0.003556 
v -0.0271325 0.0222929 0.003556 
v -0.0107052 0.0062151 0.005842 
v -0.0107052 0.0062151 0.003556 
v -0.0104011 0.00490743 0.005842 
v -0.0103659 0.00503105 0.005842 
v -0.0103433 0.00515759 0.005842 
v -0.0103336 0.00528577 0.005842 
v -0.010337 0.00541427 0.005842 
v -0.0103533 0.00554177 0.005842 
v -0.0103824 0.00566697 0.005842 
v -0.010424 0.00578858 0.005842 
v -0.0104777 0.00590537 0.005842 
v -0.010543 0.00601613 0.005842 
v -0.0106191 0.00611973 0.005842 
v -0.0104487 0.00478802 0.005842 
v -0.0104011 0.00490743 0.003556 
v -0.0104487 0.00478802 0.003556 
v -0.0103659 0.00503105 0.003556 
v -0.0103433 0.00515759 0.003556 
v -0.0103336 0.00528577 0.003556 
v -0.010337 0.00541427 0.003556 
v -0.0103533 0.00554177 0.003556 
v -0.0103824 0.00566697 0.003556 
v -0.010424 0.00578858 0.003556 
v -0.0104777 0.00590537 0.003556 
v -0.010543 0.00601613 0.003556 
v -0.0106191 0.00611973 0.003556 
v -0.0104487 -0.00478802 0.005842 
v -0.0109018 -0.00364016 0.005842 
v -0.0112293 -0.00245034 0.005842 
v -0.0114273 -0.00123227 0.005842 
v -0.0114935 -2.8151e-18 0.005842 
v -0.0114273 0.00123227 0.005842 
v -0.0112293 0.00245034 0.005842 
v -0.0109018 0.00364016 0.005842 
v -0.0104487 -0.00478802 0.003556 
v -0.0109018 -0.00364016 0.003556 
v -0.0112293 -0.00245034 0.003556 
v -0.0114273 -0.00123227 0.003556 
v -0.0114935 -2.8151e-18 0.003556 
v -0.0114273 0.00123227 0.003556 
v -0.0112293 0.00245034 0.003556 
v -0.0109018 0.00364016 0.003556 
v -0.0106191 -0.00611973 0.005842 
v -0.010543 -0.00601613 0.005842 
v -0.0104777 -0.00590537 0.005842 
v -0.010424 -0.00578858 0.005842 
v -0.0103824 -0.00566697 0.005842 
v -0.0103533 -0.00554177 0.005842 
v -0.010337 -0.00541427 0.005842 
v -0.0103336 -0.00528577 0.005842 
v -0.0103433 -0.00515759 0.005842 
v -0.0103659 -0.00503105 0.005842 
v -0.0104011 -0.00490743 0.005842 
v -0.0107052 -0.0062151 0.005842 
v -0.0106191 -0.00611973 0.003556 
v -0.0107052 -0.0062151 0.003556 
v -0.010543 -0.00601613 0.003556 
v -0.0104777 -0.00590537 0.003556 
v -0.010424 -0.00578858 0.003556 
v -0.0103824 -0.00566697 0.003556 
v -0.0103533 -0.00554177 0.003556 
v -0.010337 -0.00541427 0.003556 
v -0.0103336 -0.00528577 0.003556 
v -0.0103433 -0.00515759 0.003556 
v -0.0103659 -0.00503105 0.003556 
v -0.0104011 -0.00490743 0.003556 
v -0.0267981 -0.0223079 0.005842 
v -0.0267981 -0.0223079 0.003556 
v -0.0316733 -0.0259578 0.005842 
v -0.03153 -0.0254701 0.005842 
v -0.0310918 -0.0245545 0.005842 
v -0.0313354 -0.0250006 0.005842 
v -0.0308019 -0.024137 0.005842 
v -0.030469 -0.0237528 0.005842 
v -0.030097 -0.0234065 0.005842 
v -0.0296901 -0.0231018 0.005842 
v -0.029253 -0.0228424 0.005842 
v -0.0287906 -0.0226312 0.005842 
v -0.0283084 -0.0224707 0.005842 
v -0.0278117 -0.0223625 0.005842 
v -0.0273064 -0.0223081 0.005842 
v -0.0316733 -0.0259578 0.003556 
v -0.03153 -0.0254701 0.003556 
v -0.0313354 -0.0250006 0.003556 
v -0.0310918 -0.0245545 0.003556 
v -0.0308019 -0.024137 0.003556 
v -0.030469 -0.0237528 0.003556 
v -0.030097 -0.0234065 0.003556 
v -0.0296901 -0.0231018 0.003556 
v -0.029253 -0.0228424 0.003556 
v -0.0287906 -0.0226312 0.003556 
v -0.0283084 -0.0224707 0.003556 
v -0.0278117 -0.0223625 0.003556 
v -0.0273064 -0.0223081 0.003556 
v -0.032701 -0.0269183 0.005842 
v -0.0325687 -0.026889 0.005842 
v -0.0324404 -0.0268458 0.005842 
v -0.0323173 -0.0267892 0.005842 
v -0.032201 -0.0267197 0.005842 
v -0.0320927 -0.0266383 0.005842 
v -0.0319938 -0.0265458 0.005842 
v -0.0319052 -0.0264433 0.005842 
v -0.0318281 -0.0263319 0.005842 
v -0.0317632 -0.026213 0.005842 
v -0.0317115 -0.0260878 0.005842 
v -0.0328356 -0.0269334 0.005842 
v -0.0317115 -0.0260878 0.003556 
v -0.0317632 -0.026213 0.003556 
v -0.0318281 -0.0263319 0.003556 
v -0.0319052 -0.0264433 0.003556 
v -0.0319938 -0.0265458 0.003556 
v -0.0320927 -0.0266383 0.003556 
v -0.032201 -0.0267197 0.003556 
v -0.0323173 -0.0267892 0.003556 
v -0.0324404 -0.0268458 0.003556 
v -0.0325687 -0.026889 0.003556 
v -0.032701 -0.0269183 0.003556 
v -0.0328356 -0.0269334 0.003556 
v -0.0331329 -0.0269586 0.005842 
v -0.0331329 -0.0269586 0.003556 
v -0.034537 -0.0258297 0.005842 
v -0.034516 -0.0259615 0.005842 
v -0.0344814 -0.0260904 0.005842 
v -0.0344333 -0.0262149 0.005842 
v -0.0343725 -0.0263337 0.005842 
v -0.0342996 -0.0264455 0.005842 
v -0.0342153 -0.026549 0.005842 
v -0.0341207 -0.0266431 0.005842 
v -0.0340167 -0.0267267 0.005842 
v -0.0339044 -0.0267989 0.005842 
v -0.0337853 -0.026859 0.005842 
v -0.0336604 -0.0269062 0.005842 
v -0.0335314 -0.0269401 0.005842 
v -0.0333994 -0.0269603 0.005842 
v -0.0332661 -0.0269664 0.005842 
v -0.034544 -0.0256965 0.005842 
v -0.034544 -0.0256965 0.003556 
v -0.0340167 -0.0267267 0.003556 
v -0.0333994 -0.0269603 0.003556 
v -0.0332661 -0.0269664 0.003556 
v -0.0335314 -0.0269401 0.003556 
v -0.0339044 -0.0267989 0.003556 
v -0.0344333 -0.0262149 0.003556 
v -0.0343725 -0.0263337 0.003556 
v -0.0337853 -0.026859 0.003556 
v -0.0342153 -0.026549 0.003556 
v -0.0341207 -0.0266431 0.003556 
v -0.0342996 -0.0264455 0.003556 
v -0.0336604 -0.0269062 0.003556 
v -0.034516 -0.0259615 0.003556 
v -0.0344814 -0.0260904 0.003556 
v -0.034537 -0.0258297 0.003556 
v -0.034544 0.0256965 0.003556 
v -0.0335314 0.0269401 0.003556 
v -0.0337853 0.026859 0.003556 
v -0.0339044 0.0267989 0.003556 
v -0.0340167 0.0267267 0.003556 
v -0.0341207 0.0266431 0.003556 
v -0.0336604 0.0269062 0.003556 
v -0.0332661 0.0269664 0.003556 
v -0.0333994 0.0269603 0.003556 
v -0.0342996 0.0264455 0.003556 
v -0.0343725 0.0263337 0.003556 
v -0.0342153 0.026549 0.003556 
v -0.0344333 0.0262149 0.003556 
v -0.0344814 0.0260904 0.003556 
v -0.034516 0.0259615 0.003556 
v -0.034537 0.0258297 0.003556 
v 0.0316733 0.0259578 0.005842 
v 0.0315289 0.025467 0.005842 
v 0.0310865 0.0245459 0.005842 
v 0.0313325 0.0249945 0.005842 
v 0.0307936 0.0241264 0.005842 
v 0.0304573 0.0237408 0.005842 
v 0.0300815 0.0233936 0.005842 
v 0.0296705 0.0230888 0.005842 
v 0.0292291 0.02283 0.005842 
v 0.0287624 0.0226202 0.005842 
v 0.0282759 0.0224619 0.005842 
v 0.0277752 0.0223567 0.005842 
v 0.0272661 0.0223061 0.005842 
v 0.032701 0.0269183 0.005842 
v 0.0325687 0.026889 0.005842 
v 0.0324404 0.0268458 0.005842 
v 0.0323173 0.0267892 0.005842 
v 0.032201 0.0267197 0.005842 
v 0.0320927 0.0266383 0.005842 
v 0.0319938 0.0265458 0.005842 
v 0.0319052 0.0264433 0.005842 
v 0.0318281 0.0263319 0.005842 
v 0.0317632 0.026213 0.005842 
v 0.0317115 0.0260878 0.005842 
v 0.0328356 0.0269334 0.005842 
v 0.0271325 0.0222929 0.005842 
v 0.0270011 0.0222657 0.005842 
v 0.0268732 0.0222248 0.005842 
v 0.0267504 0.0221707 0.005842 
v 0.026634 0.0221039 0.005842 
v 0.0265253 0.0220252 0.005842 
v 0.0264255 0.0219354 0.005842 
v 0.0316733 0.0259578 0.003556 
v 0.0315289 0.025467 0.003556 
v 0.0313325 0.0249945 0.003556 
v 0.0310865 0.0245459 0.003556 
v 0.0307936 0.0241264 0.003556 
v 0.0304573 0.0237408 0.003556 
v 0.0300815 0.0233936 0.003556 
v 0.0296705 0.0230888 0.003556 
v 0.0292291 0.02283 0.003556 
v 0.0287624 0.0226202 0.003556 
v 0.0282759 0.0224619 0.003556 
v 0.0277752 0.0223567 0.003556 
v 0.0272661 0.0223061 0.003556 
v 0.0271325 0.0222929 0.003556 
v 0.0270011 0.0222657 0.003556 
v 0.0268732 0.0222248 0.003556 
v 0.0267504 0.0221707 0.003556 
v 0.026634 0.0221039 0.003556 
v 0.0265253 0.0220252 0.003556 
v 0.0264255 0.0219354 0.003556 
v 0.0107052 0.0062151 0.005842 
v 0.0107052 0.0062151 0.003556 
v 0.0106191 0.00611973 0.005842 
v 0.010543 0.00601613 0.005842 
v 0.0104777 0.00590537 0.005842 
v 0.010424 0.00578858 0.005842 
v 0.0103824 0.00566697 0.005842 
v 0.0103533 0.00554177 0.005842 
v 0.010337 0.00541427 0.005842 
v 0.0103336 0.00528577 0.005842 
v 0.0103433 0.00515759 0.005842 
v 0.0103659 0.00503105 0.005842 
v 0.0104011 0.00490743 0.005842 
v 0.0104487 0.00478802 0.005842 
v 0.0106191 0.00611973 0.003556 
v 0.010543 0.00601613 0.003556 
v 0.0104777 0.00590537 0.003556 
v 0.010424 0.00578858 0.003556 
v 0.0103824 0.00566697 0.003556 
v 0.0103533 0.00554177 0.003556 
v 0.010337 0.00541427 0.003556 
v 0.0103336 0.00528577 0.003556 
v 0.0103433 0.00515759 0.003556 
v 0.0103659 0.00503105 0.003556 
v 0.0104011 0.00490743 0.003556 
v 0.0104487 0.00478802 0.003556 
v 0.0109018 0.00364016 0.005842 
v 0.0112293 0.00245034 0.005842 
v 0.0114273 0.00123227 0.005842 
v 0.0114935 -3.69659e-18 0.005842 
v 0.0114273 -0.00123227 0.005842 
v 0.0112293 -0.00245034 0.005842 
v 0.0109018 -0.00364016 0.005842 
v 0.0104487 -0.00478802 0.005842 
v 0.0109018 0.00364016 0.003556 
v 0.0112293 0.00245034 0.003556 
v 0.0114273 0.00123227 0.003556 
v 0.0114935 6.51169e-18 0.003556 
v 0.0114273 -0.00123227 0.003556 
v 0.0112293 -0.00245034 0.003556 
v 0.0109018 -0.00364016 0.003556 
v 0.0104487 -0.00478802 0.003556 
v 0.0104011 -0.00490743 0.005842 
v 0.0103659 -0.00503105 0.005842 
v 0.0103433 -0.00515759 0.005842 
v 0.0103336 -0.00528577 0.005842 
v 0.010337 -0.00541427 0.005842 
v 0.0103533 -0.00554177 0.005842 
v 0.0103824 -0.00566697 0.005842 
v 0.010424 -0.00578858 0.005842 
v 0.0104777 -0.00590537 0.005842 
v 0.010543 -0.00601613 0.005842 
v 0.0106191 -0.00611973 0.005842 
v 0.0107052 -0.0062151 0.005842 
v 0.0104011 -0.00490743 0.003556 
v 0.0103659 -0.00503105 0.003556 
v 0.0103433 -0.00515759 0.003556 
v 0.0103336 -0.00528577 0.003556 
v 0.010337 -0.00541427 0.003556 
v 0.0103533 -0.00554177 0.003556 
v 0.0103824 -0.00566697 0.003556 
v 0.010424 -0.00578858 0.003556 
v 0.0104777 -0.00590537 0.003556 
v 0.010543 -0.00601613 0.003556 
v 0.0106191 -0.00611973 0.003556 
v 0.0107052 -0.0062151 0.003556 
v 0.0264255 -0.0219354 0.005842 
v 0.0264255 -0.0219354 0.003556 
v 0.0265253 -0.0220252 0.005842 
v 0.026634 -0.0221039 0.005842 
v 0.0267504 -0.0221707 0.005842 
v 0.0268732 -0.0222248 0.005842 
v 0.0270011 -0.0222657 0.005842 
v 0.0271325 -0.0222929 0.005842 
v 0.0272661 -0.0223061 0.005842 
v 0.0265253 -0.0220252 0.003556 
v 0.026634 -0.0221039 0.003556 
v 0.0267504 -0.0221707 0.003556 
v 0.0268732 -0.0222248 0.003556 
v 0.0270011 -0.0222657 0.003556 
v 0.0271325 -0.0222929 0.003556 
v 0.0272661 -0.0223061 0.003556 
v 0.0282759 -0.0224619 0.005842 
v 0.0277752 -0.0223567 0.005842 
v 0.0287624 -0.0226202 0.005842 
v 0.0292291 -0.02283 0.005842 
v 0.0296705 -0.0230888 0.005842 
v 0.0300815 -0.0233936 0.005842 
v 0.0304573 -0.0237408 0.005842 
v 0.0307936 -0.0241264 0.005842 
v 0.0310865 -0.0245459 0.005842 
v 0.0313325 -0.0249945 0.005842 
v 0.0315289 -0.025467 0.005842 
v 0.0316733 -0.0259578 0.005842 
v 0.0277752 -0.0223567 0.003556 
v 0.0282759 -0.0224619 0.003556 
v 0.0287624 -0.0226202 0.003556 
v 0.0292291 -0.02283 0.003556 
v 0.0296705 -0.0230888 0.003556 
v 0.0300815 -0.0233936 0.003556 
v 0.0304573 -0.0237408 0.003556 
v 0.0307936 -0.0241264 0.003556 
v 0.0310865 -0.0245459 0.003556 
v 0.0313325 -0.0249945 0.003556 
v 0.0315289 -0.025467 0.003556 
v 0.0316733 -0.0259578 0.003556 
v 0.0317115 -0.0260878 0.005842 
v 0.0317632 -0.026213 0.005842 
v 0.0318281 -0.0263319 0.005842 
v 0.0319052 -0.0264433 0.005842 
v 0.0319938 -0.0265458 0.005842 
v 0.0320927 -0.0266383 0.005842 
v 0.032201 -0.0267197 0.005842 
v 0.0323173 -0.0267892 0.005842 
v 0.0324404 -0.0268458 0.005842 
v 0.0325687 -0.026889 0.005842 
v 0.032701 -0.0269183 0.005842 
v 0.0328356 -0.0269334 0.005842 
v 0.0328356 -0.0269334 0.003556 
v 0.032701 -0.0269183 0.003556 
v 0.0325687 -0.026889 0.003556 
v 0.0324404 -0.0268458 0.003556 
v 0.0323173 -0.0267892 0.003556 
v 0.032201 -0.0267197 0.003556 
v 0.0320927 -0.0266383 0.003556 
v 0.0319938 -0.0265458 0.003556 
v 0.0319052 -0.0264433 0.003556 
v 0.0318281 -0.0263319 0.003556 
v 0.0317632 -0.026213 0.003556 
v 0.0317115 -0.0260878 0.003556 
v 0.0331329 -0.0269586 0.005842 
v 0.0331329 -0.0269586 0.003556 
v 0.0332661 -0.0269664 0.005842 
v 0.0333994 -0.0269603 0.005842 
v 0.0335314 -0.0269401 0.005842 
v 0.0336604 -0.0269062 0.005842 
v 0.0337853 -0.026859 0.005842 
v 0.0339044 -0.0267989 0.005842 
v 0.0340167 -0.0267267 0.005842 
v 0.0341207 -0.0266431 0.005842 
v 0.0342153 -0.026549 0.005842 
v 0.0342996 -0.0264455 0.005842 
v 0.0343725 -0.0263337 0.005842 
v 0.0344333 -0.0262149 0.005842 
v 0.0344814 -0.0260904 0.005842 
v 0.034516 -0.0259615 0.005842 
v 0.034537 -0.0258297 0.005842 
v 0.034544 -0.0256965 0.005842 
v 0.0317115 0.0260878 0.003556 
v 0.0317632 0.026213 0.003556 
v 0.0318281 0.0263319 0.003556 
v 0.0319052 0.0264433 0.003556 
v 0.0319938 0.0265458 0.003556 
v 0.0320927 0.0266383 0.003556 
v 0.032201 0.0267197 0.003556 
v 0.0323173 0.0267892 0.003556 
v 0.0324404 0.0268458 0.003556 
v 0.0325687 0.026889 0.003556 
v 0.032701 0.0269183 0.003556 
v 0.0328356 0.0269334 0.003556 
v 0.0331329 0.0269586 0.005842 
v 0.0331329 0.0269586 0.003556 
v 0.034537 0.0258297 0.005842 
v 0.034516 0.0259615 0.005842 
v 0.0344814 0.0260904 0.005842 
v 0.0344333 0.0262149 0.005842 
v 0.0343725 0.0263337 0.005842 
v 0.0342996 0.0264455 0.005842 
v 0.0342153 0.026549 0.005842 
v 0.0341207 0.0266431 0.005842 
v 0.0340167 0.0267267 0.005842 
v 0.0339044 0.0267989 0.005842 
v 0.0337853 0.026859 0.005842 
v 0.0336604 0.0269062 0.005842 
v 0.0335314 0.0269401 0.005842 
v 0.0333994 0.0269603 0.005842 
v 0.0332661 0.0269664 0.005842 
v 0.034544 0.0256965 0.005842 
v 0.034544 0.0256965 0.003556 
v 0.0340167 0.0267267 0.003556 
v 0.0333994 0.0269603 0.003556 
v 0.0332661 0.0269664 0.003556 
v 0.0335314 0.0269401 0.003556 
v 0.0339044 0.0267989 0.003556 
v 0.0342153 0.026549 0.003556 
v 0.0341207 0.0266431 0.003556 
v 0.0337853 0.026859 0.003556 
v 0.0342996 0.0264455 0.003556 
v 0.0344333 0.0262149 0.003556 
v 0.0343725 0.0263337 0.003556 
v 0.0336604 0.0269062 0.003556 
v 0.0335314 -0.0269401 0.003556 
v 0.0337853 -0.026859 0.003556 
v 0.0339044 -0.0267989 0.003556 
v 0.034544 -0.0256965 0.003556 
v 0.034516 0.0259615 0.003556 
v 0.0344814 0.0260904 0.003556 
v 0.0340167 -0.0267267 0.003556 
v 0.0341207 -0.0266431 0.003556 
v 0.0336604 -0.0269062 0.003556 
v 0.0332661 -0.0269664 0.003556 
v 0.0333994 -0.0269603 0.003556 
v 0.034537 0.0258297 0.003556 
v 0.0344814 -0.0260904 0.003556 
v 0.034516 -0.0259615 0.003556 
v 0.0342996 -0.0264455 0.003556 
v 0.0343725 -0.0263337 0.003556 
v 0.0342153 -0.026549 0.003556 
v 0.0344333 -0.0262149 0.003556 
v 0.034537 -0.0258297 0.003556 
v -0.00478802 0.0104487 0.005842 
v -0.00364016 0.0109018 0.005842 
v -0.00245034 0.0112293 0.005842 
v -0.00123227 0.0114273 0.005842 
v -5.80791e-18 0.0114935 0.005842 
v 0.00123227 0.0114273 0.005842 
v 0.00245034 0.0112293 0.005842 
v 0.00364016 0.0109018 0.005842 
v 0.00478802 0.0104487 0.005842 
v 0.00490743 0.0104011 0.005842 
v 0.00503105 0.0103659 0.005842 
v 0.00515759 0.0103433 0.005842 
v 0.00528577 0.0103336 0.005842 
v 0.00541427 0.010337 0.005842 
v 0.00554177 0.0103533 0.005842 
v 0.00566697 0.0103824 0.005842 
v 0.00578858 0.010424 0.005842 
v 0.00590537 0.0104777 0.005842 
v 0.00601613 0.010543 0.005842 
v 0.00611973 0.0106191 0.005842 
v 0.0062151 0.0107052 0.005842 
v -0.00611973 0.0106191 0.005842 
v -0.00601613 0.010543 0.005842 
v -0.00590537 0.0104777 0.005842 
v -0.00578858 0.010424 0.005842 
v -0.00566697 0.0103824 0.005842 
v -0.00554177 0.0103533 0.005842 
v -0.00541427 0.010337 0.005842 
v -0.00528577 0.0103336 0.005842 
v -0.00515759 0.0103433 0.005842 
v -0.00503105 0.0103659 0.005842 
v -0.00490743 0.0104011 0.005842 
v -0.0062151 0.0107052 0.005842 
v -0.00478802 0.0104487 0.003556 
v -0.00364016 0.0109018 0.003556 
v -0.00245034 0.0112293 0.003556 
v -0.00123227 0.0114273 0.003556 
v -7.03774e-19 0.0114935 0.003556 
v 0.00123227 0.0114273 0.003556 
v 0.00245034 0.0112293 0.003556 
v 0.00364016 0.0109018 0.003556 
v 0.00478802 0.0104487 0.003556 
v 0.00490743 0.0104011 0.003556 
v 0.00503105 0.0103659 0.003556 
v 0.00515759 0.0103433 0.003556 
v 0.00528577 0.0103336 0.003556 
v 0.00541427 0.010337 0.003556 
v 0.00554177 0.0103533 0.003556 
v 0.00566697 0.0103824 0.003556 
v 0.00578858 0.010424 0.003556 
v 0.00590537 0.0104777 0.003556 
v 0.00601613 0.010543 0.003556 
v 0.00611973 0.0106191 0.003556 
v 0.0062151 0.0107052 0.003556 
v 0.0172178 0.021708 0.005842 
v 0.0172178 0.021708 0.003556 
v 0.0173087 0.0218091 0.005842 
v 0.0173882 0.0219194 0.005842 
v 0.0174555 0.0220375 0.005842 
v 0.0175097 0.0221622 0.005842 
v 0.0175504 0.0222919 0.005842 
v 0.0175769 0.0224253 0.005842 
v 0.017589 0.0225607 0.005842 
v 0.0175866 0.0226966 0.005842 
v 0.0175696 0.0228315 0.005842 
v 0.0175384 0.0229638 0.005842 
v 0.0174931 0.023092 0.005842 
v 0.0174345 0.0232146 0.005842 
v 0.017363 0.0233303 0.005842 
v 0.0172796 0.0234377 0.005842 
v 0.0171852 0.0235355 0.005842 
v 0.0170809 0.0236227 0.005842 
v 0.0169679 0.0236982 0.005842 
v 0.0168474 0.0237612 0.005842 
v 0.0167209 0.023811 0.005842 
v 0.0165898 0.023847 0.005842 
v 0.0164556 0.0238687 0.005842 
v 0.0163198 0.023876 0.005842 
v 0.0163198 0.023876 0.003556 
v 0.0164556 0.0238687 0.003556 
v 0.0165898 0.023847 0.003556 
v 0.0167209 0.023811 0.003556 
v 0.0168474 0.0237612 0.003556 
v 0.0169679 0.0236982 0.003556 
v 0.0170809 0.0236227 0.003556 
v 0.0171852 0.0235355 0.003556 
v 0.0172796 0.0234377 0.003556 
v 0.017363 0.0233303 0.003556 
v 0.0174345 0.0232146 0.003556 
v 0.0174931 0.023092 0.003556 
v 0.0175384 0.0229638 0.003556 
v 0.0175696 0.0228315 0.003556 
v 0.0175866 0.0226966 0.003556 
v 0.017589 0.0225607 0.003556 
v 0.0175769 0.0224253 0.003556 
v 0.0175504 0.0222919 0.003556 
v 0.0175097 0.0221622 0.003556 
v 0.0174555 0.0220375 0.003556 
v 0.0173882 0.0219194 0.003556 
v 0.0173087 0.0218091 0.003556 
v -0.0163198 0.023876 0.005842 
v -0.0163198 0.023876 0.003556 
v -0.0164556 0.0238687 0.005842 
v -0.0165898 0.023847 0.005842 
v -0.0167209 0.023811 0.005842 
v -0.0168474 0.0237612 0.005842 
v -0.0169679 0.0236982 0.005842 
v -0.0170809 0.0236227 0.005842 
v -0.0171852 0.0235355 0.005842 
v -0.0172796 0.0234377 0.005842 
v -0.017363 0.0233303 0.005842 
v -0.0174345 0.0232146 0.005842 
v -0.0174931 0.023092 0.005842 
v -0.0175384 0.0229638 0.005842 
v -0.0175696 0.0228315 0.005842 
v -0.0175866 0.0226966 0.005842 
v -0.017589 0.0225607 0.005842 
v -0.0175769 0.0224253 0.005842 
v -0.0175504 0.0222919 0.005842 
v -0.0175097 0.0221622 0.005842 
v -0.0174555 0.0220375 0.005842 
v -0.0173882 0.0219194 0.005842 
v -0.0173087 0.0218091 0.005842 
v -0.0172178 0.021708 0.005842 
v -0.0173882 0.0219194 0.003556 
v -0.0171852 0.0235355 0.003556 
v -0.0172796 0.0234377 0.003556 
v -0.017589 0.0225607 0.003556 
v -0.0175097 0.0221622 0.003556 
v -0.0174555 0.0220375 0.003556 
v -0.0175769 0.0224253 0.003556 
v -0.017363 0.0233303 0.003556 
v -0.0172178 0.021708 0.003556 
v -0.0164556 0.0238687 0.003556 
v -0.0165898 0.023847 0.003556 
v -0.0175504 0.0222919 0.003556 
v -0.0175696 0.0228315 0.003556 
v -0.0175866 0.0226966 0.003556 
v -0.0174931 0.023092 0.003556 
v -0.0175384 0.0229638 0.003556 
v -0.0174345 0.0232146 0.003556 
v -0.0167209 0.023811 0.003556 
v -0.0169679 0.0236982 0.003556 
v -0.0170809 0.0236227 0.003556 
v -0.0168474 0.0237612 0.003556 
v -0.00503105 0.0103659 0.003556 
v -0.00541427 0.010337 0.003556 
v -0.00528577 0.0103336 0.003556 
v -0.00566697 0.0103824 0.003556 
v -0.00554177 0.0103533 0.003556 
v -0.00601613 0.010543 0.003556 
v -0.00590537 0.0104777 0.003556 
v -0.0173087 0.0218091 0.003556 
v -0.00490743 0.0104011 0.003556 
v -0.00578858 0.010424 0.003556 
v -0.0062151 0.0107052 0.003556 
v -0.00611973 0.0106191 0.003556 
v -0.00515759 0.0103433 0.003556 
v -0.0260878 -0.0317115 0.005842 
v -0.026213 -0.0317632 0.005842 
v -0.0263319 -0.0318281 0.005842 
v -0.0264433 -0.0319052 0.005842 
v -0.0265458 -0.0319938 0.005842 
v -0.0266383 -0.0320927 0.005842 
v -0.0267197 -0.032201 0.005842 
v -0.0267892 -0.0323173 0.005842 
v -0.0268458 -0.0324404 0.005842 
v -0.026889 -0.0325687 0.005842 
v -0.0269183 -0.032701 0.005842 
v -0.0269334 -0.0328356 0.005842 
v -0.0259578 -0.0316733 0.005842 
v -0.0238479 -0.0305582 0.005842 
v -0.02422 -0.030865 0.005842 
v -0.0246214 -0.0311324 0.005842 
v -0.0250477 -0.0313577 0.005842 
v -0.0254947 -0.0315386 0.005842 
v -0.0269586 -0.0331329 0.005842 
v -0.0269334 -0.0328356 0.003556 
v -0.0269183 -0.032701 0.003556 
v -0.026889 -0.0325687 0.003556 
v -0.0268458 -0.0324404 0.003556 
v -0.0267892 -0.0323173 0.003556 
v -0.0267197 -0.032201 0.003556 
v -0.0266383 -0.0320927 0.003556 
v -0.0265458 -0.0319938 0.003556 
v -0.0264433 -0.0319052 0.003556 
v -0.0263319 -0.0318281 0.003556 
v -0.026213 -0.0317632 0.003556 
v -0.0260878 -0.0317115 0.003556 
v -0.0259578 -0.0316733 0.003556 
v -0.0238479 -0.0305582 0.003556 
v -0.02422 -0.030865 0.003556 
v -0.0246214 -0.0311324 0.003556 
v -0.0250477 -0.0313577 0.003556 
v -0.0254947 -0.0315386 0.003556 
v -0.0231255 -0.0302331 0.005842 
v -0.023258 -0.0302543 0.005842 
v -0.0233876 -0.0302894 0.005842 
v -0.0235127 -0.0303379 0.005842 
v -0.023632 -0.0303994 0.005842 
v -0.0237441 -0.0304731 0.005842 
v -0.0229914 -0.030226 0.005842 
v -0.0269586 -0.0331329 0.003556 
v -0.0269664 -0.0332661 0.005842 
v -0.0269603 -0.0333994 0.005842 
v -0.0269401 -0.0335314 0.005842 
v -0.0269062 -0.0336604 0.005842 
v -0.026859 -0.0337853 0.005842 
v -0.0267989 -0.0339044 0.005842 
v -0.0267267 -0.0340167 0.005842 
v -0.0266431 -0.0341207 0.005842 
v -0.026549 -0.0342153 0.005842 
v -0.0264455 -0.0342996 0.005842 
v -0.0263337 -0.0343725 0.005842 
v -0.0262149 -0.0344333 0.005842 
v -0.0260904 -0.0344814 0.005842 
v -0.0259615 -0.034516 0.005842 
v -0.0258297 -0.034537 0.005842 
v -0.0256965 -0.034544 0.005842 
v -0.0231255 -0.0302331 0.003556 
v -0.0229914 -0.030226 0.003556 
v -0.023258 -0.0302543 0.003556 
v -0.0233876 -0.0302894 0.003556 
v -0.0235127 -0.0303379 0.003556 
v -0.023632 -0.0303994 0.003556 
v -0.0237441 -0.0304731 0.003556 
v 0.0229914 -0.030226 0.005842 
v 0.0229914 -0.030226 0.003556 
v 0.0237441 -0.0304731 0.005842 
v 0.023632 -0.0303994 0.005842 
v 0.0235127 -0.0303379 0.005842 
v 0.0233876 -0.0302894 0.005842 
v 0.023258 -0.0302543 0.005842 
v 0.0231255 -0.0302331 0.005842 
v 0.0238479 -0.0305582 0.005842 
v 0.0237441 -0.0304731 0.003556 
v 0.0238479 -0.0305582 0.003556 
v 0.023632 -0.0303994 0.003556 
v 0.0235127 -0.0303379 0.003556 
v 0.0233876 -0.0302894 0.003556 
v 0.023258 -0.0302543 0.003556 
v 0.0231255 -0.0302331 0.003556 
v 0.0259578 -0.0316733 0.005842 
v 0.0254947 -0.0315386 0.005842 
v 0.0250477 -0.0313577 0.005842 
v 0.0246214 -0.0311324 0.005842 
v 0.02422 -0.030865 0.005842 
v 0.0259578 -0.0316733 0.003556 
v 0.0254947 -0.0315386 0.003556 
v 0.0250477 -0.0313577 0.003556 
v 0.0246214 -0.0311324 0.003556 
v 0.02422 -0.030865 0.003556 
v 0.0269183 -0.032701 0.005842 
v 0.026889 -0.0325687 0.005842 
v 0.0268458 -0.0324404 0.005842 
v 0.0267892 -0.0323173 0.005842 
v 0.0267197 -0.032201 0.005842 
v 0.0266383 -0.0320927 0.005842 
v 0.0265458 -0.0319938 0.005842 
v 0.0264433 -0.0319052 0.005842 
v 0.0263319 -0.0318281 0.005842 
v 0.026213 -0.0317632 0.005842 
v 0.0260878 -0.0317115 0.005842 
v 0.0269334 -0.0328356 0.005842 
v 0.0260878 -0.0317115 0.003556 
v 0.026213 -0.0317632 0.003556 
v 0.0263319 -0.0318281 0.003556 
v 0.0264433 -0.0319052 0.003556 
v 0.0265458 -0.0319938 0.003556 
v 0.0266383 -0.0320927 0.003556 
v 0.0267197 -0.032201 0.003556 
v 0.0267892 -0.0323173 0.003556 
v 0.0268458 -0.0324404 0.003556 
v 0.026889 -0.0325687 0.003556 
v 0.0269183 -0.032701 0.003556 
v 0.0269334 -0.0328356 0.003556 
v 0.0269586 -0.0331329 0.005842 
v 0.0269586 -0.0331329 0.003556 
v 0.0258297 -0.034537 0.005842 
v 0.0259615 -0.034516 0.005842 
v 0.0260904 -0.0344814 0.005842 
v 0.0262149 -0.0344333 0.005842 
v 0.0263337 -0.0343725 0.005842 
v 0.0264455 -0.0342996 0.005842 
v 0.026549 -0.0342153 0.005842 
v 0.0266431 -0.0341207 0.005842 
v 0.0267267 -0.0340167 0.005842 
v 0.0267989 -0.0339044 0.005842 
v 0.026859 -0.0337853 0.005842 
v 0.0269062 -0.0336604 0.005842 
v 0.0269401 -0.0335314 0.005842 
v 0.0269603 -0.0333994 0.005842 
v 0.0269664 -0.0332661 0.005842 
v 0.0256965 -0.034544 0.005842 
v 0.0256965 -0.034544 0.003556 
v 0.0263337 -0.0343725 0.003556 
v 0.0266431 -0.0341207 0.003556 
v 0.0267267 -0.0340167 0.003556 
v 0.0264455 -0.0342996 0.003556 
v 0.0269603 -0.0333994 0.003556 
v 0.0269664 -0.0332661 0.003556 
v 0.0269062 -0.0336604 0.003556 
v 0.0269401 -0.0335314 0.003556 
v 0.0267989 -0.0339044 0.003556 
v 0.026859 -0.0337853 0.003556 
v 0.026549 -0.0342153 0.003556 
v -0.0269401 -0.0335314 0.003556 
v -0.026859 -0.0337853 0.003556 
v -0.0267989 -0.0339044 0.003556 
v -0.0256965 -0.034544 0.003556 
v 0.0259615 -0.034516 0.003556 
v 0.0260904 -0.0344814 0.003556 
v -0.0267267 -0.0340167 0.003556 
v -0.0266431 -0.0341207 0.003556 
v -0.0269062 -0.0336604 0.003556 
v -0.0269664 -0.0332661 0.003556 
v -0.0269603 -0.0333994 0.003556 
v 0.0262149 -0.0344333 0.003556 
v -0.0260904 -0.0344814 0.003556 
v -0.0259615 -0.034516 0.003556 
v -0.0264455 -0.0342996 0.003556 
v -0.0263337 -0.0343725 0.003556 
v -0.026549 -0.0342153 0.003556 
v 0.0258297 -0.034537 0.003556 
v -0.0262149 -0.0344333 0.003556 
v -0.0258297 -0.034537 0.003556 
v 0.0260878 0.0317115 0.005842 
v 0.026213 0.0317632 0.005842 
v 0.0263319 0.0318281 0.005842 
v 0.0264433 0.0319052 0.005842 
v 0.0265458 0.0319938 0.005842 
v 0.0266383 0.0320927 0.005842 
v 0.0267197 0.032201 0.005842 
v 0.0267892 0.0323173 0.005842 
v 0.0268458 0.0324404 0.005842 
v 0.026889 0.0325687 0.005842 
v 0.0269183 0.032701 0.005842 
v 0.0269334 0.0328356 0.005842 
v 0.0259578 0.0316733 0.005842 
v 0.0238479 0.0305582 0.005842 
v 0.02422 0.030865 0.005842 
v 0.0246214 0.0311324 0.005842 
v 0.0250477 0.0313577 0.005842 
v 0.0254947 0.0315386 0.005842 
v 0.0269586 0.0331329 0.005842 
v 0.0269334 0.0328356 0.003556 
v 0.0269183 0.032701 0.003556 
v 0.026889 0.0325687 0.003556 
v 0.0268458 0.0324404 0.003556 
v 0.0267892 0.0323173 0.003556 
v 0.0267197 0.032201 0.003556 
v 0.0266383 0.0320927 0.003556 
v 0.0265458 0.0319938 0.003556 
v 0.0264433 0.0319052 0.003556 
v 0.0263319 0.0318281 0.003556 
v 0.026213 0.0317632 0.003556 
v 0.0260878 0.0317115 0.003556 
v 0.0259578 0.0316733 0.003556 
v 0.0238479 0.0305582 0.003556 
v 0.02422 0.030865 0.003556 
v 0.0246214 0.0311324 0.003556 
v 0.0250477 0.0313577 0.003556 
v 0.0254947 0.0315386 0.003556 
v 0.0231255 0.0302331 0.005842 
v 0.023258 0.0302543 0.005842 
v 0.0233876 0.0302894 0.005842 
v 0.0235127 0.0303379 0.005842 
v 0.023632 0.0303994 0.005842 
v 0.0237441 0.0304731 0.005842 
v 0.0229914 0.030226 0.005842 
v 0.0269586 0.0331329 0.003556 
v 0.0269664 0.0332661 0.005842 
v 0.0269603 0.0333994 0.005842 
v 0.0269401 0.0335314 0.005842 
v 0.0269062 0.0336604 0.005842 
v 0.026859 0.0337853 0.005842 
v 0.0267989 0.0339044 0.005842 
v 0.0267267 0.0340167 0.005842 
v 0.0266431 0.0341207 0.005842 
v 0.026549 0.0342153 0.005842 
v 0.0264455 0.0342996 0.005842 
v 0.0263337 0.0343725 0.005842 
v 0.0262149 0.0344333 0.005842 
v 0.0260904 0.0344814 0.005842 
v 0.0259615 0.034516 0.005842 
v 0.0258297 0.034537 0.005842 
v 0.0256965 0.034544 0.005842 
v 0.0231255 0.0302331 0.003556 
v 0.0229914 0.030226 0.003556 
v 0.023258 0.0302543 0.003556 
v 0.0233876 0.0302894 0.003556 
v 0.0235127 0.0303379 0.003556 
v 0.023632 0.0303994 0.003556 
v 0.0237441 0.0304731 0.003556 
v -0.0229914 0.030226 0.005842 
v -0.0229914 0.030226 0.003556 
v -0.0237441 0.0304731 0.005842 
v -0.023632 0.0303994 0.005842 
v -0.0235127 0.0303379 0.005842 
v -0.0233876 0.0302894 0.005842 
v -0.023258 0.0302543 0.005842 
v -0.0231255 0.0302331 0.005842 
v -0.0238479 0.0305582 0.005842 
v -0.0237441 0.0304731 0.003556 
v -0.0238479 0.0305582 0.003556 
v -0.023632 0.0303994 0.003556 
v -0.0235127 0.0303379 0.003556 
v -0.0233876 0.0302894 0.003556 
v -0.023258 0.0302543 0.003556 
v -0.0231255 0.0302331 0.003556 
v -0.0259578 0.0316733 0.005842 
v -0.0254947 0.0315386 0.005842 
v -0.0250477 0.0313577 0.005842 
v -0.0246214 0.0311324 0.005842 
v -0.02422 0.030865 0.005842 
v -0.0259578 0.0316733 0.003556 
v -0.0254947 0.0315386 0.003556 
v -0.0250477 0.0313577 0.003556 
v -0.0246214 0.0311324 0.003556 
v -0.02422 0.030865 0.003556 
v -0.0269183 0.032701 0.005842 
v -0.026889 0.0325687 0.005842 
v -0.0268458 0.0324404 0.005842 
v -0.0267892 0.0323173 0.005842 
v -0.0267197 0.032201 0.005842 
v -0.0266383 0.0320927 0.005842 
v -0.0265458 0.0319938 0.005842 
v -0.0264433 0.0319052 0.005842 
v -0.0263319 0.0318281 0.005842 
v -0.026213 0.0317632 0.005842 
v -0.0260878 0.0317115 0.005842 
v -0.0269334 0.0328356 0.005842 
v -0.0260878 0.0317115 0.003556 
v -0.026213 0.0317632 0.003556 
v -0.0263319 0.0318281 0.003556 
v -0.0264433 0.0319052 0.003556 
v -0.0265458 0.0319938 0.003556 
v -0.0266383 0.0320927 0.003556 
v -0.0267197 0.032201 0.003556 
v -0.0267892 0.0323173 0.003556 
v -0.0268458 0.0324404 0.003556 
v -0.026889 0.0325687 0.003556 
v -0.0269183 0.032701 0.003556 
v -0.0269334 0.0328356 0.003556 
v -0.0269586 0.0331329 0.005842 
v -0.0269586 0.0331329 0.003556 
v -0.0258297 0.034537 0.005842 
v -0.0259615 0.034516 0.005842 
v -0.0260904 0.0344814 0.005842 
v -0.0262149 0.0344333 0.005842 
v -0.0263337 0.0343725 0.005842 
v -0.0264455 0.0342996 0.005842 
v -0.026549 0.0342153 0.005842 
v -0.0266431 0.0341207 0.005842 
v -0.0267267 0.0340167 0.005842 
v -0.0267989 0.0339044 0.005842 
v -0.026859 0.0337853 0.005842 
v -0.0269062 0.0336604 0.005842 
v -0.0269401 0.0335314 0.005842 
v -0.0269603 0.0333994 0.005842 
v -0.0269664 0.0332661 0.005842 
v -0.0256965 0.034544 0.005842 
v 0.0269401 0.0335314 0.003556 
v 0.026859 0.0337853 0.003556 
v 0.0267989 0.0339044 0.003556 
v 0.0267267 0.0340167 0.003556 
v 0.0266431 0.0341207 0.003556 
v 0.0269062 0.0336604 0.003556 
v 0.0269664 0.0332661 0.003556 
v 0.0269603 0.0333994 0.003556 
v 0.0256965 0.034544 0.003556 
v 0.0264455 0.0342996 0.003556 
v 0.0263337 0.0343725 0.003556 
v 0.026549 0.0342153 0.003556 
v -0.0256965 0.034544 0.003556 
v 0.0259615 0.034516 0.003556 
v 0.0258297 0.034537 0.003556 
v 0.0262149 0.0344333 0.003556 
v 0.0260904 0.0344814 0.003556 
v -0.0267267 0.0340167 0.003556 
v -0.0269603 0.0333994 0.003556 
v -0.0269664 0.0332661 0.003556 
v -0.0269401 0.0335314 0.003556 
v -0.0267989 0.0339044 0.003556 
v -0.0262149 0.0344333 0.003556 
v -0.0263337 0.0343725 0.003556 
v -0.026859 0.0337853 0.003556 
v -0.026549 0.0342153 0.003556 
v -0.0266431 0.0341207 0.003556 
v -0.0264455 0.0342996 0.003556 
v -0.0258297 0.034537 0.003556 
v -0.0259615 0.034516 0.003556 
v -0.0269062 0.0336604 0.003556 
v -0.0260904 0.0344814 0.003556 
v 0.0172178 -0.021708 0.005842 
v 0.0062151 -0.0107052 0.005842 
v 0.0164556 -0.0238687 0.005842 
v 0.0165898 -0.023847 0.005842 
v 0.0167209 -0.023811 0.005842 
v 0.0168474 -0.0237612 0.005842 
v 0.0169679 -0.0236982 0.005842 
v 0.0170809 -0.0236227 0.005842 
v 0.0171852 -0.0235355 0.005842 
v 0.0172796 -0.0234377 0.005842 
v 0.017363 -0.0233303 0.005842 
v 0.0174345 -0.0232146 0.005842 
v 0.0174931 -0.023092 0.005842 
v 0.0175384 -0.0229638 0.005842 
v 0.0175696 -0.0228315 0.005842 
v 0.0175866 -0.0226966 0.005842 
v 0.017589 -0.0225607 0.005842 
v 0.0175769 -0.0224253 0.005842 
v 0.0175504 -0.0222919 0.005842 
v 0.0175097 -0.0221622 0.005842 
v 0.0174555 -0.0220375 0.005842 
v 0.0173882 -0.0219194 0.005842 
v 0.0173087 -0.0218091 0.005842 
v 0.0163198 -0.023876 0.005842 
v 0.00611973 -0.0106191 0.005842 
v 0.00601613 -0.010543 0.005842 
v 0.00590537 -0.0104777 0.005842 
v 0.00578858 -0.010424 0.005842 
v 0.00566697 -0.0103824 0.005842 
v 0.00554177 -0.0103533 0.005842 
v 0.00541427 -0.010337 0.005842 
v 0.00528577 -0.0103336 0.005842 
v 0.00515759 -0.0103433 0.005842 
v 0.00503105 -0.0103659 0.005842 
v 0.00490743 -0.0104011 0.005842 
v 0.00478802 -0.0104487 0.005842 
v 0.0062151 -0.0107052 0.003556 
v 0.0172178 -0.021708 0.003556 
v 0.0164556 -0.0238687 0.003556 
v 0.0163198 -0.023876 0.003556 
v 0.0165898 -0.023847 0.003556 
v 0.0167209 -0.023811 0.003556 
v 0.0168474 -0.0237612 0.003556 
v 0.0169679 -0.0236982 0.003556 
v 0.0170809 -0.0236227 0.003556 
v 0.0171852 -0.0235355 0.003556 
v 0.0172796 -0.0234377 0.003556 
v 0.017363 -0.0233303 0.003556 
v 0.0174345 -0.0232146 0.003556 
v 0.0174931 -0.023092 0.003556 
v 0.0175384 -0.0229638 0.003556 
v 0.0175696 -0.0228315 0.003556 
v 0.0175866 -0.0226966 0.003556 
v 0.017589 -0.0225607 0.003556 
v 0.0175769 -0.0224253 0.003556 
v 0.0175504 -0.0222919 0.003556 
v 0.0175097 -0.0221622 0.003556 
v 0.0174555 -0.0220375 0.003556 
v 0.0173882 -0.0219194 0.003556 
v 0.0173087 -0.0218091 0.003556 
v -0.0163198 -0.023876 0.005842 
v -0.0163198 -0.023876 0.003556 
v -0.0173087 -0.0218091 0.005842 
v -0.0173882 -0.0219194 0.005842 
v -0.0174555 -0.0220375 0.005842 
v -0.0175097 -0.0221622 0.005842 
v -0.0175504 -0.0222919 0.005842 
v -0.0175769 -0.0224253 0.005842 
v -0.017589 -0.0225607 0.005842 
v -0.0175866 -0.0226966 0.005842 
v -0.0175696 -0.0228315 0.005842 
v -0.0175384 -0.0229638 0.005842 
v -0.0174931 -0.023092 0.005842 
v -0.0174345 -0.0232146 0.005842 
v -0.017363 -0.0233303 0.005842 
v -0.0172796 -0.0234377 0.005842 
v -0.0171852 -0.0235355 0.005842 
v -0.0170809 -0.0236227 0.005842 
v -0.0169679 -0.0236982 0.005842 
v -0.0168474 -0.0237612 0.005842 
v -0.0167209 -0.023811 0.005842 
v -0.0165898 -0.023847 0.005842 
v -0.0164556 -0.0238687 0.005842 
v -0.0172178 -0.021708 0.005842 
v -0.0164556 -0.0238687 0.003556 
v -0.0165898 -0.023847 0.003556 
v -0.0167209 -0.023811 0.003556 
v -0.0168474 -0.0237612 0.003556 
v -0.0169679 -0.0236982 0.003556 
v -0.0170809 -0.0236227 0.003556 
v -0.0171852 -0.0235355 0.003556 
v -0.0172796 -0.0234377 0.003556 
v -0.017363 -0.0233303 0.003556 
v -0.0174345 -0.0232146 0.003556 
v -0.0174931 -0.023092 0.003556 
v -0.0175384 -0.0229638 0.003556 
v -0.0175696 -0.0228315 0.003556 
v -0.0175866 -0.0226966 0.003556 
v -0.017589 -0.0225607 0.003556 
v -0.0175769 -0.0224253 0.003556 
v -0.0175504 -0.0222919 0.003556 
v -0.0175097 -0.0221622 0.003556 
v -0.0174555 -0.0220375 0.003556 
v -0.0173882 -0.0219194 0.003556 
v -0.0173087 -0.0218091 0.003556 
v -0.0172178 -0.021708 0.003556 
v -0.0062151 -0.0107052 0.005842 
v -0.0062151 -0.0107052 0.003556 
v -0.00490743 -0.0104011 0.005842 
v -0.00503105 -0.0103659 0.005842 
v -0.00515759 -0.0103433 0.005842 
v -0.00528577 -0.0103336 0.005842 
v -0.00541427 -0.010337 0.005842 
v -0.00554177 -0.0103533 0.005842 
v -0.00566697 -0.0103824 0.005842 
v -0.00578858 -0.010424 0.005842 
v -0.00590537 -0.0104777 0.005842 
v -0.00601613 -0.010543 0.005842 
v -0.00611973 -0.0106191 0.005842 
v -0.00478802 -0.0104487 0.005842 
v 0.00541427 -0.010337 0.003556 
v 0.00528577 -0.0103336 0.003556 
v 0.00515759 -0.0103433 0.003556 
v 0.00554177 -0.0103533 0.003556 
v 0.00503105 -0.0103659 0.003556 
v 0.00490743 -0.0104011 0.003556 
v 0.00478802 -0.0104487 0.003556 
v 0.00601613 -0.010543 0.003556 
v 0.00590537 -0.0104777 0.003556 
v 0.00578858 -0.010424 0.003556 
v 0.00566697 -0.0103824 0.003556 
v 0.00611973 -0.0106191 0.003556 
v -0.00478802 -0.0104487 0.003556 
v -0.00578858 -0.010424 0.003556 
v -0.00590537 -0.0104777 0.003556 
v -0.00503105 -0.0103659 0.003556 
v -0.00541427 -0.010337 0.003556 
v -0.00554177 -0.0103533 0.003556 
v -0.00515759 -0.0103433 0.003556 
v -0.00601613 -0.010543 0.003556 
v -0.00611973 -0.0106191 0.003556 
v -0.00566697 -0.0103824 0.003556 
v -0.00528577 -0.0103336 0.003556 
v -0.00490743 -0.0104011 0.003556 
v 2.11132e-18 -0.0114935 0.003556 
v -0.00123227 -0.0114273 0.003556 
v 0.00245034 -0.0112293 0.003556 
v 0.00123227 -0.0114273 0.003556 
v -0.00245034 -0.0112293 0.003556 
v 0.00364016 -0.0109018 0.003556 
v -0.00364016 -0.0109018 0.003556 
v 0.00364016 -0.0109018 0.005842 
v 0.00245034 -0.0112293 0.005842 
v 0.00123227 -0.0114273 0.005842 
v 2.11132e-18 -0.0114935 0.005842 
v -0.00123227 -0.0114273 0.005842 
v -0.00245034 -0.0112293 0.005842 
v -0.00364016 -0.0109018 0.005842 
vn 0.994138 0.108119 0 
vn 1 2.44929e-16 0 
vn 0.976621 0.21497 0 
vn 0.994138 0.108119 0 
vn 0.947653 0.319302 0 
vn 0.976621 0.21497 0 
vn 0.907575 0.419889 0 
vn 0.947653 0.319302 0 
vn 0.856857 0.515554 0 
vn 0.907575 0.419889 0 
vn 0.796093 0.605174 0 
vn 0.856857 0.515554 0 
vn 0.725995 0.687699 0 
vn 0.796093 0.605174 0 
vn 0.647386 0.762162 0 
vn 0.725995 0.687699 0 
vn 0.561187 0.827689 0 
vn 0.647386 0.762162 0 
vn 0.468408 0.883512 0 
vn 0.561187 0.827689 0 
vn 0.370138 0.928977 0 
vn 0.468408 0.883512 0 
vn 0.267528 0.96355 0 
vn 0.370138 0.928977 0 
vn 0.161782 0.986827 0 
vn 0.267528 0.96355 0 
vn 0.0541389 0.998533 0 
vn 0.161782 0.986827 0 
vn -0.0541389 0.998533 0 
vn 0.0541389 0.998533 0 
vn -0.161782 0.986827 0 
vn -0.0541389 0.998533 0 
vn -0.267528 0.96355 0 
vn -0.161782 0.986827 0 
vn -0.370138 0.928977 0 
vn -0.267528 0.96355 0 
vn -0.468408 0.883512 0 
vn -0.370138 0.928977 0 
vn -0.561187 0.827689 0 
vn -0.468408 0.883512 0 
vn -0.647386 0.762162 0 
vn -0.561187 0.827689 0 
vn -0.725995 0.687699 0 
vn -0.647386 0.762162 0 
vn -0.796093 0.605174 0 
vn -0.725995 0.687699 0 
vn -0.856857 0.515554 0 
vn -0.796093 0.605174 0 
vn -0.907575 0.419889 0 
vn -0.856857 0.515554 0 
vn -0.947653 0.319302 0 
vn -0.907575 0.419889 0 
vn -0.976621 0.21497 0 
vn -0.947653 0.319302 0 
vn -0.994138 0.108119 0 
vn -0.976621 0.21497 0 
vn -1 -1.22465e-16 0 
vn -0.994138 0.108119 0 
vn -0.994138 -0.108119 0 
vn -1 -1.22465e-16 0 
vn -0.976621 -0.21497 0 
vn -0.994138 -0.108119 0 
vn -0.947653 -0.319302 0 
vn -0.976621 -0.21497 0 
vn -0.907575 -0.419889 0 
vn -0.947653 -0.319302 0 
vn -0.856857 -0.515554 0 
vn -0.907575 -0.419889 0 
vn -0.796093 -0.605174 0 
vn -0.856857 -0.515554 0 
vn -0.725995 -0.687699 0 
vn -0.796093 -0.605174 0 
vn -0.647386 -0.762162 0 
vn -0.725995 -0.687699 0 
vn -0.561187 -0.827689 0 
vn -0.647386 -0.762162 0 
vn -0.468408 -0.883512 0 
vn -0.561187 -0.827689 0 
vn -0.370138 -0.928977 0 
vn -0.468408 -0.883512 0 
vn -0.267528 -0.96355 0 
vn -0.370138 -0.928977 0 
vn -0.161782 -0.986827 0 
vn -0.267528 -0.96355 0 
vn -0.0541389 -0.998533 0 
vn -0.161782 -0.986827 0 
vn 0.0541389 -0.998533 0 
vn -0.0541389 -0.998533 0 
vn 0.161782 -0.986827 0 
vn 0.0541389 -0.998533 0 
vn 0.267528 -0.96355 0 
vn 0.161782 -0.986827 0 
vn 0.370138 -0.928977 0 
vn 0.267528 -0.96355 0 
vn 0.468408 -0.883512 0 
vn 0.370138 -0.928977 0 
vn 0.561187 -0.827689 0 
vn 0.468408 -0.883512 0 
vn 0.647386 -0.762162 0 
vn 0.561187 -0.827689 0 
vn 0.725995 -0.687699 0 
vn 0.647386 -0.762162 0 
vn 0.796093 -0.605174 0 
vn 0.725995 -0.687699 0 
vn 0.856857 -0.515554 0 
vn 0.796093 -0.605174 0 
vn 0.907575 -0.419889 0 
vn 0.856857 -0.515554 0 
vn 0.947653 -0.319302 0 
vn 0.907575 -0.419889 0 
vn 0.976621 -0.21497 0 
vn 0.947653 -0.319302 0 
vn 0.994138 -0.108119 0 
vn 0.976621 -0.21497 0 
vn 0 0 1 
vn -0.994522 0.104528 0 
vn -1 2.44929e-16 0 
vn -0.978148 0.207912 0 
vn -0.994522 0.104528 0 
vn -0.951057 0.309017 0 
vn -0.978148 0.207912 0 
vn -0.913545 0.406737 0 
vn -0.951057 0.309017 0 
vn -0.866025 0.5 0 
vn -0.913545 0.406737 0 
vn -0.809017 0.587785 0 
vn -0.866025 0.5 0 
vn -0.743145 0.669131 0 
vn -0.809017 0.587785 0 
vn -0.669131 0.743145 0 
vn -0.743145 0.669131 0 
vn -0.587785 0.809017 0 
vn -0.669131 0.743145 0 
vn -0.5 0.866025 0 
vn -0.587785 0.809017 0 
vn -0.406737 0.913545 0 
vn -0.5 0.866025 0 
vn -0.309017 0.951057 0 
vn -0.406737 0.913545 0 
vn -0.207912 0.978148 0 
vn -0.309017 0.951057 0 
vn -0.104528 0.994522 0 
vn -0.207912 0.978148 0 
vn 1.83697e-16 1 0 
vn -0.104528 0.994522 0 
vn -1 0 0 
vn 1.22465e-16 1 0 
vn 1.29893e-16 0.707107 0.707107 
vn -0.0739128 0.703233 0.707107 
vn -0.147016 0.691655 0.707107 
vn -0.218508 0.672499 0.707107 
vn -0.287606 0.645974 0.707107 
vn -0.353553 0.612372 0.707107 
vn -0.415627 0.572061 0.707107 
vn -0.473147 0.525483 0.707107 
vn -0.525483 0.473147 0.707107 
vn -0.572061 0.415627 0.707107 
vn -0.612372 0.353553 0.707107 
vn -0.645974 0.287606 0.707107 
vn -0.672499 0.218508 0.707107 
vn -0.691655 0.147016 0.707107 
vn -0.703233 0.0739128 0.707107 
vn -0.707107 9.81308e-17 0.707107 
vn 1.29893e-16 0.707107 0.707107 
vn -0.104528 0.994522 0 
vn -6.12323e-17 1 0 
vn -0.207912 0.978148 0 
vn -0.309017 0.951057 0 
vn -0.406737 0.913545 0 
vn -0.5 0.866025 0 
vn -0.587785 0.809017 0 
vn -0.6 0.8 0 
vn -0.669131 0.743145 0 
vn -0.743145 0.669131 0 
vn -0.809017 0.587785 0 
vn -0.866025 0.5 0 
vn -0.838671 0.544639 0 
vn -0.913545 0.406737 0 
vn -0.866025 0.5 0 
vn -0.891007 0.45399 0 
vn -0.951057 0.309017 0 
vn -0.913545 0.406737 0 
vn -0.93358 0.358368 0 
vn -0.978148 0.207912 0 
vn -0.951057 0.309017 0 
vn -0.965926 0.258819 0 
vn -0.994522 0.104528 0 
vn -0.978148 0.207912 0 
vn -0.987688 0.156434 0 
vn -1 0 0 
vn -0.994522 0.104528 0 
vn -0.99863 0.052336 0 
vn -1 0 0 
vn -6.12323e-17 1 0 
vn -0.707107 1.29893e-16 0.707107 
vn -0.703233 0.0739128 0.707107 
vn -0.691655 0.147016 0.707107 
vn -0.672499 0.218508 0.707107 
vn -0.645974 0.287606 0.707107 
vn -0.612372 0.353553 0.707107 
vn -0.572061 0.415627 0.707107 
vn -0.525483 0.473147 0.707107 
vn -0.473147 0.525483 0.707107 
vn -0.415627 0.572061 0.707107 
vn -0.353553 0.612372 0.707107 
vn -0.314408 0.633362 0.707107 
vn -0.287606 0.645974 0.707107 
vn -0.218508 0.672499 0.707107 
vn -0.147016 0.691655 0.707107 
vn -0.0739128 0.703233 0.707107 
vn -9.81308e-17 0.707107 0.707107 
vn -0.707107 1.29893e-16 0.707107 
vn 6.12323e-17 1 0 
vn -0.052336 0.99863 0 
vn -0.104528 0.994522 0 
vn 0 1 0 
vn -0.156434 0.987688 0 
vn -0.207912 0.978148 0 
vn -0.258819 0.965926 0 
vn -0.309017 0.951057 0 
vn -0.358368 0.93358 0 
vn -0.406737 0.913545 0 
vn -0.45399 0.891007 0 
vn -0.5 0.866025 0 
vn -0.544639 0.838671 0 
vn -0.587785 0.809017 0 
vn -0.669131 0.743145 0 
vn -0.743145 0.669131 0 
vn -0.809017 0.587785 0 
vn -0.8 0.6 0 
vn -0.866025 0.5 0 
vn -0.913545 0.406737 0 
vn -0.951057 0.309017 0 
vn -0.978148 0.207912 0 
vn -0.994522 0.104528 0 
vn -1 1.22465e-16 0 
vn 0 0.707107 0.707107 
vn -0.707107 0 0.707107 
vn -0.703233 0.0739128 0.707107 
vn -0.691655 0.147016 0.707107 
vn -0.672499 0.218508 0.707107 
vn -0.645974 0.287606 0.707107 
vn -0.612372 0.353553 0.707107 
vn -0.633362 0.314408 0.707107 
vn -0.572061 0.415627 0.707107 
vn -0.525483 0.473147 0.707107 
vn -0.473147 0.525483 0.707107 
vn -0.415627 0.572061 0.707107 
vn -0.353553 0.612372 0.707107 
vn -0.287606 0.645974 0.707107 
vn -0.218508 0.672499 0.707107 
vn -0.147016 0.691655 0.707107 
vn -0.0739128 0.703233 0.707107 
vn -9.81308e-17 0.707107 0.707107 
vn -0.707107 0 0.707107 
vn -0.703233 0.0739128 0.707107 
vn -0.691655 0.147016 0.707107 
vn -0.672499 0.218508 0.707107 
vn -0.645974 0.287606 0.707107 
vn -0.612372 0.353553 0.707107 
vn -0.572061 0.415627 0.707107 
vn -0.525483 0.473147 0.707107 
vn -0.473147 0.525483 0.707107 
vn -0.415627 0.572061 0.707107 
vn -0.353553 0.612372 0.707107 
vn -0.287606 0.645974 0.707107 
vn -0.218508 0.672499 0.707107 
vn -0.147016 0.691655 0.707107 
vn -0.0739128 0.703233 0.707107 
vn -9.81308e-17 0.707107 0.707107 
vn -1 0 0 
vn -0.994522 0.104528 0 
vn -0.978148 0.207912 0 
vn -0.951057 0.309017 0 
vn -0.913545 0.406737 0 
vn -0.866025 0.5 0 
vn -0.809017 0.587785 0 
vn -0.743145 0.669131 0 
vn -0.669131 0.743145 0 
vn -0.587785 0.809017 0 
vn -0.5 0.866025 0 
vn -0.406737 0.913545 0 
vn -0.309017 0.951057 0 
vn -0.207912 0.978148 0 
vn -0.104528 0.994522 0 
vn -6.12323e-17 1 0 
vn 1.29893e-16 -0.707107 0.707107 
vn -0.0739128 -0.703233 0.707107 
vn -0.147016 -0.691655 0.707107 
vn -0.218508 -0.672499 0.707107 
vn -0.287606 -0.645974 0.707107 
vn -0.353553 -0.612372 0.707107 
vn -0.314408 -0.633362 0.707107 
vn -0.415627 -0.572061 0.707107 
vn -0.473147 -0.525483 0.707107 
vn -0.525483 -0.473147 0.707107 
vn -0.572061 -0.415627 0.707107 
vn -0.612372 -0.353553 0.707107 
vn -0.645974 -0.287606 0.707107 
vn -0.672499 -0.218508 0.707107 
vn -0.691655 -0.147016 0.707107 
vn -0.703233 -0.0739128 0.707107 
vn -0.707107 -9.81308e-17 0.707107 
vn 8.65956e-17 -0.707107 0.707107 
vn -1 1.22465e-16 0 
vn -0.99863 -0.052336 0 
vn -0.994522 -0.104528 0 
vn -1 0 0 
vn -0.987688 -0.156434 0 
vn -0.978148 -0.207912 0 
vn -0.965926 -0.258819 0 
vn -0.951057 -0.309017 0 
vn -0.93358 -0.358368 0 
vn -0.913545 -0.406737 0 
vn -0.891007 -0.45399 0 
vn -0.866025 -0.5 0 
vn -0.838671 -0.544639 0 
vn -0.809017 -0.587785 0 
vn -0.743145 -0.669131 0 
vn -0.669131 -0.743145 0 
vn -0.587785 -0.809017 0 
vn -0.6 -0.8 0 
vn -0.5 -0.866025 0 
vn -0.406737 -0.913545 0 
vn -0.309017 -0.951057 0 
vn -0.207912 -0.978148 0 
vn -0.104528 -0.994522 0 
vn -1.83697e-16 -1 0 
vn -0.207912 -0.978148 0 
vn -0.104528 -0.994522 0 
vn -0.309017 -0.951057 0 
vn -0.207912 -0.978148 0 
vn -0.406737 -0.913545 0 
vn -0.309017 -0.951057 0 
vn -0.5 -0.866025 0 
vn -0.406737 -0.913545 0 
vn -0.587785 -0.809017 0 
vn -0.5 -0.866025 0 
vn -0.669131 -0.743145 0 
vn -0.587785 -0.809017 0 
vn -0.743145 -0.669131 0 
vn -0.669131 -0.743145 0 
vn -0.809017 -0.587785 0 
vn -0.743145 -0.669131 0 
vn -0.866025 -0.5 0 
vn -0.809017 -0.587785 0 
vn -0.913545 -0.406737 0 
vn -0.866025 -0.5 0 
vn -0.951057 -0.309017 0 
vn -0.913545 -0.406737 0 
vn -0.978148 -0.207912 0 
vn -0.951057 -0.309017 0 
vn -0.994522 -0.104528 0 
vn -0.978148 -0.207912 0 
vn -1 0 0 
vn -0.994522 -0.104528 0 
vn -0.707107 0 0.707107 
vn -0.703233 -0.0739128 0.707107 
vn -0.691655 -0.147016 0.707107 
vn -0.672499 -0.218508 0.707107 
vn -0.645974 -0.287606 0.707107 
vn -0.612372 -0.353553 0.707107 
vn -0.572061 -0.415627 0.707107 
vn -0.525483 -0.473147 0.707107 
vn -0.473147 -0.525483 0.707107 
vn -0.415627 -0.572061 0.707107 
vn -0.448362 -0.546783 0.707107 
vn -0.353553 -0.612372 0.707107 
vn -0.287606 -0.645974 0.707107 
vn -0.218508 -0.672499 0.707107 
vn -0.147016 -0.691655 0.707107 
vn -0.0739128 -0.703233 0.707107 
vn -9.81308e-17 -0.707107 0.707107 
vn -0.707107 0 0.707107 
vn -1 0 0 
vn 1.29893e-16 -0.707107 0.707107 
vn -0.0739128 -0.703233 0.707107 
vn -0.147016 -0.691655 0.707107 
vn -0.218508 -0.672499 0.707107 
vn -0.287606 -0.645974 0.707107 
vn -0.353553 -0.612372 0.707107 
vn -0.415627 -0.572061 0.707107 
vn -0.473147 -0.525483 0.707107 
vn -0.525483 -0.473147 0.707107 
vn -0.572061 -0.415627 0.707107 
vn -0.612372 -0.353553 0.707107 
vn -0.633362 -0.314408 0.707107 
vn -0.645974 -0.287606 0.707107 
vn -0.672499 -0.218508 0.707107 
vn -0.691655 -0.147016 0.707107 
vn -0.703233 -0.0739128 0.707107 
vn -0.707107 -9.81308e-17 0.707107 
vn 0 0 1 
vn 0.994138 0.108119 0 
vn 1 2.44929e-16 0 
vn 0.976621 0.21497 0 
vn 0.994138 0.108119 0 
vn 0.947653 0.319302 0 
vn 0.976621 0.21497 0 
vn 0.907575 0.419889 0 
vn 0.947653 0.319302 0 
vn 0.856857 0.515554 0 
vn 0.907575 0.419889 0 
vn 0.796093 0.605174 0 
vn 0.856857 0.515554 0 
vn 0.725995 0.687699 0 
vn 0.796093 0.605174 0 
vn 0.647386 0.762162 0 
vn 0.725995 0.687699 0 
vn 0.561187 0.827689 0 
vn 0.647386 0.762162 0 
vn 0.468408 0.883512 0 
vn 0.561187 0.827689 0 
vn 0.370138 0.928977 0 
vn 0.468408 0.883512 0 
vn 0.267528 0.96355 0 
vn 0.370138 0.928977 0 
vn 0.161782 0.986827 0 
vn 0.267528 0.96355 0 
vn 0.0541389 0.998533 0 
vn 0.161782 0.986827 0 
vn -0.0541389 0.998533 0 
vn 0.0541389 0.998533 0 
vn -0.161782 0.986827 0 
vn -0.0541389 0.998533 0 
vn -0.267528 0.96355 0 
vn -0.161782 0.986827 0 
vn -0.370138 0.928977 0 
vn -0.267528 0.96355 0 
vn -0.468408 0.883512 0 
vn -0.370138 0.928977 0 
vn -0.561187 0.827689 0 
vn -0.468408 0.883512 0 
vn -0.647386 0.762162 0 
vn -0.561187 0.827689 0 
vn -0.725995 0.687699 0 
vn -0.647386 0.762162 0 
vn -0.796093 0.605174 0 
vn -0.725995 0.687699 0 
vn -0.856857 0.515554 0 
vn -0.796093 0.605174 0 
vn -0.907575 0.419889 0 
vn -0.856857 0.515554 0 
vn -0.947653 0.319302 0 
vn -0.907575 0.419889 0 
vn -0.976621 0.21497 0 
vn -0.947653 0.319302 0 
vn -0.994138 0.108119 0 
vn -0.976621 0.21497 0 
vn -1 -1.22465e-16 0 
vn -0.994138 0.108119 0 
vn -0.994138 -0.108119 0 
vn -1 -1.22465e-16 0 
vn -0.976621 -0.21497 0 
vn -0.994138 -0.108119 0 
vn -0.947653 -0.319302 0 
vn -0.976621 -0.21497 0 
vn -0.907575 -0.419889 0 
vn -0.947653 -0.319302 0 
vn -0.856857 -0.515554 0 
vn -0.907575 -0.419889 0 
vn -0.796093 -0.605174 0 
vn -0.856857 -0.515554 0 
vn -0.725995 -0.687699 0 
vn -0.796093 -0.605174 0 
vn -0.647386 -0.762162 0 
vn -0.725995 -0.687699 0 
vn -0.561187 -0.827689 0 
vn -0.647386 -0.762162 0 
vn -0.468408 -0.883512 0 
vn -0.561187 -0.827689 0 
vn -0.370138 -0.928977 0 
vn -0.468408 -0.883512 0 
vn -0.267528 -0.96355 0 
vn -0.370138 -0.928977 0 
vn -0.161782 -0.986827 0 
vn -0.267528 -0.96355 0 
vn -0.0541389 -0.998533 0 
vn -0.161782 -0.986827 0 
vn 0.0541389 -0.998533 0 
vn -0.0541389 -0.998533 0 
vn 0.161782 -0.986827 0 
vn 0.0541389 -0.998533 0 
vn 0.267528 -0.96355 0 
vn 0.161782 -0.986827 0 
vn 0.370138 -0.928977 0 
vn 0.267528 -0.96355 0 
vn 0.468408 -0.883512 0 
vn 0.370138 -0.928977 0 
vn 0.561187 -0.827689 0 
vn 0.468408 -0.883512 0 
vn 0.647386 -0.762162 0 
vn 0.561187 -0.827689 0 
vn 0.725995 -0.687699 0 
vn 0.647386 -0.762162 0 
vn 0.796093 -0.605174 0 
vn 0.725995 -0.687699 0 
vn 0.856857 -0.515554 0 
vn 0.796093 -0.605174 0 
vn 0.907575 -0.419889 0 
vn 0.856857 -0.515554 0 
vn 0.947653 -0.319302 0 
vn 0.907575 -0.419889 0 
vn 0.976621 -0.21497 0 
vn 0.947653 -0.319302 0 
vn 0.994138 -0.108119 0 
vn 0.976621 -0.21497 0 
vn -1 1.22465e-16 0 
vn -0.994522 -0.104528 0 
vn -0.978148 -0.207912 0 
vn -0.951057 -0.309017 0 
vn -0.913545 -0.406737 0 
vn -0.866025 -0.5 0 
vn -0.809017 -0.587785 0 
vn -0.8 -0.6 0 
vn -0.743145 -0.669131 0 
vn -0.669131 -0.743145 0 
vn -0.587785 -0.809017 0 
vn -0.5 -0.866025 0 
vn -0.544639 -0.838671 0 
vn -0.406737 -0.913545 0 
vn -0.5 -0.866025 0 
vn -0.45399 -0.891007 0 
vn -0.309017 -0.951057 0 
vn -0.406737 -0.913545 0 
vn -0.358368 -0.93358 0 
vn -0.207912 -0.978148 0 
vn -0.309017 -0.951057 0 
vn -0.258819 -0.965926 0 
vn -0.104528 -0.994522 0 
vn -0.207912 -0.978148 0 
vn -0.156434 -0.987688 0 
vn -1.83697e-16 -1 0 
vn -0.104528 -0.994522 0 
vn -0.052336 -0.99863 0 
vn 0 -1 0 
vn 0 -0.707107 0.707107 
vn -0.0739128 -0.703233 0.707107 
vn -0.147016 -0.691655 0.707107 
vn -0.218508 -0.672499 0.707107 
vn -0.287606 -0.645974 0.707107 
vn -0.353553 -0.612372 0.707107 
vn -0.415627 -0.572061 0.707107 
vn -0.473147 -0.525483 0.707107 
vn -0.525483 -0.473147 0.707107 
vn -0.572061 -0.415627 0.707107 
vn -0.612372 -0.353553 0.707107 
vn -0.645974 -0.287606 0.707107 
vn -0.672499 -0.218508 0.707107 
vn -0.691655 -0.147016 0.707107 
vn -0.703233 -0.0739128 0.707107 
vn -0.707107 -9.81308e-17 0.707107 
vn -1 1.83697e-16 0 
vn 1.83697e-16 -1 0 
vn -0.104528 -0.994522 0 
vn -0.207912 -0.978148 0 
vn -0.309017 -0.951057 0 
vn -0.406737 -0.913545 0 
vn -0.5 -0.866025 0 
vn -0.587785 -0.809017 0 
vn -0.669131 -0.743145 0 
vn -0.743145 -0.669131 0 
vn -0.809017 -0.587785 0 
vn -0.866025 -0.5 0 
vn -0.913545 -0.406737 0 
vn -0.951057 -0.309017 0 
vn -0.978148 -0.207912 0 
vn -0.994522 -0.104528 0 
vn -1 -2.44929e-16 0 
vn -0.707107 1.29893e-16 -0.707107 
vn 4.32978e-17 0.707107 -0.707107 
vn -0.0739128 0.703233 -0.707107 
vn -0.147016 0.691655 -0.707107 
vn -0.218508 0.672499 -0.707107 
vn -0.287606 0.645974 -0.707107 
vn -0.353553 0.612372 -0.707107 
vn -0.415627 0.572061 -0.707107 
vn -0.473147 0.525483 -0.707107 
vn -0.522791 0.476119 -0.707107 
vn -0.525483 0.473147 -0.707107 
vn -0.572061 0.415627 -0.707107 
vn -0.612372 0.353553 -0.707107 
vn -0.645974 0.287606 -0.707107 
vn -0.672499 0.218508 -0.707107 
vn -0.691655 0.147016 -0.707107 
vn -0.703233 0.0739128 -0.707107 
vn -0.707107 9.81308e-17 -0.707107 
vn 0 0.707107 -0.707107 
vn -0.703233 -0.0739128 -0.707107 
vn -0.691655 -0.147016 -0.707107 
vn -0.672499 -0.218508 -0.707107 
vn -0.645974 -0.287606 -0.707107 
vn -0.612372 -0.353553 -0.707107 
vn -0.572061 -0.415627 -0.707107 
vn -0.525483 -0.473147 -0.707107 
vn -0.522791 -0.476119 -0.707107 
vn -0.476119 -0.522791 -0.707107 
vn -0.473147 -0.525483 -0.707107 
vn -0.415627 -0.572061 -0.707107 
vn -0.353553 -0.612372 -0.707107 
vn -0.287606 -0.645974 -0.707107 
vn -0.218508 -0.672499 -0.707107 
vn -0.147016 -0.691655 -0.707107 
vn -0.0739128 -0.703233 -0.707107 
vn -9.81308e-17 -0.707107 -0.707107 
vn 0.707107 8.65956e-17 0.707107 
vn 0.703233 -0.0739128 0.707107 
vn 0.691655 -0.147016 0.707107 
vn 0.672499 -0.218508 0.707107 
vn 0.645974 -0.287606 0.707107 
vn 0.612372 -0.353553 0.707107 
vn 0.633362 -0.314408 0.707107 
vn 0.572061 -0.415627 0.707107 
vn 0.525483 -0.473147 0.707107 
vn 0.473147 -0.525483 0.707107 
vn 0.415627 -0.572061 0.707107 
vn 0.353553 -0.612372 0.707107 
vn 0.287606 -0.645974 0.707107 
vn 0.218508 -0.672499 0.707107 
vn 0.147016 -0.691655 0.707107 
vn 0.0739128 -0.703233 0.707107 
vn 9.81308e-17 -0.707107 0.707107 
vn 0 -1 0 
vn -1.29893e-16 -0.707107 -0.707107 
vn 0.0739128 -0.703233 -0.707107 
vn 0.147016 -0.691655 -0.707107 
vn 0.218508 -0.672499 -0.707107 
vn 0.287606 -0.645974 -0.707107 
vn 0.353553 -0.612372 -0.707107 
vn 0.415627 -0.572061 -0.707107 
vn 0.473147 -0.525483 -0.707107 
vn 0.525483 -0.473147 -0.707107 
vn 0.476119 -0.522791 -0.707107 
vn 0.572061 -0.415627 -0.707107 
vn 0.612372 -0.353553 -0.707107 
vn 0.645974 -0.287606 -0.707107 
vn 0.672499 -0.218508 -0.707107 
vn 0.691655 -0.147016 -0.707107 
vn 0.703233 -0.0739128 -0.707107 
vn 0.707107 -9.81308e-17 -0.707107 
vn 0.703233 0.0739128 -0.707107 
vn 0.691655 0.147016 -0.707107 
vn 0.672499 0.218508 -0.707107 
vn 0.645974 0.287606 -0.707107 
vn 0.612372 0.353553 -0.707107 
vn 0.572061 0.415627 -0.707107 
vn 0.525483 0.473147 -0.707107 
vn 0.473147 0.525483 -0.707107 
vn 0.415627 0.572061 -0.707107 
vn 0.353553 0.612372 -0.707107 
vn 0.287606 0.645974 -0.707107 
vn 0.218508 0.672499 -0.707107 
vn 0.147016 0.691655 -0.707107 
vn 0.0739128 0.703233 -0.707107 
vn 9.81308e-17 0.707107 -0.707107 
vn 0.707107 -1.29893e-16 -0.707107 
vn 1 1.22465e-16 0 
vn 0.994522 -0.104528 0 
vn 0.978148 -0.207912 0 
vn 0.951057 -0.309017 0 
vn 0.913545 -0.406737 0 
vn 0.866025 -0.5 0 
vn 0.809017 -0.587785 0 
vn 0.743145 -0.669131 0 
vn 0.669131 -0.743145 0 
vn 0.587785 -0.809017 0 
vn 0.5 -0.866025 0 
vn 0.406737 -0.913545 0 
vn 0.309017 -0.951057 0 
vn 0.207912 -0.978148 0 
vn 0.104528 -0.994522 0 
vn 1.83697e-16 -1 0 
vn -6.12323e-17 1 0 
vn 0.104528 0.994522 0 
vn 0.207912 0.978148 0 
vn 0.309017 0.951057 0 
vn 0.406737 0.913545 0 
vn 0.5 0.866025 0 
vn 0.587785 0.809017 0 
vn 0.669131 0.743145 0 
vn 0.743145 0.669131 0 
vn 0.809017 0.587785 0 
vn 0.866025 0.5 0 
vn 0.913545 0.406737 0 
vn 0.951057 0.309017 0 
vn 0.978148 0.207912 0 
vn 0.994522 0.104528 0 
vn 1 1.22465e-16 0 
vn 0 -0.707107 0.707107 
vn 1.83697e-16 -1 0 
vn 0.052336 -0.99863 0 
vn 0.104528 -0.994522 0 
vn 0 -1 0 
vn 0.156434 -0.987688 0 
vn 0.207912 -0.978148 0 
vn 0.258819 -0.965926 0 
vn 0.309017 -0.951057 0 
vn 0.358368 -0.93358 0 
vn 0.406737 -0.913545 0 
vn 0.45399 -0.891007 0 
vn 0.5 -0.866025 0 
vn 0.544639 -0.838671 0 
vn 0.587785 -0.809017 0 
vn 0.669131 -0.743145 0 
vn 0.743145 -0.669131 0 
vn 0.809017 -0.587785 0 
vn 0.8 -0.6 0 
vn 0.866025 -0.5 0 
vn 0.913545 -0.406737 0 
vn 0.951057 -0.309017 0 
vn 0.978148 -0.207912 0 
vn 0.994522 -0.104528 0 
vn 1 1.22465e-16 0 
vn 0.809017 -0.587785 0 
vn 0.707107 0 0.707107 
vn 0.994522 -0.104528 0 
vn 1 -1.22465e-16 0 
vn 0.978148 -0.207912 0 
vn 0.994522 -0.104528 0 
vn 0.951057 -0.309017 0 
vn 0.978148 -0.207912 0 
vn 0.913545 -0.406737 0 
vn 0.951057 -0.309017 0 
vn 0.866025 -0.5 0 
vn 0.913545 -0.406737 0 
vn 0.809017 -0.587785 0 
vn 0.866025 -0.5 0 
vn 0.743145 -0.669131 0 
vn 0.809017 -0.587785 0 
vn 0.669131 -0.743145 0 
vn 0.743145 -0.669131 0 
vn 0.587785 -0.809017 0 
vn 0.669131 -0.743145 0 
vn 0.5 -0.866025 0 
vn 0.587785 -0.809017 0 
vn 0.406737 -0.913545 0 
vn 0.5 -0.866025 0 
vn 0.309017 -0.951057 0 
vn 0.406737 -0.913545 0 
vn 0.207912 -0.978148 0 
vn 0.309017 -0.951057 0 
vn 0.104528 -0.994522 0 
vn 0.207912 -0.978148 0 
vn -6.12323e-17 -1 0 
vn 0.104528 -0.994522 0 
vn -4.32978e-17 -0.707107 0.707107 
vn 0.0739128 -0.703233 0.707107 
vn 0.147016 -0.691655 0.707107 
vn 0.218508 -0.672499 0.707107 
vn 0.287606 -0.645974 0.707107 
vn 0.353553 -0.612372 0.707107 
vn 0.415627 -0.572061 0.707107 
vn 0.448362 -0.546783 0.707107 
vn 0.473147 -0.525483 0.707107 
vn 0.525483 -0.473147 0.707107 
vn 0.572061 -0.415627 0.707107 
vn 0.612372 -0.353553 0.707107 
vn 0.645974 -0.287606 0.707107 
vn 0.672499 -0.218508 0.707107 
vn 0.691655 -0.147016 0.707107 
vn 0.703233 -0.0739128 0.707107 
vn 0.707107 -9.81308e-17 0.707107 
vn -4.32978e-17 -0.707107 0.707107 
vn -1.22465e-16 -1 0 
vn 0.104528 -0.994522 0 
vn 0.207912 -0.978148 0 
vn 0.309017 -0.951057 0 
vn 0.406737 -0.913545 0 
vn 0.5 -0.866025 0 
vn 0.587785 -0.809017 0 
vn 0.6 -0.8 0 
vn 0.669131 -0.743145 0 
vn 0.743145 -0.669131 0 
vn 0.809017 -0.587785 0 
vn 0.866025 -0.5 0 
vn 0.838671 -0.544639 0 
vn 0.913545 -0.406737 0 
vn 0.866025 -0.5 0 
vn 0.891007 -0.45399 0 
vn 0.951057 -0.309017 0 
vn 0.913545 -0.406737 0 
vn 0.93358 -0.358368 0 
vn 0.978148 -0.207912 0 
vn 0.951057 -0.309017 0 
vn 0.965926 -0.258819 0 
vn 0.994522 -0.104528 0 
vn 0.978148 -0.207912 0 
vn 0.987688 -0.156434 0 
vn 1 -2.44929e-16 0 
vn 0.994522 -0.104528 0 
vn 0.99863 -0.052336 0 
vn 1 0 0 
vn 0.707107 8.65956e-17 0.707107 
vn 0.703233 -0.0739128 0.707107 
vn 0.691655 -0.147016 0.707107 
vn 0.672499 -0.218508 0.707107 
vn 0.645974 -0.287606 0.707107 
vn 0.612372 -0.353553 0.707107 
vn 0.572061 -0.415627 0.707107 
vn 0.525483 -0.473147 0.707107 
vn 0.473147 -0.525483 0.707107 
vn 0.415627 -0.572061 0.707107 
vn 0.353553 -0.612372 0.707107 
vn 0.287606 -0.645974 0.707107 
vn 0.218508 -0.672499 0.707107 
vn 0.147016 -0.691655 0.707107 
vn 0.0739128 -0.703233 0.707107 
vn 9.81308e-17 -0.707107 0.707107 
vn 0.707107 -1.29893e-16 0.707107 
vn 0 0 1 
vn 0.994138 0.108119 0 
vn 1 2.44929e-16 0 
vn 0.976621 0.21497 0 
vn 0.994138 0.108119 0 
vn 0.947653 0.319302 0 
vn 0.976621 0.21497 0 
vn 0.907575 0.419889 0 
vn 0.947653 0.319302 0 
vn 0.856857 0.515554 0 
vn 0.907575 0.419889 0 
vn 0.796093 0.605174 0 
vn 0.856857 0.515554 0 
vn 0.725995 0.687699 0 
vn 0.796093 0.605174 0 
vn 0.647386 0.762162 0 
vn 0.725995 0.687699 0 
vn 0.561187 0.827689 0 
vn 0.647386 0.762162 0 
vn 0.468408 0.883512 0 
vn 0.561187 0.827689 0 
vn 0.370138 0.928977 0 
vn 0.468408 0.883512 0 
vn 0.267528 0.96355 0 
vn 0.370138 0.928977 0 
vn 0.161782 0.986827 0 
vn 0.267528 0.96355 0 
vn 0.0541389 0.998533 0 
vn 0.161782 0.986827 0 
vn -0.0541389 0.998533 0 
vn 0.0541389 0.998533 0 
vn -0.161782 0.986827 0 
vn -0.0541389 0.998533 0 
vn -0.267528 0.96355 0 
vn -0.161782 0.986827 0 
vn -0.370138 0.928977 0 
vn -0.267528 0.96355 0 
vn -0.468408 0.883512 0 
vn -0.370138 0.928977 0 
vn -0.561187 0.827689 0 
vn -0.468408 0.883512 0 
vn -0.647386 0.762162 0 
vn -0.561187 0.827689 0 
vn -0.725995 0.687699 0 
vn -0.647386 0.762162 0 
vn -0.796093 0.605174 0 
vn -0.725995 0.687699 0 
vn -0.856857 0.515554 0 
vn -0.796093 0.605174 0 
vn -0.907575 0.419889 0 
vn -0.856857 0.515554 0 
vn -0.947653 0.319302 0 
vn -0.907575 0.419889 0 
vn -0.976621 0.21497 0 
vn -0.947653 0.319302 0 
vn -0.994138 0.108119 0 
vn -0.976621 0.21497 0 
vn -1 -1.22465e-16 0 
vn -0.994138 0.108119 0 
vn -0.994138 -0.108119 0 
vn -1 -1.22465e-16 0 
vn -0.976621 -0.21497 0 
vn -0.994138 -0.108119 0 
vn -0.947653 -0.319302 0 
vn -0.976621 -0.21497 0 
vn -0.907575 -0.419889 0 
vn -0.947653 -0.319302 0 
vn -0.856857 -0.515554 0 
vn -0.907575 -0.419889 0 
vn -0.796093 -0.605174 0 
vn -0.856857 -0.515554 0 
vn -0.725995 -0.687699 0 
vn -0.796093 -0.605174 0 
vn -0.647386 -0.762162 0 
vn -0.725995 -0.687699 0 
vn -0.561187 -0.827689 0 
vn -0.647386 -0.762162 0 
vn -0.468408 -0.883512 0 
vn -0.561187 -0.827689 0 
vn -0.370138 -0.928977 0 
vn -0.468408 -0.883512 0 
vn -0.267528 -0.96355 0 
vn -0.370138 -0.928977 0 
vn -0.161782 -0.986827 0 
vn -0.267528 -0.96355 0 
vn -0.0541389 -0.998533 0 
vn -0.161782 -0.986827 0 
vn 0.0541389 -0.998533 0 
vn -0.0541389 -0.998533 0 
vn 0.161782 -0.986827 0 
vn 0.0541389 -0.998533 0 
vn 0.267528 -0.96355 0 
vn 0.161782 -0.986827 0 
vn 0.370138 -0.928977 0 
vn 0.267528 -0.96355 0 
vn 0.468408 -0.883512 0 
vn 0.370138 -0.928977 0 
vn 0.561187 -0.827689 0 
vn 0.468408 -0.883512 0 
vn 0.647386 -0.762162 0 
vn 0.561187 -0.827689 0 
vn 0.725995 -0.687699 0 
vn 0.647386 -0.762162 0 
vn 0.796093 -0.605174 0 
vn 0.725995 -0.687699 0 
vn 0.856857 -0.515554 0 
vn 0.796093 -0.605174 0 
vn 0.907575 -0.419889 0 
vn 0.856857 -0.515554 0 
vn 0.947653 -0.319302 0 
vn 0.907575 -0.419889 0 
vn 0.976621 -0.21497 0 
vn 0.947653 -0.319302 0 
vn 0.994138 -0.108119 0 
vn 0.976621 -0.21497 0 
vn 0.707107 8.65956e-17 0.707107 
vn 0.703233 -0.0739128 0.707107 
vn 0.691655 -0.147016 0.707107 
vn 0.672499 -0.218508 0.707107 
vn 0.645974 -0.287606 0.707107 
vn 0.612372 -0.353553 0.707107 
vn 0.572061 -0.415627 0.707107 
vn 0.525483 -0.473147 0.707107 
vn 0.473147 -0.525483 0.707107 
vn 0.415627 -0.572061 0.707107 
vn 0.353553 -0.612372 0.707107 
vn 0.314408 -0.633362 0.707107 
vn 0.287606 -0.645974 0.707107 
vn 0.218508 -0.672499 0.707107 
vn 0.147016 -0.691655 0.707107 
vn 0.0739128 -0.703233 0.707107 
vn 9.81308e-17 -0.707107 0.707107 
vn 0.707107 -1.29893e-16 0.707107 
vn 1 -1.83697e-16 0 
vn -4.32978e-17 0.707107 0.707107 
vn 0.0739128 0.703233 0.707107 
vn 0.147016 0.691655 0.707107 
vn 0.218508 0.672499 0.707107 
vn 0.287606 0.645974 0.707107 
vn 0.353553 0.612372 0.707107 
vn 0.314408 0.633362 0.707107 
vn 0.415627 0.572061 0.707107 
vn 0.473147 0.525483 0.707107 
vn 0.525483 0.473147 0.707107 
vn 0.572061 0.415627 0.707107 
vn 0.612372 0.353553 0.707107 
vn 0.645974 0.287606 0.707107 
vn 0.672499 0.218508 0.707107 
vn 0.691655 0.147016 0.707107 
vn 0.703233 0.0739128 0.707107 
vn 0.707107 9.81308e-17 0.707107 
vn 1 1.22465e-16 0 
vn 0.99863 0.052336 0 
vn 0.994522 0.104528 0 
vn 1 0 0 
vn 0.987688 0.156434 0 
vn 0.978148 0.207912 0 
vn 0.965926 0.258819 0 
vn 0.951057 0.309017 0 
vn 0.93358 0.358368 0 
vn 0.913545 0.406737 0 
vn 0.891007 0.45399 0 
vn 0.866025 0.5 0 
vn 0.838671 0.544639 0 
vn 0.809017 0.587785 0 
vn 0.743145 0.669131 0 
vn 0.669131 0.743145 0 
vn 0.587785 0.809017 0 
vn 0.6 0.8 0 
vn 0.5 0.866025 0 
vn 0.406737 0.913545 0 
vn 0.309017 0.951057 0 
vn 0.207912 0.978148 0 
vn 0.104528 0.994522 0 
vn -6.12323e-17 1 0 
vn 0.587785 0.809017 0 
vn -8.65956e-17 0.707107 0.707107 
vn 0.104528 0.994522 0 
vn 1.83697e-16 1 0 
vn 0.207912 0.978148 0 
vn 0.104528 0.994522 0 
vn 0.309017 0.951057 0 
vn 0.207912 0.978148 0 
vn 0.406737 0.913545 0 
vn 0.309017 0.951057 0 
vn 0.5 0.866025 0 
vn 0.406737 0.913545 0 
vn 0.587785 0.809017 0 
vn 0.5 0.866025 0 
vn 0.669131 0.743145 0 
vn 0.587785 0.809017 0 
vn 0.743145 0.669131 0 
vn 0.669131 0.743145 0 
vn 0.809017 0.587785 0 
vn 0.743145 0.669131 0 
vn 0.866025 0.5 0 
vn 0.809017 0.587785 0 
vn 0.913545 0.406737 0 
vn 0.866025 0.5 0 
vn 0.951057 0.309017 0 
vn 0.913545 0.406737 0 
vn 0.978148 0.207912 0 
vn 0.951057 0.309017 0 
vn 0.994522 0.104528 0 
vn 0.978148 0.207912 0 
vn 1 -1.22465e-16 0 
vn 0.994522 0.104528 0 
vn 0.707107 -8.65956e-17 0.707107 
vn 0.703233 0.0739128 0.707107 
vn 0.691655 0.147016 0.707107 
vn 0.672499 0.218508 0.707107 
vn 0.645974 0.287606 0.707107 
vn 0.612372 0.353553 0.707107 
vn 0.572061 0.415627 0.707107 
vn 0.525483 0.473147 0.707107 
vn 0.473147 0.525483 0.707107 
vn 0.415627 0.572061 0.707107 
vn 0.353553 0.612372 0.707107 
vn 0.287606 0.645974 0.707107 
vn 0.218508 0.672499 0.707107 
vn 0.147016 0.691655 0.707107 
vn 0.0739128 0.703233 0.707107 
vn 9.81308e-17 0.707107 0.707107 
vn 0.707107 -8.65956e-17 0.707107 
vn 1 0 0 
vn -4.32978e-17 0.707107 0.707107 
vn 0.0739128 0.703233 0.707107 
vn 0.147016 0.691655 0.707107 
vn 0.218508 0.672499 0.707107 
vn 0.287606 0.645974 0.707107 
vn 0.353553 0.612372 0.707107 
vn 0.415627 0.572061 0.707107 
vn 0.473147 0.525483 0.707107 
vn 0.525483 0.473147 0.707107 
vn 0.572061 0.415627 0.707107 
vn 0.612372 0.353553 0.707107 
vn 0.633362 0.314408 0.707107 
vn 0.645974 0.287606 0.707107 
vn 0.672499 0.218508 0.707107 
vn 0.691655 0.147016 0.707107 
vn 0.703233 0.0739128 0.707107 
vn 0.707107 9.81308e-17 0.707107 
vn 0 1 0 
vn 0.994522 0.104528 0 
vn 1 1.22465e-16 0 
vn 0.978148 0.207912 0 
vn 0.951057 0.309017 0 
vn 0.913545 0.406737 0 
vn 0.866025 0.5 0 
vn 0.809017 0.587785 0 
vn 0.8 0.6 0 
vn 0.743145 0.669131 0 
vn 0.669131 0.743145 0 
vn 0.587785 0.809017 0 
vn 0.5 0.866025 0 
vn 0.544639 0.838671 0 
vn 0.406737 0.913545 0 
vn 0.5 0.866025 0 
vn 0.45399 0.891007 0 
vn 0.309017 0.951057 0 
vn 0.406737 0.913545 0 
vn 0.358368 0.93358 0 
vn 0.207912 0.978148 0 
vn 0.309017 0.951057 0 
vn 0.258819 0.965926 0 
vn 0.104528 0.994522 0 
vn 0.207912 0.978148 0 
vn 0.156434 0.987688 0 
vn -6.12323e-17 1 0 
vn 0.104528 0.994522 0 
vn 0.052336 0.99863 0 
vn 0 1 0 
vn 1 1.22465e-16 0 
vn 0 0.707107 0.707107 
vn 0.0739128 0.703233 0.707107 
vn 0.147016 0.691655 0.707107 
vn 0.218508 0.672499 0.707107 
vn 0.287606 0.645974 0.707107 
vn 0.353553 0.612372 0.707107 
vn 0.415627 0.572061 0.707107 
vn 0.473147 0.525483 0.707107 
vn 0.525483 0.473147 0.707107 
vn 0.572061 0.415627 0.707107 
vn 0.612372 0.353553 0.707107 
vn 0.645974 0.287606 0.707107 
vn 0.672499 0.218508 0.707107 
vn 0.691655 0.147016 0.707107 
vn 0.703233 0.0739128 0.707107 
vn 0.707107 9.81308e-17 0.707107 
vn 0 0 1 
vn 0.994138 0.108119 0 
vn 1 2.44929e-16 0 
vn 0.976621 0.21497 0 
vn 0.994138 0.108119 0 
vn 0.947653 0.319302 0 
vn 0.976621 0.21497 0 
vn 0.907575 0.419889 0 
vn 0.947653 0.319302 0 
vn 0.856857 0.515554 0 
vn 0.907575 0.419889 0 
vn 0.796093 0.605174 0 
vn 0.856857 0.515554 0 
vn 0.725995 0.687699 0 
vn 0.796093 0.605174 0 
vn 0.647386 0.762162 0 
vn 0.725995 0.687699 0 
vn 0.561187 0.827689 0 
vn 0.647386 0.762162 0 
vn 0.468408 0.883512 0 
vn 0.561187 0.827689 0 
vn 0.370138 0.928977 0 
vn 0.468408 0.883512 0 
vn 0.267528 0.96355 0 
vn 0.370138 0.928977 0 
vn 0.161782 0.986827 0 
vn 0.267528 0.96355 0 
vn 0.0541389 0.998533 0 
vn 0.161782 0.986827 0 
vn -0.0541389 0.998533 0 
vn 0.0541389 0.998533 0 
vn -0.161782 0.986827 0 
vn -0.0541389 0.998533 0 
vn -0.267528 0.96355 0 
vn -0.161782 0.986827 0 
vn -0.370138 0.928977 0 
vn -0.267528 0.96355 0 
vn -0.468408 0.883512 0 
vn -0.370138 0.928977 0 
vn -0.561187 0.827689 0 
vn -0.468408 0.883512 0 
vn -0.647386 0.762162 0 
vn -0.561187 0.827689 0 
vn -0.725995 0.687699 0 
vn -0.647386 0.762162 0 
vn -0.796093 0.605174 0 
vn -0.725995 0.687699 0 
vn -0.856857 0.515554 0 
vn -0.796093 0.605174 0 
vn -0.907575 0.419889 0 
vn -0.856857 0.515554 0 
vn -0.947653 0.319302 0 
vn -0.907575 0.419889 0 
vn -0.976621 0.21497 0 
vn -0.947653 0.319302 0 
vn -0.994138 0.108119 0 
vn -0.976621 0.21497 0 
vn -1 -1.22465e-16 0 
vn -0.994138 0.108119 0 
vn -0.994138 -0.108119 0 
vn -1 -1.22465e-16 0 
vn -0.976621 -0.21497 0 
vn -0.994138 -0.108119 0 
vn -0.947653 -0.319302 0 
vn -0.976621 -0.21497 0 
vn -0.907575 -0.419889 0 
vn -0.947653 -0.319302 0 
vn -0.856857 -0.515554 0 
vn -0.907575 -0.419889 0 
vn -0.796093 -0.605174 0 
vn -0.856857 -0.515554 0 
vn -0.725995 -0.687699 0 
vn -0.796093 -0.605174 0 
vn -0.647386 -0.762162 0 
vn -0.725995 -0.687699 0 
vn -0.561187 -0.827689 0 
vn -0.647386 -0.762162 0 
vn -0.468408 -0.883512 0 
vn -0.561187 -0.827689 0 
vn -0.370138 -0.928977 0 
vn -0.468408 -0.883512 0 
vn -0.267528 -0.96355 0 
vn -0.370138 -0.928977 0 
vn -0.161782 -0.986827 0 
vn -0.267528 -0.96355 0 
vn -0.0541389 -0.998533 0 
vn -0.161782 -0.986827 0 
vn 0.0541389 -0.998533 0 
vn -0.0541389 -0.998533 0 
vn 0.161782 -0.986827 0 
vn 0.0541389 -0.998533 0 
vn 0.267528 -0.96355 0 
vn 0.161782 -0.986827 0 
vn 0.370138 -0.928977 0 
vn 0.267528 -0.96355 0 
vn 0.468408 -0.883512 0 
vn 0.370138 -0.928977 0 
vn 0.561187 -0.827689 0 
vn 0.468408 -0.883512 0 
vn 0.647386 -0.762162 0 
vn 0.561187 -0.827689 0 
vn 0.725995 -0.687699 0 
vn 0.647386 -0.762162 0 
vn 0.796093 -0.605174 0 
vn 0.725995 -0.687699 0 
vn 0.856857 -0.515554 0 
vn 0.796093 -0.605174 0 
vn 0.907575 -0.419889 0 
vn 0.856857 -0.515554 0 
vn 0.947653 -0.319302 0 
vn 0.907575 -0.419889 0 
vn 0.976621 -0.21497 0 
vn 0.947653 -0.319302 0 
vn 0.994138 -0.108119 0 
vn 0.976621 -0.21497 0 
vn 0 0 -1 
vn 0.994138 0.108119 0 
vn 1 2.44929e-16 0 
vn 0.976621 0.21497 0 
vn 0.994138 0.108119 0 
vn 0.947653 0.319302 0 
vn 0.976621 0.21497 0 
vn 0.907575 0.419889 0 
vn 0.947653 0.319302 0 
vn 0.856857 0.515554 0 
vn 0.907575 0.419889 0 
vn 0.796093 0.605174 0 
vn 0.856857 0.515554 0 
vn 0.73525 0.677796 0 
vn 0.725995 0.687699 0 
vn 0.678299 0.734786 0 
vn 0.647386 0.762162 0 
vn 0.561187 0.827689 0 
vn 0.468408 0.883512 0 
vn 0.370138 0.928977 0 
vn 0.267528 0.96355 0 
vn 0.161782 0.986827 0 
vn 0.0541389 0.998533 0 
vn -0.0541389 0.998533 0 
vn -0.161782 0.986827 0 
vn -0.267528 0.96355 0 
vn -0.370138 0.928977 0 
vn -0.468408 0.883512 0 
vn -0.561187 0.827689 0 
vn -0.647386 0.762162 0 
vn -0.725995 0.687699 0 
vn -0.73525 0.677796 0 
vn -0.796093 0.605174 0 
vn -0.856857 0.515554 0 
vn -0.907575 0.419889 0 
vn -0.947653 0.319302 0 
vn -0.976621 0.21497 0 
vn -0.994138 0.108119 0 
vn -1 -1.22465e-16 0 
vn -0.994138 -0.108119 0 
vn -0.976621 -0.21497 0 
vn -0.947653 -0.319302 0 
vn -0.907575 -0.419889 0 
vn -0.856857 -0.515554 0 
vn -0.796093 -0.605174 0 
vn -0.725995 -0.687699 0 
vn -0.647386 -0.762162 0 
vn -0.561187 -0.827689 0 
vn -0.468408 -0.883512 0 
vn -0.370138 -0.928977 0 
vn -0.267528 -0.96355 0 
vn -0.161782 -0.986827 0 
vn -0.0541389 -0.998533 0 
vn 0.0541389 -0.998533 0 
vn 0.161782 -0.986827 0 
vn 0.267528 -0.96355 0 
vn 0.370138 -0.928977 0 
vn 0.468408 -0.883512 0 
vn 0.561187 -0.827689 0 
vn 0.647386 -0.762162 0 
vn 0.725995 -0.687699 0 
vn 0.678299 -0.734786 0 
vn 0.647386 -0.762162 0 
vn 0.796093 -0.605174 0 
vn 0.725995 -0.687699 0 
vn 0.856857 -0.515554 0 
vn 0.796093 -0.605174 0 
vn 0.907575 -0.419889 0 
vn 0.856857 -0.515554 0 
vn 0.947653 -0.319302 0 
vn 0.907575 -0.419889 0 
vn 0.976621 -0.21497 0 
vn 0.947653 -0.319302 0 
vn 0.994138 -0.108119 0 
vn 0.976621 -0.21497 0 
vn 0.994138 0.108119 0 
vn 1 2.44929e-16 0 
vn 0.976621 0.21497 0 
vn 0.994138 0.108119 0 
vn 0.947653 0.319302 0 
vn 0.976621 0.21497 0 
vn 0.907575 0.419889 0 
vn 0.947653 0.319302 0 
vn 0.856857 0.515554 0 
vn 0.907575 0.419889 0 
vn 0.796093 0.605174 0 
vn 0.856857 0.515554 0 
vn 0.725995 0.687699 0 
vn 0.796093 0.605174 0 
vn 0.678299 0.734786 0 
vn 0.647386 0.762162 0 
vn 0.561187 0.827689 0 
vn 0.468408 0.883512 0 
vn 0.370138 0.928977 0 
vn 0.267528 0.96355 0 
vn 0.161782 0.986827 0 
vn 0.0541389 0.998533 0 
vn -0.0541389 0.998533 0 
vn -0.161782 0.986827 0 
vn -0.267528 0.96355 0 
vn -0.370138 0.928977 0 
vn -0.468408 0.883512 0 
vn -0.561187 0.827689 0 
vn -0.647386 0.762162 0 
vn -0.725995 0.687699 0 
vn -0.796093 0.605174 0 
vn -0.856857 0.515554 0 
vn -0.907575 0.419889 0 
vn -0.947653 0.319302 0 
vn -0.976621 0.21497 0 
vn -0.994138 0.108119 0 
vn -1 -1.22465e-16 0 
vn -0.994138 -0.108119 0 
vn -0.976621 -0.21497 0 
vn -0.947653 -0.319302 0 
vn -0.907575 -0.419889 0 
vn -0.856857 -0.515554 0 
vn -0.796093 -0.605174 0 
vn -0.73525 -0.677796 0 
vn -0.725995 -0.687699 0 
vn -0.647386 -0.762162 0 
vn -0.561187 -0.827689 0 
vn -0.468408 -0.883512 0 
vn -0.370138 -0.928977 0 
vn -0.267528 -0.96355 0 
vn -0.161782 -0.986827 0 
vn -0.0541389 -0.998533 0 
vn 0.0541389 -0.998533 0 
vn 0.161782 -0.986827 0 
vn 0.267528 -0.96355 0 
vn 0.370138 -0.928977 0 
vn 0.468408 -0.883512 0 
vn 0.561187 -0.827689 0 
vn 0.647386 -0.762162 0 
vn 0.725995 -0.687699 0 
vn 0.678299 -0.734786 0 
vn 0.647386 -0.762162 0 
vn 0.725995 -0.687699 0 
vn 0.73525 -0.677796 0 
vn 0.796093 -0.605174 0 
vn 0.856857 -0.515554 0 
vn 0.907575 -0.419889 0 
vn 0.947653 -0.319302 0 
vn 0.976621 -0.21497 0 
vn 0.994138 -0.108119 0 
vn 0.994138 0.108119 0 
vn 1 2.44929e-16 0 
vn 0.976621 0.21497 0 
vn 0.994138 0.108119 0 
vn 0.947653 0.319302 0 
vn 0.976621 0.21497 0 
vn 0.907575 0.419889 0 
vn 0.947653 0.319302 0 
vn 0.856857 0.515554 0 
vn 0.907575 0.419889 0 
vn 0.796093 0.605174 0 
vn 0.856857 0.515554 0 
vn 0.725995 0.687699 0 
vn 0.796093 0.605174 0 
vn 0.647386 0.762162 0 
vn 0.725995 0.687699 0 
vn 0.561187 0.827689 0 
vn 0.647386 0.762162 0 
vn 0.468408 0.883512 0 
vn 0.561187 0.827689 0 
vn 0.370138 0.928977 0 
vn 0.468408 0.883512 0 
vn 0.267528 0.96355 0 
vn 0.370138 0.928977 0 
vn 0.161782 0.986827 0 
vn 0.267528 0.96355 0 
vn 0.0541389 0.998533 0 
vn 0.161782 0.986827 0 
vn -0.0541389 0.998533 0 
vn 0.0541389 0.998533 0 
vn -0.161782 0.986827 0 
vn -0.0541389 0.998533 0 
vn -0.267528 0.96355 0 
vn -0.161782 0.986827 0 
vn -0.370138 0.928977 0 
vn -0.267528 0.96355 0 
vn -0.468408 0.883512 0 
vn -0.370138 0.928977 0 
vn -0.561187 0.827689 0 
vn -0.468408 0.883512 0 
vn -0.647386 0.762162 0 
vn -0.561187 0.827689 0 
vn -0.725995 0.687699 0 
vn -0.678299 0.734786 0 
vn -0.647386 0.762162 0 
vn -0.796093 0.605174 0 
vn -0.725995 0.687699 0 
vn -0.856857 0.515554 0 
vn -0.796093 0.605174 0 
vn -0.907575 0.419889 0 
vn -0.856857 0.515554 0 
vn -0.947653 0.319302 0 
vn -0.907575 0.419889 0 
vn -0.976621 0.21497 0 
vn -0.947653 0.319302 0 
vn -0.994138 0.108119 0 
vn -0.976621 0.21497 0 
vn -1 -1.22465e-16 0 
vn -0.994138 0.108119 0 
vn -0.994138 -0.108119 0 
vn -1 -1.22465e-16 0 
vn -0.976621 -0.21497 0 
vn -0.994138 -0.108119 0 
vn -0.947653 -0.319302 0 
vn -0.976621 -0.21497 0 
vn -0.907575 -0.419889 0 
vn -0.947653 -0.319302 0 
vn -0.856857 -0.515554 0 
vn -0.907575 -0.419889 0 
vn -0.796093 -0.605174 0 
vn -0.856857 -0.515554 0 
vn -0.73525 -0.677796 0 
vn -0.725995 -0.687699 0 
vn -0.678299 -0.734786 0 
vn -0.647386 -0.762162 0 
vn -0.561187 -0.827689 0 
vn -0.468408 -0.883512 0 
vn -0.370138 -0.928977 0 
vn -0.267528 -0.96355 0 
vn -0.161782 -0.986827 0 
vn -0.0541389 -0.998533 0 
vn 0.0541389 -0.998533 0 
vn 0.161782 -0.986827 0 
vn 0.267528 -0.96355 0 
vn 0.370138 -0.928977 0 
vn 0.468408 -0.883512 0 
vn 0.561187 -0.827689 0 
vn 0.647386 -0.762162 0 
vn 0.725995 -0.687699 0 
vn 0.73525 -0.677796 0 
vn 0.796093 -0.605174 0 
vn 0.856857 -0.515554 0 
vn 0.907575 -0.419889 0 
vn 0.947653 -0.319302 0 
vn 0.976621 -0.21497 0 
vn 0.994138 -0.108119 0 
vn 0.994138 0.108119 0 
vn 1 2.44929e-16 0 
vn 0.976621 0.21497 0 
vn 0.994138 0.108119 0 
vn 0.947653 0.319302 0 
vn 0.976621 0.21497 0 
vn 0.907575 0.419889 0 
vn 0.947653 0.319302 0 
vn 0.856857 0.515554 0 
vn 0.907575 0.419889 0 
vn 0.796093 0.605174 0 
vn 0.856857 0.515554 0 
vn 0.73525 0.677796 0 
vn 0.725995 0.687699 0 
vn 0.647386 0.762162 0 
vn 0.561187 0.827689 0 
vn 0.468408 0.883512 0 
vn 0.370138 0.928977 0 
vn 0.267528 0.96355 0 
vn 0.161782 0.986827 0 
vn 0.0541389 0.998533 0 
vn -0.0541389 0.998533 0 
vn -0.161782 0.986827 0 
vn -0.267528 0.96355 0 
vn -0.370138 0.928977 0 
vn -0.468408 0.883512 0 
vn -0.561187 0.827689 0 
vn -0.647386 0.762162 0 
vn -0.725995 0.687699 0 
vn -0.678299 0.734786 0 
vn -0.647386 0.762162 0 
vn -0.725995 0.687699 0 
vn -0.73525 0.677796 0 
vn -0.796093 0.605174 0 
vn -0.856857 0.515554 0 
vn -0.907575 0.419889 0 
vn -0.947653 0.319302 0 
vn -0.976621 0.21497 0 
vn -0.994138 0.108119 0 
vn -1 -1.22465e-16 0 
vn -0.994138 -0.108119 0 
vn -0.976621 -0.21497 0 
vn -0.947653 -0.319302 0 
vn -0.907575 -0.419889 0 
vn -0.856857 -0.515554 0 
vn -0.796093 -0.605174 0 
vn -0.725995 -0.687699 0 
vn -0.678299 -0.734786 0 
vn -0.647386 -0.762162 0 
vn -0.561187 -0.827689 0 
vn -0.468408 -0.883512 0 
vn -0.370138 -0.928977 0 
vn -0.267528 -0.96355 0 
vn -0.161782 -0.986827 0 
vn -0.0541389 -0.998533 0 
vn 0.0541389 -0.998533 0 
vn 0.161782 -0.986827 0 
vn 0.267528 -0.96355 0 
vn 0.370138 -0.928977 0 
vn 0.468408 -0.883512 0 
vn 0.561187 -0.827689 0 
vn 0.647386 -0.762162 0 
vn 0.725995 -0.687699 0 
vn 0.796093 -0.605174 0 
vn 0.856857 -0.515554 0 
vn 0.907575 -0.419889 0 
vn 0.947653 -0.319302 0 
vn 0.976621 -0.21497 0 
vn 0.994138 -0.108119 0 
vn 0.994138 0.108119 0 
vn 1 2.44929e-16 0 
vn 0.976621 0.21497 0 
vn 0.994138 0.108119 0 
vn 0.947653 0.319302 0 
vn 0.976621 0.21497 0 
vn 0.907575 0.419889 0 
vn 0.947653 0.319302 0 
vn 0.856857 0.515554 0 
vn 0.907575 0.419889 0 
vn 0.796093 0.605174 0 
vn 0.856857 0.515554 0 
vn 0.725995 0.687699 0 
vn 0.796093 0.605174 0 
vn 0.647386 0.762162 0 
vn 0.725995 0.687699 0 
vn 0.561187 0.827689 0 
vn 0.647386 0.762162 0 
vn 0.468408 0.883512 0 
vn 0.561187 0.827689 0 
vn 0.370138 0.928977 0 
vn 0.468408 0.883512 0 
vn 0.267528 0.96355 0 
vn 0.370138 0.928977 0 
vn 0.161782 0.986827 0 
vn 0.267528 0.96355 0 
vn 0.0541389 0.998533 0 
vn 0.161782 0.986827 0 
vn -0.0541389 0.998533 0 
vn 0.0541389 0.998533 0 
vn -0.161782 0.986827 0 
vn -0.0541389 0.998533 0 
vn -0.267528 0.96355 0 
vn -0.161782 0.986827 0 
vn -0.370138 0.928977 0 
vn -0.267528 0.96355 0 
vn -0.468408 0.883512 0 
vn -0.370138 0.928977 0 
vn -0.561187 0.827689 0 
vn -0.468408 0.883512 0 
vn -0.647386 0.762162 0 
vn -0.561187 0.827689 0 
vn -0.725995 0.687699 0 
vn -0.647386 0.762162 0 
vn -0.796093 0.605174 0 
vn -0.725995 0.687699 0 
vn -0.856857 0.515554 0 
vn -0.796093 0.605174 0 
vn -0.907575 0.419889 0 
vn -0.856857 0.515554 0 
vn -0.947653 0.319302 0 
vn -0.907575 0.419889 0 
vn -0.976621 0.21497 0 
vn -0.947653 0.319302 0 
vn -0.994138 0.108119 0 
vn -0.976621 0.21497 0 
vn -1 -1.22465e-16 0 
vn -0.994138 0.108119 0 
vn -0.994138 -0.108119 0 
vn -1 -1.22465e-16 0 
vn -0.976621 -0.21497 0 
vn -0.994138 -0.108119 0 
vn -0.947653 -0.319302 0 
vn -0.976621 -0.21497 0 
vn -0.907575 -0.419889 0 
vn -0.947653 -0.319302 0 
vn -0.856857 -0.515554 0 
vn -0.907575 -0.419889 0 
vn -0.796093 -0.605174 0 
vn -0.856857 -0.515554 0 
vn -0.725995 -0.687699 0 
vn -0.796093 -0.605174 0 
vn -0.647386 -0.762162 0 
vn -0.725995 -0.687699 0 
vn -0.561187 -0.827689 0 
vn -0.647386 -0.762162 0 
vn -0.468408 -0.883512 0 
vn -0.561187 -0.827689 0 
vn -0.370138 -0.928977 0 
vn -0.468408 -0.883512 0 
vn -0.267528 -0.96355 0 
vn -0.370138 -0.928977 0 
vn -0.161782 -0.986827 0 
vn -0.267528 -0.96355 0 
vn -0.0541389 -0.998533 0 
vn -0.161782 -0.986827 0 
vn 0.0541389 -0.998533 0 
vn -0.0541389 -0.998533 0 
vn 0.161782 -0.986827 0 
vn 0.0541389 -0.998533 0 
vn 0.267528 -0.96355 0 
vn 0.161782 -0.986827 0 
vn 0.370138 -0.928977 0 
vn 0.267528 -0.96355 0 
vn 0.468408 -0.883512 0 
vn 0.370138 -0.928977 0 
vn 0.561187 -0.827689 0 
vn 0.468408 -0.883512 0 
vn 0.647386 -0.762162 0 
vn 0.561187 -0.827689 0 
vn 0.725995 -0.687699 0 
vn 0.647386 -0.762162 0 
vn 0.796093 -0.605174 0 
vn 0.725995 -0.687699 0 
vn 0.856857 -0.515554 0 
vn 0.796093 -0.605174 0 
vn 0.907575 -0.419889 0 
vn 0.856857 -0.515554 0 
vn 0.947653 -0.319302 0 
vn 0.907575 -0.419889 0 
vn 0.976621 -0.21497 0 
vn 0.947653 -0.319302 0 
vn 0.994138 -0.108119 0 
vn 0.976621 -0.21497 0 
vn -0.707107 0 0.707107 
vn -0.702962 -0.0764517 0.707107 
vn -0.690575 -0.152007 0.707107 
vn -0.670092 -0.22578 0.707107 
vn -0.641753 -0.296906 0.707107 
vn -0.60589 -0.364552 0.707107 
vn -0.562923 -0.427923 0.707107 
vn -0.513356 -0.486277 0.707107 
vn -0.457771 -0.53893 0.707107 
vn -0.396819 -0.585265 0.707107 
vn -0.331215 -0.624737 0.707107 
vn -0.261727 -0.656886 0.707107 
vn -0.189171 -0.681333 0.707107 
vn -0.114397 -0.697792 0.707107 
vn -0.038282 -0.70607 0.707107 
vn 0.038282 -0.70607 0.707107 
vn 0.114397 -0.697792 0.707107 
vn 0.189171 -0.681333 0.707107 
vn 0.261727 -0.656886 0.707107 
vn 0.331215 -0.624737 0.707107 
vn 0.396819 -0.585265 0.707107 
vn 0.457771 -0.53893 0.707107 
vn 0.513356 -0.486277 0.707107 
vn 0.562923 -0.427923 0.707107 
vn 0.60589 -0.364552 0.707107 
vn 0.641753 -0.296906 0.707107 
vn 0.670092 -0.22578 0.707107 
vn 0.690575 -0.152007 0.707107 
vn 0.702962 -0.0764517 0.707107 
vn 0.707107 1.47196e-16 0.707107 
vn 0.702962 0.0764517 0.707107 
vn 0.690575 0.152007 0.707107 
vn 0.670092 0.22578 0.707107 
vn 0.641753 0.296906 0.707107 
vn 0.60589 0.364552 0.707107 
vn 0.562923 0.427923 0.707107 
vn 0.513356 0.486277 0.707107 
vn 0.457771 0.53893 0.707107 
vn 0.396819 0.585265 0.707107 
vn 0.331215 0.624737 0.707107 
vn 0.261727 0.656886 0.707107 
vn 0.189171 0.681333 0.707107 
vn 0.114397 0.697792 0.707107 
vn 0.038282 0.70607 0.707107 
vn -0.038282 0.70607 0.707107 
vn -0.114397 0.697792 0.707107 
vn -0.189171 0.681333 0.707107 
vn -0.261727 0.656886 0.707107 
vn -0.331215 0.624737 0.707107 
vn -0.396819 0.585265 0.707107 
vn -0.457771 0.53893 0.707107 
vn -0.513356 0.486277 0.707107 
vn -0.562923 0.427923 0.707107 
vn -0.60589 0.364552 0.707107 
vn -0.641753 0.296906 0.707107 
vn -0.670092 0.22578 0.707107 
vn -0.690575 0.152007 0.707107 
vn -0.702962 0.0764517 0.707107 
vn -0.707107 0 0.707107 
vn 0 0 1 
vn -0.688124 -0.162744 0.707107 
vn -0.666874 -0.235114 0.707107 
vn -0.638037 -0.304809 0.707107 
vn -0.601941 -0.371035 0.707107 
vn -0.558996 -0.43304 0.707107 
vn -0.50969 -0.490118 0.707107 
vn -0.454586 -0.54162 0.707107 
vn -0.394309 -0.586959 0.707107 
vn -0.329546 -0.625619 0.707107 
vn -0.261033 -0.657162 0.707107 
vn -0.189551 -0.681227 0.707107 
vn -0.115911 -0.697542 0.707107 
vn -0.0409532 -0.70592 0.707107 
vn -0.688124 -0.162744 0.707107 
vn -0.032015 -0.706382 0.707107 
vn -0.10781 -0.69884 0.707107 
vn -0.182355 -0.683189 0.707107 
vn -0.13498 -0.694104 0.707107 
vn -0.254783 -0.65961 0.707107 
vn -0.324255 -0.628378 0.707107 
vn -0.389964 -0.589854 0.707107 
vn -0.451149 -0.544486 0.707107 
vn -0.507098 -0.492799 0.707107 
vn -0.557164 -0.435395 0.707107 
vn -0.600764 -0.372938 0.707107 
vn -0.629469 -0.322133 0.707107 
vn -0.637393 -0.306154 0.707107 
vn -0.666626 -0.235817 0.707107 
vn -0.688124 -0.162744 0.707107 
vn -0.0409532 -0.70592 0.707107 
vn -0.0785674 -0.702728 0.707107 
vn -0.163923 -0.986473 0 
vn -0.0579166 -0.998321 0 
vn -0.268065 -0.963401 0 
vn -0.163923 -0.986473 0 
vn -0.369157 -0.929367 0 
vn -0.268065 -0.963401 0 
vn -0.466048 -0.884759 0 
vn -0.369157 -0.929367 0 
vn -0.557637 -0.830085 0 
vn -0.466048 -0.884759 0 
vn -0.642881 -0.765966 0 
vn -0.557637 -0.830085 0 
vn -0.720811 -0.693132 0 
vn -0.642881 -0.765966 0 
vn -0.790539 -0.612411 0 
vn -0.720811 -0.693132 0 
vn -0.851273 -0.524723 0 
vn -0.790539 -0.612411 0 
vn -0.902321 -0.431065 0 
vn -0.851273 -0.524723 0 
vn -0.943103 -0.332501 0 
vn -0.902321 -0.431065 0 
vn -0.973154 -0.230155 0 
vn -0.943103 -0.332501 0 
vn -0.045276 -0.998975 0 
vn -0.152467 -0.988309 0 
vn -0.257888 -0.966175 0 
vn -0.360318 -0.93283 0 
vn -0.458566 -0.88866 0 
vn -0.551493 -0.834179 0 
vn -0.638021 -0.770019 0 
vn -0.717145 -0.696924 0 
vn -0.787948 -0.615741 0 
vn -0.849608 -0.527414 0 
vn -0.90141 -0.432967 0 
vn -0.942752 -0.333496 0 
vn -0.973154 -0.230155 0 
vn -0.5 -0.5 0.707107 
vn -0.444442 -0.549974 0.707107 
vn -0.38392 -0.593806 0.707107 
vn -0.31911 -0.631006 0.707107 
vn -0.250736 -0.661159 0.707107 
vn -0.179562 -0.683928 0.707107 
vn -0.106383 -0.699058 0.707107 
vn -0.032015 -0.706382 0.707107 
vn -0.5 -0.5 0.707107 
vn -0.0579166 -0.998321 0 
vn -0.111111 -0.993808 0 
vn -0.0785674 -0.702728 0.707107 
vn -0.00438929 -0.707093 0.707107 
vn 0.0698373 -0.70365 0.707107 
vn 0.143293 -0.692436 0.707107 
vn 0.215166 -0.673575 0.707107 
vn 0.284663 -0.647277 0.707107 
vn 0.351016 -0.61383 0.707107 
vn 0.413493 -0.573605 0.707107 
vn 0.471405 -0.527046 0.707107 
vn 0.52411 -0.474667 0.707107 
vn 0.571028 -0.417046 0.707107 
vn 0.61164 -0.35482 0.707107 
vn 0.645497 -0.288675 0.707107 
vn 0.672227 -0.219343 0.707107 
vn 0.691533 -0.147588 0.707107 
vn 0.703203 -0.0742038 0.707107 
vn 0.707107 7.35523e-16 0.707107 
vn -0.0785674 -0.702728 0.707107 
vn -0.628535 -0.777781 0 
vn -0.707107 -0.707107 0 
vn -0.542944 -0.839769 0 
vn -0.628535 -0.777781 0 
vn -0.451289 -0.892378 0 
vn -0.542944 -0.839769 0 
vn -0.354594 -0.93502 0 
vn -0.451289 -0.892378 0 
vn -0.253939 -0.96722 0 
vn -0.354594 -0.93502 0 
vn -0.150448 -0.988618 0 
vn -0.253939 -0.96722 0 
vn -0.045276 -0.998975 0 
vn -0.150448 -0.988618 0 
vn -0.5 -0.5 0.707107 
vn -0.707107 -0.707107 0 
vn -0.642829 0.29457 0.707107 
vn -0.669312 0.228081 0.707107 
vn -0.688939 0.159256 0.707107 
vn -0.701509 0.0887999 0.707107 
vn -0.706892 0.0174337 0.707107 
vn -0.705033 -0.0541111 0.707107 
vn -0.695952 -0.125101 0.707107 
vn -0.679742 -0.19481 0.707107 
vn -0.656568 -0.262524 0.707107 
vn -0.626668 -0.327547 0.707107 
vn -0.590348 -0.389216 0.707107 
vn -0.547981 -0.446897 0.707107 
vn -0.5 -0.5 0.707107 
vn -0.642829 0.29457 0.707107 
vn -0.94655 0.322556 0 
vn -0.909097 0.416585 0 
vn -0.974307 0.225222 0 
vn -0.94655 0.322556 0 
vn -0.992083 0.125582 0 
vn -0.974307 0.225222 0 
vn -0.999696 0.024655 0 
vn -0.992083 0.125582 0 
vn -0.997068 -0.0765246 0 
vn -0.999696 0.024655 0 
vn -0.984225 -0.17692 0 
vn -0.997068 -0.0765246 0 
vn -0.9613 -0.275503 0 
vn -0.984225 -0.17692 0 
vn -0.928527 -0.371264 0 
vn -0.9613 -0.275503 0 
vn -0.886242 -0.463222 0 
vn -0.928527 -0.371264 0 
vn -0.834879 -0.550434 0 
vn -0.886242 -0.463222 0 
vn -0.774962 -0.632008 0 
vn -0.834879 -0.550434 0 
vn -0.707107 -0.707107 0 
vn -0.774962 -0.632008 0 
vn -0.642829 -0.29457 0.707107 
vn -0.670706 -0.223951 0.707107 
vn -0.69085 -0.150751 0.707107 
vn -0.703031 -0.0758123 0.707107 
vn -0.707107 -1.66533e-16 0.707107 
vn -0.703031 0.0758123 0.707107 
vn -0.69085 0.150751 0.707107 
vn -0.670706 0.223951 0.707107 
vn -0.642829 0.29457 0.707107 
vn -0.909097 -0.416585 0 
vn -0.948521 -0.316715 0 
vn -0.97701 -0.213194 0 
vn -0.994236 -0.107215 0 
vn -1 -2.44929e-16 0 
vn -0.994236 0.107215 0 
vn -0.97701 0.213194 0 
vn -0.948521 0.316715 0 
vn -0.909097 0.416585 0 
vn -0.5 0.5 0.707107 
vn -0.547981 0.446897 0.707107 
vn -0.590348 0.389216 0.707107 
vn -0.626668 0.327547 0.707107 
vn -0.656568 0.262524 0.707107 
vn -0.679742 0.19481 0.707107 
vn -0.695952 0.125101 0.707107 
vn -0.705033 0.0541111 0.707107 
vn -0.706892 -0.0174337 0.707107 
vn -0.701509 -0.0887999 0.707107 
vn -0.688939 -0.159256 0.707107 
vn -0.669312 -0.228081 0.707107 
vn -0.642829 -0.29457 0.707107 
vn -0.5 0.5 0.707107 
vn -0.774962 0.632008 0 
vn -0.707107 0.707107 0 
vn -0.834879 0.550434 0 
vn -0.774962 0.632008 0 
vn -0.886242 0.463222 0 
vn -0.834879 0.550434 0 
vn -0.928527 0.371264 0 
vn -0.886242 0.463222 0 
vn -0.9613 0.275503 0 
vn -0.928527 0.371264 0 
vn -0.984225 0.17692 0 
vn -0.9613 0.275503 0 
vn -0.997068 0.0765246 0 
vn -0.984225 0.17692 0 
vn -0.999696 -0.024655 0 
vn -0.997068 0.0765246 0 
vn -0.992083 -0.125582 0 
vn -0.999696 -0.024655 0 
vn -0.974307 -0.225222 0 
vn -0.992083 -0.125582 0 
vn -0.94655 -0.322556 0 
vn -0.974307 -0.225222 0 
vn -0.909097 -0.416585 0 
vn -0.94655 -0.322556 0 
vn -0.5 0.5 0.707107 
vn -0.707107 0.707107 0 
vn -0.688124 0.162744 0.707107 
vn -0.666793 0.235345 0.707107 
vn -0.637826 0.305251 0.707107 
vn -0.601555 0.371661 0.707107 
vn -0.629464 0.322142 0.707107 
vn -0.558395 0.433815 0.707107 
vn -0.50884 0.491001 0.707107 
vn -0.453458 0.542564 0.707107 
vn -0.392883 0.587914 0.707107 
vn -0.327809 0.626531 0.707107 
vn -0.258981 0.657973 0.707107 
vn -0.187187 0.68188 0.707107 
vn -0.134958 0.694108 0.707107 
vn -0.11325 0.697979 0.707107 
vn -0.0380154 0.706084 0.707107 
vn 0.0376543 0.706104 0.707107 
vn 0.0744355 0.703178 0.707107 
vn -0.973154 0.230155 0 
vn -0.942987 0.332828 0 
vn -0.902022 0.43169 0 
vn -0.850727 0.525608 0 
vn -0.789689 0.613507 0 
vn -0.719608 0.69438 0 
vn -0.641286 0.767302 0 
vn -0.555621 0.831436 0 
vn -0.463592 0.886049 0 
vn -0.366255 0.930515 0 
vn -0.264723 0.964325 0 
vn -0.160159 0.987091 0 
vn -0.0537619 0.998554 0 
vn 0.0532512 0.998581 0 
vn -0.0409532 0.70592 0.707107 
vn -0.115911 0.697542 0.707107 
vn -0.189551 0.681227 0.707107 
vn -0.261033 0.657162 0.707107 
vn -0.329546 0.625619 0.707107 
vn -0.394309 0.586959 0.707107 
vn -0.454586 0.54162 0.707107 
vn -0.50969 0.490118 0.707107 
vn -0.558996 0.43304 0.707107 
vn -0.601941 0.371035 0.707107 
vn -0.638037 0.304809 0.707107 
vn -0.666874 0.235114 0.707107 
vn -0.688124 0.162744 0.707107 
vn -0.0409532 0.70592 0.707107 
vn -0.943103 0.332501 0 
vn -0.973154 0.230155 0 
vn -0.902321 0.431065 0 
vn -0.943103 0.332501 0 
vn -0.851273 0.524723 0 
vn -0.902321 0.431065 0 
vn -0.790539 0.612411 0 
vn -0.851273 0.524723 0 
vn -0.720811 0.693132 0 
vn -0.790539 0.612411 0 
vn -0.642881 0.765966 0 
vn -0.720811 0.693132 0 
vn -0.557637 0.830085 0 
vn -0.642881 0.765966 0 
vn -0.466048 0.884759 0 
vn -0.557637 0.830085 0 
vn -0.369157 0.929367 0 
vn -0.466048 0.884759 0 
vn -0.268065 0.963401 0 
vn -0.369157 0.929367 0 
vn -0.163923 0.986473 0 
vn -0.268065 0.963401 0 
vn -0.0579166 0.998321 0 
vn -0.163923 0.986473 0 
vn -0.0785674 0.702728 0.707107 
vn -0.0409532 0.70592 0.707107 
vn -0.111111 0.993808 0 
vn -0.0579166 0.998321 0 
vn 0.707107 -8.65956e-17 0.707107 
vn 0.703203 0.0742038 0.707107 
vn 0.691533 0.147588 0.707107 
vn 0.672227 0.219343 0.707107 
vn 0.645497 0.288675 0.707107 
vn 0.61164 0.35482 0.707107 
vn 0.571028 0.417046 0.707107 
vn 0.52411 0.474667 0.707107 
vn 0.471405 0.527046 0.707107 
vn 0.413493 0.573605 0.707107 
vn 0.351016 0.61383 0.707107 
vn 0.284663 0.647277 0.707107 
vn 0.215166 0.673575 0.707107 
vn 0.143293 0.692436 0.707107 
vn 0.0698373 0.70365 0.707107 
vn -0.00438929 0.707093 0.707107 
vn -0.0785674 0.702728 0.707107 
vn 0.707107 -8.65956e-17 0.707107 
vn 0 0 1 
vn 1 -1.83697e-16 0 
vn 0.994479 0.10494 0 
vn 0.977975 0.208721 0 
vn 0.950672 0.310197 0 
vn 0.912871 0.408248 0 
vn 0.864989 0.501791 0 
vn 0.807555 0.589792 0 
vn 0.741203 0.671281 0 
vn 0.666667 0.745356 0 
vn 0.584768 0.811201 0 
vn 0.496412 0.868087 0 
vn 0.402574 0.915387 0 
vn 0.30429 0.952579 0 
vn 0.202646 0.979252 0 
vn 0.0987649 0.995111 0 
vn -0.00620739 0.999981 0 
vn -0.111111 0.993808 0 
vn -0.00620739 -0.999981 0 
vn -0.111111 -0.993808 0 
vn 0.0987649 -0.995111 0 
vn -0.00620739 -0.999981 0 
vn 0.202646 -0.979252 0 
vn 0.0987649 -0.995111 0 
vn 0.30429 -0.952579 0 
vn 0.202646 -0.979252 0 
vn 0.402574 -0.915387 0 
vn 0.30429 -0.952579 0 
vn 0.496412 -0.868087 0 
vn 0.402574 -0.915387 0 
vn 0.584768 -0.811201 0 
vn 0.496412 -0.868087 0 
vn 0.666667 -0.745356 0 
vn 0.584768 -0.811201 0 
vn 0.741203 -0.671281 0 
vn 0.666667 -0.745356 0 
vn 0.807555 -0.589792 0 
vn 0.741203 -0.671281 0 
vn 0.864989 -0.501791 0 
vn 0.807555 -0.589792 0 
vn 0.912871 -0.408248 0 
vn 0.864989 -0.501791 0 
vn 0.950672 -0.310197 0 
vn 0.912871 -0.408248 0 
vn 0.977975 -0.208721 0 
vn 0.950672 -0.310197 0 
vn 0.994479 -0.10494 0 
vn 0.977975 -0.208721 0 
vn 1 0 0 
vn 0.994479 -0.10494 0 
vn 0.707107 -1.29893e-16 0.707107 
vn 0.688124 -0.162744 0.707107 
vn 0.666626 -0.235817 0.707107 
vn 0.637393 -0.306154 0.707107 
vn 0.600764 -0.372938 0.707107 
vn 0.629469 -0.322133 0.707107 
vn 0.557164 -0.435395 0.707107 
vn 0.507098 -0.492799 0.707107 
vn 0.451149 -0.544486 0.707107 
vn 0.389964 -0.589854 0.707107 
vn 0.324255 -0.628378 0.707107 
vn 0.254783 -0.65961 0.707107 
vn 0.182355 -0.683189 0.707107 
vn 0.13498 -0.694104 0.707107 
vn 0.10781 -0.69884 0.707107 
vn 0.032015 -0.706382 0.707107 
vn 0.0409532 -0.70592 0.707107 
vn 0.115911 -0.697542 0.707107 
vn 0.189551 -0.681227 0.707107 
vn 0.261033 -0.657162 0.707107 
vn 0.329546 -0.625619 0.707107 
vn 0.394309 -0.586959 0.707107 
vn 0.454586 -0.54162 0.707107 
vn 0.50969 -0.490118 0.707107 
vn 0.558996 -0.43304 0.707107 
vn 0.601941 -0.371035 0.707107 
vn 0.638037 -0.304809 0.707107 
vn 0.666874 -0.235114 0.707107 
vn 0.688124 -0.162744 0.707107 
vn 0.0409532 -0.70592 0.707107 
vn 0.032015 -0.706382 0.707107 
vn 0.106383 -0.699058 0.707107 
vn 0.179562 -0.683928 0.707107 
vn 0.250736 -0.661159 0.707107 
vn 0.31911 -0.631006 0.707107 
vn 0.38392 -0.593806 0.707107 
vn 0.444442 -0.549974 0.707107 
vn 0.5 -0.5 0.707107 
vn 0.032015 -0.706382 0.707107 
vn 0.973154 -0.230155 0 
vn 0.942752 -0.333496 0 
vn 0.90141 -0.432967 0 
vn 0.849608 -0.527414 0 
vn 0.787948 -0.615741 0 
vn 0.717145 -0.696924 0 
vn 0.638021 -0.770019 0 
vn 0.551493 -0.834179 0 
vn 0.458566 -0.88866 0 
vn 0.360318 -0.93283 0 
vn 0.257888 -0.966175 0 
vn 0.152467 -0.988309 0 
vn 0.045276 -0.998975 0 
vn 0.150448 -0.988618 0 
vn 0.253939 -0.96722 0 
vn 0.354594 -0.93502 0 
vn 0.451289 -0.892378 0 
vn 0.542944 -0.839769 0 
vn 0.628535 -0.777781 0 
vn 0.707107 -0.707107 0 
vn 0.5 -0.5 0.707107 
vn 0.547981 -0.446897 0.707107 
vn 0.590348 -0.389216 0.707107 
vn 0.626668 -0.327547 0.707107 
vn 0.656568 -0.262524 0.707107 
vn 0.679742 -0.19481 0.707107 
vn 0.695952 -0.125101 0.707107 
vn 0.705033 -0.0541111 0.707107 
vn 0.706892 0.0174337 0.707107 
vn 0.701509 0.0887999 0.707107 
vn 0.688939 0.159256 0.707107 
vn 0.669312 0.228081 0.707107 
vn 0.642829 0.29457 0.707107 
vn 0.5 -0.5 0.707107 
vn 0.774962 -0.632008 0 
vn 0.707107 -0.707107 0 
vn 0.834879 -0.550434 0 
vn 0.774962 -0.632008 0 
vn 0.886242 -0.463222 0 
vn 0.834879 -0.550434 0 
vn 0.928527 -0.371264 0 
vn 0.886242 -0.463222 0 
vn 0.9613 -0.275503 0 
vn 0.928527 -0.371264 0 
vn 0.984225 -0.17692 0 
vn 0.9613 -0.275503 0 
vn 0.997068 -0.0765246 0 
vn 0.984225 -0.17692 0 
vn 0.999696 0.024655 0 
vn 0.997068 -0.0765246 0 
vn 0.992083 0.125582 0 
vn 0.999696 0.024655 0 
vn 0.974307 0.225222 0 
vn 0.992083 0.125582 0 
vn 0.94655 0.322556 0 
vn 0.974307 0.225222 0 
vn 0.909097 0.416585 0 
vn 0.94655 0.322556 0 
vn 0.642829 0.29457 0.707107 
vn 0.670706 0.223951 0.707107 
vn 0.69085 0.150751 0.707107 
vn 0.703031 0.0758123 0.707107 
vn 0.707107 -1.11022e-16 0.707107 
vn 0.703031 -0.0758123 0.707107 
vn 0.69085 -0.150751 0.707107 
vn 0.670706 -0.223951 0.707107 
vn 0.642829 -0.29457 0.707107 
vn 0.909097 0.416585 0 
vn 0.948521 0.316715 0 
vn 0.97701 0.213194 0 
vn 0.994236 0.107215 0 
vn 1 5.66554e-16 0 
vn 0.994236 -0.107215 0 
vn 0.97701 -0.213194 0 
vn 0.948521 -0.316715 0 
vn 0.909097 -0.416585 0 
vn 0.642829 -0.29457 0.707107 
vn 0.669312 -0.228081 0.707107 
vn 0.688939 -0.159256 0.707107 
vn 0.701509 -0.0887999 0.707107 
vn 0.706892 -0.0174337 0.707107 
vn 0.705033 0.0541111 0.707107 
vn 0.695952 0.125101 0.707107 
vn 0.679742 0.19481 0.707107 
vn 0.656568 0.262524 0.707107 
vn 0.626668 0.327547 0.707107 
vn 0.590348 0.389216 0.707107 
vn 0.547981 0.446897 0.707107 
vn 0.5 0.5 0.707107 
vn 0.642829 -0.29457 0.707107 
vn 0.94655 -0.322556 0 
vn 0.909097 -0.416585 0 
vn 0.974307 -0.225222 0 
vn 0.94655 -0.322556 0 
vn 0.992083 -0.125582 0 
vn 0.974307 -0.225222 0 
vn 0.999696 -0.024655 0 
vn 0.992083 -0.125582 0 
vn 0.997068 0.0765246 0 
vn 0.999696 -0.024655 0 
vn 0.984225 0.17692 0 
vn 0.997068 0.0765246 0 
vn 0.9613 0.275503 0 
vn 0.984225 0.17692 0 
vn 0.928527 0.371264 0 
vn 0.9613 0.275503 0 
vn 0.886242 0.463222 0 
vn 0.928527 0.371264 0 
vn 0.834879 0.550434 0 
vn 0.886242 0.463222 0 
vn 0.774962 0.632008 0 
vn 0.834879 0.550434 0 
vn 0.707107 0.707107 0 
vn 0.774962 0.632008 0 
vn 0.5 0.5 0.707107 
vn 0.707107 0.707107 0 
vn 0.444442 0.549974 0.707107 
vn 0.38392 0.593806 0.707107 
vn 0.31911 0.631006 0.707107 
vn 0.250736 0.661159 0.707107 
vn 0.179562 0.683928 0.707107 
vn 0.106383 0.699058 0.707107 
vn 0.032015 0.706382 0.707107 
vn 0.5 0.5 0.707107 
vn 0.628535 0.777781 0 
vn 0.707107 0.707107 0 
vn 0.542944 0.839769 0 
vn 0.628535 0.777781 0 
vn 0.451289 0.892378 0 
vn 0.542944 0.839769 0 
vn 0.354594 0.93502 0 
vn 0.451289 0.892378 0 
vn 0.253939 0.96722 0 
vn 0.354594 0.93502 0 
vn 0.150448 0.988618 0 
vn 0.253939 0.96722 0 
vn 0.045276 0.998975 0 
vn 0.150448 0.988618 0 
vn 0.032015 0.706382 0.707107 
vn 0.10781 0.69884 0.707107 
vn 0.182355 0.683189 0.707107 
vn 0.13498 0.694104 0.707107 
vn 0.254783 0.65961 0.707107 
vn 0.324255 0.628378 0.707107 
vn 0.389964 0.589854 0.707107 
vn 0.451149 0.544486 0.707107 
vn 0.507098 0.492799 0.707107 
vn 0.557164 0.435395 0.707107 
vn 0.600764 0.372938 0.707107 
vn 0.629469 0.322133 0.707107 
vn 0.637393 0.306154 0.707107 
vn 0.666626 0.235817 0.707107 
vn 0.688124 0.162744 0.707107 
vn 0.045276 0.998975 0 
vn 0.152467 0.988309 0 
vn 0.257888 0.966175 0 
vn 0.360318 0.93283 0 
vn 0.458566 0.88866 0 
vn 0.551493 0.834179 0 
vn 0.638021 0.770019 0 
vn 0.717145 0.696924 0 
vn 0.787948 0.615741 0 
vn 0.849608 0.527414 0 
vn 0.90141 0.432967 0 
vn 0.942752 0.333496 0 
vn 0.973154 0.230155 0 
vn 0.688124 0.162744 0.707107 
vn 0.666874 0.235114 0.707107 
vn 0.638037 0.304809 0.707107 
vn 0.601941 0.371035 0.707107 
vn 0.558996 0.43304 0.707107 
vn 0.50969 0.490118 0.707107 
vn 0.454586 0.54162 0.707107 
vn 0.394309 0.586959 0.707107 
vn 0.329546 0.625619 0.707107 
vn 0.261033 0.657162 0.707107 
vn 0.189551 0.681227 0.707107 
vn 0.115911 0.697542 0.707107 
vn 0.0409532 0.70592 0.707107 
vn 0.688124 0.162744 0.707107 
vn 0.163923 0.986473 0 
vn 0.0579166 0.998321 0 
vn 0.268065 0.963401 0 
vn 0.163923 0.986473 0 
vn 0.369157 0.929367 0 
vn 0.268065 0.963401 0 
vn 0.466048 0.884759 0 
vn 0.369157 0.929367 0 
vn 0.557637 0.830085 0 
vn 0.466048 0.884759 0 
vn 0.642881 0.765966 0 
vn 0.557637 0.830085 0 
vn 0.720811 0.693132 0 
vn 0.642881 0.765966 0 
vn 0.790539 0.612411 0 
vn 0.720811 0.693132 0 
vn 0.851273 0.524723 0 
vn 0.790539 0.612411 0 
vn 0.902321 0.431065 0 
vn 0.851273 0.524723 0 
vn 0.943103 0.332501 0 
vn 0.902321 0.431065 0 
vn 0.973154 0.230155 0 
vn 0.943103 0.332501 0 
vn 0.0409532 0.70592 0.707107 
vn 0.0785674 0.702728 0.707107 
vn 0.0579166 0.998321 0 
vn 0.111111 0.993808 0 
vn 0.0785674 0.702728 0.707107 
vn 0.00438929 0.707093 0.707107 
vn -0.0698373 0.70365 0.707107 
vn -0.143293 0.692436 0.707107 
vn -0.215166 0.673575 0.707107 
vn -0.284663 0.647277 0.707107 
vn -0.351016 0.61383 0.707107 
vn -0.413493 0.573605 0.707107 
vn -0.471405 0.527046 0.707107 
vn -0.52411 0.474667 0.707107 
vn -0.571028 0.417046 0.707107 
vn -0.61164 0.35482 0.707107 
vn -0.645497 0.288675 0.707107 
vn -0.672227 0.219343 0.707107 
vn -0.691533 0.147588 0.707107 
vn -0.703203 0.0742038 0.707107 
vn -0.707107 1.26288e-15 0.707107 
vn 0.0785674 0.702728 0.707107 
vn 0.943103 -0.332501 0 
vn 0.973154 -0.230155 0 
vn 0.902321 -0.431065 0 
vn 0.943103 -0.332501 0 
vn 0.851273 -0.524723 0 
vn 0.902321 -0.431065 0 
vn 0.790539 -0.612411 0 
vn 0.851273 -0.524723 0 
vn 0.720811 -0.693132 0 
vn 0.790539 -0.612411 0 
vn 0.642881 -0.765966 0 
vn 0.720811 -0.693132 0 
vn 0.557637 -0.830085 0 
vn 0.642881 -0.765966 0 
vn 0.466048 -0.884759 0 
vn 0.557637 -0.830085 0 
vn 0.369157 -0.929367 0 
vn 0.466048 -0.884759 0 
vn 0.268065 -0.963401 0 
vn 0.369157 -0.929367 0 
vn 0.163923 -0.986473 0 
vn 0.268065 -0.963401 0 
vn 0.0579166 -0.998321 0 
vn 0.163923 -0.986473 0 
vn 0.0785674 -0.702728 0.707107 
vn 0.0409532 -0.70592 0.707107 
vn 0.111111 -0.993808 0 
vn 0.0579166 -0.998321 0 
vn -0.707107 0 0.707107 
vn -0.703203 -0.0742038 0.707107 
vn -0.691533 -0.147588 0.707107 
vn -0.672227 -0.219343 0.707107 
vn -0.645497 -0.288675 0.707107 
vn -0.61164 -0.35482 0.707107 
vn -0.571028 -0.417046 0.707107 
vn -0.52411 -0.474667 0.707107 
vn -0.471405 -0.527046 0.707107 
vn -0.413493 -0.573605 0.707107 
vn -0.351016 -0.61383 0.707107 
vn -0.284663 -0.647277 0.707107 
vn -0.215166 -0.673575 0.707107 
vn -0.143293 -0.692436 0.707107 
vn -0.0698373 -0.70365 0.707107 
vn 0.00438929 -0.707093 0.707107 
vn 0.0785674 -0.702728 0.707107 
vn -0.707107 0 0.707107 
vn 0 0 1 
vn -1 1.83697e-16 0 
vn 0.00620739 0.999981 0 
vn 0.111111 0.993808 0 
vn -0.0987649 0.995111 0 
vn 0.00620739 0.999981 0 
vn -0.202646 0.979252 0 
vn -0.0987649 0.995111 0 
vn -0.30429 0.952579 0 
vn -0.202646 0.979252 0 
vn -0.402574 0.915387 0 
vn -0.30429 0.952579 0 
vn -0.496412 0.868087 0 
vn -0.402574 0.915387 0 
vn -0.584768 0.811201 0 
vn -0.496412 0.868087 0 
vn -0.666667 0.745356 0 
vn -0.584768 0.811201 0 
vn -0.741203 0.671281 0 
vn -0.666667 0.745356 0 
vn -0.807555 0.589792 0 
vn -0.741203 0.671281 0 
vn -0.864989 0.501791 0 
vn -0.807555 0.589792 0 
vn -0.912871 0.408248 0 
vn -0.864989 0.501791 0 
vn -0.950672 0.310197 0 
vn -0.912871 0.408248 0 
vn -0.977975 0.208721 0 
vn -0.950672 0.310197 0 
vn -0.994479 0.10494 0 
vn -0.977975 0.208721 0 
vn -1 -1.22465e-16 0 
vn -0.994479 0.10494 0 
vn -0.994479 -0.10494 0 
vn -1 -1.22465e-16 0 
vn -0.977975 -0.208721 0 
vn -0.994479 -0.10494 0 
vn -0.950672 -0.310197 0 
vn -0.977975 -0.208721 0 
vn -0.912871 -0.408248 0 
vn -0.950672 -0.310197 0 
vn -0.864989 -0.501791 0 
vn -0.912871 -0.408248 0 
vn -0.807555 -0.589792 0 
vn -0.864989 -0.501791 0 
vn -0.741203 -0.671281 0 
vn -0.807555 -0.589792 0 
vn -0.666667 -0.745356 0 
vn -0.741203 -0.671281 0 
vn -0.584768 -0.811201 0 
vn -0.666667 -0.745356 0 
vn -0.496412 -0.868087 0 
vn -0.584768 -0.811201 0 
vn -0.402574 -0.915387 0 
vn -0.496412 -0.868087 0 
vn -0.30429 -0.952579 0 
vn -0.402574 -0.915387 0 
vn -0.202646 -0.979252 0 
vn -0.30429 -0.952579 0 
vn -0.0987649 -0.995111 0 
vn -0.202646 -0.979252 0 
vn 0.00620739 -0.999981 0 
vn -0.0987649 -0.995111 0 
vn 0.111111 -0.993808 0 
vn 0.00620739 -0.999981 0 
vn -0.707107 1.29893e-16 0.707107 
vn -0.29457 0.642829 0.707107 
vn -0.223951 0.670706 0.707107 
vn -0.150751 0.69085 0.707107 
vn -0.0758123 0.703031 0.707107 
vn 0 0.707107 0.707107 
vn 0.0758123 0.703031 0.707107 
vn 0.150751 0.69085 0.707107 
vn 0.223951 0.670706 0.707107 
vn 0.29457 0.642829 0.707107 
vn 0.228081 0.669312 0.707107 
vn 0.159256 0.688939 0.707107 
vn 0.0887999 0.701509 0.707107 
vn 0.0174337 0.706892 0.707107 
vn -0.0541111 0.705033 0.707107 
vn -0.125101 0.695952 0.707107 
vn -0.19481 0.679742 0.707107 
vn -0.262524 0.656568 0.707107 
vn -0.327547 0.626668 0.707107 
vn -0.389216 0.590348 0.707107 
vn -0.446897 0.547981 0.707107 
vn -0.5 0.5 0.707107 
vn 0.29457 0.642829 0.707107 
vn 0.5 0.5 0.707107 
vn 0.446897 0.547981 0.707107 
vn 0.389216 0.590348 0.707107 
vn 0.327547 0.626668 0.707107 
vn 0.262524 0.656568 0.707107 
vn 0.19481 0.679742 0.707107 
vn 0.125101 0.695952 0.707107 
vn 0.0541111 0.705033 0.707107 
vn -0.0174337 0.706892 0.707107 
vn -0.0887999 0.701509 0.707107 
vn -0.159256 0.688939 0.707107 
vn -0.228081 0.669312 0.707107 
vn -0.29457 0.642829 0.707107 
vn 0.5 0.5 0.707107 
vn -0.416585 0.909097 0 
vn -0.316715 0.948521 0 
vn -0.213194 0.97701 0 
vn -0.107215 0.994236 0 
vn -6.12323e-17 1 0 
vn 0.107215 0.994236 0 
vn 0.213194 0.97701 0 
vn 0.316715 0.948521 0 
vn 0.416585 0.909097 0 
vn 0.322556 0.94655 0 
vn 0.225222 0.974307 0 
vn 0.125582 0.992083 0 
vn 0.024655 0.999696 0 
vn -0.0765246 0.997068 0 
vn -0.17692 0.984225 0 
vn -0.275503 0.9613 0 
vn -0.371264 0.928527 0 
vn -0.463222 0.886242 0 
vn -0.550434 0.834879 0 
vn -0.632008 0.774962 0 
vn -0.707107 0.707107 0 
vn -0.5 0.5 0.707107 
vn -0.550583 0.443688 0.707107 
vn -0.594856 0.382291 0.707107 
vn -0.632313 0.316513 0.707107 
vn -0.662524 0.247108 0.707107 
vn -0.685142 0.174872 0.707107 
vn -0.699909 0.100632 0.707107 
vn -0.706656 0.0252383 0.707107 
vn -0.705305 -0.0504444 0.707107 
vn -0.695872 -0.125549 0.707107 
vn -0.678464 -0.199215 0.707107 
vn -0.653281 -0.270598 0.707107 
vn -0.620613 -0.33888 0.707107 
vn -0.580832 -0.403279 0.707107 
vn -0.534396 -0.463056 0.707107 
vn -0.481835 -0.517528 0.707107 
vn -0.423753 -0.566068 0.707107 
vn -0.360815 -0.608122 0.707107 
vn -0.293743 -0.643207 0.707107 
vn -0.223304 -0.670921 0.707107 
vn -0.150306 -0.690947 0.707107 
vn -0.0755863 -0.703055 0.707107 
vn 1.11022e-16 -0.707107 0.707107 
vn -0.5 0.5 0.707107 
vn -0.106895 -0.99427 0 
vn -3.06162e-16 -1 0 
vn -0.212565 -0.977147 0 
vn -0.106895 -0.99427 0 
vn -0.3158 -0.948826 0 
vn -0.212565 -0.977147 0 
vn -0.415415 -0.909632 0 
vn -0.3158 -0.948826 0 
vn -0.51027 -0.860014 0 
vn -0.415415 -0.909632 0 
vn -0.599278 -0.800541 0 
vn -0.51027 -0.860014 0 
vn -0.681418 -0.731895 0 
vn -0.599278 -0.800541 0 
vn -0.75575 -0.654861 0 
vn -0.681418 -0.731895 0 
vn -0.821421 -0.570323 0 
vn -0.75575 -0.654861 0 
vn -0.877679 -0.479249 0 
vn -0.821421 -0.570323 0 
vn -0.92388 -0.382683 0 
vn -0.877679 -0.479249 0 
vn -0.959493 -0.281733 0 
vn -0.92388 -0.382683 0 
vn -0.984111 -0.177553 0 
vn -0.959493 -0.281733 0 
vn -0.997452 -0.0713392 0 
vn -0.984111 -0.177553 0 
vn -0.999363 0.0356923 0 
vn -0.997452 -0.0713392 0 
vn -0.989821 0.142315 0 
vn -0.999363 0.0356923 0 
vn -0.968937 0.247307 0 
vn -0.989821 0.142315 0 
vn -0.93695 0.349464 0 
vn -0.968937 0.247307 0 
vn -0.894225 0.447617 0 
vn -0.93695 0.349464 0 
vn -0.841254 0.540641 0 
vn -0.894225 0.447617 0 
vn -0.778642 0.627469 0 
vn -0.841254 0.540641 0 
vn -0.707107 0.707107 0 
vn -0.778642 0.627469 0 
vn 9.06905e-17 -0.707107 0.707107 
vn 1.28256e-16 -1 0 
vn 0.0755863 -0.703055 0.707107 
vn 0.150306 -0.690947 0.707107 
vn 0.223304 -0.670921 0.707107 
vn 0.293743 -0.643207 0.707107 
vn 0.360815 -0.608122 0.707107 
vn 0.423753 -0.566068 0.707107 
vn 0.481835 -0.517528 0.707107 
vn 0.534396 -0.463056 0.707107 
vn 0.580832 -0.403279 0.707107 
vn 0.620613 -0.33888 0.707107 
vn 0.653281 -0.270598 0.707107 
vn 0.678464 -0.199215 0.707107 
vn 0.695872 -0.125549 0.707107 
vn 0.705305 -0.0504444 0.707107 
vn 0.706656 0.0252383 0.707107 
vn 0.699909 0.100632 0.707107 
vn 0.685142 0.174872 0.707107 
vn 0.662524 0.247108 0.707107 
vn 0.632313 0.316513 0.707107 
vn 0.594856 0.382291 0.707107 
vn 0.550583 0.443688 0.707107 
vn 0.5 0.5 0.707107 
vn -4.32978e-17 -0.707107 0.707107 
vn 0 0 1 
vn 0.707107 0.707107 0 
vn 0.106895 -0.99427 0 
vn 3.06162e-16 -1 0 
vn 0.212565 -0.977147 0 
vn 0.106895 -0.99427 0 
vn 0.3158 -0.948826 0 
vn 0.212565 -0.977147 0 
vn 0.415415 -0.909632 0 
vn 0.3158 -0.948826 0 
vn 0.51027 -0.860014 0 
vn 0.415415 -0.909632 0 
vn 0.599278 -0.800541 0 
vn 0.51027 -0.860014 0 
vn 0.681418 -0.731895 0 
vn 0.599278 -0.800541 0 
vn 0.75575 -0.654861 0 
vn 0.681418 -0.731895 0 
vn 0.821421 -0.570323 0 
vn 0.75575 -0.654861 0 
vn 0.877679 -0.479249 0 
vn 0.821421 -0.570323 0 
vn 0.92388 -0.382683 0 
vn 0.877679 -0.479249 0 
vn 0.959493 -0.281733 0 
vn 0.92388 -0.382683 0 
vn 0.984111 -0.177553 0 
vn 0.959493 -0.281733 0 
vn 0.997452 -0.0713392 0 
vn 0.984111 -0.177553 0 
vn 0.999363 0.0356923 0 
vn 0.997452 -0.0713392 0 
vn 0.989821 0.142315 0 
vn 0.999363 0.0356923 0 
vn 0.968937 0.247307 0 
vn 0.989821 0.142315 0 
vn 0.93695 0.349464 0 
vn 0.968937 0.247307 0 
vn 0.894225 0.447617 0 
vn 0.93695 0.349464 0 
vn 0.841254 0.540641 0 
vn 0.894225 0.447617 0 
vn 0.778642 0.627469 0 
vn 0.841254 0.540641 0 
vn 0.707107 0.707107 0 
vn 0.778642 0.627469 0 
vn 0.632008 0.774962 0 
vn 0.707107 0.707107 0 
vn 0.550434 0.834879 0 
vn 0.632008 0.774962 0 
vn 0.463222 0.886242 0 
vn 0.550434 0.834879 0 
vn 0.371264 0.928527 0 
vn 0.463222 0.886242 0 
vn 0.275503 0.9613 0 
vn 0.371264 0.928527 0 
vn 0.17692 0.984225 0 
vn 0.275503 0.9613 0 
vn 0.0765246 0.997068 0 
vn 0.17692 0.984225 0 
vn -0.024655 0.999696 0 
vn 0.0765246 0.997068 0 
vn -0.125582 0.992083 0 
vn -0.024655 0.999696 0 
vn -0.225222 0.974307 0 
vn -0.125582 0.992083 0 
vn -0.322556 0.94655 0 
vn -0.225222 0.974307 0 
vn -0.416585 0.909097 0 
vn -0.322556 0.94655 0 
vn 0.5 0.5 0.707107 
vn 0.162744 -0.688124 0.707107 
vn 0.235114 -0.666874 0.707107 
vn 0.304809 -0.638037 0.707107 
vn 0.371035 -0.601941 0.707107 
vn 0.43304 -0.558996 0.707107 
vn 0.490118 -0.50969 0.707107 
vn 0.54162 -0.454586 0.707107 
vn 0.586959 -0.394309 0.707107 
vn 0.625619 -0.329546 0.707107 
vn 0.657162 -0.261033 0.707107 
vn 0.681227 -0.189551 0.707107 
vn 0.697542 -0.115911 0.707107 
vn 0.70592 -0.0409532 0.707107 
vn 0.162744 -0.688124 0.707107 
vn 0.476849 -0.522125 0.707107 
vn 0.421448 -0.567786 0.707107 
vn 0.361703 -0.607594 0.707107 
vn 0.298229 -0.641139 0.707107 
vn 0.231681 -0.668075 0.707107 
vn 0.162744 -0.688124 0.707107 
vn 0.70592 -0.0409532 0.707107 
vn 0.702728 -0.0785674 0.707107 
vn 0.986473 -0.163923 0 
vn 0.998321 -0.0579166 0 
vn 0.963401 -0.268065 0 
vn 0.986473 -0.163923 0 
vn 0.929367 -0.369157 0 
vn 0.963401 -0.268065 0 
vn 0.884759 -0.466048 0 
vn 0.929367 -0.369157 0 
vn 0.830085 -0.557637 0 
vn 0.884759 -0.466048 0 
vn 0.765966 -0.642881 0 
vn 0.830085 -0.557637 0 
vn 0.693132 -0.720811 0 
vn 0.765966 -0.642881 0 
vn 0.612411 -0.790539 0 
vn 0.693132 -0.720811 0 
vn 0.524723 -0.851273 0 
vn 0.612411 -0.790539 0 
vn 0.431065 -0.902321 0 
vn 0.524723 -0.851273 0 
vn 0.332501 -0.943103 0 
vn 0.431065 -0.902321 0 
vn 0.230155 -0.973154 0 
vn 0.332501 -0.943103 0 
vn 0.674367 -0.738397 0 
vn 0.596018 -0.802971 0 
vn 0.511525 -0.859268 0 
vn 0.421759 -0.906708 0 
vn 0.327646 -0.944801 0 
vn 0.230155 -0.973154 0 
vn -4.32978e-17 -0.707107 0.707107 
vn 0.0746229 -0.703158 0.707107 
vn 0.148412 -0.691356 0.707107 
vn 0.220544 -0.671833 0.707107 
vn 0.290213 -0.644807 0.707107 
vn 0.356641 -0.61058 0.707107 
vn 0.419085 -0.569533 0.707107 
vn 0.476849 -0.522125 0.707107 
vn -4.32978e-17 -0.707107 0.707107 
vn 0.998321 -0.0579166 0 
vn 0.993808 -0.111111 0 
vn 0.702728 -0.0785674 0.707107 
vn 0.707093 -0.00438929 0.707107 
vn 0.70365 0.0698373 0.707107 
vn 0.692436 0.143293 0.707107 
vn 0.673575 0.215166 0.707107 
vn 0.647277 0.284663 0.707107 
vn 0.61383 0.351016 0.707107 
vn 0.573605 0.413493 0.707107 
vn 0.527046 0.471405 0.707107 
vn 0.474667 0.52411 0.707107 
vn 0.417046 0.571028 0.707107 
vn 0.35482 0.61164 0.707107 
vn 0.288675 0.645497 0.707107 
vn 0.219343 0.672227 0.707107 
vn 0.147588 0.691533 0.707107 
vn 0.0742038 0.703203 0.707107 
vn -4.996e-16 0.707107 0.707107 
vn 0.702728 -0.0785674 0.707107 
vn 0.105533 -0.994416 0 
vn 6.12323e-17 -1 0 
vn 0.209887 -0.977726 0 
vn 0.105533 -0.994416 0 
vn 0.311897 -0.950116 0 
vn 0.209887 -0.977726 0 
vn 0.410423 -0.911895 0 
vn 0.311897 -0.950116 0 
vn 0.504366 -0.86349 0 
vn 0.410423 -0.911895 0 
vn 0.592676 -0.805441 0 
vn 0.504366 -0.86349 0 
vn 0.674367 -0.738397 0 
vn 0.592676 -0.805441 0 
vn -9.06905e-17 -0.707107 0.707107 
vn -1.28256e-16 -1 0 
vn -0.476849 -0.522125 0.707107 
vn -0.419085 -0.569533 0.707107 
vn -0.356641 -0.61058 0.707107 
vn -0.290213 -0.644807 0.707107 
vn -0.220544 -0.671833 0.707107 
vn -0.148412 -0.691356 0.707107 
vn -0.0746229 -0.703158 0.707107 
vn -2.22045e-16 -0.707107 0.707107 
vn -0.476849 -0.522125 0.707107 
vn -0.592676 -0.805441 0 
vn -0.674367 -0.738397 0 
vn -0.504366 -0.86349 0 
vn -0.592676 -0.805441 0 
vn -0.410423 -0.911895 0 
vn -0.504366 -0.86349 0 
vn -0.311897 -0.950116 0 
vn -0.410423 -0.911895 0 
vn -0.209887 -0.977726 0 
vn -0.311897 -0.950116 0 
vn -0.105533 -0.994416 0 
vn -0.209887 -0.977726 0 
vn 6.12323e-17 -1 0 
vn -0.105533 -0.994416 0 
vn -0.162744 -0.688124 0.707107 
vn -0.231681 -0.668075 0.707107 
vn -0.298229 -0.641139 0.707107 
vn -0.361703 -0.607594 0.707107 
vn -0.421448 -0.567786 0.707107 
vn -0.476849 -0.522125 0.707107 
vn -0.230155 -0.973154 0 
vn -0.327646 -0.944801 0 
vn -0.421759 -0.906708 0 
vn -0.511525 -0.859268 0 
vn -0.596018 -0.802971 0 
vn -0.674367 -0.738397 0 
vn -0.70592 -0.0409532 0.707107 
vn -0.697542 -0.115911 0.707107 
vn -0.681227 -0.189551 0.707107 
vn -0.657162 -0.261033 0.707107 
vn -0.625619 -0.329546 0.707107 
vn -0.586959 -0.394309 0.707107 
vn -0.54162 -0.454586 0.707107 
vn -0.490118 -0.50969 0.707107 
vn -0.43304 -0.558996 0.707107 
vn -0.371035 -0.601941 0.707107 
vn -0.304809 -0.638037 0.707107 
vn -0.235114 -0.666874 0.707107 
vn -0.162744 -0.688124 0.707107 
vn -0.70592 -0.0409532 0.707107 
vn -0.332501 -0.943103 0 
vn -0.230155 -0.973154 0 
vn -0.431065 -0.902321 0 
vn -0.332501 -0.943103 0 
vn -0.524723 -0.851273 0 
vn -0.431065 -0.902321 0 
vn -0.612411 -0.790539 0 
vn -0.524723 -0.851273 0 
vn -0.693132 -0.720811 0 
vn -0.612411 -0.790539 0 
vn -0.765966 -0.642881 0 
vn -0.693132 -0.720811 0 
vn -0.830085 -0.557637 0 
vn -0.765966 -0.642881 0 
vn -0.884759 -0.466048 0 
vn -0.830085 -0.557637 0 
vn -0.929367 -0.369157 0 
vn -0.884759 -0.466048 0 
vn -0.963401 -0.268065 0 
vn -0.929367 -0.369157 0 
vn -0.986473 -0.163923 0 
vn -0.963401 -0.268065 0 
vn -0.998321 -0.0579166 0 
vn -0.986473 -0.163923 0 
vn -0.702728 -0.0785674 0.707107 
vn -0.70592 -0.0409532 0.707107 
vn -0.993808 -0.111111 0 
vn -0.998321 -0.0579166 0 
vn 1.29893e-16 0.707107 0.707107 
vn -0.0742038 0.703203 0.707107 
vn -0.147588 0.691533 0.707107 
vn -0.219343 0.672227 0.707107 
vn -0.288675 0.645497 0.707107 
vn -0.35482 0.61164 0.707107 
vn -0.417046 0.571028 0.707107 
vn -0.474667 0.52411 0.707107 
vn -0.527046 0.471405 0.707107 
vn -0.573605 0.413493 0.707107 
vn -0.61383 0.351016 0.707107 
vn -0.647277 0.284663 0.707107 
vn -0.673575 0.215166 0.707107 
vn -0.692436 0.143293 0.707107 
vn -0.70365 0.0698373 0.707107 
vn -0.707093 -0.00438929 0.707107 
vn -0.702728 -0.0785674 0.707107 
vn 1.29893e-16 0.707107 0.707107 
vn 0 0 1 
vn 0 1 0 
vn 0.999981 -0.00620739 0 
vn 0.993808 -0.111111 0 
vn 0.995111 0.0987649 0 
vn 0.999981 -0.00620739 0 
vn 0.979252 0.202646 0 
vn 0.995111 0.0987649 0 
vn 0.952579 0.30429 0 
vn 0.979252 0.202646 0 
vn 0.915387 0.402574 0 
vn 0.952579 0.30429 0 
vn 0.868087 0.496412 0 
vn 0.915387 0.402574 0 
vn 0.811201 0.584768 0 
vn 0.868087 0.496412 0 
vn 0.745356 0.666667 0 
vn 0.811201 0.584768 0 
vn 0.671281 0.741203 0 
vn 0.745356 0.666667 0 
vn 0.589792 0.807555 0 
vn 0.671281 0.741203 0 
vn 0.501791 0.864989 0 
vn 0.589792 0.807555 0 
vn 0.408248 0.912871 0 
vn 0.501791 0.864989 0 
vn 0.310197 0.950672 0 
vn 0.408248 0.912871 0 
vn 0.208721 0.977975 0 
vn 0.310197 0.950672 0 
vn 0.10494 0.994479 0 
vn 0.208721 0.977975 0 
vn -1.83697e-16 1 0 
vn 0.10494 0.994479 0 
vn -0.10494 0.994479 0 
vn -1.83697e-16 1 0 
vn -0.208721 0.977975 0 
vn -0.10494 0.994479 0 
vn -0.310197 0.950672 0 
vn -0.208721 0.977975 0 
vn -0.408248 0.912871 0 
vn -0.310197 0.950672 0 
vn -0.501791 0.864989 0 
vn -0.408248 0.912871 0 
vn -0.589792 0.807555 0 
vn -0.501791 0.864989 0 
vn -0.671281 0.741203 0 
vn -0.589792 0.807555 0 
vn -0.745356 0.666667 0 
vn -0.671281 0.741203 0 
vn -0.811201 0.584768 0 
vn -0.745356 0.666667 0 
vn -0.868087 0.496412 0 
vn -0.811201 0.584768 0 
vn -0.915387 0.402574 0 
vn -0.868087 0.496412 0 
vn -0.952579 0.30429 0 
vn -0.915387 0.402574 0 
vn -0.979252 0.202646 0 
vn -0.952579 0.30429 0 
vn -0.995111 0.0987649 0 
vn -0.979252 0.202646 0 
vn -0.999981 -0.00620739 0 
vn -0.995111 0.0987649 0 
vn -0.993808 -0.111111 0 
vn -0.999981 -0.00620739 0 
vn 0 0.707107 0.707107 
vn -0.162744 0.688124 0.707107 
vn -0.235114 0.666874 0.707107 
vn -0.304809 0.638037 0.707107 
vn -0.371035 0.601941 0.707107 
vn -0.43304 0.558996 0.707107 
vn -0.490118 0.50969 0.707107 
vn -0.54162 0.454586 0.707107 
vn -0.586959 0.394309 0.707107 
vn -0.625619 0.329546 0.707107 
vn -0.657162 0.261033 0.707107 
vn -0.681227 0.189551 0.707107 
vn -0.697542 0.115911 0.707107 
vn -0.70592 0.0409532 0.707107 
vn -0.162744 0.688124 0.707107 
vn -0.476849 0.522125 0.707107 
vn -0.421448 0.567786 0.707107 
vn -0.361703 0.607594 0.707107 
vn -0.298229 0.641139 0.707107 
vn -0.231681 0.668075 0.707107 
vn -0.162744 0.688124 0.707107 
vn -0.70592 0.0409532 0.707107 
vn -0.702728 0.0785674 0.707107 
vn -0.986473 0.163923 0 
vn -0.998321 0.0579166 0 
vn -0.963401 0.268065 0 
vn -0.986473 0.163923 0 
vn -0.929367 0.369157 0 
vn -0.963401 0.268065 0 
vn -0.884759 0.466048 0 
vn -0.929367 0.369157 0 
vn -0.830085 0.557637 0 
vn -0.884759 0.466048 0 
vn -0.765966 0.642881 0 
vn -0.830085 0.557637 0 
vn -0.693132 0.720811 0 
vn -0.765966 0.642881 0 
vn -0.612411 0.790539 0 
vn -0.693132 0.720811 0 
vn -0.524723 0.851273 0 
vn -0.612411 0.790539 0 
vn -0.431065 0.902321 0 
vn -0.524723 0.851273 0 
vn -0.332501 0.943103 0 
vn -0.431065 0.902321 0 
vn -0.230155 0.973154 0 
vn -0.332501 0.943103 0 
vn -0.674367 0.738397 0 
vn -0.596018 0.802971 0 
vn -0.511525 0.859268 0 
vn -0.421759 0.906708 0 
vn -0.327646 0.944801 0 
vn -0.230155 0.973154 0 
vn 1.29893e-16 0.707107 0.707107 
vn -0.0746229 0.703158 0.707107 
vn -0.148412 0.691356 0.707107 
vn -0.220544 0.671833 0.707107 
vn -0.290213 0.644807 0.707107 
vn -0.356641 0.61058 0.707107 
vn -0.419085 0.569533 0.707107 
vn -0.476849 0.522125 0.707107 
vn 1.29893e-16 0.707107 0.707107 
vn -0.998321 0.0579166 0 
vn -0.993808 0.111111 0 
vn -0.702728 0.0785674 0.707107 
vn -0.707093 0.00438929 0.707107 
vn -0.70365 -0.0698373 0.707107 
vn -0.692436 -0.143293 0.707107 
vn -0.673575 -0.215166 0.707107 
vn -0.647277 -0.284663 0.707107 
vn -0.61383 -0.351016 0.707107 
vn -0.573605 -0.413493 0.707107 
vn -0.527046 -0.471405 0.707107 
vn -0.474667 -0.52411 0.707107 
vn -0.417046 -0.571028 0.707107 
vn -0.35482 -0.61164 0.707107 
vn -0.288675 -0.645497 0.707107 
vn -0.219343 -0.672227 0.707107 
vn -0.147588 -0.691533 0.707107 
vn -0.0742038 -0.703203 0.707107 
vn 8.74301e-16 -0.707107 0.707107 
vn -0.702728 0.0785674 0.707107 
vn -0.105533 0.994416 0 
vn -1.83697e-16 1 0 
vn -0.209887 0.977726 0 
vn -0.105533 0.994416 0 
vn -0.311897 0.950116 0 
vn -0.209887 0.977726 0 
vn -0.410423 0.911895 0 
vn -0.311897 0.950116 0 
vn -0.504366 0.86349 0 
vn -0.410423 0.911895 0 
vn -0.592676 0.805441 0 
vn -0.504366 0.86349 0 
vn -0.674367 0.738397 0 
vn -0.592676 0.805441 0 
vn -9.06905e-17 0.707107 0.707107 
vn -1.28256e-16 1 0 
vn 0.476849 0.522125 0.707107 
vn 0.419085 0.569533 0.707107 
vn 0.356641 0.61058 0.707107 
vn 0.290213 0.644807 0.707107 
vn 0.220544 0.671833 0.707107 
vn 0.148412 0.691356 0.707107 
vn 0.0746229 0.703158 0.707107 
vn 4.44089e-16 0.707107 0.707107 
vn 0.476849 0.522125 0.707107 
vn 0.592676 0.805441 0 
vn 0.674367 0.738397 0 
vn 0.504366 0.86349 0 
vn 0.592676 0.805441 0 
vn 0.410423 0.911895 0 
vn 0.504366 0.86349 0 
vn 0.311897 0.950116 0 
vn 0.410423 0.911895 0 
vn 0.209887 0.977726 0 
vn 0.311897 0.950116 0 
vn 0.105533 0.994416 0 
vn 0.209887 0.977726 0 
vn -1.83697e-16 1 0 
vn 0.105533 0.994416 0 
vn 0.162744 0.688124 0.707107 
vn 0.231681 0.668075 0.707107 
vn 0.298229 0.641139 0.707107 
vn 0.361703 0.607594 0.707107 
vn 0.421448 0.567786 0.707107 
vn 0.476849 0.522125 0.707107 
vn 0.230155 0.973154 0 
vn 0.327646 0.944801 0 
vn 0.421759 0.906708 0 
vn 0.511525 0.859268 0 
vn 0.596018 0.802971 0 
vn 0.674367 0.738397 0 
vn 0.70592 0.0409532 0.707107 
vn 0.697542 0.115911 0.707107 
vn 0.681227 0.189551 0.707107 
vn 0.657162 0.261033 0.707107 
vn 0.625619 0.329546 0.707107 
vn 0.586959 0.394309 0.707107 
vn 0.54162 0.454586 0.707107 
vn 0.490118 0.50969 0.707107 
vn 0.43304 0.558996 0.707107 
vn 0.371035 0.601941 0.707107 
vn 0.304809 0.638037 0.707107 
vn 0.235114 0.666874 0.707107 
vn 0.162744 0.688124 0.707107 
vn 0.70592 0.0409532 0.707107 
vn 0.332501 0.943103 0 
vn 0.230155 0.973154 0 
vn 0.431065 0.902321 0 
vn 0.332501 0.943103 0 
vn 0.524723 0.851273 0 
vn 0.431065 0.902321 0 
vn 0.612411 0.790539 0 
vn 0.524723 0.851273 0 
vn 0.693132 0.720811 0 
vn 0.612411 0.790539 0 
vn 0.765966 0.642881 0 
vn 0.693132 0.720811 0 
vn 0.830085 0.557637 0 
vn 0.765966 0.642881 0 
vn 0.884759 0.466048 0 
vn 0.830085 0.557637 0 
vn 0.929367 0.369157 0 
vn 0.884759 0.466048 0 
vn 0.963401 0.268065 0 
vn 0.929367 0.369157 0 
vn 0.986473 0.163923 0 
vn 0.963401 0.268065 0 
vn 0.998321 0.0579166 0 
vn 0.986473 0.163923 0 
vn 0.702728 0.0785674 0.707107 
vn 0.70592 0.0409532 0.707107 
vn 0.993808 0.111111 0 
vn 0.998321 0.0579166 0 
vn -4.32978e-17 -0.707107 0.707107 
vn 0.0742038 -0.703203 0.707107 
vn 0.147588 -0.691533 0.707107 
vn 0.219343 -0.672227 0.707107 
vn 0.288675 -0.645497 0.707107 
vn 0.35482 -0.61164 0.707107 
vn 0.417046 -0.571028 0.707107 
vn 0.474667 -0.52411 0.707107 
vn 0.527046 -0.471405 0.707107 
vn 0.573605 -0.413493 0.707107 
vn 0.61383 -0.351016 0.707107 
vn 0.647277 -0.284663 0.707107 
vn 0.673575 -0.215166 0.707107 
vn 0.692436 -0.143293 0.707107 
vn 0.70365 -0.0698373 0.707107 
vn 0.707093 0.00438929 0.707107 
vn 0.702728 0.0785674 0.707107 
vn -4.32978e-17 -0.707107 0.707107 
vn 0 0 1 
vn 0 -1 0 
vn -0.999981 0.00620739 0 
vn -0.993808 0.111111 0 
vn -0.995111 -0.0987649 0 
vn -0.999981 0.00620739 0 
vn -0.979252 -0.202646 0 
vn -0.995111 -0.0987649 0 
vn -0.952579 -0.30429 0 
vn -0.979252 -0.202646 0 
vn -0.915387 -0.402574 0 
vn -0.952579 -0.30429 0 
vn -0.868087 -0.496412 0 
vn -0.915387 -0.402574 0 
vn -0.811201 -0.584768 0 
vn -0.868087 -0.496412 0 
vn -0.745356 -0.666667 0 
vn -0.811201 -0.584768 0 
vn -0.671281 -0.741203 0 
vn -0.745356 -0.666667 0 
vn -0.589792 -0.807555 0 
vn -0.671281 -0.741203 0 
vn -0.501791 -0.864989 0 
vn -0.589792 -0.807555 0 
vn -0.408248 -0.912871 0 
vn -0.501791 -0.864989 0 
vn -0.310197 -0.950672 0 
vn -0.408248 -0.912871 0 
vn -0.208721 -0.977975 0 
vn -0.310197 -0.950672 0 
vn -0.10494 -0.994479 0 
vn -0.208721 -0.977975 0 
vn 6.12323e-17 -1 0 
vn -0.10494 -0.994479 0 
vn 0.10494 -0.994479 0 
vn 3.06162e-16 -1 0 
vn 0.208721 -0.977975 0 
vn 0.10494 -0.994479 0 
vn 0.310197 -0.950672 0 
vn 0.208721 -0.977975 0 
vn 0.408248 -0.912871 0 
vn 0.310197 -0.950672 0 
vn 0.501791 -0.864989 0 
vn 0.408248 -0.912871 0 
vn 0.589792 -0.807555 0 
vn 0.501791 -0.864989 0 
vn 0.671281 -0.741203 0 
vn 0.589792 -0.807555 0 
vn 0.745356 -0.666667 0 
vn 0.671281 -0.741203 0 
vn 0.811201 -0.584768 0 
vn 0.745356 -0.666667 0 
vn 0.868087 -0.496412 0 
vn 0.811201 -0.584768 0 
vn 0.915387 -0.402574 0 
vn 0.868087 -0.496412 0 
vn 0.952579 -0.30429 0 
vn 0.915387 -0.402574 0 
vn 0.979252 -0.202646 0 
vn 0.952579 -0.30429 0 
vn 0.995111 -0.0987649 0 
vn 0.979252 -0.202646 0 
vn 0.999981 0.00620739 0 
vn 0.995111 -0.0987649 0 
vn 0.993808 0.111111 0 
vn 0.999981 0.00620739 0 
vn 0 -0.707107 0.707107 
vn -0.5 -0.5 0.707107 
vn 1.29893e-16 0.707107 0.707107 
vn -0.0755863 0.703055 0.707107 
vn -0.150306 0.690947 0.707107 
vn -0.223304 0.670921 0.707107 
vn -0.293743 0.643207 0.707107 
vn -0.360815 0.608122 0.707107 
vn -0.423753 0.566068 0.707107 
vn -0.481835 0.517528 0.707107 
vn -0.534396 0.463056 0.707107 
vn -0.580832 0.403279 0.707107 
vn -0.620613 0.33888 0.707107 
vn -0.653281 0.270598 0.707107 
vn -0.678464 0.199215 0.707107 
vn -0.695872 0.125549 0.707107 
vn -0.705305 0.0504444 0.707107 
vn -0.706656 -0.0252383 0.707107 
vn -0.699909 -0.100632 0.707107 
vn -0.685142 -0.174872 0.707107 
vn -0.662524 -0.247108 0.707107 
vn -0.632313 -0.316513 0.707107 
vn -0.594856 -0.382291 0.707107 
vn -0.550583 -0.443688 0.707107 
vn -0.5 -0.5 0.707107 
vn 1.29893e-16 0.707107 0.707107 
vn -0.446897 -0.547981 0.707107 
vn -0.389216 -0.590348 0.707107 
vn -0.327547 -0.626668 0.707107 
vn -0.262524 -0.656568 0.707107 
vn -0.19481 -0.679742 0.707107 
vn -0.125101 -0.695952 0.707107 
vn -0.0541111 -0.705033 0.707107 
vn 0.0174337 -0.706892 0.707107 
vn 0.0887999 -0.701509 0.707107 
vn 0.159256 -0.688939 0.707107 
vn 0.228081 -0.669312 0.707107 
vn 0.29457 -0.642829 0.707107 
vn -0.5 -0.5 0.707107 
vn -0.707107 -0.707107 0 
vn -0.106895 0.99427 0 
vn -1.83697e-16 1 0 
vn -0.212565 0.977147 0 
vn -0.106895 0.99427 0 
vn -0.3158 0.948826 0 
vn -0.212565 0.977147 0 
vn -0.415415 0.909632 0 
vn -0.3158 0.948826 0 
vn -0.51027 0.860014 0 
vn -0.415415 0.909632 0 
vn -0.599278 0.800541 0 
vn -0.51027 0.860014 0 
vn -0.681418 0.731895 0 
vn -0.599278 0.800541 0 
vn -0.75575 0.654861 0 
vn -0.681418 0.731895 0 
vn -0.821421 0.570323 0 
vn -0.75575 0.654861 0 
vn -0.877679 0.479249 0 
vn -0.821421 0.570323 0 
vn -0.92388 0.382683 0 
vn -0.877679 0.479249 0 
vn -0.959493 0.281733 0 
vn -0.92388 0.382683 0 
vn -0.984111 0.177553 0 
vn -0.959493 0.281733 0 
vn -0.997452 0.0713392 0 
vn -0.984111 0.177553 0 
vn -0.999363 -0.0356923 0 
vn -0.997452 0.0713392 0 
vn -0.989821 -0.142315 0 
vn -0.999363 -0.0356923 0 
vn -0.968937 -0.247307 0 
vn -0.989821 -0.142315 0 
vn -0.93695 -0.349464 0 
vn -0.968937 -0.247307 0 
vn -0.894225 -0.447617 0 
vn -0.93695 -0.349464 0 
vn -0.841254 -0.540641 0 
vn -0.894225 -0.447617 0 
vn -0.778642 -0.627469 0 
vn -0.841254 -0.540641 0 
vn -0.707107 -0.707107 0 
vn -0.778642 -0.627469 0 
vn 9.06905e-17 0.707107 0.707107 
vn 1.28256e-16 1 0 
vn 0.5 -0.5 0.707107 
vn 0.550583 -0.443688 0.707107 
vn 0.594856 -0.382291 0.707107 
vn 0.632313 -0.316513 0.707107 
vn 0.662524 -0.247108 0.707107 
vn 0.685142 -0.174872 0.707107 
vn 0.699909 -0.100632 0.707107 
vn 0.706656 -0.0252383 0.707107 
vn 0.705305 0.0504444 0.707107 
vn 0.695872 0.125549 0.707107 
vn 0.678464 0.199215 0.707107 
vn 0.653281 0.270598 0.707107 
vn 0.620613 0.33888 0.707107 
vn 0.580832 0.403279 0.707107 
vn 0.534396 0.463056 0.707107 
vn 0.481835 0.517528 0.707107 
vn 0.423753 0.566068 0.707107 
vn 0.360815 0.608122 0.707107 
vn 0.293743 0.643207 0.707107 
vn 0.223304 0.670921 0.707107 
vn 0.150306 0.690947 0.707107 
vn 0.0755863 0.703055 0.707107 
vn 3.88578e-16 0.707107 0.707107 
vn 0.5 -0.5 0.707107 
vn 0.106895 0.99427 0 
vn 1.83697e-16 1 0 
vn 0.212565 0.977147 0 
vn 0.106895 0.99427 0 
vn 0.3158 0.948826 0 
vn 0.212565 0.977147 0 
vn 0.415415 0.909632 0 
vn 0.3158 0.948826 0 
vn 0.51027 0.860014 0 
vn 0.415415 0.909632 0 
vn 0.599278 0.800541 0 
vn 0.51027 0.860014 0 
vn 0.681418 0.731895 0 
vn 0.599278 0.800541 0 
vn 0.75575 0.654861 0 
vn 0.681418 0.731895 0 
vn 0.821421 0.570323 0 
vn 0.75575 0.654861 0 
vn 0.877679 0.479249 0 
vn 0.821421 0.570323 0 
vn 0.92388 0.382683 0 
vn 0.877679 0.479249 0 
vn 0.959493 0.281733 0 
vn 0.92388 0.382683 0 
vn 0.984111 0.177553 0 
vn 0.959493 0.281733 0 
vn 0.997452 0.0713392 0 
vn 0.984111 0.177553 0 
vn 0.999363 -0.0356923 0 
vn 0.997452 0.0713392 0 
vn 0.989821 -0.142315 0 
vn 0.999363 -0.0356923 0 
vn 0.968937 -0.247307 0 
vn 0.989821 -0.142315 0 
vn 0.93695 -0.349464 0 
vn 0.968937 -0.247307 0 
vn 0.894225 -0.447617 0 
vn 0.93695 -0.349464 0 
vn 0.841254 -0.540641 0 
vn 0.894225 -0.447617 0 
vn 0.778642 -0.627469 0 
vn 0.841254 -0.540641 0 
vn 0.707107 -0.707107 0 
vn 0.778642 -0.627469 0 
vn 0.5 -0.5 0.707107 
vn 0.707107 -0.707107 0 
vn -0.29457 -0.642829 0.707107 
vn -0.228081 -0.669312 0.707107 
vn -0.159256 -0.688939 0.707107 
vn -0.0887999 -0.701509 0.707107 
vn -0.0174337 -0.706892 0.707107 
vn 0.0541111 -0.705033 0.707107 
vn 0.125101 -0.695952 0.707107 
vn 0.19481 -0.679742 0.707107 
vn 0.262524 -0.656568 0.707107 
vn 0.327547 -0.626668 0.707107 
vn 0.389216 -0.590348 0.707107 
vn 0.446897 -0.547981 0.707107 
vn 0.5 -0.5 0.707107 
vn -0.29457 -0.642829 0.707107 
vn 0 0 1 
vn 0.416585 -0.909097 0 
vn 0.316715 -0.948521 0 
vn 0.213194 -0.97701 0 
vn 0.107215 -0.994236 0 
vn 1.83697e-16 -1 0 
vn -0.107215 -0.994236 0 
vn -0.213194 -0.97701 0 
vn -0.316715 -0.948521 0 
vn -0.416585 -0.909097 0 
vn -0.322556 -0.94655 0 
vn -0.225222 -0.974307 0 
vn -0.125582 -0.992083 0 
vn -0.024655 -0.999696 0 
vn 0.0765246 -0.997068 0 
vn 0.17692 -0.984225 0 
vn 0.275503 -0.9613 0 
vn 0.371264 -0.928527 0 
vn 0.463222 -0.886242 0 
vn 0.550434 -0.834879 0 
vn 0.632008 -0.774962 0 
vn 0.707107 -0.707107 0 
vn -0.632008 -0.774962 0 
vn -0.707107 -0.707107 0 
vn -0.550434 -0.834879 0 
vn -0.632008 -0.774962 0 
vn -0.463222 -0.886242 0 
vn -0.550434 -0.834879 0 
vn -0.371264 -0.928527 0 
vn -0.463222 -0.886242 0 
vn -0.275503 -0.9613 0 
vn -0.371264 -0.928527 0 
vn -0.17692 -0.984225 0 
vn -0.275503 -0.9613 0 
vn -0.0765246 -0.997068 0 
vn -0.17692 -0.984225 0 
vn 0.024655 -0.999696 0 
vn -0.0765246 -0.997068 0 
vn 0.125582 -0.992083 0 
vn 0.024655 -0.999696 0 
vn 0.225222 -0.974307 0 
vn 0.125582 -0.992083 0 
vn 0.322556 -0.94655 0 
vn 0.225222 -0.974307 0 
vn 0.416585 -0.909097 0 
vn 0.322556 -0.94655 0 
vn 0.29457 -0.642829 0.707107 
vn 0.223951 -0.670706 0.707107 
vn 0.150751 -0.69085 0.707107 
vn 0.0758123 -0.703031 0.707107 
vn 1.11022e-16 -0.707107 0.707107 
vn -0.0758123 -0.703031 0.707107 
vn -0.150751 -0.69085 0.707107 
vn -0.223951 -0.670706 0.707107 
vn -0.29457 -0.642829 0.707107 
usemtl 0.960784_0.835294_0.470588_0.000000_0.000000
o mesh0
f 1//1 2//2 3//2 
f 4//3 1//1 5//4 
f 6//5 4//3 7//6 
f 8//7 6//5 9//8 
f 10//9 8//7 11//10 
f 12//11 10//9 13//12 
f 14//13 12//11 15//14 
f 16//15 14//13 17//16 
f 18//17 16//15 19//18 
f 20//19 18//17 21//20 
f 22//21 20//19 23//22 
f 24//23 22//21 25//24 
f 26//25 24//23 27//26 
f 28//27 26//25 29//28 
f 30//29 28//27 31//30 
f 32//31 30//29 33//32 
f 34//33 32//31 35//34 
f 36//35 34//33 37//36 
f 38//37 36//35 39//38 
f 40//39 38//37 41//40 
f 42//41 40//39 43//42 
f 44//43 42//41 45//44 
f 46//45 44//43 47//46 
f 48//47 46//45 49//48 
f 50//49 48//47 51//50 
f 52//51 50//49 53//52 
f 54//53 52//51 55//54 
f 56//55 54//53 57//56 
f 58//57 56//55 59//58 
f 60//59 58//57 61//60 
f 62//61 60//59 63//62 
f 64//63 62//61 65//64 
f 66//65 64//63 67//66 
f 68//67 66//65 69//68 
f 70//69 68//67 71//70 
f 72//71 70//69 73//72 
f 74//73 72//71 75//74 
f 76//75 74//73 77//76 
f 78//77 76//75 79//78 
f 80//79 78//77 81//80 
f 82//81 80//79 83//82 
f 84//83 82//81 85//84 
f 86//85 84//83 87//86 
f 88//87 86//85 89//88 
f 90//89 88//87 91//90 
f 92//91 90//89 93//92 
f 94//93 92//91 95//94 
f 96//95 94//93 97//96 
f 98//97 96//95 99//98 
f 100//99 98//97 101//100 
f 102//101 100//99 103//102 
f 104//103 102//101 105//104 
f 106//105 104//103 107//106 
f 108//107 106//105 109//108 
f 110//109 108//107 111//110 
f 112//111 110//109 113//112 
f 114//113 112//111 115//114 
f 2//2 114//113 116//113 
f 116//113 3//2 2//2 
f 115//114 116//113 114//113 
f 113//112 115//114 112//111 
f 111//110 113//112 110//109 
f 109//108 111//110 108//107 
f 107//106 109//108 106//105 
f 105//104 107//106 104//103 
f 103//102 105//104 102//101 
f 101//100 103//102 100//99 
f 99//98 101//100 98//97 
f 97//96 99//98 96//95 
f 95//94 97//96 94//93 
f 93//92 95//94 92//91 
f 91//90 93//92 90//89 
f 89//88 91//90 88//87 
f 87//86 89//88 86//85 
f 85//84 87//86 84//83 
f 83//82 85//84 82//81 
f 81//80 83//82 80//79 
f 79//78 81//80 78//77 
f 77//76 79//78 76//75 
f 75//74 77//76 74//73 
f 73//72 75//74 72//71 
f 71//70 73//72 70//69 
f 69//68 71//70 68//67 
f 67//66 69//68 66//65 
f 65//64 67//66 64//63 
f 63//62 65//64 62//61 
f 61//60 63//62 60//59 
f 59//58 61//60 58//57 
f 57//56 59//58 56//55 
f 55//54 57//56 54//53 
f 53//52 55//54 52//51 
f 51//50 53//52 50//49 
f 49//48 51//50 48//47 
f 47//46 49//48 46//45 
f 45//44 47//46 44//43 
f 43//42 45//44 42//41 
f 41//40 43//42 40//39 
f 39//38 41//40 38//37 
f 37//36 39//38 36//35 
f 35//34 37//36 34//33 
f 33//32 35//34 32//31 
f 31//30 33//32 30//29 
f 29//28 31//30 28//27 
f 27//26 29//28 26//25 
f 25//24 27//26 24//23 
f 23//22 25//24 22//21 
f 21//20 23//22 20//19 
f 19//18 21//20 18//17 
f 17//16 19//18 16//15 
f 15//14 17//16 14//13 
f 13//12 15//14 12//11 
f 11//10 13//12 10//9 
f 9//8 11//10 8//7 
f 7//6 9//8 6//5 
f 5//4 7//6 4//3 
f 3//2 5//4 1//1 
o mesh1
f 77//115 117//115 118//115 
f 118//115 119//115 77//115 
f 119//115 120//115 77//115 
f 77//115 75//115 121//115 
f 17//115 122//115 123//115 
f 77//115 124//115 125//115 
f 121//115 117//115 77//115 
f 17//115 126//115 122//115 
f 120//115 124//115 77//115 
f 127//115 81//115 79//115 
f 127//115 128//115 83//115 
f 17//115 129//115 126//115 
f 15//115 130//115 131//115 
f 121//115 69//115 67//115 
f 125//115 127//115 77//115 
f 83//115 81//115 127//115 
f 123//115 132//115 17//115 
f 131//115 17//115 15//115 
f 133//115 65//115 63//115 
f 67//115 133//115 121//115 
f 121//115 73//115 71//115 
f 79//115 77//115 127//115 
f 131//115 129//115 17//115 
f 134//115 23//115 21//115 
f 67//115 65//115 133//115 
f 75//115 73//115 121//115 
f 128//115 135//115 89//115 
f 135//115 136//115 91//115 
f 137//115 113//115 111//115 
f 138//115 115//115 113//115 
f 138//115 139//115 116//115 
f 139//115 140//115 3//115 
f 140//115 141//115 5//115 
f 134//115 19//115 17//115 
f 134//115 25//115 23//115 
f 142//115 27//115 25//115 
f 142//115 143//115 33//115 
f 71//115 69//115 121//115 
f 128//115 87//115 85//115 
f 91//115 89//115 135//115 
f 136//115 144//115 93//115 
f 145//115 146//115 103//115 
f 146//115 147//115 105//115 
f 113//115 137//115 138//115 
f 3//115 116//115 139//115 
f 141//115 7//115 5//115 
f 141//115 130//115 11//115 
f 21//115 19//115 134//115 
f 142//115 29//115 27//115 
f 33//115 31//115 142//115 
f 143//115 148//115 35//115 
f 149//115 150//115 47//115 
f 150//115 151//115 49//115 
f 151//115 152//115 51//115 
f 152//115 153//115 53//115 
f 85//115 83//115 128//115 
f 93//115 91//115 136//115 
f 154//115 97//115 95//115 
f 155//115 99//115 97//115 
f 145//115 101//115 99//115 
f 105//115 103//115 146//115 
f 147//115 156//115 107//115 
f 116//115 115//115 138//115 
f 141//115 9//115 7//115 
f 130//115 13//115 11//115 
f 25//115 134//115 142//115 
f 35//115 33//115 143//115 
f 148//115 157//115 37//115 
f 157//115 158//115 39//115 
f 159//115 160//115 43//115 
f 160//115 149//115 45//115 
f 49//115 47//115 150//115 
f 53//115 51//115 152//115 
f 161//115 162//115 59//115 
f 162//115 133//115 61//115 
f 89//115 87//115 128//115 
f 95//115 144//115 154//115 
f 99//115 155//115 145//115 
f 107//115 105//115 147//115 
f 163//115 111//115 109//115 
f 5//115 3//115 140//115 
f 130//115 15//115 13//115 
f 31//115 29//115 142//115 
f 39//115 37//115 157//115 
f 158//115 159//115 41//115 
f 45//115 43//115 160//115 
f 51//115 49//115 151//115 
f 153//115 164//115 55//115 
f 164//115 161//115 57//115 
f 61//115 59//115 162//115 
f 95//115 93//115 144//115 
f 103//115 101//115 145//115 
f 109//115 156//115 163//115 
f 11//115 9//115 141//115 
f 37//115 35//115 148//115 
f 43//115 41//115 159//115 
f 55//115 53//115 153//115 
f 59//115 57//115 161//115 
f 97//115 154//115 155//115 
f 111//115 163//115 137//115 
f 41//115 39//115 158//115 
f 57//115 55//115 164//115 
f 109//115 107//115 156//115 
f 47//115 45//115 149//115 
f 132//115 134//115 17//115 
f 63//115 61//115 133//115 
o mesh2
f 165//116 166//117 133//117 
f 167//118 165//116 162//119 
f 168//120 167//118 161//121 
f 169//122 168//120 164//123 
f 170//124 169//122 153//125 
f 171//126 170//124 152//127 
f 172//128 171//126 151//129 
f 173//130 172//128 150//131 
f 174//132 173//130 149//133 
f 175//134 174//132 160//135 
f 176//136 175//134 159//137 
f 177//138 176//136 158//139 
f 178//140 177//138 157//141 
f 179//142 178//140 148//143 
f 180//144 179//142 143//145 
f 143//145 142//144 180//144 
f 148//143 143//145 179//142 
f 157//141 148//143 178//140 
f 158//139 157//141 177//138 
f 159//137 158//139 176//136 
f 160//135 159//137 175//134 
f 149//133 160//135 174//132 
f 150//131 149//133 173//130 
f 151//129 150//131 172//128 
f 152//127 151//129 171//126 
f 153//125 152//127 170//124 
f 164//123 153//125 169//122 
f 161//121 164//123 168//120 
f 162//119 161//121 167//118 
f 133//117 162//119 165//116 
o mesh3
f 121//146 133//146 166//146 
f 166//146 181//146 121//146 
o mesh4
f 142//147 134//147 182//147 
f 182//147 180//147 142//147 
o mesh5
f 183//148 184//149 179//149 
f 184//149 185//150 178//150 
f 185//150 186//151 177//151 
f 186//151 187//152 176//152 
f 187//152 188//153 175//153 
f 188//153 189//154 174//154 
f 189//154 190//155 173//155 
f 190//155 191//156 172//156 
f 191//156 192//157 171//157 
f 192//157 193//158 170//158 
f 193//158 194//159 169//159 
f 194//159 195//160 168//160 
f 195//160 196//161 167//161 
f 196//161 197//162 165//162 
f 197//162 198//163 166//163 
f 166//163 165//162 197//162 
f 165//162 167//161 196//161 
f 167//161 168//160 195//160 
f 168//160 169//159 194//159 
f 169//159 170//158 193//158 
f 170//158 171//157 192//157 
f 171//157 172//156 191//156 
f 172//156 173//155 190//155 
f 173//155 174//154 189//154 
f 174//154 175//153 188//153 
f 175//153 176//152 187//152 
f 176//152 177//151 186//151 
f 177//151 178//150 185//150 
f 178//150 179//149 184//149 
f 179//149 180//164 183//148 
o mesh6
f 180//164 182//164 199//164 
f 182//164 200//164 199//164 
f 199//164 183//164 180//164 
o mesh7
f 132//165 201//165 182//166 
f 123//167 202//167 201//165 
f 122//168 203//168 202//167 
f 126//169 204//169 203//168 
f 129//170 205//170 204//169 
f 131//171 206//171 205//170 
f 206//171 131//171 130//172 
f 130//172 207//173 206//171 
f 208//174 207//173 209//173 
f 210//175 208//174 211//174 
f 212//176 210//175 213//175 
f 213//175 214//177 212//176 
f 215//178 212//176 216//179 
f 216//179 217//180 215//178 
f 218//181 215//178 219//182 
f 219//182 220//183 218//181 
f 221//184 218//181 222//185 
f 222//185 223//186 221//184 
f 224//187 221//184 225//188 
f 225//188 226//189 224//187 
f 227//190 224//187 228//191 
f 228//191 229//192 227//190 
f 229//192 230//193 227//190 
f 226//189 228//191 224//187 
f 223//186 225//188 221//184 
f 220//183 222//185 218//181 
f 217//180 219//182 215//178 
f 214//177 216//179 212//176 
f 211//174 213//175 210//175 
f 209//173 211//174 208//174 
f 130//172 209//173 207//173 
f 205//170 129//170 131//171 
f 204//169 126//169 129//170 
f 203//168 122//168 126//169 
f 202//167 123//167 122//168 
f 201//165 132//165 123//167 
f 182//166 134//194 132//165 
o mesh8
f 231//195 216//195 214//195 
f 231//195 217//195 216//195 
f 231//195 219//195 217//195 
f 231//195 220//195 219//195 
f 231//195 222//195 220//195 
f 231//195 223//195 222//195 
f 231//195 226//195 225//195 
f 231//195 229//195 228//195 
f 225//195 223//195 231//195 
f 231//195 230//195 229//195 
f 231//195 209//195 130//195 
f 228//195 226//195 231//195 
f 231//195 211//195 209//195 
f 214//195 213//195 231//195 
f 213//195 211//195 231//195 
f 130//195 141//195 231//195 
o mesh9
f 227//195 232//195 233//196 
f 224//196 233//196 234//197 
f 221//197 234//197 235//198 
f 218//198 235//198 236//199 
f 215//199 236//199 237//200 
f 212//200 237//200 238//201 
f 210//201 238//201 239//202 
f 208//202 239//202 240//203 
f 207//203 240//203 241//204 
f 206//204 241//204 242//205 
f 205//205 242//205 243//206 
f 243//206 204//207 205//205 
f 204//207 244//207 245//208 
f 203//208 245//208 246//209 
f 202//209 246//209 247//210 
f 201//210 247//210 200//211 
f 200//211 182//211 201//210 
f 247//210 201//210 202//209 
f 246//209 202//209 203//208 
f 245//208 203//208 204//207 
f 243//206 244//207 204//207 
f 242//205 205//205 206//204 
f 241//204 206//204 207//203 
f 240//203 207//203 208//202 
f 239//202 208//202 210//201 
f 238//201 210//201 212//200 
f 237//200 212//200 215//199 
f 236//199 215//199 218//198 
f 235//198 218//198 221//197 
f 234//197 221//197 224//196 
f 233//196 224//196 227//195 
o mesh10
f 227//212 248//212 249//212 
f 250//212 251//212 248//212 
f 248//212 227//212 250//212 
f 250//212 252//212 251//212 
f 250//212 253//212 252//212 
f 249//212 232//212 227//212 
o mesh11
f 181//212 166//212 198//212 
f 198//212 254//212 181//212 
o mesh12
f 255//213 256//214 257//215 
f 255//213 258//216 256//214 
f 259//215 260//217 261//218 
f 259//215 257//215 260//217 
f 262//218 263//219 264//220 
f 262//218 261//218 263//219 
f 265//220 266//221 267//222 
f 265//220 264//220 266//221 
f 268//222 269//223 270//224 
f 268//222 267//222 269//223 
f 271//224 272//225 273//226 
f 271//224 270//224 272//225 
f 274//226 273//226 275//227 
f 276//227 275//227 277//228 
f 278//229 279//228 127//230 
f 279//228 277//228 127//230 
f 278//229 125//229 124//231 
f 280//231 124//231 120//232 
f 281//232 120//232 119//233 
f 282//233 119//233 118//234 
f 283//234 118//234 117//235 
f 284//235 117//235 121//236 
f 121//236 181//236 284//235 
f 117//235 284//235 283//234 
f 118//234 283//234 282//233 
f 119//233 282//233 281//232 
f 120//232 281//232 280//231 
f 124//231 280//231 278//229 
f 127//230 125//229 278//229 
f 277//228 279//228 276//227 
f 275//227 276//227 274//226 
f 273//226 274//226 271//224 
f 270//224 271//224 268//222 
f 267//222 268//222 265//220 
f 264//220 265//220 262//218 
f 261//218 262//218 259//215 
f 257//215 259//215 255//213 
o mesh13
f 285//237 273//237 272//237 
f 272//237 270//237 285//237 
f 270//237 269//237 285//237 
f 269//237 267//237 285//237 
f 267//237 266//237 285//237 
f 266//237 264//237 285//237 
f 264//237 263//237 285//237 
f 263//237 261//237 285//237 
f 261//237 260//237 285//237 
f 260//237 257//237 285//237 
f 257//237 256//237 285//237 
f 285//237 128//237 127//237 
f 285//237 275//237 273//237 
f 127//237 277//237 285//237 
f 277//237 275//237 285//237 
f 256//237 258//237 285//237 
o mesh14
f 181//238 254//238 286//239 
f 284//239 286//239 287//240 
f 283//240 287//240 288//241 
f 282//241 288//241 289//242 
f 280//243 281//242 290//244 
f 281//242 289//242 290//244 
f 280//243 291//243 292//245 
f 278//245 292//245 293//246 
f 279//246 293//246 294//247 
f 276//247 294//247 295//248 
f 274//248 295//248 296//249 
f 271//249 296//249 297//250 
f 268//250 297//250 298//251 
f 265//251 298//251 299//252 
f 262//252 299//252 300//253 
f 259//253 300//253 301//254 
f 301//254 255//254 259//253 
f 300//253 259//253 262//252 
f 299//252 262//252 265//251 
f 298//251 265//251 268//250 
f 297//250 268//250 271//249 
f 296//249 271//249 274//248 
f 295//248 274//248 276//247 
f 294//247 276//247 279//246 
f 293//246 279//246 278//245 
f 292//245 278//245 280//243 
f 290//244 291//243 280//243 
f 289//242 281//242 282//241 
f 288//241 282//241 283//240 
f 287//240 283//240 284//239 
f 286//239 284//239 181//238 
o mesh15
f 302//254 255//254 303//254 
f 303//254 304//254 302//254 
f 255//254 301//254 303//254 
f 304//254 305//254 302//254 
o mesh16
f 231//255 141//255 140//256 
f 306//256 140//256 139//257 
f 307//257 139//257 138//258 
f 308//258 138//258 137//259 
f 309//259 137//259 163//260 
f 310//260 163//260 156//261 
f 311//261 156//261 147//262 
f 312//262 147//262 146//263 
f 313//263 146//263 145//264 
f 314//264 145//264 155//265 
f 315//265 155//265 154//266 
f 316//266 154//266 144//267 
f 317//267 144//267 136//268 
f 318//268 136//268 135//269 
f 319//269 135//269 128//270 
f 128//270 285//270 319//269 
f 135//269 319//269 318//268 
f 136//268 318//268 317//267 
f 144//267 317//267 316//266 
f 154//266 316//266 315//265 
f 155//265 315//265 314//264 
f 145//264 314//264 313//263 
f 146//263 313//263 312//262 
f 147//262 312//262 311//261 
f 156//261 311//261 310//260 
f 163//260 310//260 309//259 
f 137//259 309//259 308//258 
f 138//258 308//258 307//257 
f 139//257 307//257 306//256 
f 140//256 306//256 231//255 
o mesh17
f 320//271 231//271 306//272 
f 321//272 306//272 307//273 
f 322//273 307//273 308//274 
f 323//274 308//274 309//275 
f 324//275 309//275 310//276 
f 325//276 310//276 311//277 
f 326//277 311//277 312//278 
f 327//278 312//278 313//279 
f 328//279 313//279 314//280 
f 329//280 314//280 315//281 
f 330//281 315//281 316//282 
f 331//282 316//282 317//283 
f 332//283 317//283 318//284 
f 333//284 318//284 319//285 
f 334//285 319//285 285//286 
f 285//286 335//286 334//285 
f 319//285 334//285 333//284 
f 318//284 333//284 332//283 
f 317//283 332//283 331//282 
f 316//282 331//282 330//281 
f 315//281 330//281 329//280 
f 314//280 329//280 328//279 
f 313//279 328//279 327//278 
f 312//278 327//278 326//277 
f 311//277 326//277 325//276 
f 310//276 325//276 324//275 
f 309//275 324//275 323//274 
f 308//274 323//274 322//273 
f 307//273 322//273 321//272 
f 306//272 321//272 320//271 
o mesh18
f 336//287 337//287 338//288 
f 339//288 338//288 340//289 
f 341//289 340//289 342//290 
f 343//290 342//290 344//291 
f 345//292 346//291 347//293 
f 346//291 344//291 347//293 
f 345//292 348//292 349//294 
f 350//294 349//294 351//295 
f 352//295 351//295 353//296 
f 354//296 353//296 355//297 
f 356//297 355//297 357//298 
f 358//298 357//298 359//299 
f 360//299 359//299 361//300 
f 362//300 361//300 363//301 
f 364//301 363//301 365//302 
f 366//302 365//302 253//303 
f 253//303 250//303 366//302 
f 365//302 366//302 364//301 
f 363//301 364//301 362//300 
f 361//300 362//300 360//299 
f 359//299 360//299 358//298 
f 357//298 358//298 356//297 
f 355//297 356//297 354//296 
f 353//296 354//296 352//295 
f 351//295 352//295 350//294 
f 349//294 350//294 345//292 
f 347//293 348//292 345//292 
f 344//291 346//291 343//290 
f 342//290 343//290 341//289 
f 340//289 341//289 339//288 
f 338//288 339//288 336//287 
o mesh19
f 367//304 368//304 369//304 
f 369//304 336//304 367//304 
f 369//304 337//304 336//304 
o mesh20
f 250//305 370//306 371//307 
f 250//305 372//308 370//306 
f 366//307 373//309 374//310 
f 366//307 371//307 373//309 
f 364//310 375//311 376//312 
f 364//310 374//310 375//311 
f 362//312 377//313 378//314 
f 362//312 376//312 377//313 
f 360//314 379//315 380//316 
f 360//314 378//314 379//315 
f 358//316 381//317 382//318 
f 358//316 380//316 381//317 
f 356//318 382//318 383//319 
f 354//319 383//319 384//320 
f 350//321 352//320 385//322 
f 352//320 384//320 385//322 
f 350//321 386//321 387//323 
f 345//323 387//323 388//324 
f 346//324 388//324 389//325 
f 343//325 389//325 390//326 
f 341//326 390//326 391//327 
f 339//327 391//327 392//328 
f 392//328 336//328 339//327 
f 391//327 339//327 341//326 
f 390//326 341//326 343//325 
f 389//325 343//325 346//324 
f 388//324 346//324 345//323 
f 387//323 345//323 350//321 
f 385//322 386//321 350//321 
f 384//320 352//320 354//319 
f 383//319 354//319 356//318 
f 382//318 356//318 358//316 
f 380//316 358//316 360//314 
f 378//314 360//314 362//312 
f 376//312 362//312 364//310 
f 374//310 364//310 366//307 
f 371//307 366//307 250//305 
o mesh21
f 392//328 393//328 367//328 
f 367//328 336//328 392//328 
o mesh22
f 394//327 367//328 393//328 
f 395//329 394//327 396//330 
f 397//331 395//329 398//332 
f 399//333 397//331 400//334 
f 401//335 399//333 402//336 
f 403//337 401//335 404//338 
f 405//339 403//337 406//340 
f 407//341 405//339 408//342 
f 409//343 407//341 410//344 
f 411//345 409//343 412//346 
f 413//347 411//345 414//348 
f 415//349 413//347 416//350 
f 417//351 415//349 418//352 
f 419//353 417//351 420//354 
f 421//355 419//353 422//356 
f 422//356 423//355 421//355 
f 420//354 422//356 419//353 
f 418//352 420//354 417//351 
f 416//350 418//352 415//349 
f 414//348 416//350 413//347 
f 412//346 414//348 411//345 
f 410//344 412//346 409//343 
f 408//342 410//344 407//341 
f 406//340 408//342 405//339 
f 404//338 406//340 403//337 
f 402//336 404//338 401//335 
f 400//334 402//336 399//333 
f 398//332 400//334 397//331 
f 396//330 398//332 395//329 
f 393//328 396//330 394//327 
o mesh23
f 424//357 425//358 419//358 
f 425//358 426//359 417//359 
f 426//359 427//360 415//360 
f 427//360 428//361 413//361 
f 428//361 429//362 411//362 
f 429//362 430//363 409//363 
f 430//363 431//364 407//364 
f 431//364 432//365 405//365 
f 403//366 405//365 433//367 
f 405//365 432//365 433//367 
f 434//366 435//368 401//368 
f 435//368 436//369 399//369 
f 436//369 437//370 397//370 
f 437//370 438//371 395//371 
f 438//371 439//372 394//372 
f 439//372 368//373 367//373 
f 367//373 394//372 439//372 
f 394//372 395//371 438//371 
f 395//371 397//370 437//370 
f 397//370 399//369 436//369 
f 399//369 401//368 435//368 
f 401//368 403//366 434//366 
f 433//367 434//366 403//366 
f 405//365 407//364 431//364 
f 407//364 409//363 430//363 
f 409//363 411//362 429//362 
f 411//362 413//361 428//361 
f 413//361 415//360 427//360 
f 415//360 417//359 426//359 
f 417//359 419//358 425//358 
f 419//358 421//374 424//357 
o mesh24
f 423//375 440//375 441//375 
f 441//375 421//375 423//375 
o mesh25
f 421//374 441//374 442//374 
f 441//374 443//374 442//374 
f 442//374 424//374 421//374 
o mesh26
f 444//376 445//376 446//377 
f 447//377 446//377 448//378 
f 449//378 448//378 450//379 
f 451//379 450//379 452//380 
f 453//380 452//380 454//381 
f 455//381 454//381 456//382 
f 457//382 456//382 458//383 
f 459//383 458//383 460//384 
f 461//384 460//384 462//385 
f 463//385 462//385 464//386 
f 465//386 464//386 466//387 
f 466//387 467//388 465//386 
f 467//388 468//388 469//389 
f 470//389 469//389 471//390 
f 472//390 471//390 473//391 
f 474//391 473//391 443//392 
f 443//392 441//392 474//391 
f 473//391 474//391 472//390 
f 471//390 472//390 470//389 
f 469//389 470//389 467//388 
f 466//387 468//388 467//388 
f 464//386 465//386 463//385 
f 462//385 463//385 461//384 
f 460//384 461//384 459//383 
f 458//383 459//383 457//382 
f 456//382 457//382 455//381 
f 454//381 455//381 453//380 
f 452//380 453//380 451//379 
f 450//379 451//379 449//378 
f 448//378 449//378 447//377 
f 446//377 447//377 444//376 
o mesh27
f 475//392 382//392 381//392 
f 381//392 380//392 475//392 
f 380//392 379//392 475//392 
f 379//392 378//392 475//392 
f 378//392 377//392 475//392 
f 377//392 376//392 475//392 
f 376//392 375//392 475//392 
f 375//392 374//392 475//392 
f 374//392 373//392 475//392 
f 373//392 371//392 475//392 
f 371//392 370//392 475//392 
f 475//392 476//392 385//392 
f 475//392 383//392 382//392 
f 385//392 384//392 475//392 
f 384//392 383//392 475//392 
f 370//392 372//392 475//392 
o mesh28
f 477//393 478//393 479//393 
f 477//393 480//393 478//393 
f 402//393 481//393 482//393 
f 400//393 483//393 481//393 
f 396//393 484//393 485//393 
f 393//393 486//393 484//393 
f 487//393 387//393 386//393 
f 487//393 389//393 388//393 
f 487//393 391//393 390//393 
f 487//393 488//393 392//393 
f 477//393 489//393 480//393 
f 490//393 491//393 492//393 
f 481//393 402//393 400//393 
f 398//393 485//393 483//393 
f 484//393 396//393 393//393 
f 388//393 387//393 487//393 
f 392//393 391//393 487//393 
f 493//393 494//393 495//393 
f 496//393 497//393 494//393 
f 479//393 498//393 477//393 
f 492//393 477//393 490//393 
f 483//393 400//393 398//393 
f 393//393 499//393 486//393 
f 393//393 392//393 500//393 
f 392//393 501//393 502//393 
f 390//393 389//393 487//393 
f 476//393 503//393 504//393 
f 505//393 506//393 507//393 
f 508//393 509//393 506//393 
f 510//393 511//393 509//393 
f 512//393 495//393 513//393 
f 494//393 493//393 496//393 
f 496//393 514//393 515//393 
f 514//393 516//393 517//393 
f 492//393 489//393 477//393 
f 422//393 518//393 519//393 
f 420//393 520//393 518//393 
f 418//393 521//393 520//393 
f 416//393 522//393 521//393 
f 414//393 523//393 522//393 
f 412//393 524//393 523//393 
f 410//393 525//393 524//393 
f 408//393 526//393 525//393 
f 485//393 398//393 396//393 
f 500//393 527//393 393//393 
f 502//393 528//393 392//393 
f 386//393 385//393 487//393 
f 476//393 529//393 503//393 
f 507//393 476//393 505//393 
f 509//393 508//393 510//393 
f 510//393 530//393 531//393 
f 530//393 532//393 533//393 
f 532//393 534//393 535//393 
f 495//393 512//393 493//393 
f 517//393 515//393 514//393 
f 516//393 536//393 537//393 
f 538//393 539//393 540//393 
f 541//393 542//393 539//393 
f 498//393 440//393 477//393 
f 440//393 543//393 544//393 
f 518//393 422//393 420//393 
f 521//393 418//393 416//393 
f 523//393 414//393 412//393 
f 525//393 410//393 408//393 
f 406//393 545//393 526//393 
f 404//393 482//393 545//393 
f 527//393 499//393 393//393 
f 488//393 501//393 392//393 
f 507//393 529//393 476//393 
f 531//393 511//393 510//393 
f 535//393 533//393 532//393 
f 515//393 497//393 496//393 
f 536//393 540//393 537//393 
f 539//393 538//393 541//393 
f 546//393 547//393 542//393 
f 491//393 548//393 549//393 
f 490//393 550//393 491//393 
f 544//393 551//393 440//393 
f 440//393 423//393 552//393 
f 520//393 420//393 418//393 
f 524//393 412//393 410//393 
f 545//393 406//393 404//393 
f 528//393 500//393 392//393 
f 506//393 505//393 508//393 
f 534//393 513//393 535//393 
f 537//393 517//393 516//393 
f 542//393 541//393 546//393 
f 550//393 548//393 491//393 
f 552//393 543//393 440//393 
f 423//393 519//393 553//393 
f 522//393 416//393 414//393 
f 482//393 404//393 402//393 
f 385//393 504//393 554//393 
f 533//393 531//393 530//393 
f 540//393 536//393 538//393 
f 546//393 549//393 555//393 
f 551//393 477//393 440//393 
f 553//393 556//393 423//393 
f 526//393 408//393 406//393 
f 504//393 385//393 476//393 
f 555//393 547//393 546//393 
f 556//393 552//393 423//393 
f 554//393 487//393 385//393 
f 549//393 546//393 491//393 
f 513//393 534//393 512//393 
f 519//393 423//393 422//393 
o mesh29
f 557//394 558//395 506//395 
f 559//396 557//394 509//397 
f 560//398 559//396 511//399 
f 561//400 560//398 531//401 
f 562//402 561//400 533//403 
f 563//404 562//402 535//405 
f 564//406 563//404 513//407 
f 565//408 564//406 495//409 
f 566//410 565//408 494//411 
f 567//412 566//410 497//413 
f 568//414 567//412 515//415 
f 569//416 568//414 517//417 
f 570//418 569//416 537//419 
f 571//420 570//418 540//421 
f 572//422 571//420 539//423 
f 573//424 572//422 542//425 
f 574//426 573//424 547//427 
f 575//428 574//426 555//429 
f 576//430 575//428 549//431 
f 577//432 576//430 548//433 
f 578//434 577//432 550//435 
f 579//436 578//434 490//437 
f 580//438 579//436 477//439 
f 581//440 580//438 551//441 
f 582//442 581//440 544//443 
f 583//444 582//442 543//445 
f 584//446 583//444 552//447 
f 585//448 584//446 556//449 
f 586//450 585//448 553//451 
f 587//452 586//450 519//453 
f 588//454 587//452 518//455 
f 589//456 588//454 520//457 
f 590//458 589//456 521//459 
f 591//460 590//458 522//461 
f 592//462 591//460 523//463 
f 593//464 592//462 524//465 
f 594//466 593//464 525//467 
f 595//468 594//466 526//469 
f 596//470 595//468 545//471 
f 597//472 596//470 482//473 
f 598//474 597//472 481//475 
f 599//476 598//474 483//477 
f 600//478 599//476 485//479 
f 601//480 600//478 484//481 
f 602//482 601//480 486//483 
f 603//484 602//482 499//485 
f 604//486 603//484 527//487 
f 605//488 604//486 500//489 
f 606//490 605//488 528//491 
f 607//492 606//490 502//493 
f 608//494 607//492 501//495 
f 609//496 608//494 488//497 
f 610//498 609//496 487//499 
f 611//500 610//498 554//501 
f 612//502 611//500 504//503 
f 613//504 612//502 503//505 
f 614//506 613//504 529//507 
f 558//395 614//506 507//506 
f 507//506 506//395 558//395 
f 529//507 507//506 614//506 
f 503//505 529//507 613//504 
f 504//503 503//505 612//502 
f 554//501 504//503 611//500 
f 487//499 554//501 610//498 
f 488//497 487//499 609//496 
f 501//495 488//497 608//494 
f 502//493 501//495 607//492 
f 528//491 502//493 606//490 
f 500//489 528//491 605//488 
f 527//487 500//489 604//486 
f 499//485 527//487 603//484 
f 486//483 499//485 602//482 
f 484//481 486//483 601//480 
f 485//479 484//481 600//478 
f 483//477 485//479 599//476 
f 481//475 483//477 598//474 
f 482//473 481//475 597//472 
f 545//471 482//473 596//470 
f 526//469 545//471 595//468 
f 525//467 526//469 594//466 
f 524//465 525//467 593//464 
f 523//463 524//465 592//462 
f 522//461 523//463 591//460 
f 521//459 522//461 590//458 
f 520//457 521//459 589//456 
f 518//455 520//457 588//454 
f 519//453 518//455 587//452 
f 553//451 519//453 586//450 
f 556//449 553//451 585//448 
f 552//447 556//449 584//446 
f 543//445 552//447 583//444 
f 544//443 543//445 582//442 
f 551//441 544//443 581//440 
f 477//439 551//441 580//438 
f 490//437 477//439 579//436 
f 550//435 490//437 578//434 
f 548//433 550//435 577//432 
f 549//431 548//433 576//430 
f 555//429 549//431 575//428 
f 547//427 555//429 574//426 
f 542//425 547//427 573//424 
f 539//423 542//425 572//422 
f 540//421 539//423 571//420 
f 537//419 540//421 570//418 
f 517//417 537//419 569//416 
f 515//415 517//417 568//414 
f 497//413 515//415 567//412 
f 494//411 497//413 566//410 
f 495//409 494//411 565//408 
f 513//407 495//409 564//406 
f 535//405 513//407 563//404 
f 533//403 535//405 562//402 
f 531//401 533//403 561//400 
f 511//399 531//401 560//398 
f 509//397 511//399 559//396 
f 506//395 509//397 557//394 
o mesh30
f 441//508 440//508 498//509 
f 474//509 498//509 479//510 
f 472//510 479//510 478//511 
f 470//511 478//511 480//512 
f 467//512 480//512 489//513 
f 465//513 489//513 492//514 
f 463//514 492//514 491//515 
f 491//515 461//516 463//514 
f 459//517 461//516 615//516 
f 457//518 459//517 616//517 
f 455//519 457//518 617//518 
f 617//518 618//520 455//519 
f 453//521 455//519 619//522 
f 619//522 620//523 453//521 
f 451//524 453//521 621//525 
f 621//525 622//526 451//524 
f 449//527 451//524 623//528 
f 623//528 624//529 449//527 
f 447//530 449//527 625//531 
f 625//531 626//532 447//530 
f 444//533 447//530 627//534 
f 627//534 628//535 444//533 
f 628//535 629//536 444//533 
f 626//532 627//534 447//530 
f 624//529 625//531 449//527 
f 622//526 623//528 451//524 
f 620//523 621//525 453//521 
f 618//520 619//522 455//519 
f 616//517 617//518 457//518 
f 615//516 616//517 459//517 
f 491//515 615//516 461//516 
f 492//514 463//514 465//513 
f 489//513 465//513 467//512 
f 480//512 467//512 470//511 
f 478//511 470//511 472//510 
f 479//510 472//510 474//509 
f 498//509 474//509 441//508 
o mesh31
f 630//537 619//537 618//537 
f 630//537 620//537 619//537 
f 630//537 621//537 620//537 
f 630//537 622//537 621//537 
f 630//537 623//537 622//537 
f 630//537 624//537 623//537 
f 630//537 626//537 625//537 
f 630//537 628//537 627//537 
f 625//537 624//537 630//537 
f 630//537 629//537 628//537 
f 630//537 615//537 491//537 
f 627//537 626//537 630//537 
f 630//537 616//537 615//537 
f 618//537 617//537 630//537 
f 617//537 616//537 630//537 
f 491//537 546//537 630//537 
o mesh32
f 444//537 631//537 632//537 
f 632//537 633//537 444//537 
f 631//537 634//537 632//537 
f 633//537 445//537 444//537 
o mesh33
f 630//537 546//537 541//538 
f 635//538 541//538 538//539 
f 636//539 538//539 536//540 
f 637//540 536//540 516//541 
f 638//541 516//541 514//542 
f 639//542 514//542 496//543 
f 640//543 496//543 493//544 
f 641//544 493//544 512//545 
f 642//545 512//545 534//546 
f 643//546 534//546 532//547 
f 644//547 532//547 530//548 
f 645//548 530//548 510//549 
f 646//549 510//549 508//550 
f 647//550 508//550 505//551 
f 648//551 505//551 476//552 
f 476//552 475//552 648//551 
f 505//551 648//551 647//550 
f 508//550 647//550 646//549 
f 510//549 646//549 645//548 
f 530//548 645//548 644//547 
f 532//547 644//547 643//546 
f 534//546 643//546 642//545 
f 512//545 642//545 641//544 
f 493//544 641//544 640//543 
f 496//543 640//543 639//542 
f 514//542 639//542 638//541 
f 516//541 638//541 637//540 
f 536//540 637//540 636//539 
f 538//539 636//539 635//538 
f 541//538 635//538 630//537 
o mesh34
f 227//553 230//553 372//553 
f 649//553 475//553 372//553 
f 320//553 649//553 230//553 
f 372//553 230//553 649//553 
f 372//553 250//553 227//553 
f 230//553 231//553 320//553 
o mesh35
f 650//554 630//554 635//555 
f 651//555 635//555 636//556 
f 652//556 636//556 637//557 
f 653//557 637//557 638//558 
f 654//558 638//558 639//559 
f 655//559 639//559 640//560 
f 656//560 640//560 641//561 
f 657//561 641//561 642//562 
f 658//562 642//562 643//563 
f 659//563 643//563 644//564 
f 660//564 644//564 645//565 
f 661//565 645//565 646//566 
f 662//566 646//566 647//567 
f 663//567 647//567 648//568 
f 664//568 648//568 475//569 
f 475//569 649//569 664//568 
f 648//568 664//568 663//567 
f 647//567 663//567 662//566 
f 646//566 662//566 661//565 
f 645//565 661//565 660//564 
f 644//564 660//564 659//563 
f 643//563 659//563 658//562 
f 642//562 658//562 657//561 
f 641//561 657//561 656//560 
f 640//560 656//560 655//559 
f 639//559 655//559 654//558 
f 638//558 654//558 653//557 
f 637//557 653//557 652//556 
f 636//556 652//556 651//555 
f 635//555 651//555 650//554 
o mesh36
f 649//570 665//570 666//570 
f 649//570 320//570 667//570 
f 667//570 665//570 649//570 
f 320//570 668//570 667//570 
f 320//570 669//570 668//570 
f 666//570 670//570 649//570 
o mesh37
f 335//571 671//571 672//572 
f 334//572 672//572 673//573 
f 333//573 673//573 674//574 
f 332//574 674//574 675//575 
f 331//575 675//575 676//576 
f 330//576 676//576 677//577 
f 329//577 677//577 678//578 
f 328//578 678//578 679//579 
f 679//579 327//580 328//578 
f 327//580 680//580 681//581 
f 326//581 681//581 682//582 
f 325//582 682//582 683//583 
f 324//583 683//583 684//584 
f 323//584 684//584 685//585 
f 322//585 685//585 686//586 
f 321//586 686//586 669//587 
f 669//587 320//587 321//586 
f 686//586 321//586 322//585 
f 685//585 322//585 323//584 
f 684//584 323//584 324//583 
f 683//583 324//583 325//582 
f 682//582 325//582 326//581 
f 681//581 326//581 327//580 
f 679//579 680//580 327//580 
f 678//578 328//578 329//577 
f 677//577 329//577 330//576 
f 676//576 330//576 331//575 
f 675//575 331//575 332//574 
f 674//574 332//574 333//573 
f 673//573 333//573 334//572 
f 672//572 334//572 335//571 
o mesh38
f 335//588 687//588 688//588 
f 335//588 689//588 690//588 
f 690//588 687//588 335//588 
f 689//588 691//588 690//588 
f 689//588 692//588 691//588 
f 688//588 671//588 335//588 
o mesh39
f 649//587 670//587 693//589 
f 664//589 693//589 694//590 
f 663//590 694//590 695//591 
f 662//591 695//591 696//592 
f 661//592 696//592 697//593 
f 660//593 697//593 698//594 
f 659//594 698//594 699//595 
f 658//595 700//596 701//597 
f 701//597 657//598 658//595 
f 658//595 699//595 700//596 
f 657//598 702//598 703//599 
f 656//599 703//599 704//600 
f 655//600 704//600 705//601 
f 654//601 705//601 706//602 
f 653//602 706//602 707//603 
f 652//603 707//603 708//604 
f 651//604 708//604 709//605 
f 709//605 650//605 651//604 
f 708//604 651//604 652//603 
f 707//603 652//603 653//602 
f 706//602 653//602 654//601 
f 705//601 654//601 655//600 
f 704//600 655//600 656//599 
f 703//599 656//599 657//598 
f 701//597 702//598 657//598 
f 699//595 658//595 659//594 
f 698//594 659//594 660//593 
f 697//593 660//593 661//592 
f 696//592 661//592 662//591 
f 695//591 662//591 663//590 
f 694//590 663//590 664//589 
f 693//589 664//589 649//587 
o mesh40
f 710//605 711//605 712//605 
f 710//605 650//605 713//605 
f 713//605 711//605 710//605 
f 650//605 714//605 713//605 
f 650//605 709//605 714//605 
f 712//605 715//605 710//605 
o mesh41
f 716//606 717//606 718//607 
f 719//607 718//607 720//608 
f 721//608 720//608 722//609 
f 723//609 722//609 724//610 
f 725//611 726//610 727//612 
f 726//610 724//610 727//612 
f 725//611 728//611 729//613 
f 730//613 729//613 731//614 
f 732//614 731//614 733//615 
f 734//615 733//615 735//616 
f 736//616 735//616 737//617 
f 738//617 737//617 739//618 
f 740//618 739//618 741//619 
f 742//619 741//619 743//620 
f 744//620 743//620 745//621 
f 746//621 745//621 634//622 
f 634//622 631//622 746//621 
f 745//621 746//621 744//620 
f 743//620 744//620 742//619 
f 741//619 742//619 740//618 
f 739//618 740//618 738//617 
f 737//617 738//617 736//616 
f 735//616 736//616 734//615 
f 733//615 734//615 732//614 
f 731//614 732//614 730//613 
f 729//613 730//613 725//611 
f 727//612 728//611 725//611 
f 724//610 726//610 723//609 
f 722//609 723//609 721//608 
f 720//608 721//608 719//607 
f 718//607 719//607 716//606 
o mesh42
f 650//623 747//623 629//623 
f 444//623 629//623 747//623 
f 747//623 631//623 444//623 
f 710//623 748//623 747//623 
f 747//623 650//623 710//623 
f 629//623 630//623 650//623 
o mesh43
f 710//624 715//624 749//625 
f 750//625 749//625 751//626 
f 752//626 751//626 753//627 
f 754//627 753//627 755//628 
f 756//628 755//628 757//629 
f 758//629 757//629 759//630 
f 760//630 759//630 761//631 
f 762//632 763//631 764//633 
f 763//631 761//631 764//633 
f 762//632 765//632 766//634 
f 767//634 766//634 768//635 
f 769//635 768//635 770//636 
f 771//636 770//636 772//637 
f 773//637 772//637 774//638 
f 775//638 774//638 776//639 
f 777//639 776//639 778//640 
f 778//640 779//640 777//639 
f 776//639 777//639 775//638 
f 774//638 775//638 773//637 
f 772//637 773//637 771//636 
f 770//636 771//636 769//635 
f 768//635 769//635 767//634 
f 766//634 767//634 762//632 
f 764//633 765//632 762//632 
f 761//631 763//631 760//630 
f 759//630 760//630 758//629 
f 757//629 758//629 756//628 
f 755//628 756//628 754//627 
f 753//627 754//627 752//626 
f 751//626 752//626 750//625 
f 749//625 750//625 710//624 
o mesh44
f 780//640 781//640 782//641 
f 783//641 782//641 784//642 
f 785//642 784//642 786//643 
f 787//643 786//643 788//644 
f 789//644 788//644 790//645 
f 791//645 790//645 792//646 
f 793//646 792//646 794//647 
f 795//647 794//647 796//648 
f 797//648 796//648 798//649 
f 799//649 798//649 800//650 
f 801//650 800//650 802//651 
f 803//651 802//651 804//652 
f 805//652 804//652 806//653 
f 807//653 806//653 808//654 
f 809//654 808//654 692//655 
f 692//655 689//655 809//654 
f 808//654 809//654 807//653 
f 806//653 807//653 805//652 
f 804//652 805//652 803//651 
f 802//651 803//651 801//650 
f 800//650 801//650 799//649 
f 798//649 799//649 797//648 
f 796//648 797//648 795//647 
f 794//647 795//647 793//646 
f 792//646 793//646 791//645 
f 790//645 791//645 789//644 
f 788//644 789//644 787//643 
f 786//643 787//643 785//642 
f 784//642 785//642 783//641 
f 782//641 783//641 780//640 
o mesh45
f 780//656 779//656 810//656 
f 810//656 811//656 780//656 
f 811//656 812//656 780//656 
f 779//656 778//656 813//656 
f 813//656 810//656 779//656 
f 812//656 781//656 780//656 
o mesh46
f 779//657 814//657 815//658 
f 777//658 815//658 816//659 
f 775//659 816//659 817//660 
f 773//660 817//660 818//661 
f 771//661 818//661 819//662 
f 769//662 819//662 820//663 
f 767//663 820//663 821//664 
f 762//664 821//664 822//665 
f 763//665 822//665 823//666 
f 760//666 823//666 824//667 
f 758//667 824//667 825//668 
f 756//668 825//668 826//669 
f 754//669 826//669 827//670 
f 752//670 827//670 828//671 
f 750//671 828//671 748//672 
f 748//672 710//672 750//671 
f 828//671 750//671 752//670 
f 827//670 752//670 754//669 
f 826//669 754//669 756//668 
f 825//668 756//668 758//667 
f 824//667 758//667 760//666 
f 823//666 760//666 763//665 
f 822//665 763//665 762//664 
f 821//664 762//664 767//663 
f 820//663 767//663 769//662 
f 819//662 769//662 771//661 
f 818//661 771//661 773//660 
f 817//660 773//660 775//659 
f 816//659 775//659 777//658 
f 815//658 777//658 779//657 
o mesh47
f 689//673 829//673 830//674 
f 809//674 830//674 831//675 
f 807//675 831//675 832//676 
f 805//676 832//676 833//677 
f 803//677 833//677 834//678 
f 801//678 834//678 835//679 
f 799//679 835//679 836//680 
f 797//680 836//680 837//681 
f 795//681 837//681 838//682 
f 793//682 838//682 839//683 
f 791//683 839//683 840//684 
f 789//684 840//684 841//685 
f 787//685 841//685 842//686 
f 785//686 842//686 843//687 
f 783//687 843//687 844//688 
f 844//688 780//688 783//687 
f 843//687 783//687 785//686 
f 842//686 785//686 787//685 
f 841//685 787//685 789//684 
f 840//684 789//684 791//683 
f 839//683 791//683 793//682 
f 838//682 793//682 795//681 
f 837//681 795//681 797//680 
f 836//680 797//680 799//679 
f 835//679 799//679 801//678 
f 834//678 801//678 803//677 
f 833//677 803//677 805//676 
f 832//676 805//676 807//675 
f 831//675 807//675 809//674 
f 830//674 809//674 689//673 
o mesh48
f 748//689 845//689 846//689 
f 846//689 847//689 748//689 
f 847//689 848//689 748//689 
f 848//689 849//689 748//689 
f 849//689 850//689 748//689 
f 850//689 851//689 748//689 
f 851//689 852//689 748//689 
f 852//689 853//689 748//689 
f 853//689 854//689 748//689 
f 854//689 855//689 748//689 
f 855//689 856//689 748//689 
f 748//689 857//689 858//689 
f 748//689 859//689 845//689 
f 858//689 860//689 748//689 
f 860//689 859//689 748//689 
f 856//689 747//689 748//689 
o mesh49
f 631//690 856//691 855//692 
f 631//690 747//693 856//691 
f 746//692 854//694 853//695 
f 746//692 855//692 854//694 
f 744//695 852//696 851//697 
f 744//695 853//695 852//696 
f 742//697 850//698 849//699 
f 742//697 851//697 850//698 
f 740//699 848//700 847//701 
f 740//699 849//699 848//700 
f 738//701 846//702 845//703 
f 738//701 847//701 846//702 
f 736//703 845//703 859//704 
f 734//704 859//704 860//705 
f 730//706 732//705 858//707 
f 732//705 860//705 858//707 
f 861//708 725//708 730//706 
f 862//709 726//709 725//708 
f 863//710 723//710 726//709 
f 864//711 721//711 723//710 
f 865//712 719//712 721//711 
f 866//713 716//713 719//712 
f 719//712 865//712 866//713 
f 721//711 864//711 865//712 
f 723//710 863//710 864//711 
f 726//709 862//709 863//710 
f 725//708 861//708 862//709 
f 730//706 867//714 861//708 
f 858//707 867//714 730//706 
f 860//705 732//705 734//704 
f 859//704 734//704 736//703 
f 845//703 736//703 738//701 
f 847//701 738//701 740//699 
f 849//699 740//699 742//697 
f 851//697 742//697 744//695 
f 853//695 744//695 746//692 
f 855//692 746//692 631//690 
o mesh50
f 866//713 868//713 869//713 
f 869//713 716//713 866//713 
o mesh51
f 869//715 870//715 871//715 
f 871//715 716//715 869//715 
f 871//715 717//715 716//715 
o mesh52
f 872//716 869//717 868//717 
f 873//718 872//716 874//719 
f 875//720 873//718 876//721 
f 877//722 875//720 878//723 
f 879//724 877//722 880//725 
f 881//726 879//724 882//727 
f 883//728 881//726 884//729 
f 885//730 883//728 886//731 
f 887//732 885//730 888//733 
f 889//734 887//732 890//735 
f 891//736 889//734 892//737 
f 893//738 891//736 894//739 
f 895//740 893//738 896//741 
f 897//742 895//740 898//743 
f 899//744 897//742 900//745 
f 900//745 901//744 899//744 
f 898//743 900//745 897//742 
f 896//741 898//743 895//740 
f 894//739 896//741 893//738 
f 892//737 894//739 891//736 
f 890//735 892//737 889//734 
f 888//733 890//735 887//732 
f 886//731 888//733 885//730 
f 884//729 886//731 883//728 
f 882//727 884//729 881//726 
f 880//725 882//727 879//724 
f 878//723 880//725 877//722 
f 876//721 878//723 875//720 
f 874//719 876//721 873//718 
f 868//717 874//719 872//716 
o mesh53
f 902//746 903//747 897//747 
f 903//747 904//748 895//748 
f 904//748 905//749 893//749 
f 905//749 906//750 891//750 
f 906//750 907//751 889//751 
f 907//751 908//752 887//752 
f 887//752 908//752 909//753 
f 909//753 885//754 887//752 
f 910//754 911//755 883//755 
f 911//755 912//756 881//756 
f 912//756 913//757 879//757 
f 913//757 914//758 877//758 
f 914//758 915//759 875//759 
f 915//759 916//760 873//760 
f 916//760 917//761 872//761 
f 917//761 870//762 869//762 
f 869//762 872//761 917//761 
f 872//761 873//760 916//760 
f 873//760 875//759 915//759 
f 875//759 877//758 914//758 
f 877//758 879//757 913//757 
f 879//757 881//756 912//756 
f 881//756 883//755 911//755 
f 883//755 885//754 910//754 
f 909//753 910//754 885//754 
f 887//752 889//751 907//751 
f 889//751 891//750 906//750 
f 891//750 893//749 905//749 
f 893//749 895//748 904//748 
f 895//748 897//747 903//747 
f 897//747 899//763 902//746 
o mesh54
f 901//764 918//764 919//764 
f 919//764 899//764 901//764 
o mesh55
f 902//763 899//763 919//763 
f 919//763 920//763 902//763 
o mesh56
f 919//764 918//764 921//765 
f 922//765 921//765 923//766 
f 924//766 923//766 925//767 
f 926//767 925//767 927//768 
f 928//768 927//768 929//769 
f 930//769 929//769 931//770 
f 932//770 931//770 933//771 
f 933//771 934//772 932//770 
f 935//773 934//772 936//772 
f 937//774 935//773 938//773 
f 939//775 937//774 940//774 
f 940//774 941//776 939//775 
f 942//777 939//775 943//778 
f 943//778 944//779 942//777 
f 945//780 942//777 946//781 
f 946//781 947//782 945//780 
f 948//783 945//780 949//784 
f 949//784 950//785 948//783 
f 951//786 948//783 952//787 
f 952//787 953//788 951//786 
f 954//789 951//786 955//790 
f 955//790 956//791 954//789 
f 956//791 957//792 954//789 
f 953//788 955//790 951//786 
f 950//785 952//787 948//783 
f 947//782 949//784 945//780 
f 944//779 946//781 942//777 
f 941//776 943//778 939//775 
f 938//773 940//774 937//774 
f 936//772 938//773 935//773 
f 933//771 936//772 934//772 
f 931//770 932//770 930//769 
f 929//769 930//769 928//768 
f 927//768 928//768 926//767 
f 925//767 926//767 924//766 
f 923//766 924//766 922//765 
f 921//765 922//765 919//764 
o mesh57
f 814//793 958//793 959//794 
f 815//794 959//794 960//795 
f 816//795 960//795 961//796 
f 817//796 961//796 962//797 
f 818//797 962//797 963//798 
f 819//798 963//798 964//799 
f 820//799 964//799 965//800 
f 821//800 965//800 966//801 
f 822//801 966//801 967//802 
f 823//802 967//802 968//803 
f 824//803 968//803 969//804 
f 825//804 969//804 970//805 
f 826//805 970//805 971//806 
f 827//806 971//806 972//807 
f 828//807 972//807 857//808 
f 857//808 748//808 828//807 
f 972//807 828//807 827//806 
f 971//806 827//806 826//805 
f 970//805 826//805 825//804 
f 969//804 825//804 824//803 
f 968//803 824//803 823//802 
f 967//802 823//802 822//801 
f 966//801 822//801 821//800 
f 965//800 821//800 820//799 
f 964//799 820//799 819//798 
f 963//798 819//798 818//797 
f 962//797 818//797 817//796 
f 961//796 817//796 816//795 
f 960//795 816//795 815//794 
f 959//794 815//794 814//793 
o mesh58
f 814//809 943//809 941//809 
f 814//809 944//809 943//809 
f 814//809 946//809 944//809 
f 814//809 947//809 946//809 
f 814//809 949//809 947//809 
f 814//809 950//809 949//809 
f 814//809 953//809 952//809 
f 814//809 956//809 955//809 
f 952//809 950//809 814//809 
f 814//809 957//809 956//809 
f 814//809 936//809 933//809 
f 955//809 953//809 814//809 
f 814//809 938//809 936//809 
f 941//809 940//809 814//809 
f 940//809 938//809 814//809 
f 933//809 958//809 814//809 
o mesh59
f 973//810 865//810 864//810 
f 864//810 863//810 973//810 
f 863//810 862//810 973//810 
f 973//810 974//810 866//810 
f 973//810 861//810 867//810 
f 866//810 865//810 973//810 
f 975//810 925//810 923//810 
f 876//810 874//810 976//810 
f 874//810 868//810 977//810 
f 862//810 861//810 973//810 
f 975//810 927//810 925//810 
f 901//810 978//810 979//810 
f 901//810 900//810 980//810 
f 884//810 882//810 981//810 
f 882//810 880//810 982//810 
f 878//810 876//810 983//810 
f 977//810 976//810 874//810 
f 868//810 984//810 985//810 
f 866//810 986//810 987//810 
f 858//810 988//810 973//810 
f 975//810 929//810 927//810 
f 989//810 933//810 931//810 
f 979//810 918//810 901//810 
f 980//810 990//810 901//810 
f 900//810 898//810 991//810 
f 982//810 981//810 882//810 
f 880//810 878//810 992//810 
f 976//810 983//810 876//810 
f 868//810 993//810 984//810 
f 866//810 994//810 993//810 
f 866//810 974//810 986//810 
f 858//810 995//810 988//810 
f 858//810 857//810 996//810 
f 923//810 921//810 975//810 
f 931//810 975//810 989//810 
f 901//810 997//810 978//810 
f 991//810 980//810 900//810 
f 898//810 896//810 998//810 
f 896//810 894//810 999//810 
f 892//810 890//810 1000//810 
f 890//810 888//810 1001//810 
f 992//810 982//810 880//810 
f 985//810 977//810 868//810 
f 987//810 994//810 866//810 
f 996//810 995//810 858//810 
f 931//810 929//810 975//810 
f 990//810 997//810 901//810 
f 999//810 998//810 896//810 
f 894//810 892//810 1002//810 
f 1001//810 1000//810 890//810 
f 983//810 992//810 878//810 
f 867//810 858//810 973//810 
f 857//810 972//810 1003//810 
f 972//810 971//810 1004//810 
f 959//810 958//810 1005//810 
f 958//810 933//810 1006//810 
f 918//810 1007//810 975//810 
f 918//810 1008//810 1009//810 
f 998//810 991//810 898//810 
f 1000//810 1002//810 892//810 
f 993//810 868//810 866//810 
f 857//810 1010//810 1011//810 
f 1004//810 1003//810 972//810 
f 971//810 970//810 1012//810 
f 967//810 966//810 1013//810 
f 966//810 965//810 1014//810 
f 958//810 1015//810 1005//810 
f 933//810 1016//810 1006//810 
f 1009//810 1007//810 918//810 
f 1002//810 999//810 894//810 
f 888//810 886//810 1017//810 
f 886//810 884//810 1018//810 
f 1011//810 996//810 857//810 
f 1012//810 1004//810 971//810 
f 969//810 1019//810 1020//810 
f 968//810 1021//810 1019//810 
f 967//810 1022//810 1021//810 
f 1014//810 1013//810 966//810 
f 965//810 964//810 1023//810 
f 958//810 1024//810 1015//810 
f 933//810 989//810 1016//810 
f 979//810 1008//810 918//810 
f 1018//810 1017//810 886//810 
f 1003//810 1010//810 857//810 
f 1020//810 970//810 969//810 
f 1021//810 968//810 967//810 
f 1023//810 1014//810 965//810 
f 963//810 1025//810 1026//810 
f 962//810 1027//810 1025//810 
f 961//810 960//810 1028//810 
f 960//810 959//810 1029//810 
f 1006//810 1024//810 958//810 
f 1017//810 1001//810 888//810 
f 1020//810 1012//810 970//810 
f 1013//810 1022//810 967//810 
f 1025//810 963//810 962//810 
f 961//810 1030//810 1027//810 
f 1029//810 1028//810 960//810 
f 921//810 918//810 975//810 
f 1019//810 969//810 968//810 
f 1026//810 964//810 963//810 
f 1028//810 1030//810 961//810 
f 981//810 1018//810 884//810 
f 1027//810 962//810 961//810 
f 1026//810 1023//810 964//810 
f 1005//810 1029//810 959//810 
o mesh60
f 1031//811 1032//812 977//812 
f 1033//813 1031//811 985//814 
f 1034//815 1033//813 984//816 
f 1035//817 1034//815 993//818 
f 1036//819 1035//817 994//820 
f 1037//821 1036//819 987//822 
f 1038//823 1037//821 986//824 
f 1039//825 1038//823 974//826 
f 1040//827 1039//825 973//828 
f 1041//829 1040//827 988//830 
f 1042//831 1041//829 995//832 
f 1043//833 1042//831 996//834 
f 1044//835 1043//833 1011//836 
f 1045//837 1044//835 1010//838 
f 1046//839 1045//837 1003//840 
f 1047//841 1046//839 1004//842 
f 1048//843 1047//841 1012//844 
f 1049//845 1048//843 1020//846 
f 1050//847 1049//845 1019//848 
f 1051//849 1050//847 1021//850 
f 1052//851 1051//849 1022//852 
f 1053//853 1052//851 1013//854 
f 1054//855 1053//853 1014//856 
f 1055//857 1054//855 1023//858 
f 1056//859 1055//857 1026//860 
f 1057//861 1056//859 1025//862 
f 1058//863 1057//861 1027//864 
f 1059//865 1058//863 1030//866 
f 1060//867 1059//865 1028//868 
f 1061//869 1060//867 1029//870 
f 1062//871 1061//869 1005//872 
f 1063//873 1062//871 1015//874 
f 1064//875 1063//873 1024//876 
f 1065//877 1064//875 1006//878 
f 1066//879 1065//877 1016//880 
f 1067//881 1066//879 989//882 
f 1068//883 1067//881 975//884 
f 1069//885 1068//883 1007//886 
f 1070//887 1069//885 1009//888 
f 1071//889 1070//887 1008//890 
f 1072//891 1071//889 979//892 
f 1073//893 1072//891 978//894 
f 1074//895 1073//893 997//896 
f 1075//897 1074//895 990//898 
f 1076//899 1075//897 980//900 
f 1077//901 1076//899 991//902 
f 1078//903 1077//901 998//904 
f 1079//905 1078//903 999//906 
f 1080//907 1079//905 1002//908 
f 1081//909 1080//907 1000//910 
f 1082//911 1081//909 1001//912 
f 1083//913 1082//911 1017//914 
f 1084//915 1083//913 1018//916 
f 1085//917 1084//915 981//918 
f 1086//919 1085//917 982//920 
f 1087//921 1086//919 992//922 
f 1088//923 1087//921 983//924 
f 1032//812 1088//923 976//923 
f 976//923 977//812 1032//812 
f 983//924 976//923 1088//923 
f 992//922 983//924 1087//921 
f 982//920 992//922 1086//919 
f 981//918 982//920 1085//917 
f 1018//916 981//918 1084//915 
f 1017//914 1018//916 1083//913 
f 1001//912 1017//914 1082//911 
f 1000//910 1001//912 1081//909 
f 1002//908 1000//910 1080//907 
f 999//906 1002//908 1079//905 
f 998//904 999//906 1078//903 
f 991//902 998//904 1077//901 
f 980//900 991//902 1076//899 
f 990//898 980//900 1075//897 
f 997//896 990//898 1074//895 
f 978//894 997//896 1073//893 
f 979//892 978//894 1072//891 
f 1008//890 979//892 1071//889 
f 1009//888 1008//890 1070//887 
f 1007//886 1009//888 1069//885 
f 975//884 1007//886 1068//883 
f 989//882 975//884 1067//881 
f 1016//880 989//882 1066//879 
f 1006//878 1016//880 1065//877 
f 1024//876 1006//878 1064//875 
f 1015//874 1024//876 1063//873 
f 1005//872 1015//874 1062//871 
f 1029//870 1005//872 1061//869 
f 1028//868 1029//870 1060//867 
f 1030//866 1028//868 1059//865 
f 1027//864 1030//866 1058//863 
f 1025//862 1027//864 1057//861 
f 1026//860 1025//862 1056//859 
f 1023//858 1026//860 1055//857 
f 1014//856 1023//858 1054//855 
f 1013//854 1014//856 1053//853 
f 1022//852 1013//854 1052//851 
f 1021//850 1022//852 1051//849 
f 1019//848 1021//850 1050//847 
f 1020//846 1019//848 1049//845 
f 1012//844 1020//846 1048//843 
f 1004//842 1012//844 1047//841 
f 1003//840 1004//842 1046//839 
f 1010//838 1003//840 1045//837 
f 1011//836 1010//838 1044//835 
f 996//834 1011//836 1043//833 
f 995//832 996//834 1042//831 
f 988//830 995//832 1041//829 
f 973//828 988//830 1040//827 
f 974//826 973//828 1039//825 
f 986//824 974//826 1038//823 
f 987//822 986//824 1037//821 
f 994//820 987//822 1036//819 
f 993//818 994//820 1035//817 
f 984//816 993//818 1034//815 
f 985//814 984//816 1033//813 
f 977//812 985//814 1031//811 
o mesh61
f 954//925 1089//925 1090//926 
f 951//926 1090//926 1091//927 
f 948//927 1091//927 1092//928 
f 945//928 1092//928 1093//929 
f 942//929 1093//929 1094//930 
f 939//930 1094//930 1095//931 
f 937//931 1095//931 1096//932 
f 935//932 1096//932 1097//933 
f 934//933 1097//933 1098//934 
f 932//934 1098//934 1099//935 
f 930//935 1099//935 1100//936 
f 1100//936 928//937 930//935 
f 928//937 1101//937 1102//938 
f 926//938 1102//938 1103//939 
f 924//939 1103//939 1104//940 
f 922//940 1104//940 920//941 
f 920//941 919//941 922//940 
f 1104//940 922//940 924//939 
f 1103//939 924//939 926//938 
f 1102//938 926//938 928//937 
f 1100//936 1101//937 928//937 
f 1099//935 930//935 932//934 
f 1098//934 932//934 934//933 
f 1097//933 934//933 935//932 
f 1096//932 935//932 937//931 
f 1095//931 937//931 939//930 
f 1094//930 939//930 942//929 
f 1093//929 942//929 945//928 
f 1092//928 945//928 948//927 
f 1091//927 948//927 951//926 
f 1090//926 951//926 954//925 
o mesh62
f 954//942 1105//942 1106//942 
f 954//942 1107//942 1108//942 
f 1108//942 1105//942 954//942 
f 1107//942 1109//942 1110//942 
f 1110//942 1108//942 1107//942 
f 1106//942 1089//942 954//942 
o mesh63
f 954//943 957//943 1111//943 
f 780//943 844//943 1111//943 
f 779//943 780//943 957//943 
f 1111//943 957//943 780//943 
f 1111//943 1107//943 954//943 
f 957//943 814//943 779//943 
o mesh64
f 1112//944 1113//944 1114//945 
f 1115//945 1114//945 1116//946 
f 1117//946 1116//946 1118//947 
f 1119//947 1118//947 1120//948 
f 1121//949 1122//948 1123//950 
f 1122//948 1120//948 1123//950 
f 1121//949 1124//949 1125//951 
f 1126//951 1125//951 1127//952 
f 1128//952 1127//952 1129//953 
f 1130//953 1129//953 1131//954 
f 1132//954 1131//954 1133//955 
f 1134//955 1133//955 1135//956 
f 1136//956 1135//956 1137//957 
f 1138//957 1137//957 1139//958 
f 1140//958 1139//958 1141//959 
f 1142//959 1141//959 1109//960 
f 1109//960 1107//960 1142//959 
f 1141//959 1142//959 1140//958 
f 1139//958 1140//958 1138//957 
f 1137//957 1138//957 1136//956 
f 1135//956 1136//956 1134//955 
f 1133//955 1134//955 1132//954 
f 1131//954 1132//954 1130//953 
f 1129//953 1130//953 1128//952 
f 1127//952 1128//952 1126//951 
f 1125//951 1126//951 1121//949 
f 1123//950 1124//949 1121//949 
f 1120//948 1122//948 1119//947 
f 1118//947 1119//947 1117//946 
f 1116//946 1117//946 1115//945 
f 1114//945 1115//945 1112//944 
o mesh65
f 844//960 1143//960 1144//960 
f 1144//960 1145//960 844//960 
f 1145//960 1146//960 844//960 
f 1146//960 1147//960 844//960 
f 1147//960 1148//960 844//960 
f 1148//960 1149//960 844//960 
f 1149//960 1150//960 844//960 
f 1150//960 1151//960 844//960 
f 1151//960 1152//960 844//960 
f 1152//960 1153//960 844//960 
f 1153//960 1154//960 844//960 
f 844//960 1155//960 1156//960 
f 844//960 1157//960 1143//960 
f 1156//960 1158//960 844//960 
f 1158//960 1157//960 844//960 
f 1154//960 1111//960 844//960 
o mesh66
f 1107//961 1154//962 1153//963 
f 1107//961 1111//964 1154//962 
f 1142//963 1152//965 1151//966 
f 1142//963 1153//963 1152//965 
f 1140//966 1150//967 1149//968 
f 1140//966 1151//966 1150//967 
f 1138//968 1148//969 1147//970 
f 1138//968 1149//968 1148//969 
f 1136//970 1146//971 1145//972 
f 1136//970 1147//970 1146//971 
f 1134//972 1144//973 1143//974 
f 1134//972 1145//972 1144//973 
f 1132//974 1143//974 1157//975 
f 1130//975 1157//975 1158//976 
f 1126//977 1128//976 1156//978 
f 1128//976 1158//976 1156//978 
f 1159//979 1121//979 1126//977 
f 1160//980 1122//980 1121//979 
f 1161//981 1119//981 1122//980 
f 1162//982 1117//982 1119//981 
f 1163//983 1115//983 1117//982 
f 1164//984 1112//984 1115//983 
f 1115//983 1163//983 1164//984 
f 1117//982 1162//982 1163//983 
f 1119//981 1161//981 1162//982 
f 1122//980 1160//980 1161//981 
f 1121//979 1159//979 1160//980 
f 1126//977 1165//985 1159//979 
f 1156//978 1165//985 1126//977 
f 1158//976 1128//976 1130//975 
f 1157//975 1130//975 1132//974 
f 1143//974 1132//974 1134//972 
f 1145//972 1134//972 1136//970 
f 1147//970 1136//970 1138//968 
f 1149//968 1138//968 1140//966 
f 1151//966 1140//966 1142//963 
f 1153//963 1142//963 1107//961 
o mesh67
f 1164//984 1166//984 1167//984 
f 1167//984 1112//984 1164//984 
o mesh68
f 1112//986 1167//986 1168//986 
f 1168//986 1113//986 1112//986 
o mesh69
f 1169//987 1167//988 1166//988 
f 1170//989 1169//987 1171//990 
f 1172//991 1170//989 1173//992 
f 1174//993 1172//991 1175//994 
f 1176//995 1174//993 1177//996 
f 1178//997 1176//995 1179//998 
f 1180//999 1178//997 1181//1000 
f 1182//1001 1180//999 1183//1002 
f 1184//1003 1182//1001 1185//1004 
f 1186//1005 1184//1003 1187//1006 
f 1188//1007 1186//1005 1189//1008 
f 1190//1009 1188//1007 1191//1010 
f 1192//1011 1190//1009 1193//1012 
f 1194//1013 1192//1011 1195//1014 
f 1196//1015 1194//1013 1197//1016 
f 1197//1016 1198//1015 1196//1015 
f 1195//1014 1197//1016 1194//1013 
f 1193//1012 1195//1014 1192//1011 
f 1191//1010 1193//1012 1190//1009 
f 1189//1008 1191//1010 1188//1007 
f 1187//1006 1189//1008 1186//1005 
f 1185//1004 1187//1006 1184//1003 
f 1183//1002 1185//1004 1182//1001 
f 1181//1000 1183//1002 1180//999 
f 1179//998 1181//1000 1178//997 
f 1177//996 1179//998 1176//995 
f 1175//994 1177//996 1174//993 
f 1173//992 1175//994 1172//991 
f 1171//990 1173//992 1170//989 
f 1166//988 1171//990 1169//987 
o mesh70
f 1199//1017 1200//1018 1194//1018 
f 1200//1018 1201//1019 1192//1019 
f 1201//1019 1202//1020 1190//1020 
f 1202//1020 1203//1021 1188//1021 
f 1203//1021 1204//1022 1186//1022 
f 1204//1022 1205//1023 1184//1023 
f 1205//1023 1206//1024 1182//1024 
f 1206//1024 1207//1025 1180//1025 
f 1207//1025 1208//1026 1178//1026 
f 1208//1026 1209//1027 1176//1027 
f 1209//1027 1210//1028 1174//1028 
f 1210//1028 1211//1029 1172//1029 
f 1211//1029 1212//1030 1170//1030 
f 1212//1030 1213//1031 1169//1031 
f 1213//1031 1168//1032 1167//1032 
f 1167//1032 1169//1031 1213//1031 
f 1169//1031 1170//1030 1212//1030 
f 1170//1030 1172//1029 1211//1029 
f 1172//1029 1174//1028 1210//1028 
f 1174//1028 1176//1027 1209//1027 
f 1176//1027 1178//1026 1208//1026 
f 1178//1026 1180//1025 1207//1025 
f 1180//1025 1182//1024 1206//1024 
f 1182//1024 1184//1023 1205//1023 
f 1184//1023 1186//1022 1204//1022 
f 1186//1022 1188//1021 1203//1021 
f 1188//1021 1190//1020 1202//1020 
f 1190//1020 1192//1019 1201//1019 
f 1192//1019 1194//1018 1200//1018 
f 1194//1018 1196//1033 1199//1017 
o mesh71
f 1196//1033 1214//1033 1215//1033 
f 1215//1033 1199//1033 1196//1033 
o mesh72
f 1198//1034 1216//1034 1214//1034 
f 1214//1034 1196//1034 1198//1034 
o mesh73
f 302//1035 305//1035 1217//1036 
f 1218//1036 1217//1036 1219//1037 
f 1220//1037 1219//1037 1221//1038 
f 1222//1038 1221//1038 1223//1039 
f 1224//1039 1223//1039 1225//1040 
f 1226//1040 1225//1040 1227//1041 
f 1228//1041 1227//1041 1229//1042 
f 1230//1042 1229//1042 1231//1043 
f 1232//1043 1231//1043 1233//1044 
f 1234//1044 1233//1044 1235//1045 
f 1236//1045 1235//1045 1237//1046 
f 1237//1046 1238//1047 1236//1045 
f 1238//1047 1239//1047 1240//1048 
f 1241//1048 1240//1048 1242//1049 
f 1243//1049 1242//1049 1244//1050 
f 1245//1050 1244//1050 1215//1051 
f 1215//1051 1214//1051 1245//1050 
f 1244//1050 1245//1050 1243//1049 
f 1242//1049 1243//1049 1241//1048 
f 1240//1048 1241//1048 1238//1047 
f 1237//1046 1239//1047 1238//1047 
f 1235//1045 1236//1045 1234//1044 
f 1233//1044 1234//1044 1232//1043 
f 1231//1043 1232//1043 1230//1042 
f 1229//1042 1230//1042 1228//1041 
f 1227//1041 1228//1041 1226//1040 
f 1225//1040 1226//1040 1224//1039 
f 1223//1039 1224//1039 1222//1038 
f 1221//1038 1222//1038 1220//1037 
f 1219//1037 1220//1037 1218//1036 
f 1217//1036 1218//1036 302//1035 
o mesh74
f 302//1052 1246//1052 258//1052 
f 335//1052 285//1052 258//1052 
f 689//1052 335//1052 1246//1052 
f 258//1052 1246//1052 335//1052 
f 258//1052 255//1052 302//1052 
f 1246//1052 829//1052 689//1052 
o mesh75
f 1247//1053 1245//1053 1214//1054 
f 1248//1055 1243//1055 1245//1053 
f 1249//1056 1241//1056 1243//1055 
f 1250//1057 1238//1057 1241//1056 
f 1251//1058 1236//1058 1238//1057 
f 1252//1059 1234//1059 1236//1058 
f 1234//1059 1252//1059 1253//1060 
f 1253//1060 1232//1061 1234//1059 
f 1230//1062 1232//1061 1254//1061 
f 1228//1063 1230//1062 1255//1062 
f 1226//1064 1228//1063 1256//1063 
f 1256//1063 1257//1065 1226//1064 
f 1224//1066 1226//1064 1258//1067 
f 1258//1067 1259//1068 1224//1066 
f 1222//1069 1224//1066 1260//1070 
f 1260//1070 1261//1071 1222//1069 
f 1220//1072 1222//1069 1262//1073 
f 1262//1073 1263//1074 1220//1072 
f 1218//1075 1220//1072 1264//1076 
f 1264//1076 1265//1077 1218//1075 
f 302//1078 1218//1075 1266//1079 
f 1266//1079 1267//1080 302//1078 
f 1267//1080 1246//1081 302//1078 
f 1265//1077 1266//1079 1218//1075 
f 1263//1074 1264//1076 1220//1072 
f 1261//1071 1262//1073 1222//1069 
f 1259//1068 1260//1070 1224//1066 
f 1257//1065 1258//1067 1226//1064 
f 1255//1062 1256//1063 1228//1063 
f 1254//1061 1255//1062 1230//1062 
f 1253//1060 1254//1061 1232//1061 
f 1236//1058 1251//1058 1252//1059 
f 1238//1057 1250//1057 1251//1058 
f 1241//1056 1249//1056 1250//1057 
f 1243//1055 1248//1055 1249//1056 
f 1245//1053 1247//1053 1248//1055 
f 1214//1054 1216//1082 1247//1053 
o mesh76
f 829//1083 1258//1083 1257//1083 
f 829//1083 1259//1083 1258//1083 
f 829//1083 1260//1083 1259//1083 
f 829//1083 1261//1083 1260//1083 
f 829//1083 1262//1083 1261//1083 
f 829//1083 1263//1083 1262//1083 
f 829//1083 1265//1083 1264//1083 
f 829//1083 1267//1083 1266//1083 
f 1264//1083 1263//1083 829//1083 
f 829//1083 1246//1083 1267//1083 
f 829//1083 1254//1083 1253//1083 
f 1266//1083 1265//1083 829//1083 
f 829//1083 1255//1083 1254//1083 
f 1257//1083 1256//1083 829//1083 
f 1256//1083 1255//1083 829//1083 
f 1253//1083 1268//1083 829//1083 
o mesh77
f 829//1083 1268//1083 1269//1084 
f 830//1084 1269//1084 1270//1085 
f 831//1085 1270//1085 1271//1086 
f 832//1086 1271//1086 1272//1087 
f 833//1087 1272//1087 1273//1088 
f 834//1088 1273//1088 1274//1089 
f 835//1089 1274//1089 1275//1090 
f 836//1090 1275//1090 1276//1091 
f 837//1091 1276//1091 1277//1092 
f 838//1092 1277//1092 1278//1093 
f 839//1093 1278//1093 1279//1094 
f 840//1094 1279//1094 1280//1095 
f 841//1095 1280//1095 1281//1096 
f 842//1096 1281//1096 1282//1097 
f 843//1097 1282//1097 1155//1098 
f 1155//1098 844//1098 843//1097 
f 1282//1097 843//1097 842//1096 
f 1281//1096 842//1096 841//1095 
f 1280//1095 841//1095 840//1094 
f 1279//1094 840//1094 839//1093 
f 1278//1093 839//1093 838//1092 
f 1277//1092 838//1092 837//1091 
f 1276//1091 837//1091 836//1090 
f 1275//1090 836//1090 835//1089 
f 1274//1089 835//1089 834//1088 
f 1273//1088 834//1088 833//1087 
f 1272//1087 833//1087 832//1086 
f 1271//1086 832//1086 831//1085 
f 1270//1085 831//1085 830//1084 
f 1269//1084 830//1084 829//1083 
o mesh78
f 1197//1099 1283//1099 1284//1099 
f 1195//1099 1285//1099 1283//1099 
f 1189//1099 1286//1099 1287//1099 
f 1187//1099 1288//1099 1286//1099 
f 1181//1099 1289//1099 1290//1099 
f 1179//1099 1291//1099 1289//1099 
f 1275//1099 1292//1099 1293//1099 
f 1274//1099 1294//1099 1292//1099 
f 1295//1099 1249//1099 1248//1099 
f 1198//1099 1284//1099 1296//1099 
f 1283//1099 1197//1099 1195//1099 
f 1193//1099 1297//1099 1285//1099 
f 1286//1099 1189//1099 1187//1099 
f 1185//1099 1298//1099 1288//1099 
f 1183//1099 1290//1099 1298//1099 
f 1289//1099 1181//1099 1179//1099 
f 1276//1099 1293//1099 1299//1099 
f 1292//1099 1275//1099 1274//1099 
f 1274//1099 1273//1099 1300//1099 
f 1273//1099 1272//1099 1301//1099 
f 1295//1099 1250//1099 1249//1099 
f 1216//1099 1302//1099 1303//1099 
f 1216//1099 1198//1099 1304//1099 
f 1296//1099 1305//1099 1198//1099 
f 1285//1099 1195//1099 1193//1099 
f 1191//1099 1287//1099 1297//1099 
f 1288//1099 1187//1099 1185//1099 
f 1290//1099 1183//1099 1181//1099 
f 1177//1099 1306//1099 1291//1099 
f 1293//1099 1276//1099 1275//1099 
f 1301//1099 1300//1099 1273//1099 
f 1272//1099 1271//1099 1307//1099 
f 1270//1099 1308//1099 1309//1099 
f 1269//1099 1310//1099 1308//1099 
f 1295//1099 1251//1099 1250//1099 
f 1311//1099 1253//1099 1252//1099 
f 1304//1099 1302//1099 1216//1099 
f 1284//1099 1198//1099 1197//1099 
f 1287//1099 1191//1099 1189//1099 
f 1291//1099 1179//1099 1177//1099 
f 1300//1099 1294//1099 1274//1099 
f 1271//1099 1309//1099 1307//1099 
f 1308//1099 1270//1099 1269//1099 
f 1268//1099 1312//1099 1310//1099 
f 1248//1099 1247//1099 1295//1099 
f 1252//1099 1295//1099 1311//1099 
f 1305//1099 1304//1099 1198//1099 
f 1298//1099 1185//1099 1183//1099 
f 1175//1099 1313//1099 1306//1099 
f 1173//1099 1314//1099 1313//1099 
f 1171//1099 1315//1099 1314//1099 
f 1166//1099 1316//1099 1315//1099 
f 1317//1099 1159//1099 1165//1099 
f 1317//1099 1161//1099 1160//1099 
f 1317//1099 1163//1099 1162//1099 
f 1317//1099 1318//1099 1164//1099 
f 1281//1099 1319//1099 1320//1099 
f 1280//1099 1321//1099 1319//1099 
f 1279//1099 1278//1099 1322//1099 
f 1278//1099 1277//1099 1323//1099 
f 1307//1099 1301//1099 1272//1099 
f 1310//1099 1269//1099 1268//1099 
f 1253//1099 1324//1099 1325//1099 
f 1253//1099 1311//1099 1326//1099 
f 1252//1099 1251//1099 1295//1099 
f 1297//1099 1193//1099 1191//1099 
f 1313//1099 1175//1099 1173//1099 
f 1315//1099 1171//1099 1166//1099 
f 1160//1099 1159//1099 1317//1099 
f 1164//1099 1163//1099 1317//1099 
f 1319//1099 1281//1099 1280//1099 
f 1280//1099 1279//1099 1327//1099 
f 1323//1099 1322//1099 1278//1099 
f 1309//1099 1271//1099 1270//1099 
f 1268//1099 1325//1099 1328//1099 
f 1326//1099 1324//1099 1253//1099 
f 1216//1099 1329//1099 1295//1099 
f 1306//1099 1177//1099 1175//1099 
f 1166//1099 1330//1099 1316//1099 
f 1166//1099 1164//1099 1331//1099 
f 1164//1099 1332//1099 1333//1099 
f 1162//1099 1161//1099 1317//1099 
f 1327//1099 1321//1099 1280//1099 
f 1277//1099 1299//1099 1323//1099 
f 1328//1099 1312//1099 1268//1099 
f 1247//1099 1216//1099 1295//1099 
f 1314//1099 1173//1099 1171//1099 
f 1331//1099 1334//1099 1166//1099 
f 1333//1099 1335//1099 1164//1099 
f 1165//1099 1156//1099 1317//1099 
f 1155//1099 1336//1099 1337//1099 
f 1282//1099 1320//1099 1338//1099 
f 1322//1099 1327//1099 1279//1099 
f 1325//1099 1268//1099 1253//1099 
f 1334//1099 1330//1099 1166//1099 
f 1318//1099 1332//1099 1164//1099 
f 1337//1099 1156//1099 1155//1099 
f 1338//1099 1155//1099 1282//1099 
f 1299//1099 1277//1099 1276//1099 
f 1335//1099 1331//1099 1164//1099 
f 1337//1099 1339//1099 1156//1099 
f 1338//1099 1340//1099 1155//1099 
f 1303//1099 1329//1099 1216//1099 
f 1340//1099 1336//1099 1155//1099 
f 1339//1099 1317//1099 1156//1099 
f 1320//1099 1282//1099 1281//1099 
o mesh79
f 1341//1100 1342//1101 1284//1101 
f 1343//1102 1341//1100 1283//1103 
f 1344//1104 1343//1102 1285//1105 
f 1345//1106 1344//1104 1297//1107 
f 1346//1108 1345//1106 1287//1109 
f 1347//1110 1346//1108 1286//1111 
f 1348//1112 1347//1110 1288//1113 
f 1349//1114 1348//1112 1298//1115 
f 1350//1116 1349//1114 1290//1117 
f 1351//1118 1350//1116 1289//1119 
f 1352//1120 1351//1118 1291//1121 
f 1353//1122 1352//1120 1306//1123 
f 1354//1124 1353//1122 1313//1125 
f 1355//1126 1354//1124 1314//1127 
f 1356//1128 1355//1126 1315//1129 
f 1357//1130 1356//1128 1316//1131 
f 1358//1132 1357//1130 1330//1133 
f 1359//1134 1358//1132 1334//1135 
f 1360//1136 1359//1134 1331//1137 
f 1361//1138 1360//1136 1335//1139 
f 1362//1140 1361//1138 1333//1141 
f 1363//1142 1362//1140 1332//1143 
f 1364//1144 1363//1142 1318//1145 
f 1365//1146 1364//1144 1317//1147 
f 1366//1148 1365//1146 1339//1149 
f 1367//1150 1366//1148 1337//1151 
f 1368//1152 1367//1150 1336//1153 
f 1369//1154 1368//1152 1340//1155 
f 1370//1156 1369//1154 1338//1157 
f 1371//1158 1370//1156 1320//1159 
f 1372//1160 1371//1158 1319//1161 
f 1373//1162 1372//1160 1321//1163 
f 1374//1164 1373//1162 1327//1165 
f 1375//1166 1374//1164 1322//1167 
f 1376//1168 1375//1166 1323//1169 
f 1377//1170 1376//1168 1299//1171 
f 1378//1172 1377//1170 1293//1173 
f 1379//1174 1378//1172 1292//1175 
f 1380//1176 1379//1174 1294//1177 
f 1381//1178 1380//1176 1300//1179 
f 1382//1180 1381//1178 1301//1181 
f 1383//1182 1382//1180 1307//1183 
f 1384//1184 1383//1182 1309//1185 
f 1385//1186 1384//1184 1308//1187 
f 1386//1188 1385//1186 1310//1189 
f 1387//1190 1386//1188 1312//1191 
f 1388//1192 1387//1190 1328//1193 
f 1389//1194 1388//1192 1325//1195 
f 1390//1196 1389//1194 1324//1197 
f 1391//1198 1390//1196 1326//1199 
f 1392//1200 1391//1198 1311//1201 
f 1393//1202 1392//1200 1295//1203 
f 1394//1204 1393//1202 1329//1205 
f 1395//1206 1394//1204 1303//1207 
f 1396//1208 1395//1206 1302//1209 
f 1397//1210 1396//1208 1304//1211 
f 1398//1212 1397//1210 1305//1213 
f 1342//1101 1398//1212 1296//1212 
f 1296//1212 1284//1101 1342//1101 
f 1305//1213 1296//1212 1398//1212 
f 1304//1211 1305//1213 1397//1210 
f 1302//1209 1304//1211 1396//1208 
f 1303//1207 1302//1209 1395//1206 
f 1329//1205 1303//1207 1394//1204 
f 1295//1203 1329//1205 1393//1202 
f 1311//1201 1295//1203 1392//1200 
f 1326//1199 1311//1201 1391//1198 
f 1324//1197 1326//1199 1390//1196 
f 1325//1195 1324//1197 1389//1194 
f 1328//1193 1325//1195 1388//1192 
f 1312//1191 1328//1193 1387//1190 
f 1310//1189 1312//1191 1386//1188 
f 1308//1187 1310//1189 1385//1186 
f 1309//1185 1308//1187 1384//1184 
f 1307//1183 1309//1185 1383//1182 
f 1301//1181 1307//1183 1382//1180 
f 1300//1179 1301//1181 1381//1178 
f 1294//1177 1300//1179 1380//1176 
f 1292//1175 1294//1177 1379//1174 
f 1293//1173 1292//1175 1378//1172 
f 1299//1171 1293//1173 1377//1170 
f 1323//1169 1299//1171 1376//1168 
f 1322//1167 1323//1169 1375//1166 
f 1327//1165 1322//1167 1374//1164 
f 1321//1163 1327//1165 1373//1162 
f 1319//1161 1321//1163 1372//1160 
f 1320//1159 1319//1161 1371//1158 
f 1338//1157 1320//1159 1370//1156 
f 1340//1155 1338//1157 1369//1154 
f 1336//1153 1340//1155 1368//1152 
f 1337//1151 1336//1153 1367//1150 
f 1339//1149 1337//1151 1366//1148 
f 1317//1147 1339//1149 1365//1146 
f 1318//1145 1317//1147 1364//1144 
f 1332//1143 1318//1145 1363//1142 
f 1333//1141 1332//1143 1362//1140 
f 1335//1139 1333//1141 1361//1138 
f 1331//1137 1335//1139 1360//1136 
f 1334//1135 1331//1137 1359//1134 
f 1330//1133 1334//1135 1358//1132 
f 1316//1131 1330//1133 1357//1130 
f 1315//1129 1316//1131 1356//1128 
f 1314//1127 1315//1129 1355//1126 
f 1313//1125 1314//1127 1354//1124 
f 1306//1123 1313//1125 1353//1122 
f 1291//1121 1306//1123 1352//1120 
f 1289//1119 1291//1121 1351//1118 
f 1290//1117 1289//1119 1350//1116 
f 1298//1115 1290//1117 1349//1114 
f 1288//1113 1298//1115 1348//1112 
f 1286//1111 1288//1113 1347//1110 
f 1287//1109 1286//1111 1346//1108 
f 1297//1107 1287//1109 1345//1106 
f 1285//1105 1297//1107 1344//1104 
f 1283//1103 1285//1105 1343//1102 
f 1284//1101 1283//1103 1341//1100 
o mesh80
f 688//1214 687//1214 1689//1214 
f 687//1214 690//1214 1690//1214 
f 690//1214 691//1214 1691//1214 
f 668//1214 1692//1214 1693//1214 
f 1692//1214 1694//1214 1695//1214 
f 1696//1214 1695//1214 1399//1214 
f 1694//1214 1400//1214 1401//1214 
f 1689//1214 1402//1214 1403//1214 
f 1399//1214 1404//1214 1696//1214 
f 1695//1214 1405//1214 1406//1214 
f 1694//1214 1407//1214 1400//1214 
f 1403//1214 1694//1214 1689//1214 
f 1406//1214 1399//1214 1695//1214 
f 1694//1214 1408//1214 1409//1214 
f 1403//1214 1407//1214 1694//1214 
f 1695//1214 1410//1214 1405//1214 
f 1695//1214 1411//1214 1412//1214 
f 1401//1214 1408//1214 1694//1214 
f 1689//1214 1413//1214 1414//1214 
f 1412//1214 1410//1214 1695//1214 
f 1695//1214 1415//1214 1416//1214 
f 1694//1214 1417//1214 1418//1214 
f 1694//1214 1419//1214 1420//1214 
f 1694//1214 1421//1214 1422//1214 
f 1414//1214 1402//1214 1689//1214 
f 1689//1214 1696//1214 1423//1214 
f 1696//1214 1424//1214 1425//1214 
f 1696//1214 1426//1214 1427//1214 
f 1696//1214 1428//1214 1429//1214 
f 1416//1214 1411//1214 1695//1214 
f 1694//1214 1430//1214 1431//1214 
f 1420//1214 1417//1214 1694//1214 
f 1409//1214 1421//1214 1694//1214 
f 1689//1214 1432//1214 1433//1214 
f 1689//1214 1434//1214 1435//1214 
f 1689//1214 1436//1214 1437//1214 
f 1696//1214 1438//1214 1423//1214 
f 1427//1214 1424//1214 1696//1214 
f 1404//1214 1428//1214 1696//1214 
f 1695//1214 1439//1214 1440//1214 
f 1695//1214 1441//1214 1442//1214 
f 1695//1214 1443//1214 1444//1214 
f 1418//1214 1430//1214 1694//1214 
f 1433//1214 1413//1214 1689//1214 
f 1437//1214 1434//1214 1689//1214 
f 1689//1214 1445//1214 1446//1214 
f 1425//1214 1438//1214 1696//1214 
f 1440//1214 1415//1214 1695//1214 
f 1444//1214 1441//1214 1695//1214 
f 1695//1214 1447//1214 1448//1214 
f 1422//1214 1419//1214 1694//1214 
f 1446//1214 1436//1214 1689//1214 
f 1429//1214 1426//1214 1696//1214 
f 1448//1214 1443//1214 1695//1214 
f 1694//1214 1449//1214 1450//1214 
f 1435//1214 1432//1214 1689//1214 
f 1689//1214 1451//1214 1452//1214 
f 1442//1214 1439//1214 1695//1214 
f 1695//1214 1694//1214 1453//1214 
f 1431//1214 1449//1214 1694//1214 
f 1689//1214 1454//1214 1455//1214 
f 1423//1214 1451//1214 1689//1214 
f 1694//1214 1456//1214 1453//1214 
f 1455//1214 1445//1214 1689//1214 
f 1453//1214 1447//1214 1695//1214 
f 1452//1214 1454//1214 1689//1214 
f 1689//1214 1690//1214 1697//1214 
f 1691//1214 1457//1214 1458//1214 
f 1458//1214 1690//1214 1691//1214 
f 1698//1214 1459//1214 1460//1214 
f 1698//1214 1461//1214 1462//1214 
f 1691//1214 1463//1214 1457//1214 
f 1691//1214 1464//1214 1465//1214 
f 1462//1214 1459//1214 1698//1214 
f 1690//1214 1466//1214 1467//1214 
f 1465//1214 1463//1214 1691//1214 
f 1698//1214 1468//1214 1461//1214 
f 1698//1214 1469//1214 1470//1214 
f 1697//1214 1471//1214 1469//1214 
f 1458//1214 1466//1214 1690//1214 
f 1691//1214 1472//1214 1473//1214 
f 1470//1214 1468//1214 1698//1214 
f 1697//1214 1474//1214 1471//1214 
f 1690//1214 1475//1214 1476//1214 
f 1690//1214 1477//1214 1478//1214 
f 1690//1214 1479//1214 1480//1214 
f 1473//1214 1464//1214 1691//1214 
f 1698//1214 1481//1214 1482//1214 
f 1698//1214 1483//1214 1484//1214 
f 1698//1214 1485//1214 1486//1214 
f 1469//1214 1698//1214 1697//1214 
f 1690//1214 1487//1214 1488//1214 
f 1478//1214 1475//1214 1690//1214 
f 1467//1214 1479//1214 1690//1214 
f 1691//1214 1489//1214 1490//1214 
f 1691//1214 1491//1214 1492//1214 
f 1691//1214 1493//1214 1494//1214 
f 1698//1214 1495//1214 1496//1214 
f 1484//1214 1481//1214 1698//1214 
f 1460//1214 1485//1214 1698//1214 
f 1697//1214 1497//1214 1498//1214 
f 1697//1214 1499//1214 1500//1214 
f 1697//1214 1501//1214 1502//1214 
f 1690//1214 1503//1214 1504//1214 
f 1476//1214 1487//1214 1690//1214 
f 1490//1214 1472//1214 1691//1214 
f 1494//1214 1491//1214 1691//1214 
f 1691//1214 1505//1214 1506//1214 
f 1482//1214 1495//1214 1698//1214 
f 1498//1214 1474//1214 1697//1214 
f 1502//1214 1499//1214 1697//1214 
f 1504//1214 1697//1214 1690//1214 
f 1480//1214 1477//1214 1690//1214 
f 1506//1214 1493//1214 1691//1214 
f 1698//1214 1507//1214 1508//1214 
f 1486//1214 1483//1214 1698//1214 
f 1504//1214 1501//1214 1697//1214 
f 1690//1214 1509//1214 1510//1214 
f 1492//1214 1489//1214 1691//1214 
f 1508//1214 1691//1214 1698//1214 
f 1500//1214 1497//1214 1697//1214 
f 1488//1214 1509//1214 1690//1214 
f 1691//1214 1511//1214 1512//1214 
f 1496//1214 1507//1214 1698//1214 
f 1690//1214 1513//1214 1514//1214 
f 1512//1214 1505//1214 1691//1214 
f 1514//1214 1503//1214 1690//1214 
f 1508//1214 1511//1214 1691//1214 
f 1691//1214 812//1214 811//1214 
f 667//1214 1693//1214 1699//1214 
f 1693//1214 1695//1214 1700//1214 
f 1695//1214 1696//1214 1701//1214 
f 1697//1214 1515//1214 1516//1214 
f 1516//1214 1517//1214 1697//1214 
f 1696//1214 1518//1214 1519//1214 
f 1696//1214 1520//1214 1521//1214 
f 1696//1214 1522//1214 1523//1214 
f 1696//1214 1697//1214 1524//1214 
f 1697//1214 1525//1214 1515//1214 
f 1519//1214 1526//1214 1696//1214 
f 1696//1214 1527//1214 1520//1214 
f 1696//1214 1528//1214 1522//1214 
f 1696//1214 1529//1214 1530//1214 
f 1524//1214 1531//1214 1696//1214 
f 1697//1214 1532//1214 1525//1214 
f 1697//1214 1533//1214 1534//1214 
f 1697//1214 1535//1214 1536//1214 
f 1702//1214 1537//1214 1535//1214 
f 1696//1214 1538//1214 1518//1214 
f 1523//1214 1527//1214 1696//1214 
f 1696//1214 1539//1214 1529//1214 
f 1697//1214 1540//1214 1524//1214 
f 1534//1214 1532//1214 1697//1214 
f 1697//1214 1541//1214 1542//1214 
f 1535//1214 1697//1214 1702//1214 
f 1702//1214 1543//1214 1544//1214 
f 1701//1214 1545//1214 1546//1214 
f 1521//1214 1538//1214 1696//1214 
f 1531//1214 1539//1214 1696//1214 
f 1542//1214 1533//1214 1697//1214 
f 1544//1214 1537//1214 1702//1214 
f 1702//1214 1547//1214 1548//1214 
f 1702//1214 1549//1214 1550//1214 
f 1702//1214 1701//1214 1551//1214 
f 1701//1214 1552//1214 1553//1214 
f 1701//1214 1554//1214 1545//1214 
f 1701//1214 1555//1214 1556//1214 
f 1701//1214 1557//1214 1558//1214 
f 1530//1214 1528//1214 1696//1214 
f 1697//1214 1559//1214 1560//1214 
f 1536//1214 1541//1214 1697//1214 
f 1550//1214 1547//1214 1702//1214 
f 1702//1214 1561//1214 1562//1214 
f 1702//1214 1563//1214 1564//1214 
f 1551//1214 1565//1214 1702//1214 
f 1701//1214 1566//1214 1552//1214 
f 1556//1214 1554//1214 1701//1214 
f 1701//1214 1567//1214 1557//1214 
f 1701//1214 1696//1214 1568//1214 
f 1560//1214 1540//1214 1697//1214 
f 1548//1214 1543//1214 1702//1214 
f 1702//1214 1569//1214 1561//1214 
f 1565//1214 1563//1214 1702//1214 
f 1546//1214 1566//1214 1701//1214 
f 1701//1214 1570//1214 1567//1214 
f 1568//1214 1571//1214 1701//1214 
f 1517//1214 1559//1214 1697//1214 
f 1702//1214 1572//1214 1569//1214 
f 1553//1214 1551//1214 1701//1214 
f 1571//1214 1570//1214 1701//1214 
f 1562//1214 1549//1214 1702//1214 
f 1558//1214 1555//1214 1701//1214 
f 1564//1214 1572//1214 1702//1214 
f 1697//1214 1698//1214 1703//1214 
f 1698//1214 811//1214 810//1214 
f 665//1214 1699//1214 1704//1214 
f 1699//1214 1700//1214 1705//1214 
f 1705//1214 1573//1214 1574//1214 
f 1700//1214 1575//1214 1576//1214 
f 1706//1214 1577//1214 1578//1214 
f 1574//1214 1706//1214 1705//1214 
f 1700//1214 1579//1214 1575//1214 
f 1700//1214 1580//1214 1581//1214 
f 1574//1214 1577//1214 1706//1214 
f 1700//1214 1582//1214 1583//1214 
f 1581//1214 1579//1214 1700//1214 
f 1701//1214 1584//1214 1580//1214 
f 1705//1214 1585//1214 1573//1214 
f 1705//1214 1586//1214 1587//1214 
f 1576//1214 1582//1214 1700//1214 
f 1701//1214 1588//1214 1584//1214 
f 1587//1214 1585//1214 1705//1214 
f 1705//1214 1589//1214 1590//1214 
f 1700//1214 1591//1214 1592//1214 
f 1700//1214 1593//1214 1594//1214 
f 1700//1214 1595//1214 1596//1214 
f 1580//1214 1700//1214 1701//1214 
f 1706//1214 1597//1214 1598//1214 
f 1706//1214 1599//1214 1600//1214 
f 1706//1214 1601//1214 1602//1214 
f 1590//1214 1586//1214 1705//1214 
f 1700//1214 1603//1214 1604//1214 
f 1594//1214 1591//1214 1700//1214 
f 1583//1214 1595//1214 1700//1214 
f 1701//1214 1605//1214 1606//1214 
f 1701//1214 1607//1214 1608//1214 
f 1701//1214 1609//1214 1610//1214 
f 1706//1214 1611//1214 1612//1214 
f 1706//1214 1613//1214 1614//1214 
f 1600//1214 1597//1214 1706//1214 
f 1578//1214 1601//1214 1706//1214 
f 1705//1214 1615//1214 1616//1214 
f 1705//1214 1617//1214 1618//1214 
f 1705//1214 1619//1214 1620//1214 
f 1592//1214 1603//1214 1700//1214 
f 1606//1214 1588//1214 1701//1214 
f 1610//1214 1607//1214 1701//1214 
f 1612//1214 1701//1214 1706//1214 
f 1598//1214 1613//1214 1706//1214 
f 1616//1214 1589//1214 1705//1214 
f 1620//1214 1617//1214 1705//1214 
f 1705//1214 1621//1214 1622//1214 
f 1700//1214 1623//1214 1624//1214 
f 1596//1214 1593//1214 1700//1214 
f 1612//1214 1609//1214 1701//1214 
f 1602//1214 1599//1214 1706//1214 
f 1622//1214 1619//1214 1705//1214 
f 1624//1214 1705//1214 1700//1214 
f 1608//1214 1605//1214 1701//1214 
f 1706//1214 1625//1214 1626//1214 
f 1618//1214 1615//1214 1705//1214 
f 1604//1214 1623//1214 1700//1214 
f 1706//1214 1627//1214 1628//1214 
f 1614//1214 1625//1214 1706//1214 
f 1705//1214 1629//1214 1630//1214 
f 1628//1214 1611//1214 1706//1214 
f 1630//1214 1621//1214 1705//1214 
f 1626//1214 1627//1214 1706//1214 
f 1701//1214 1702//1214 1707//1214 
f 1703//1214 1631//1214 1632//1214 
f 1708//1214 1633//1214 1634//1214 
f 1708//1214 1635//1214 1636//1214 
f 1702//1214 1703//1214 1637//1214 
f 1703//1214 1638//1214 1631//1214 
f 1703//1214 1639//1214 1640//1214 
f 1636//1214 1633//1214 1708//1214 
f 1707//1214 1641//1214 1642//1214 
f 1637//1214 1643//1214 1702//1214 
f 1640//1214 1638//1214 1703//1214 
f 1708//1214 1644//1214 1635//1214 
f 1642//1214 1708//1214 1707//1214 
f 1632//1214 1637//1214 1703//1214 
f 1703//1214 1645//1214 1646//1214 
f 1642//1214 1644//1214 1708//1214 
f 1707//1214 1647//1214 1648//1214 
f 1707//1214 1702//1214 1649//1214 
f 1702//1214 1650//1214 1651//1214 
f 1702//1214 1652//1214 1653//1214 
f 1702//1214 1654//1214 1655//1214 
f 1646//1214 1639//1214 1703//1214 
f 1708//1214 1656//1214 1657//1214 
f 1708//1214 1658//1214 1659//1214 
f 1708//1214 1660//1214 1661//1214 
f 1648//1214 1641//1214 1707//1214 
f 1702//1214 1662//1214 1649//1214 
f 1653//1214 1650//1214 1702//1214 
f 1643//1214 1654//1214 1702//1214 
f 1703//1214 1663//1214 1664//1214 
f 1703//1214 1665//1214 1666//1214 
f 1703//1214 1667//1214 1668//1214 
f 1708//1214 1669//1214 1670//1214 
f 1659//1214 1656//1214 1708//1214 
f 1634//1214 1660//1214 1708//1214 
f 1707//1214 1671//1214 1672//1214 
f 1707//1214 1673//1214 1674//1214 
f 1707//1214 1675//1214 1676//1214 
f 1651//1214 1662//1214 1702//1214 
f 1664//1214 1645//1214 1703//1214 
f 1668//1214 1665//1214 1703//1214 
f 1703//1214 1677//1214 1678//1214 
f 1657//1214 1669//1214 1708//1214 
f 1672//1214 1647//1214 1707//1214 
f 1676//1214 1673//1214 1707//1214 
f 1707//1214 1679//1214 1680//1214 
f 1655//1214 1652//1214 1702//1214 
f 1678//1214 1667//1214 1703//1214 
f 1661//1214 1658//1214 1708//1214 
f 1680//1214 1675//1214 1707//1214 
f 1707//1214 1681//1214 1682//1214 
f 1666//1214 1663//1214 1703//1214 
f 1703//1214 1708//1214 1683//1214 
f 1708//1214 1684//1214 1685//1214 
f 1674//1214 1671//1214 1707//1214 
f 1649//1214 1681//1214 1707//1214 
f 1708//1214 1686//1214 1683//1214 
f 1670//1214 1684//1214 1708//1214 
f 1707//1214 1687//1214 1688//1214 
f 1683//1214 1677//1214 1703//1214 
f 1688//1214 1679//1214 1707//1214 
f 1685//1214 1686//1214 1708//1214 
f 1703//1214 810//1214 813//1214 
f 1705//1214 1706//1214 1709//1214 
f 1706//1214 1707//1214 1710//1214 
f 1707//1214 1708//1214 1711//1214 
f 1712//1214 1709//1214 713//1214 
f 1709//1214 1710//1214 711//1214 
f 1710//1214 1711//1214 712//1214 
f 1708//1214 1079//1214 1080//1214 
f 1708//1214 1078//1214 1079//1214 
f 1708//1214 1076//1214 1077//1214 
f 1708//1214 1074//1214 1075//1214 
f 813//1214 1073//1214 1074//1214 
f 764//1214 1052//1214 1053//1214 
f 1077//1214 1078//1214 1708//1214 
f 1074//1214 1708//1214 813//1214 
f 813//1214 1070//1214 1071//1214 
f 776//1214 1060//1214 1061//1214 
f 774//1214 1059//1214 1060//1214 
f 772//1214 1058//1214 1059//1214 
f 765//1214 1053//1214 1054//1214 
f 764//1214 1051//1214 1052//1214 
f 1075//1214 1076//1214 1708//1214 
f 1071//1214 1072//1214 813//1214 
f 813//1214 1068//1214 1069//1214 
f 813//1214 1066//1214 1067//1214 
f 813//1214 778//1214 1063//1214 
f 1061//1214 778//1214 776//1214 
f 1059//1214 774//1214 772//1214 
f 772//1214 770//1214 1057//1214 
f 1053//1214 765//1214 764//1214 
f 764//1214 1049//1214 1050//1214 
f 1711//1214 1045//1214 1046//1214 
f 1711//1214 1038//1214 1039//1214 
f 1711//1214 1035//1214 1036//1214 
f 1708//1214 1087//1214 1088//1214 
f 1708//1214 1083//1214 1084//1214 
f 1072//1214 1073//1214 813//1214 
f 1067//1214 1068//1214 813//1214 
f 1063//1214 1064//1214 813//1214 
f 1061//1214 1062//1214 778//1214 
f 1057//1214 1058//1214 772//1214 
f 770//1214 768//1214 1056//1214 
f 768//1214 766//1214 1055//1214 
f 1050//1214 1051//1214 764//1214 
f 764//1214 1047//1214 1048//1214 
f 1046//1214 764//1214 1711//1214 
f 1039//1214 1040//1214 1711//1214 
f 1036//1214 1037//1214 1711//1214 
f 1711//1214 1708//1214 1032//1214 
f 1708//1214 1086//1214 1087//1214 
f 1084//1214 1085//1214 1708//1214 
f 1708//1214 1081//1214 1082//1214 
f 1069//1214 1070//1214 813//1214 
f 1064//1214 1065//1214 813//1214 
f 1060//1214 776//1214 774//1214 
f 1055//1214 1056//1214 768//1214 
f 1048//1214 1049//1214 764//1214 
f 1711//1214 1044//1214 1045//1214 
f 1040//1214 1041//1214 1711//1214 
f 1711//1214 1034//1214 1035//1214 
f 1032//1214 1031//1214 1711//1214 
f 1085//1214 1086//1214 1708//1214 
f 1080//1214 1081//1214 1708//1214 
f 1062//1214 1063//1214 778//1214 
f 766//1214 1054//1214 1055//1214 
f 1046//1214 1047//1214 764//1214 
f 1711//1214 1042//1214 1043//1214 
f 1037//1214 1038//1214 1711//1214 
f 1031//1214 1033//1214 1711//1214 
f 1082//1214 1083//1214 1708//1214 
f 1056//1214 1057//1214 770//1214 
f 1043//1214 1044//1214 1711//1214 
f 1033//1214 1034//1214 1711//1214 
f 1065//1214 1066//1214 813//1214 
f 1041//1214 1042//1214 1711//1214 
f 1054//1214 766//1214 765//1214 
f 1711//1214 753//1214 751//1214 
f 1711//1214 759//1214 757//1214 
f 751//1214 749//1214 1711//1214 
f 757//1214 755//1214 1711//1214 
f 755//1214 753//1214 1711//1214 
f 1711//1214 764//1214 761//1214 
f 761//1214 759//1214 1711//1214 
f 749//1214 715//1214 1711//1214 
f 1712//1214 703//1214 702//1214 
f 1712//1214 705//1214 704//1214 
f 1712//1214 708//1214 707//1214 
f 704//1214 703//1214 1712//1214 
f 707//1214 706//1214 1712//1214 
f 706//1214 705//1214 1712//1214 
f 1712//1214 709//1214 708//1214 
f 1712//1214 714//1214 709//1214 
f 1704//1214 605//1214 606//1214 
f 1712//1214 585//1214 586//1214 
f 1712//1214 580//1214 581//1214 
f 1712//1214 577//1214 578//1214 
f 1704//1214 607//1214 608//1214 
f 1704//1214 604//1214 605//1214 
f 1705//1214 600//1214 601//1214 
f 1712//1214 584//1214 585//1214 
f 1712//1214 579//1214 580//1214 
f 1712//1214 576//1214 577//1214 
f 606//1214 607//1214 1704//1214 
f 1704//1214 602//1214 603//1214 
f 601//1214 1704//1214 1705//1214 
f 1705//1214 586//1214 587//1214 
f 1712//1214 583//1214 584//1214 
f 581//1214 582//1214 1712//1214 
f 1712//1214 575//1214 576//1214 
f 603//1214 604//1214 1704//1214 
f 1705//1214 599//1214 600//1214 
f 1705//1214 596//1214 597//1214 
f 586//1214 1705//1214 1712//1214 
f 578//1214 579//1214 1712//1214 
f 601//1214 602//1214 1704//1214 
f 597//1214 598//1214 1705//1214 
f 1705//1214 592//1214 593//1214 
f 1705//1214 590//1214 591//1214 
f 1705//1214 588//1214 589//1214 
f 582//1214 583//1214 1712//1214 
f 598//1214 599//1214 1705//1214 
f 1705//1214 594//1214 595//1214 
f 591//1214 592//1214 1705//1214 
f 587//1214 588//1214 1705//1214 
f 595//1214 596//1214 1705//1214 
f 589//1214 590//1214 1705//1214 
f 1712//1214 701//1214 571//1214 
f 593//1214 594//1214 1705//1214 
f 1712//1214 573//1214 574//1214 
f 571//1214 572//1214 1712//1214 
f 701//1214 700//1214 564//1214 
f 574//1214 575//1214 1712//1214 
f 701//1214 570//1214 571//1214 
f 564//1214 565//1214 701//1214 
f 700//1214 1704//1214 558//1214 
f 572//1214 573//1214 1712//1214 
f 701//1214 568//1214 569//1214 
f 701//1214 566//1214 567//1214 
f 700//1214 563//1214 564//1214 
f 700//1214 560//1214 561//1214 
f 558//1214 557//1214 700//1214 
f 1704//1214 613//1214 614//1214 
f 1704//1214 611//1214 612//1214 
f 569//1214 570//1214 701//1214 
f 565//1214 566//1214 701//1214 
f 561//1214 562//1214 700//1214 
f 557//1214 559//1214 700//1214 
f 612//1214 613//1214 1704//1214 
f 1704//1214 609//1214 610//1214 
f 567//1214 568//1214 701//1214 
f 559//1214 560//1214 700//1214 
f 610//1214 611//1214 1704//1214 
f 562//1214 563//1214 700//1214 
f 608//1214 609//1214 1704//1214 
f 1704//1214 695//1214 694//1214 
f 1704//1214 698//1214 697//1214 
f 1704//1214 700//1214 699//1214 
f 1704//1214 696//1214 695//1214 
f 699//1214 698//1214 1704//1214 
f 697//1214 696//1214 1704//1214 
f 694//1214 693//1214 1704//1214 
f 693//1214 670//1214 1704//1214 
f 1692//1214 682//1214 681//1214 
f 1692//1214 684//1214 683//1214 
f 683//1214 682//1214 1692//1214 
f 681//1214 680//1214 1692//1214 
f 1692//1214 686//1214 685//1214 
f 685//1214 684//1214 1692//1214 
f 1692//1214 669//1214 686//1214 
f 1692//1214 668//1214 669//1214 
f 1694//1214 38//1214 40//1214 
f 1694//1214 1692//1214 28//1214 
f 678//1214 100//1214 102//1214 
f 677//1214 98//1214 100//1214 
f 1694//1214 58//1214 60//1214 
f 1694//1214 54//1214 56//1214 
f 1694//1214 46//1214 48//1214 
f 1694//1214 42//1214 44//1214 
f 1694//1214 36//1214 38//1214 
f 1694//1214 32//1214 34//1214 
f 28//1214 30//1214 1694//1214 
f 100//1214 678//1214 677//1214 
f 677//1214 676//1214 96//1214 
f 676//1214 675//1214 94//1214 
f 60//1214 688//1214 1694//1214 
f 1694//1214 52//1214 54//1214 
f 44//1214 46//1214 1694//1214 
f 34//1214 36//1214 1694//1214 
f 1692//1214 26//1214 28//1214 
f 1692//1214 16//1214 18//1214 
f 102//1214 679//1214 678//1214 
f 94//1214 96//1214 676//1214 
f 675//1214 674//1214 92//1214 
f 673//1214 88//1214 90//1214 
f 672//1214 86//1214 88//1214 
f 688//1214 74//1214 76//1214 
f 56//1214 58//1214 1694//1214 
f 48//1214 50//1214 1694//1214 
f 30//1214 32//1214 1694//1214 
f 1692//1214 22//1214 24//1214 
f 18//1214 20//1214 1692//1214 
f 1692//1214 12//1214 14//1214 
f 96//1214 98//1214 677//1214 
f 674//1214 90//1214 92//1214 
f 88//1214 673//1214 672//1214 
f 671//1214 84//1214 86//1214 
f 76//1214 78//1214 688//1214 
f 688//1214 70//1214 72//1214 
f 688//1214 62//1214 64//1214 
f 50//1214 52//1214 1694//1214 
f 24//1214 26//1214 1692//1214 
f 14//1214 16//1214 1692//1214 
f 92//1214 94//1214 675//1214 
f 86//1214 672//1214 671//1214 
f 671//1214 688//1214 80//1214 
f 72//1214 74//1214 688//1214 
f 688//1214 66//1214 68//1214 
f 60//1214 62//1214 688//1214 
f 20//1214 22//1214 1692//1214 
f 679//1214 114//1214 2//1214 
f 90//1214 674//1214 673//1214 
f 80//1214 82//1214 671//1214 
f 68//1214 70//1214 688//1214 
f 40//1214 42//1214 1694//1214 
f 1692//1214 6//1214 8//1214 
f 1692//1214 2//1214 1//1214 
f 679//1214 112//1214 114//1214 
f 679//1214 108//1214 110//1214 
f 82//1214 84//1214 671//1214 
f 64//1214 66//1214 688//1214 
f 8//1214 10//1214 1692//1214 
f 1//1214 4//1214 1692//1214 
f 110//1214 112//1214 679//1214 
f 679//1214 104//1214 106//1214 
f 78//1214 80//1214 688//1214 
f 4//1214 6//1214 1692//1214 
f 106//1214 108//1214 679//1214 
f 10//1214 12//1214 1692//1214 
f 102//1214 104//1214 679//1214 
f 691//1214 1389//1214 1390//1214 
f 691//1214 1391//1214 1392//1214 
f 691//1214 1388//1214 1389//1214 
f 692//1214 1387//1214 1388//1214 
f 692//1214 808//1214 1385//1214 
f 808//1214 806//1214 1384//1214 
f 1390//1214 1391//1214 691//1214 
f 692//1214 1386//1214 1387//1214 
f 1384//1214 1385//1214 808//1214 
f 806//1214 804//1214 1383//1214 
f 798//1214 796//1214 1378//1214 
f 796//1214 794//1214 1377//1214 
f 786//1214 784//1214 1371//1214 
f 784//1214 782//1214 1370//1214 
f 782//1214 781//1214 1369//1214 
f 812//1214 1360//1214 1361//1214 
f 1691//1214 691//1214 1398//1214 
f 1388//1214 691//1214 692//1214 
f 1383//1214 1384//1214 806//1214 
f 802//1214 1381//1214 1382//1214 
f 800//1214 1380//1214 1381//1214 
f 798//1214 1379//1214 1380//1214 
f 1377//1214 1378//1214 796//1214 
f 794//1214 792//1214 1376//1214 
f 790//1214 1374//1214 1375//1214 
f 788//1214 1373//1214 1374//1214 
f 786//1214 1372//1214 1373//1214 
f 1370//1214 1371//1214 784//1214 
f 781//1214 1368//1214 1369//1214 
f 812//1214 1362//1214 1363//1214 
f 812//1214 1359//1214 1360//1214 
f 812//1214 1691//1214 1356//1214 
f 1691//1214 1349//1214 1350//1214 
f 1691//1214 1345//1214 1346//1214 
f 691//1214 1397//1214 1398//1214 
f 691//1214 1393//1214 1394//1214 
f 1385//1214 1386//1214 692//1214 
f 1382//1214 804//1214 802//1214 
f 1380//1214 800//1214 798//1214 
f 1376//1214 1377//1214 794//1214 
f 1374//1214 790//1214 788//1214 
f 1371//1214 1372//1214 786//1214 
f 781//1214 1367//1214 1368//1214 
f 812//1214 1366//1214 1367//1214 
f 1361//1214 1362//1214 812//1214 
f 812//1214 1357//1214 1358//1214 
f 1691//1214 1355//1214 1356//1214 
f 1691//1214 1348//1214 1349//1214 
f 1346//1214 1347//1214 1691//1214 
f 691//1214 1396//1214 1397//1214 
f 1394//1214 1395//1214 691//1214 
f 1382//1214 1383//1214 804//1214 
f 1378//1214 1379//1214 798//1214 
f 1375//1214 792//1214 790//1214 
f 1369//1214 1370//1214 782//1214 
f 812//1214 1365//1214 1366//1214 
f 1358//1214 1359//1214 812//1214 
f 1691//1214 1354//1214 1355//1214 
f 1350//1214 1351//1214 1691//1214 
f 1691//1214 1344//1214 1345//1214 
f 1691//1214 1342//1214 1341//1214 
f 1395//1214 1396//1214 691//1214 
f 1381//1214 802//1214 800//1214 
f 1373//1214 788//1214 786//1214 
f 812//1214 1364//1214 1365//1214 
f 1356//1214 1357//1214 812//1214 
f 1691//1214 1352//1214 1353//1214 
f 1347//1214 1348//1214 1691//1214 
f 1341//1214 1343//1214 1691//1214 
f 1392//1214 1393//1214 691//1214 
f 1367//1214 781//1214 812//1214 
f 1353//1214 1354//1214 1691//1214 
f 1343//1214 1344//1214 1691//1214 
f 1375//1214 1376//1214 792//1214 
f 1351//1214 1352//1214 1691//1214 
f 1363//1214 1364//1214 812//1214 
f 1398//1214 1342//1214 1691//1214 
f 2//1214 1692//1214 679//1214 
f 680//1214 679//1214 1692//1214 
f 670//1214 666//1214 1704//1214 
f 614//1214 558//1214 1704//1214 
f 702//1214 701//1214 1712//1214 
f 715//1214 712//1214 1711//1214 
f 1088//1214 1032//1214 1708//1214 
f 712//1214 711//1214 1710//1214 
f 711//1214 713//1214 1709//1214 
f 713//1214 714//1214 1712//1214 
f 1711//1214 1710//1214 1707//1214 
f 1710//1214 1709//1214 1706//1214 
f 1709//1214 1712//1214 1705//1214 
f 813//1214 1708//1214 1703//1214 
f 1682//1214 1687//1214 1707//1214 
f 1707//1214 1706//1214 1701//1214 
f 1624//1214 1629//1214 1705//1214 
f 1705//1214 1704//1214 1699//1214 
f 1704//1214 666//1214 665//1214 
f 810//1214 1703//1214 1698//1214 
f 1703//1214 1702//1214 1697//1214 
f 1526//1214 1568//1214 1696//1214 
f 1701//1214 1700//1214 1695//1214 
f 1700//1214 1699//1214 1693//1214 
f 1699//1214 665//1214 667//1214 
f 811//1214 1698//1214 1691//1214 
f 1510//1214 1513//1214 1690//1214 
f 1697//1214 1696//1214 1689//1214 
f 1450//1214 1456//1214 1694//1214 
f 1695//1214 1693//1214 1692//1214 
f 1693//1214 667//1214 668//1214 
f 1691//1214 1690//1214 690//1214 
f 1690//1214 1689//1214 687//1214 
f 1689//1214 1694//1214 688//1214 
o mesh81
f 1630//1215 1629//1216 1713//1216 
f 1621//1217 1630//1215 1714//1218 
f 1622//1219 1621//1217 1715//1220 
f 1619//1221 1622//1219 1716//1222 
f 1620//1223 1619//1221 1717//1224 
f 1617//1225 1620//1223 1718//1226 
f 1617//1225 1719//1225 1720//1227 
f 1720//1227 1618//1228 1617//1225 
f 1618//1228 1721//1228 1722//1229 
f 1722//1229 1615//1230 1618//1228 
f 1616//1231 1615//1230 1723//1230 
f 1589//1232 1616//1231 1724//1231 
f 1590//1233 1589//1232 1725//1232 
f 1586//1234 1590//1233 1726//1233 
f 1587//1235 1586//1234 1727//1234 
f 1585//1236 1587//1235 1728//1235 
f 1573//1237 1585//1236 1729//1236 
f 1574//1238 1573//1237 1730//1237 
f 1577//1239 1574//1238 1731//1238 
f 1578//1240 1577//1239 1732//1239 
f 1601//1241 1578//1240 1733//1240 
f 1602//1242 1601//1241 1734//1241 
f 1599//1243 1602//1242 1735//1242 
f 1600//1244 1599//1243 1736//1243 
f 1600//1244 1737//1244 1738//1245 
f 1738//1245 1597//1246 1600//1244 
f 1598//1247 1597//1246 1739//1246 
f 1613//1248 1598//1247 1740//1247 
f 1614//1249 1613//1248 1741//1248 
f 1625//1250 1614//1249 1742//1249 
f 1626//1251 1625//1250 1743//1250 
f 1627//1252 1626//1251 1744//1251 
f 1628//1253 1627//1252 1745//1252 
f 1611//1254 1628//1253 1746//1253 
f 1612//1255 1611//1254 1747//1254 
f 1609//1256 1612//1255 1748//1255 
f 1610//1257 1609//1256 1749//1256 
f 1607//1258 1610//1257 1750//1257 
f 1608//1259 1607//1258 1751//1258 
f 1605//1260 1608//1259 1752//1259 
f 1606//1261 1605//1260 1753//1260 
f 1588//1262 1606//1261 1754//1261 
f 1584//1263 1588//1262 1755//1262 
f 1580//1264 1584//1263 1756//1263 
f 1581//1265 1580//1264 1757//1264 
f 1579//1266 1581//1265 1758//1265 
f 1575//1267 1579//1266 1759//1266 
f 1576//1268 1575//1267 1760//1267 
f 1582//1269 1576//1268 1761//1268 
f 1583//1270 1582//1269 1762//1269 
f 1595//1271 1583//1270 1763//1270 
f 1596//1272 1595//1271 1764//1271 
f 1593//1273 1596//1272 1765//1272 
f 1594//1274 1593//1273 1766//1275 
f 1593//1273 1767//1276 1766//1275 
f 1591//1277 1594//1274 1768//1278 
f 1592//1279 1591//1277 1769//1280 
f 1603//1281 1592//1279 1770//1282 
f 1604//1283 1603//1281 1771//1284 
f 1623//1285 1604//1283 1772//1286 
f 1624//1287 1623//1285 1773//1288 
f 1629//1216 1624//1287 1774//1287 
f 1774//1287 1713//1216 1629//1216 
f 1773//1288 1774//1287 1624//1287 
f 1772//1286 1773//1288 1623//1285 
f 1771//1284 1772//1286 1604//1283 
f 1770//1282 1771//1284 1603//1281 
f 1769//1280 1770//1282 1592//1279 
f 1768//1278 1769//1280 1591//1277 
f 1766//1275 1768//1278 1594//1274 
f 1765//1272 1767//1276 1593//1273 
f 1764//1271 1765//1272 1596//1272 
f 1763//1270 1764//1271 1595//1271 
f 1762//1269 1763//1270 1583//1270 
f 1761//1268 1762//1269 1582//1269 
f 1760//1267 1761//1268 1576//1268 
f 1759//1266 1760//1267 1575//1267 
f 1758//1265 1759//1266 1579//1266 
f 1757//1264 1758//1265 1581//1265 
f 1756//1263 1757//1264 1580//1264 
f 1755//1262 1756//1263 1584//1263 
f 1754//1261 1755//1262 1588//1262 
f 1753//1260 1754//1261 1606//1261 
f 1752//1259 1753//1260 1605//1260 
f 1751//1258 1752//1259 1608//1259 
f 1750//1257 1751//1258 1607//1258 
f 1749//1256 1750//1257 1610//1257 
f 1748//1255 1749//1256 1609//1256 
f 1747//1254 1748//1255 1612//1255 
f 1746//1253 1747//1254 1611//1254 
f 1745//1252 1746//1253 1628//1253 
f 1744//1251 1745//1252 1627//1252 
f 1743//1250 1744//1251 1626//1251 
f 1742//1249 1743//1250 1625//1250 
f 1741//1248 1742//1249 1614//1249 
f 1740//1247 1741//1248 1613//1248 
f 1739//1246 1740//1247 1598//1247 
f 1738//1245 1739//1246 1597//1246 
f 1736//1243 1737//1244 1600//1244 
f 1735//1242 1736//1243 1599//1243 
f 1734//1241 1735//1242 1602//1242 
f 1733//1240 1734//1241 1601//1241 
f 1732//1239 1733//1240 1578//1240 
f 1731//1238 1732//1239 1577//1239 
f 1730//1237 1731//1238 1574//1238 
f 1729//1236 1730//1237 1573//1237 
f 1728//1235 1729//1236 1585//1236 
f 1727//1234 1728//1235 1587//1235 
f 1726//1233 1727//1234 1586//1234 
f 1725//1232 1726//1233 1590//1233 
f 1724//1231 1725//1232 1589//1232 
f 1723//1230 1724//1231 1616//1231 
f 1722//1229 1723//1230 1615//1230 
f 1720//1227 1721//1228 1618//1228 
f 1718//1226 1719//1225 1617//1225 
f 1717//1224 1718//1226 1620//1223 
f 1716//1222 1717//1224 1619//1221 
f 1715//1220 1716//1222 1622//1219 
f 1714//1218 1715//1220 1621//1217 
f 1713//1216 1714//1218 1630//1215 
o mesh82
f 1453//1289 1456//1290 1775//1290 
f 1447//1291 1453//1289 1776//1292 
f 1448//1293 1447//1291 1777//1294 
f 1443//1295 1448//1293 1778//1296 
f 1444//1297 1443//1295 1779//1298 
f 1441//1299 1444//1297 1780//1300 
f 1442//1301 1441//1299 1781//1302 
f 1442//1301 1782//1301 1783//1303 
f 1783//1303 1439//1304 1442//1301 
f 1440//1305 1439//1304 1784//1304 
f 1415//1306 1440//1305 1785//1305 
f 1416//1307 1415//1306 1786//1306 
f 1411//1308 1416//1307 1787//1307 
f 1412//1309 1411//1308 1788//1308 
f 1410//1310 1412//1309 1789//1309 
f 1405//1311 1410//1310 1790//1310 
f 1406//1312 1405//1311 1791//1311 
f 1399//1313 1406//1312 1792//1312 
f 1404//1314 1399//1313 1793//1313 
f 1428//1315 1404//1314 1794//1314 
f 1429//1316 1428//1315 1795//1315 
f 1426//1317 1429//1316 1796//1316 
f 1427//1318 1426//1317 1797//1317 
f 1424//1319 1427//1318 1798//1318 
f 1425//1320 1424//1319 1799//1319 
f 1438//1321 1425//1320 1800//1320 
f 1423//1322 1438//1321 1801//1321 
f 1451//1323 1423//1322 1802//1322 
f 1452//1324 1451//1323 1803//1323 
f 1454//1325 1452//1324 1804//1324 
f 1455//1326 1454//1325 1805//1325 
f 1445//1327 1455//1326 1806//1326 
f 1446//1328 1445//1327 1807//1327 
f 1436//1329 1446//1328 1808//1328 
f 1437//1330 1436//1329 1809//1329 
f 1434//1331 1437//1330 1810//1330 
f 1434//1331 1811//1331 1812//1332 
f 1812//1332 1435//1333 1434//1331 
f 1432//1334 1435//1333 1813//1333 
f 1433//1335 1432//1334 1814//1334 
f 1413//1336 1433//1335 1815//1335 
f 1414//1337 1413//1336 1816//1336 
f 1402//1338 1414//1337 1817//1337 
f 1403//1339 1402//1338 1818//1338 
f 1407//1340 1403//1339 1819//1339 
f 1400//1341 1407//1340 1820//1340 
f 1401//1342 1400//1341 1821//1341 
f 1408//1343 1401//1342 1822//1342 
f 1409//1344 1408//1343 1823//1343 
f 1421//1345 1409//1344 1824//1344 
f 1422//1346 1421//1345 1825//1345 
f 1419//1347 1422//1346 1826//1346 
f 1420//1348 1419//1347 1827//1349 
f 1419//1347 1828//1350 1827//1349 
f 1420//1348 1829//1351 1830//1352 
f 1830//1352 1417//1353 1420//1348 
f 1418//1354 1417//1353 1831//1353 
f 1430//1355 1418//1354 1832//1354 
f 1431//1356 1430//1355 1833//1355 
f 1449//1357 1431//1356 1834//1356 
f 1450//1358 1449//1357 1835//1357 
f 1456//1290 1450//1358 1836//1358 
f 1836//1358 1775//1290 1456//1290 
f 1835//1357 1836//1358 1450//1358 
f 1834//1356 1835//1357 1449//1357 
f 1833//1355 1834//1356 1431//1356 
f 1832//1354 1833//1355 1430//1355 
f 1831//1353 1832//1354 1418//1354 
f 1830//1352 1831//1353 1417//1353 
f 1827//1349 1829//1351 1420//1348 
f 1826//1346 1828//1350 1419//1347 
f 1825//1345 1826//1346 1422//1346 
f 1824//1344 1825//1345 1421//1345 
f 1823//1343 1824//1344 1409//1344 
f 1822//1342 1823//1343 1408//1343 
f 1821//1341 1822//1342 1401//1342 
f 1820//1340 1821//1341 1400//1341 
f 1819//1339 1820//1340 1407//1340 
f 1818//1338 1819//1339 1403//1339 
f 1817//1337 1818//1338 1402//1338 
f 1816//1336 1817//1337 1414//1337 
f 1815//1335 1816//1336 1413//1336 
f 1814//1334 1815//1335 1433//1335 
f 1813//1333 1814//1334 1432//1334 
f 1812//1332 1813//1333 1435//1333 
f 1810//1330 1811//1331 1434//1331 
f 1809//1329 1810//1330 1437//1330 
f 1808//1328 1809//1329 1436//1329 
f 1807//1327 1808//1328 1446//1328 
f 1806//1326 1807//1327 1445//1327 
f 1805//1325 1806//1326 1455//1326 
f 1804//1324 1805//1325 1454//1325 
f 1803//1323 1804//1324 1452//1324 
f 1802//1322 1803//1323 1451//1323 
f 1801//1321 1802//1322 1423//1322 
f 1800//1320 1801//1321 1438//1321 
f 1799//1319 1800//1320 1425//1320 
f 1798//1318 1799//1319 1424//1319 
f 1797//1317 1798//1318 1427//1318 
f 1796//1316 1797//1317 1426//1317 
f 1795//1315 1796//1316 1429//1316 
f 1794//1314 1795//1315 1428//1315 
f 1793//1313 1794//1314 1404//1314 
f 1792//1312 1793//1313 1399//1313 
f 1791//1311 1792//1312 1406//1312 
f 1790//1310 1791//1311 1405//1311 
f 1789//1309 1790//1310 1410//1310 
f 1788//1308 1789//1309 1412//1309 
f 1787//1307 1788//1308 1411//1308 
f 1786//1306 1787//1307 1416//1307 
f 1785//1305 1786//1306 1415//1306 
f 1784//1304 1785//1305 1440//1305 
f 1783//1303 1784//1304 1439//1304 
f 1781//1302 1782//1301 1442//1301 
f 1780//1300 1781//1302 1441//1299 
f 1779//1298 1780//1300 1444//1297 
f 1778//1296 1779//1298 1443//1295 
f 1777//1294 1778//1296 1448//1293 
f 1776//1292 1777//1294 1447//1291 
f 1775//1290 1776//1292 1453//1289 
o mesh83
f 1514//1359 1513//1360 1837//1360 
f 1503//1361 1514//1359 1838//1362 
f 1504//1363 1503//1361 1839//1364 
f 1501//1365 1504//1363 1840//1366 
f 1502//1367 1501//1365 1841//1368 
f 1499//1369 1502//1367 1842//1370 
f 1500//1371 1499//1369 1843//1372 
f 1497//1373 1500//1371 1844//1374 
f 1498//1375 1497//1373 1845//1376 
f 1474//1377 1498//1375 1846//1378 
f 1471//1379 1474//1377 1847//1380 
f 1469//1381 1471//1379 1848//1382 
f 1470//1383 1469//1381 1849//1384 
f 1468//1385 1470//1383 1850//1386 
f 1461//1387 1468//1385 1851//1388 
f 1462//1389 1461//1387 1852//1390 
f 1459//1391 1462//1389 1853//1392 
f 1460//1393 1459//1391 1854//1394 
f 1485//1395 1460//1393 1855//1396 
f 1486//1397 1485//1395 1856//1398 
f 1483//1399 1486//1397 1857//1400 
f 1484//1401 1483//1399 1858//1402 
f 1483//1399 1859//1403 1858//1402 
f 1481//1404 1484//1401 1860//1405 
f 1482//1406 1481//1404 1861//1407 
f 1495//1408 1482//1406 1862//1409 
f 1496//1410 1495//1408 1863//1411 
f 1507//1412 1496//1410 1864//1413 
f 1508//1414 1507//1412 1865//1415 
f 1511//1416 1508//1414 1866//1417 
f 1512//1418 1511//1416 1867//1419 
f 1505//1420 1512//1418 1868//1421 
f 1506//1422 1505//1420 1869//1423 
f 1493//1424 1506//1422 1870//1425 
f 1494//1426 1493//1424 1871//1427 
f 1491//1428 1494//1426 1872//1429 
f 1491//1428 1873//1428 1874//1430 
f 1874//1430 1492//1431 1491//1428 
f 1492//1431 1875//1431 1876//1432 
f 1876//1432 1489//1433 1492//1431 
f 1490//1434 1489//1433 1877//1433 
f 1472//1435 1490//1434 1878//1434 
f 1473//1436 1472//1435 1879//1435 
f 1464//1437 1473//1436 1880//1436 
f 1465//1438 1464//1437 1881//1437 
f 1463//1439 1465//1438 1882//1438 
f 1457//1440 1463//1439 1883//1439 
f 1458//1441 1457//1440 1884//1440 
f 1466//1442 1458//1441 1885//1441 
f 1467//1443 1466//1442 1886//1442 
f 1479//1444 1467//1443 1887//1443 
f 1480//1445 1479//1444 1888//1444 
f 1477//1446 1480//1445 1889//1445 
f 1478//1447 1477//1446 1890//1446 
f 1478//1447 1891//1447 1892//1448 
f 1892//1448 1475//1449 1478//1447 
f 1476//1450 1475//1449 1893//1449 
f 1487//1451 1476//1450 1894//1450 
f 1488//1452 1487//1451 1895//1451 
f 1509//1453 1488//1452 1896//1452 
f 1510//1454 1509//1453 1897//1453 
f 1513//1360 1510//1454 1898//1454 
f 1898//1454 1837//1360 1513//1360 
f 1897//1453 1898//1454 1510//1454 
f 1896//1452 1897//1453 1509//1453 
f 1895//1451 1896//1452 1488//1452 
f 1894//1450 1895//1451 1487//1451 
f 1893//1449 1894//1450 1476//1450 
f 1892//1448 1893//1449 1475//1449 
f 1890//1446 1891//1447 1478//1447 
f 1889//1445 1890//1446 1477//1446 
f 1888//1444 1889//1445 1480//1445 
f 1887//1443 1888//1444 1479//1444 
f 1886//1442 1887//1443 1467//1443 
f 1885//1441 1886//1442 1466//1442 
f 1884//1440 1885//1441 1458//1441 
f 1883//1439 1884//1440 1457//1440 
f 1882//1438 1883//1439 1463//1439 
f 1881//1437 1882//1438 1465//1438 
f 1880//1436 1881//1437 1464//1437 
f 1879//1435 1880//1436 1473//1436 
f 1878//1434 1879//1435 1472//1435 
f 1877//1433 1878//1434 1490//1434 
f 1876//1432 1877//1433 1489//1433 
f 1874//1430 1875//1431 1492//1431 
f 1872//1429 1873//1428 1491//1428 
f 1871//1427 1872//1429 1494//1426 
f 1870//1425 1871//1427 1493//1424 
f 1869//1423 1870//1425 1506//1422 
f 1868//1421 1869//1423 1505//1420 
f 1867//1419 1868//1421 1512//1418 
f 1866//1417 1867//1419 1511//1416 
f 1865//1415 1866//1417 1508//1414 
f 1864//1413 1865//1415 1507//1412 
f 1863//1411 1864//1413 1496//1410 
f 1862//1409 1863//1411 1495//1408 
f 1861//1407 1862//1409 1482//1406 
f 1860//1405 1861//1407 1481//1404 
f 1858//1402 1860//1405 1484//1401 
f 1857//1400 1859//1403 1483//1399 
f 1856//1398 1857//1400 1486//1397 
f 1855//1396 1856//1398 1485//1395 
f 1854//1394 1855//1396 1460//1393 
f 1853//1392 1854//1394 1459//1391 
f 1852//1390 1853//1392 1462//1389 
f 1851//1388 1852//1390 1461//1387 
f 1850//1386 1851//1388 1468//1385 
f 1849//1384 1850//1386 1470//1383 
f 1848//1382 1849//1384 1469//1381 
f 1847//1380 1848//1382 1471//1379 
f 1846//1378 1847//1380 1474//1377 
f 1845//1376 1846//1378 1498//1375 
f 1844//1374 1845//1376 1497//1373 
f 1843//1372 1844//1374 1500//1371 
f 1842//1370 1843//1372 1499//1369 
f 1841//1368 1842//1370 1502//1367 
f 1840//1366 1841//1368 1501//1365 
f 1839//1364 1840//1366 1504//1363 
f 1838//1362 1839//1364 1503//1361 
f 1837//1360 1838//1362 1514//1359 
o mesh84
f 1688//1455 1687//1456 1899//1456 
f 1679//1457 1688//1455 1900//1458 
f 1680//1459 1679//1457 1901//1460 
f 1675//1461 1680//1459 1902//1462 
f 1676//1463 1675//1461 1903//1464 
f 1673//1465 1676//1463 1904//1466 
f 1673//1465 1905//1465 1906//1467 
f 1906//1467 1674//1468 1673//1465 
f 1671//1469 1674//1468 1907//1468 
f 1672//1470 1671//1469 1908//1469 
f 1647//1471 1672//1470 1909//1470 
f 1648//1472 1647//1471 1910//1471 
f 1641//1473 1648//1472 1911//1472 
f 1642//1474 1641//1473 1912//1473 
f 1644//1475 1642//1474 1913//1474 
f 1635//1476 1644//1475 1914//1475 
f 1636//1477 1635//1476 1915//1476 
f 1633//1478 1636//1477 1916//1477 
f 1634//1479 1633//1478 1917//1478 
f 1660//1480 1634//1479 1918//1479 
f 1661//1481 1660//1480 1919//1480 
f 1658//1482 1661//1481 1920//1481 
f 1659//1483 1658//1482 1921//1484 
f 1658//1482 1922//1485 1921//1484 
f 1659//1483 1923//1486 1924//1487 
f 1924//1487 1656//1488 1659//1483 
f 1657//1489 1656//1488 1925//1488 
f 1669//1490 1657//1489 1926//1489 
f 1670//1491 1669//1490 1927//1490 
f 1684//1492 1670//1491 1928//1491 
f 1685//1493 1684//1492 1929//1492 
f 1686//1494 1685//1493 1930//1493 
f 1683//1495 1686//1494 1931//1494 
f 1677//1496 1683//1495 1932//1495 
f 1678//1497 1677//1496 1933//1496 
f 1667//1498 1678//1497 1934//1497 
f 1668//1499 1667//1498 1935//1498 
f 1665//1500 1668//1499 1936//1499 
f 1666//1501 1665//1500 1937//1500 
f 1666//1501 1938//1501 1939//1502 
f 1939//1502 1663//1503 1666//1501 
f 1664//1504 1663//1503 1940//1503 
f 1645//1505 1664//1504 1941//1504 
f 1646//1506 1645//1505 1942//1505 
f 1639//1507 1646//1506 1943//1506 
f 1640//1508 1639//1507 1944//1507 
f 1638//1509 1640//1508 1945//1508 
f 1631//1510 1638//1509 1946//1509 
f 1632//1511 1631//1510 1947//1510 
f 1637//1512 1632//1511 1948//1511 
f 1643//1513 1637//1512 1949//1512 
f 1654//1514 1643//1513 1950//1513 
f 1655//1515 1654//1514 1951//1514 
f 1652//1516 1655//1515 1952//1515 
f 1653//1517 1652//1516 1953//1516 
f 1650//1518 1653//1517 1954//1517 
f 1651//1519 1650//1518 1955//1518 
f 1662//1520 1651//1519 1956//1519 
f 1649//1521 1662//1520 1957//1520 
f 1681//1522 1649//1521 1958//1521 
f 1682//1523 1681//1522 1959//1522 
f 1687//1456 1682//1523 1960//1523 
f 1960//1523 1899//1456 1687//1456 
f 1959//1522 1960//1523 1682//1523 
f 1958//1521 1959//1522 1681//1522 
f 1957//1520 1958//1521 1649//1521 
f 1956//1519 1957//1520 1662//1520 
f 1955//1518 1956//1519 1651//1519 
f 1954//1517 1955//1518 1650//1518 
f 1953//1516 1954//1517 1653//1517 
f 1952//1515 1953//1516 1652//1516 
f 1951//1514 1952//1515 1655//1515 
f 1950//1513 1951//1514 1654//1514 
f 1949//1512 1950//1513 1643//1513 
f 1948//1511 1949//1512 1637//1512 
f 1947//1510 1948//1511 1632//1511 
f 1946//1509 1947//1510 1631//1510 
f 1945//1508 1946//1509 1638//1509 
f 1944//1507 1945//1508 1640//1508 
f 1943//1506 1944//1507 1639//1507 
f 1942//1505 1943//1506 1646//1506 
f 1941//1504 1942//1505 1645//1505 
f 1940//1503 1941//1504 1664//1504 
f 1939//1502 1940//1503 1663//1503 
f 1937//1500 1938//1501 1666//1501 
f 1936//1499 1937//1500 1665//1500 
f 1935//1498 1936//1499 1668//1499 
f 1934//1497 1935//1498 1667//1498 
f 1933//1496 1934//1497 1678//1497 
f 1932//1495 1933//1496 1677//1496 
f 1931//1494 1932//1495 1683//1495 
f 1930//1493 1931//1494 1686//1494 
f 1929//1492 1930//1493 1685//1493 
f 1928//1491 1929//1492 1684//1492 
f 1927//1490 1928//1491 1670//1491 
f 1926//1489 1927//1490 1669//1490 
f 1925//1488 1926//1489 1657//1489 
f 1924//1487 1925//1488 1656//1488 
f 1921//1484 1923//1486 1659//1483 
f 1920//1481 1922//1485 1658//1482 
f 1919//1480 1920//1481 1661//1481 
f 1918//1479 1919//1480 1660//1480 
f 1917//1478 1918//1479 1634//1479 
f 1916//1477 1917//1478 1633//1478 
f 1915//1476 1916//1477 1636//1477 
f 1914//1475 1915//1476 1635//1476 
f 1913//1474 1914//1475 1644//1475 
f 1912//1473 1913//1474 1642//1474 
f 1911//1472 1912//1473 1641//1473 
f 1910//1471 1911//1472 1648//1472 
f 1909//1470 1910//1471 1647//1471 
f 1908//1469 1909//1470 1672//1470 
f 1907//1468 1908//1469 1671//1469 
f 1906//1467 1907//1468 1674//1468 
f 1904//1466 1905//1465 1673//1465 
f 1903//1464 1904//1466 1676//1463 
f 1902//1462 1903//1464 1675//1461 
f 1901//1460 1902//1462 1680//1459 
f 1900//1458 1901//1460 1679//1457 
f 1899//1456 1900//1458 1688//1455 
o mesh85
f 1571//1524 1568//1525 1961//1525 
f 1570//1526 1571//1524 1962//1527 
f 1567//1528 1570//1526 1963//1529 
f 1557//1530 1567//1528 1964//1531 
f 1558//1532 1557//1530 1965//1533 
f 1555//1534 1558//1532 1966//1535 
f 1556//1536 1555//1534 1967//1537 
f 1554//1538 1556//1536 1968//1539 
f 1545//1540 1554//1538 1969//1541 
f 1546//1542 1545//1540 1970//1543 
f 1566//1544 1546//1542 1971//1545 
f 1552//1546 1566//1544 1972//1547 
f 1553//1548 1552//1546 1973//1549 
f 1551//1550 1553//1548 1974//1551 
f 1565//1552 1551//1550 1975//1553 
f 1563//1554 1565//1552 1976//1555 
f 1564//1556 1563//1554 1977//1557 
f 1572//1558 1564//1556 1978//1559 
f 1569//1560 1572//1558 1979//1561 
f 1561//1562 1569//1560 1980//1563 
f 1562//1564 1561//1562 1981//1565 
f 1549//1566 1562//1564 1982//1567 
f 1550//1568 1549//1566 1983//1569 
f 1547//1570 1550//1568 1984//1571 
f 1548//1572 1547//1570 1985//1573 
f 1543//1574 1548//1572 1986//1575 
f 1544//1576 1543//1574 1987//1577 
f 1537//1578 1544//1576 1988//1579 
f 1535//1580 1537//1578 1989//1581 
f 1536//1582 1535//1580 1990//1583 
f 1541//1584 1536//1582 1991//1585 
f 1542//1586 1541//1584 1992//1587 
f 1533//1588 1542//1586 1993//1589 
f 1534//1590 1533//1588 1994//1591 
f 1532//1592 1534//1590 1995//1593 
f 1525//1594 1532//1592 1996//1595 
f 1515//1596 1525//1594 1997//1597 
f 1516//1598 1515//1596 1998//1599 
f 1517//1600 1516//1598 1999//1601 
f 1559//1602 1517//1600 2000//1603 
f 1560//1604 1559//1602 2001//1605 
f 1540//1606 1560//1604 2002//1607 
f 1524//1608 1540//1606 2003//1609 
f 1531//1610 1524//1608 2004//1611 
f 1539//1612 1531//1610 2005//1613 
f 1529//1614 1539//1612 2006//1615 
f 1530//1616 1529//1614 2007//1617 
f 1528//1618 1530//1616 2008//1619 
f 1522//1620 1528//1618 2009//1621 
f 1523//1622 1522//1620 2010//1623 
f 1527//1624 1523//1622 2011//1625 
f 1520//1626 1527//1624 2012//1627 
f 1521//1628 1520//1626 2013//1629 
f 1538//1630 1521//1628 2014//1631 
f 1518//1632 1538//1630 2015//1633 
f 1519//1634 1518//1632 2016//1635 
f 1526//1636 1519//1634 2017//1637 
f 1568//1525 1526//1636 2018//1636 
f 2018//1636 1961//1525 1568//1525 
f 2017//1637 2018//1636 1526//1636 
f 2016//1635 2017//1637 1519//1634 
f 2015//1633 2016//1635 1518//1632 
f 2014//1631 2015//1633 1538//1630 
f 2013//1629 2014//1631 1521//1628 
f 2012//1627 2013//1629 1520//1626 
f 2011//1625 2012//1627 1527//1624 
f 2010//1623 2011//1625 1523//1622 
f 2009//1621 2010//1623 1522//1620 
f 2008//1619 2009//1621 1528//1618 
f 2007//1617 2008//1619 1530//1616 
f 2006//1615 2007//1617 1529//1614 
f 2005//1613 2006//1615 1539//1612 
f 2004//1611 2005//1613 1531//1610 
f 2003//1609 2004//1611 1524//1608 
f 2002//1607 2003//1609 1540//1606 
f 2001//1605 2002//1607 1560//1604 
f 2000//1603 2001//1605 1559//1602 
f 1999//1601 2000//1603 1517//1600 
f 1998//1599 1999//1601 1516//1598 
f 1997//1597 1998//1599 1515//1596 
f 1996//1595 1997//1597 1525//1594 
f 1995//1593 1996//1595 1532//1592 
f 1994//1591 1995//1593 1534//1590 
f 1993//1589 1994//1591 1533//1588 
f 1992//1587 1993//1589 1542//1586 
f 1991//1585 1992//1587 1541//1584 
f 1990//1583 1991//1585 1536//1582 
f 1989//1581 1990//1583 1535//1580 
f 1988//1579 1989//1581 1537//1578 
f 1987//1577 1988//1579 1544//1576 
f 1986//1575 1987//1577 1543//1574 
f 1985//1573 1986//1575 1548//1572 
f 1984//1571 1985//1573 1547//1570 
f 1983//1569 1984//1571 1550//1568 
f 1982//1567 1983//1569 1549//1566 
f 1981//1565 1982//1567 1562//1564 
f 1980//1563 1981//1565 1561//1562 
f 1979//1561 1980//1563 1569//1560 
f 1978//1559 1979//1561 1572//1558 
f 1977//1557 1978//1559 1564//1556 
f 1976//1555 1977//1557 1563//1554 
f 1975//1553 1976//1555 1565//1552 
f 1974//1551 1975//1553 1551//1550 
f 1973//1549 1974//1551 1553//1548 
f 1972//1547 1973//1549 1552//1546 
f 1971//1545 1972//1547 1566//1544 
f 1970//1543 1971//1545 1546//1542 
f 1969//1541 1970//1543 1545//1540 
f 1968//1539 1969//1541 1554//1538 
f 1967//1537 1968//1539 1556//1536 
f 1966//1535 1967//1537 1555//1534 
f 1965//1533 1966//1535 1558//1532 
f 1964//1531 1965//1533 1557//1530 
f 1963//1529 1964//1531 1567//1528 
f 1962//1527 1963//1529 1570//1526 
f 1961//1525 1962//1527 1571//1524 
o mesh86
f 2019//1638 2020//1639 1991//1639 
f 2020//1639 2021//1640 1992//1640 
f 2021//1640 2022//1641 1993//1641 
f 2022//1641 2023//1642 1994//1642 
f 2023//1642 2024//1643 1995//1643 
f 2024//1643 2025//1644 1996//1644 
f 2025//1644 2026//1645 1997//1645 
f 2026//1645 2027//1646 1998//1646 
f 2027//1646 2028//1647 1999//1647 
f 2028//1647 2029//1648 2000//1648 
f 2029//1648 2030//1649 2001//1649 
f 2030//1649 2031//1650 2002//1650 
f 2031//1650 2032//1651 2003//1651 
f 2032//1651 2033//1652 2004//1652 
f 2033//1652 2034//1653 2005//1653 
f 2034//1653 2035//1654 2006//1654 
f 2035//1654 2036//1655 2007//1655 
f 2036//1655 2037//1656 2008//1656 
f 2037//1656 2038//1657 2009//1657 
f 2038//1657 2039//1658 2010//1658 
f 2039//1658 2040//1659 2011//1659 
f 2040//1659 2041//1660 2012//1660 
f 2041//1660 2042//1661 2013//1661 
f 2042//1661 2043//1662 2014//1662 
f 2043//1662 2044//1663 2015//1663 
f 2044//1663 2045//1664 2016//1664 
f 2045//1664 2046//1665 2017//1665 
f 2046//1665 2047//1666 2018//1666 
f 2047//1666 2048//1667 1961//1667 
f 2048//1667 2049//1668 1962//1668 
f 2049//1668 2050//1669 1963//1669 
f 2050//1669 2051//1670 1964//1670 
f 2051//1670 2052//1671 1965//1671 
f 2052//1671 2053//1672 1966//1672 
f 2053//1672 2054//1673 1967//1673 
f 2054//1673 2055//1674 1968//1674 
f 2055//1674 2056//1675 1969//1675 
f 2056//1675 2057//1676 1970//1676 
f 2057//1676 2058//1677 1971//1677 
f 2058//1677 2059//1678 1972//1678 
f 2059//1678 2060//1679 1973//1679 
f 2060//1679 2061//1680 1974//1680 
f 2061//1680 2062//1681 1975//1681 
f 2062//1681 2063//1682 1976//1682 
f 2063//1682 2064//1683 1977//1683 
f 2064//1683 2065//1684 1978//1684 
f 2065//1684 2066//1685 1979//1685 
f 2066//1685 2067//1686 1980//1686 
f 2067//1686 2068//1687 1981//1687 
f 2068//1687 2069//1688 1982//1688 
f 2069//1688 2070//1689 1983//1689 
f 2070//1689 2071//1690 1984//1690 
f 2071//1690 2072//1691 1985//1691 
f 2072//1691 2073//1692 1986//1692 
f 2073//1692 2074//1693 1987//1693 
f 2074//1693 2075//1694 1988//1694 
f 2075//1694 2076//1695 1989//1695 
f 2076//1695 2019//1638 1990//1696 
f 1990//1696 1989//1695 2076//1695 
f 1989//1695 1988//1694 2075//1694 
f 1988//1694 1987//1693 2074//1693 
f 1987//1693 1986//1692 2073//1692 
f 1986//1692 1985//1691 2072//1691 
f 1985//1691 1984//1690 2071//1690 
f 1984//1690 1983//1689 2070//1689 
f 1983//1689 1982//1688 2069//1688 
f 1982//1688 1981//1687 2068//1687 
f 1981//1687 1980//1686 2067//1686 
f 1980//1686 1979//1685 2066//1685 
f 1979//1685 1978//1684 2065//1684 
f 1978//1684 1977//1683 2064//1683 
f 1977//1683 1976//1682 2063//1682 
f 1976//1682 1975//1681 2062//1681 
f 1975//1681 1974//1680 2061//1680 
f 1974//1680 1973//1679 2060//1679 
f 1973//1679 1972//1678 2059//1678 
f 1972//1678 1971//1677 2058//1677 
f 1971//1677 1970//1676 2057//1676 
f 1970//1676 1969//1675 2056//1675 
f 1969//1675 1968//1674 2055//1674 
f 1968//1674 1967//1673 2054//1673 
f 1967//1673 1966//1672 2053//1672 
f 1966//1672 1965//1671 2052//1671 
f 1965//1671 1964//1670 2051//1670 
f 1964//1670 1963//1669 2050//1669 
f 1963//1669 1962//1668 2049//1668 
f 1962//1668 1961//1667 2048//1667 
f 1961//1667 2018//1666 2047//1666 
f 2018//1666 2017//1665 2046//1665 
f 2017//1665 2016//1664 2045//1664 
f 2016//1664 2015//1663 2044//1663 
f 2015//1663 2014//1662 2043//1662 
f 2014//1662 2013//1661 2042//1661 
f 2013//1661 2012//1660 2041//1660 
f 2012//1660 2011//1659 2040//1659 
f 2011//1659 2010//1658 2039//1658 
f 2010//1658 2009//1657 2038//1657 
f 2009//1657 2008//1656 2037//1656 
f 2008//1656 2007//1655 2036//1655 
f 2007//1655 2006//1654 2035//1654 
f 2006//1654 2005//1653 2034//1653 
f 2005//1653 2004//1652 2033//1652 
f 2004//1652 2003//1651 2032//1651 
f 2003//1651 2002//1650 2031//1650 
f 2002//1650 2001//1649 2030//1649 
f 2001//1649 2000//1648 2029//1648 
f 2000//1648 1999//1647 2028//1647 
f 1999//1647 1998//1646 2027//1646 
f 1998//1646 1997//1645 2026//1645 
f 1997//1645 1996//1644 2025//1644 
f 1996//1644 1995//1643 2024//1643 
f 1995//1643 1994//1642 2023//1642 
f 1994//1642 1993//1641 2022//1641 
f 1993//1641 1992//1640 2021//1640 
f 1992//1640 1991//1639 2020//1639 
f 1991//1639 1990//1696 2019//1638 
o mesh87
f 2692//1697 633//1697 632//1697 
f 2693//1697 2694//1697 2695//1697 
f 2696//1697 2693//1697 2697//1697 
f 251//1697 252//1697 2698//1697 
f 248//1697 251//1697 2699//1697 
f 249//1697 248//1697 2700//1697 
f 2701//1697 2702//1697 2703//1697 
f 246//1697 245//1697 244//1697 
f 243//1697 200//1697 247//1697 
f 247//1697 246//1697 243//1697 
f 2704//1697 199//1697 200//1697 
f 200//1697 243//1697 2704//1697 
f 2704//1697 236//1697 235//1697 
f 235//1697 234//1697 2704//1697 
f 2704//1697 239//1697 238//1697 
f 234//1697 233//1697 2704//1697 
f 238//1697 237//1697 2704//1697 
f 2704//1697 241//1697 240//1697 
f 2704//1697 243//1697 242//1697 
f 237//1697 236//1697 2704//1697 
f 242//1697 241//1697 2704//1697 
f 2705//1697 2704//1697 232//1697 
f 240//1697 239//1697 2704//1697 
f 233//1697 232//1697 2704//1697 
f 2706//1697 351//1697 349//1697 
f 349//1697 348//1697 2706//1697 
f 2706//1697 355//1697 353//1697 
f 2706//1697 363//1697 361//1697 
f 353//1697 351//1697 2706//1697 
f 2706//1697 359//1697 357//1697 
f 2706//1697 365//1697 363//1697 
f 357//1697 355//1697 2706//1697 
f 2706//1697 253//1697 365//1697 
f 361//1697 359//1697 2706//1697 
f 2698//1697 252//1697 253//1697 
f 253//1697 2706//1697 2698//1697 
f 347//1697 340//1697 338//1697 
f 340//1697 347//1697 344//1697 
f 2706//1697 347//1697 337//1697 
f 344//1697 342//1697 340//1697 
f 338//1697 337//1697 347//1697 
f 2707//1697 2708//1697 424//1697 
f 2708//1697 425//1697 424//1697 
f 2708//1697 426//1697 425//1697 
f 2708//1697 427//1697 426//1697 
f 2708//1697 429//1697 428//1697 
f 2708//1697 431//1697 430//1697 
f 2708//1697 433//1697 432//1697 
f 428//1697 427//1697 2708//1697 
f 432//1697 431//1697 2708//1697 
f 430//1697 429//1697 2708//1697 
f 443//1697 469//1697 468//1697 
f 469//1697 443//1697 473//1697 
f 473//1697 471//1697 469//1697 
f 2707//1697 442//1697 443//1697 
f 443//1697 466//1697 2707//1697 
f 2707//1697 452//1697 450//1697 
f 2707//1697 456//1697 454//1697 
f 2707//1697 460//1697 458//1697 
f 2707//1697 466//1697 464//1697 
f 450//1697 448//1697 2707//1697 
f 458//1697 456//1697 2707//1697 
f 464//1697 462//1697 2707//1697 
f 448//1697 446//1697 2707//1697 
f 462//1697 460//1697 2707//1697 
f 2692//1697 2707//1697 445//1697 
f 454//1697 452//1697 2707//1697 
f 446//1697 445//1697 2707//1697 
f 2709//1697 735//1697 733//1697 
f 2709//1697 739//1697 737//1697 
f 2709//1697 731//1697 729//1697 
f 737//1697 735//1697 2709//1697 
f 2709//1697 743//1697 741//1697 
f 733//1697 731//1697 2709//1697 
f 2709//1697 745//1697 743//1697 
f 729//1697 728//1697 2709//1697 
f 2709//1697 634//1697 745//1697 
f 741//1697 739//1697 2709//1697 
f 2710//1697 632//1697 634//1697 
f 634//1697 2709//1697 2710//1697 
f 727//1697 720//1697 718//1697 
f 720//1697 727//1697 724//1697 
f 2709//1697 727//1697 717//1697 
f 724//1697 722//1697 720//1697 
f 718//1697 717//1697 727//1697 
f 2709//1697 871//1697 870//1697 
f 2711//1697 911//1697 910//1697 
f 870//1697 2711//1697 2709//1697 
f 2711//1697 912//1697 911//1697 
f 2711//1697 914//1697 913//1697 
f 2711//1697 916//1697 915//1697 
f 870//1697 917//1697 2711//1697 
f 913//1697 912//1697 2711//1697 
f 917//1697 916//1697 2711//1697 
f 915//1697 914//1697 2711//1697 
f 2077//1697 2692//1697 2710//1697 
f 2708//1697 2707//1697 2078//1697 
f 2078//1697 2079//1697 2708//1697 
f 2079//1697 2080//1697 2708//1697 
f 2707//1697 2081//1697 2078//1697 
f 2707//1697 2082//1697 2083//1697 
f 2707//1697 2084//1697 2081//1697 
f 2707//1697 2085//1697 2082//1697 
f 2692//1697 2077//1697 2086//1697 
f 2707//1697 2087//1697 2084//1697 
f 2707//1697 2088//1697 2089//1697 
f 2707//1697 2090//1697 2091//1697 
f 2083//1697 2092//1697 2707//1697 
f 2086//1697 2707//1697 2692//1697 
f 2708//1697 2093//1697 2094//1697 
f 2707//1697 2095//1697 2087//1697 
f 2707//1697 2096//1697 2088//1697 
f 2707//1697 2097//1697 2090//1697 
f 2086//1697 2085//1697 2707//1697 
f 2094//1697 2098//1697 2708//1697 
f 2089//1697 2095//1697 2707//1697 
f 2092//1697 2097//1697 2707//1697 
f 2708//1697 2099//1697 2093//1697 
f 2708//1697 2100//1697 2101//1697 
f 2091//1697 2096//1697 2707//1697 
f 2708//1697 2102//1697 2103//1697 
f 2708//1697 2104//1697 2105//1697 
f 2098//1697 2106//1697 2708//1697 
f 2708//1697 2107//1697 2100//1697 
f 2080//1697 2108//1697 2708//1697 
f 2694//1697 2708//1697 2109//1697 
f 2105//1697 2102//1697 2708//1697 
f 2106//1697 2110//1697 2708//1697 
f 2708//1697 2111//1697 2112//1697 
f 2108//1697 2107//1697 2708//1697 
f 2103//1697 2109//1697 2708//1697 
f 2708//1697 2113//1697 2099//1697 
f 2708//1697 2114//1697 2115//1697 
f 2101//1697 2111//1697 2708//1697 
f 2694//1697 2116//1697 2117//1697 
f 2110//1697 2104//1697 2708//1697 
f 2708//1697 2118//1697 2119//1697 
f 2112//1697 2114//1697 2708//1697 
f 2109//1697 2116//1697 2694//1697 
f 2115//1697 2118//1697 2708//1697 
f 2119//1697 2113//1697 2708//1697 
f 2694//1697 2120//1697 2121//1697 
f 2711//1697 2122//1697 2123//1697 
f 2711//1697 2124//1697 2122//1697 
f 2123//1697 2125//1697 2711//1697 
f 2710//1697 2709//1697 2126//1697 
f 2709//1697 2127//1697 2128//1697 
f 2125//1697 2129//1697 2711//1697 
f 2695//1697 2130//1697 2131//1697 
f 2695//1697 2121//1697 2132//1697 
f 2709//1697 2133//1697 2126//1697 
f 2709//1697 2134//1697 2127//1697 
f 2709//1697 2135//1697 2136//1697 
f 2711//1697 2137//1697 2124//1697 
f 2711//1697 2131//1697 2138//1697 
f 2132//1697 2130//1697 2695//1697 
f 2709//1697 2139//1697 2133//1697 
f 2709//1697 2140//1697 2134//1697 
f 2136//1697 2141//1697 2709//1697 
f 2709//1697 2142//1697 2143//1697 
f 2129//1697 2144//1697 2711//1697 
f 2131//1697 2711//1697 2695//1697 
f 2709//1697 2145//1697 2139//1697 
f 2709//1697 2146//1697 2147//1697 
f 2709//1697 2148//1697 2140//1697 
f 2143//1697 2135//1697 2709//1697 
f 2711//1697 2149//1697 2142//1697 
f 2711//1697 2150//1697 2137//1697 
f 2138//1697 2151//1697 2711//1697 
f 2147//1697 2145//1697 2709//1697 
f 2141//1697 2148//1697 2709//1697 
f 2711//1697 2152//1697 2149//1697 
f 2151//1697 2150//1697 2711//1697 
f 2128//1697 2146//1697 2709//1697 
f 2711//1697 2153//1697 2152//1697 
f 2711//1697 2154//1697 2155//1697 
f 2144//1697 2156//1697 2711//1697 
f 2142//1697 2709//1697 2711//1697 
f 2711//1697 2157//1697 2158//1697 
f 2711//1697 2159//1697 2160//1697 
f 2156//1697 2154//1697 2711//1697 
f 2711//1697 2161//1697 2153//1697 
f 2158//1697 2162//1697 2711//1697 
f 2155//1697 2159//1697 2711//1697 
f 2711//1697 2163//1697 2161//1697 
f 2160//1697 2157//1697 2711//1697 
f 2162//1697 2163//1697 2711//1697 
f 2164//1697 2701//1697 2712//1697 
f 303//1697 2165//1697 2166//1697 
f 2167//1697 2168//1697 1108//1697 
f 2168//1697 2169//1697 1105//1697 
f 2169//1697 2170//1697 1106//1697 
f 2713//1697 2171//1697 2172//1697 
f 2713//1697 2173//1697 2174//1697 
f 2713//1697 2175//1697 2171//1697 
f 2172//1697 2173//1697 2713//1697 
f 2713//1697 2176//1697 2177//1697 
f 2713//1697 2178//1697 2175//1697 
f 2174//1697 2176//1697 2713//1697 
f 2177//1697 2179//1697 2713//1697 
f 2713//1697 2180//1697 2181//1697 
f 2181//1697 2714//1697 2713//1697 
f 2713//1697 2182//1697 2180//1697 
f 2181//1697 2183//1697 2714//1697 
f 2713//1697 2184//1697 2185//1697 
f 2183//1697 2186//1697 2714//1697 
f 2185//1697 2187//1697 2713//1697 
f 2714//1697 2188//1697 2189//1697 
f 2187//1697 2182//1697 2713//1697 
f 2186//1697 2188//1697 2714//1697 
f 2715//1697 2703//1697 2190//1697 
f 2190//1697 2191//1697 2715//1697 
f 2703//1697 2192//1697 2190//1697 
f 2703//1697 2193//1697 2194//1697 
f 2715//1697 2195//1697 2196//1697 
f 2703//1697 2197//1697 2192//1697 
f 2194//1697 2198//1697 2703//1697 
f 2715//1697 2199//1697 2195//1697 
f 2198//1697 2197//1697 2703//1697 
f 2191//1697 2199//1697 2715//1697 
f 2715//1697 2200//1697 2201//1697 
f 2715//1697 2202//1697 2203//1697 
f 2715//1697 2204//1697 2200//1697 
f 2715//1697 2205//1697 2202//1697 
f 2715//1697 2206//1697 2207//1697 
f 2715//1697 2208//1697 2204//1697 
f 2207//1697 2205//1697 2715//1697 
f 2203//1697 2208//1697 2715//1697 
f 2699//1697 2698//1697 2209//1697 
f 2700//1697 2699//1697 2210//1697 
f 2705//1697 2700//1697 2211//1697 
f 2716//1697 2212//1697 2213//1697 
f 2716//1697 2214//1697 2212//1697 
f 2716//1697 2215//1697 2216//1697 
f 2716//1697 2217//1697 2214//1697 
f 2716//1697 2218//1697 2215//1697 
f 2716//1697 2219//1697 2217//1697 
f 2213//1697 2218//1697 2716//1697 
f 2216//1697 2220//1697 2716//1697 
f 2702//1697 2221//1697 2222//1697 
f 2716//1697 2223//1697 2221//1697 
f 2221//1697 2702//1697 2716//1697 
f 2222//1697 2224//1697 2702//1697 
f 2716//1697 2225//1697 2226//1697 
f 2716//1697 2227//1697 2223//1697 
f 2226//1697 2228//1697 2716//1697 
f 2702//1697 2229//1697 2230//1697 
f 2228//1697 2227//1697 2716//1697 
f 2224//1697 2229//1697 2702//1697 
f 2231//1697 2232//1697 2233//1697 
f 2234//1697 2235//1697 2236//1697 
f 2234//1697 2237//1697 2238//1697 
f 2234//1697 2239//1697 2240//1697 
f 2233//1697 2241//1697 2242//1697 
f 2243//1697 2244//1697 2245//1697 
f 2238//1697 2235//1697 2234//1697 
f 2234//1697 2246//1697 2239//1697 
f 2233//1697 2242//1697 2231//1697 
f 2245//1697 2233//1697 2243//1697 
f 2240//1697 2237//1697 2234//1697 
f 2233//1697 2247//1697 2248//1697 
f 2247//1697 2249//1697 2250//1697 
f 2247//1697 2251//1697 2252//1697 
f 2233//1697 2253//1697 2241//1697 
f 2233//1697 2254//1697 2255//1697 
f 2233//1697 2256//1697 2257//1697 
f 2245//1697 2258//1697 2233//1697 
f 2234//1697 2243//1697 2246//1697 
f 2233//1697 2259//1697 2260//1697 
f 2250//1697 2248//1697 2247//1697 
f 2247//1697 2261//1697 2251//1697 
f 2247//1697 2262//1697 2263//1697 
f 2264//1697 2265//1697 2247//1697 
f 2255//1697 2253//1697 2233//1697 
f 2257//1697 2266//1697 2233//1697 
f 2243//1697 2267//1697 2244//1697 
f 2236//1697 2268//1697 2234//1697 
f 2248//1697 2259//1697 2233//1697 
f 2263//1697 2261//1697 2247//1697 
f 2247//1697 2193//1697 2264//1697 
f 2266//1697 2254//1697 2233//1697 
f 2234//1697 2267//1697 2243//1697 
f 2252//1697 2249//1697 2247//1697 
f 2193//1697 2269//1697 2264//1697 
f 2258//1697 2256//1697 2233//1697 
f 2265//1697 2262//1697 2247//1697 
f 2260//1697 2243//1697 2233//1697 
f 2193//1697 2270//1697 2269//1697 
f 2702//1697 2271//1697 2272//1697 
f 2193//1697 2273//1697 2270//1697 
f 2193//1697 2274//1697 2275//1697 
f 2703//1697 2276//1697 2277//1697 
f 2272//1697 2278//1697 2702//1697 
f 2275//1697 2273//1697 2193//1697 
f 2277//1697 2193//1697 2703//1697 
f 2703//1697 2279//1697 2280//1697 
f 2702//1697 2281//1697 2282//1697 
f 2278//1697 2283//1697 2702//1697 
f 2702//1697 2284//1697 2285//1697 
f 2702//1697 2232//1697 2286//1697 
f 2232//1697 2287//1697 2288//1697 
f 2277//1697 2274//1697 2193//1697 
f 2703//1697 2289//1697 2279//1697 
f 2703//1697 2290//1697 2291//1697 
f 2703//1697 2292//1697 2293//1697 
f 2702//1697 2294//1697 2281//1697 
f 2702//1697 2295//1697 2296//1697 
f 2285//1697 2271//1697 2702//1697 
f 2232//1697 2297//1697 2286//1697 
f 2232//1697 2298//1697 2299//1697 
f 2231//1697 2287//1697 2232//1697 
f 2291//1697 2289//1697 2703//1697 
f 2703//1697 2300//1697 2292//1697 
f 2703//1697 2301//1697 2302//1697 
f 2282//1697 2703//1697 2702//1697 
f 2296//1697 2303//1697 2702//1697 
f 2286//1697 2284//1697 2702//1697 
f 2288//1697 2298//1697 2232//1697 
f 2703//1697 2304//1697 2290//1697 
f 2703//1697 2305//1697 2306//1697 
f 2703//1697 2307//1697 2300//1697 
f 2282//1697 2301//1697 2703//1697 
f 2702//1697 2308//1697 2295//1697 
f 2702//1697 2309//1697 2310//1697 
f 2702//1697 2311//1697 2312//1697 
f 2299//1697 2297//1697 2232//1697 
f 2306//1697 2304//1697 2703//1697 
f 2302//1697 2307//1697 2703//1697 
f 2310//1697 2308//1697 2702//1697 
f 2283//1697 2311//1697 2702//1697 
f 2293//1697 2305//1697 2703//1697 
f 2312//1697 2309//1697 2702//1697 
f 2303//1697 2294//1697 2702//1697 
f 2024//1697 2313//1697 2314//1697 
f 2024//1697 2023//1697 2315//1697 
f 2043//1697 2316//1697 2317//1697 
f 2024//1697 2318//1697 2313//1697 
f 2315//1697 2319//1697 2024//1697 
f 2317//1697 2320//1697 2043//1697 
f 2072//1697 2321//1697 2322//1697 
f 2024//1697 2323//1697 2318//1697 
f 2319//1697 2324//1697 2024//1697 
f 2043//1697 2325//1697 2326//1697 
f 2320//1697 2327//1697 2043//1697 
f 2322//1697 2328//1697 2072//1697 
f 2324//1697 2323//1697 2024//1697 
f 2042//1697 2329//1697 2316//1697 
f 2042//1697 2233//1697 2330//1697 
f 2043//1697 2331//1697 2332//1697 
f 2327//1697 2325//1697 2043//1697 
f 2053//1697 2052//1697 2333//1697 
f 2054//1697 2334//1697 2335//1697 
f 2336//1697 2057//1697 2056//1697 
f 2071//1697 2337//1697 2321//1697 
f 2071//1697 2338//1697 2339//1697 
f 2072//1697 2340//1697 2341//1697 
f 2328//1697 2342//1697 2072//1697 
f 2343//1697 2021//1697 2020//1697 
f 2344//1697 2022//1697 2021//1697 
f 2345//1697 2023//1697 2022//1697 
f 2023//1697 2345//1697 2315//1697 
f 2025//1697 2346//1697 2347//1697 
f 2025//1697 2024//1697 2348//1697 
f 2233//1697 2034//1697 2033//1697 
f 2042//1697 2349//1697 2329//1697 
f 2330//1697 2350//1697 2042//1697 
f 2326//1697 2331//1697 2043//1697 
f 2053//1697 2351//1697 2352//1697 
f 2053//1697 2353//1697 2354//1697 
f 2053//1697 2355//1697 2356//1697 
f 2052//1697 2357//1697 2333//1697 
f 2054//1697 2358//1697 2334//1697 
f 2336//1697 2058//1697 2057//1697 
f 2336//1697 2060//1697 2059//1697 
f 2336//1697 2359//1697 2063//1697 
f 2339//1697 2337//1697 2071//1697 
f 2071//1697 2359//1697 2360//1697 
f 2072//1697 2361//1697 2362//1697 
f 2342//1697 2340//1697 2072//1697 
f 2021//1697 2343//1697 2344//1697 
f 2314//1697 2348//1697 2024//1697 
f 2025//1697 2363//1697 2346//1697 
f 2348//1697 2364//1697 2025//1697 
f 2233//1697 2035//1697 2034//1697 
f 2233//1697 2038//1697 2037//1697 
f 2350//1697 2349//1697 2042//1697 
f 2332//1697 2044//1697 2043//1697 
f 2354//1697 2351//1697 2053//1697 
f 2333//1697 2355//1697 2053//1697 
f 2054//1697 2365//1697 2358//1697 
f 2054//1697 2053//1697 2366//1697 
f 2059//1697 2058//1697 2336//1697 
f 2063//1697 2062//1697 2336//1697 
f 2359//1697 2065//1697 2064//1697 
f 2359//1697 2068//1697 2067//1697 
f 2359//1697 2071//1697 2070//1697 
f 2360//1697 2338//1697 2071//1697 
f 2341//1697 2361//1697 2072//1697 
f 2022//1697 2344//1697 2345//1697 
f 2364//1697 2363//1697 2025//1697 
f 2233//1697 2036//1697 2035//1697 
f 2233//1697 2039//1697 2038//1697 
f 2332//1697 2367//1697 2044//1697 
f 2367//1697 2368//1697 2045//1697 
f 2368//1697 2369//1697 2046//1697 
f 2370//1697 2049//1697 2048//1697 
f 2371//1697 2050//1697 2049//1697 
f 2372//1697 2051//1697 2050//1697 
f 2357//1697 2052//1697 2051//1697 
f 2356//1697 2353//1697 2053//1697 
f 2366//1697 2365//1697 2054//1697 
f 2056//1697 2055//1697 2336//1697 
f 2062//1697 2061//1697 2336//1697 
f 2359//1697 2066//1697 2065//1697 
f 2359//1697 2069//1697 2068//1697 
f 2321//1697 2072//1697 2071//1697 
f 2362//1697 2073//1697 2072//1697 
f 2373//1697 2374//1697 2074//1697 
f 2374//1697 2375//1697 2075//1697 
f 2347//1697 2247//1697 2025//1697 
f 2037//1697 2036//1697 2233//1697 
f 2233//1697 2041//1697 2040//1697 
f 2316//1697 2043//1697 2042//1697 
f 2046//1697 2045//1697 2368//1697 
f 2049//1697 2370//1697 2371//1697 
f 2051//1697 2372//1697 2357//1697 
f 2335//1697 2336//1697 2054//1697 
f 2061//1697 2060//1697 2336//1697 
f 2067//1697 2066//1697 2359//1697 
f 2362//1697 2373//1697 2073//1697 
f 2075//1697 2074//1697 2374//1697 
f 2375//1697 2376//1697 2076//1697 
f 2247//1697 2026//1697 2025//1697 
f 2247//1697 2028//1697 2027//1697 
f 2247//1697 2033//1697 2032//1697 
f 2040//1697 2039//1697 2233//1697 
f 2045//1697 2044//1697 2367//1697 
f 2369//1697 2377//1697 2047//1697 
f 2377//1697 2378//1697 2048//1697 
f 2050//1697 2371//1697 2372//1697 
f 2055//1697 2054//1697 2336//1697 
f 2070//1697 2069//1697 2359//1697 
f 2076//1697 2075//1697 2375//1697 
f 2379//1697 2020//1697 2019//1697 
f 2027//1697 2026//1697 2247//1697 
f 2247//1697 2030//1697 2029//1697 
f 2032//1697 2031//1697 2247//1697 
f 2042//1697 2041//1697 2233//1697 
f 2048//1697 2047//1697 2377//1697 
f 2352//1697 2366//1697 2053//1697 
f 2074//1697 2073//1697 2373//1697 
f 2020//1697 2379//1697 2343//1697 
f 2031//1697 2030//1697 2247//1697 
f 2047//1697 2046//1697 2369//1697 
f 2064//1697 2063//1697 2359//1697 
f 2029//1697 2028//1697 2247//1697 
f 2048//1697 2378//1697 2370//1697 
f 2033//1697 2247//1697 2233//1697 
f 2376//1697 2380//1697 2019//1697 
f 2019//1697 2076//1697 2376//1697 
f 2381//1697 2382//1697 2383//1697 
f 2383//1697 2384//1697 2381//1697 
f 2381//1697 2385//1697 2382//1697 
f 2381//1697 2386//1697 2385//1697 
f 2387//1697 2388//1697 2359//1697 
f 2381//1697 2389//1697 2386//1697 
f 2359//1697 2390//1697 2391//1697 
f 2392//1697 2393//1697 2394//1697 
f 2384//1697 2395//1697 2381//1697 
f 2359//1697 2391//1697 2387//1697 
f 2359//1697 2396//1697 2397//1697 
f 2394//1697 2359//1697 2392//1697 
f 2398//1697 2392//1697 2389//1697 
f 2359//1697 2336//1697 2399//1697 
f 2336//1697 2400//1697 2401//1697 
f 2402//1697 2403//1697 2336//1697 
f 2359//1697 2404//1697 2390//1697 
f 2359//1697 2405//1697 2406//1697 
f 2394//1697 2396//1697 2359//1697 
f 2381//1697 2398//1697 2389//1697 
f 2359//1697 2407//1697 2408//1697 
f 2401//1697 2399//1697 2336//1697 
f 2336//1697 2409//1697 2410//1697 
f 2336//1697 2411//1697 2412//1697 
f 2336//1697 2413//1697 2402//1697 
f 2359//1697 2414//1697 2404//1697 
f 2397//1697 2405//1697 2359//1697 
f 2398//1697 2415//1697 2392//1697 
f 2399//1697 2407//1697 2359//1697 
f 2412//1697 2409//1697 2336//1697 
f 2413//1697 2416//1697 2402//1697 
f 2406//1697 2414//1697 2359//1697 
f 2415//1697 2417//1697 2392//1697 
f 2410//1697 2400//1697 2336//1697 
f 2403//1697 2418//1697 2336//1697 
f 2417//1697 2393//1697 2392//1697 
f 2418//1697 2411//1697 2336//1697 
f 2714//1697 2388//1697 2419//1697 
f 2408//1697 2392//1697 2359//1697 
f 2388//1697 2420//1697 2419//1697 
f 2388//1697 2421//1697 2422//1697 
f 2413//1697 2423//1697 2416//1697 
f 2413//1697 2424//1697 2425//1697 
f 2696//1697 2426//1697 2424//1697 
f 2696//1697 2427//1697 2428//1697 
f 2696//1697 2429//1697 2430//1697 
f 2714//1697 2431//1697 2432//1697 
f 2714//1697 2433//1697 2434//1697 
f 2388//1697 2435//1697 2420//1697 
f 2422//1697 2436//1697 2388//1697 
f 2413//1697 2437//1697 2423//1697 
f 2425//1697 2438//1697 2413//1697 
f 2428//1697 2426//1697 2696//1697 
f 2696//1697 2439//1697 2440//1697 
f 2696//1697 2441//1697 2442//1697 
f 2430//1697 2443//1697 2696//1697 
f 2696//1697 2444//1697 2445//1697 
f 2714//1697 2446//1697 2431//1697 
f 2714//1697 2447//1697 2448//1697 
f 2434//1697 2449//1697 2714//1697 
f 2714//1697 2450//1697 2451//1697 
f 2436//1697 2435//1697 2388//1697 
f 2438//1697 2437//1697 2413//1697 
f 2440//1697 2427//1697 2696//1697 
f 2443//1697 2441//1697 2696//1697 
f 2696//1697 2452//1697 2444//1697 
f 2432//1697 2696//1697 2714//1697 
f 2449//1697 2447//1697 2714//1697 
f 2714//1697 2453//1697 2450//1697 
f 2714//1697 2454//1697 2455//1697 
f 2387//1697 2421//1697 2388//1697 
f 2442//1697 2439//1697 2696//1697 
f 2696//1697 2456//1697 2457//1697 
f 2432//1697 2452//1697 2696//1697 
f 2714//1697 2458//1697 2433//1697 
f 2455//1697 2453//1697 2714//1697 
f 2714//1697 2459//1697 2460//1697 
f 2424//1697 2413//1697 2696//1697 
f 2445//1697 2456//1697 2696//1697 
f 2451//1697 2458//1697 2714//1697 
f 2714//1697 2461//1697 2459//1697 
f 2457//1697 2429//1697 2696//1697 
f 2460//1697 2454//1697 2714//1697 
f 2448//1697 2446//1697 2714//1697 
f 2717//1697 2462//1697 2463//1697 
f 2463//1697 2464//1697 2717//1697 
f 2717//1697 2696//1697 2465//1697 
f 2465//1697 2462//1697 2717//1697 
f 2696//1697 2413//1697 2465//1697 
f 2717//1697 2466//1697 2467//1697 
f 2717//1697 2468//1697 2469//1697 
f 2717//1697 2470//1697 2471//1697 
f 2467//1697 2472//1697 2717//1697 
f 2469//1697 2473//1697 2717//1697 
f 2472//1697 2470//1697 2717//1697 
f 2471//1697 2468//1697 2717//1697 
f 2473//1697 2474//1697 2717//1697 
f 2708//1697 2694//1697 1732//1697 
f 2708//1697 1729//1697 1728//1697 
f 1732//1697 1731//1697 2708//1697 
f 2694//1697 1734//1697 1733//1697 
f 2708//1697 1730//1697 1729//1697 
f 1733//1697 1732//1697 2694//1697 
f 2708//1697 1727//1697 1726//1697 
f 1731//1697 1730//1697 2708//1697 
f 2708//1697 1725//1697 1724//1697 
f 1728//1697 1727//1697 2708//1697 
f 1726//1697 1725//1697 2708//1697 
f 2694//1697 1736//1697 1735//1697 
f 2694//1697 2693//1697 1738//1697 
f 1735//1697 1734//1697 2694//1697 
f 1738//1697 1737//1697 2694//1697 
f 1737//1697 1736//1697 2694//1697 
f 1724//1697 1723//1697 2708//1697 
f 1720//1697 434//1697 433//1697 
f 2706//1697 369//1697 368//1697 
f 1720//1697 435//1697 434//1697 
f 1720//1697 437//1697 436//1697 
f 1720//1697 439//1697 438//1697 
f 368//1697 1720//1697 2706//1697 
f 436//1697 435//1697 1720//1697 
f 368//1697 439//1697 1720//1697 
f 438//1697 437//1697 1720//1697 
f 433//1697 2708//1697 1722//1697 
f 1722//1697 1721//1697 433//1697 
f 2706//1697 2475//1697 2476//1697 
f 2706//1697 2477//1697 2475//1697 
f 2706//1697 2478//1697 2479//1697 
f 2706//1697 2480//1697 2481//1697 
f 2706//1697 2482//1697 2483//1697 
f 2479//1697 2477//1697 2706//1697 
f 2481//1697 2484//1697 2706//1697 
f 2698//1697 2706//1697 2485//1697 
f 2483//1697 2486//1697 2706//1697 
f 2706//1697 2487//1697 2488//1697 
f 2484//1697 2478//1697 2706//1697 
f 2486//1697 2485//1697 2706//1697 
f 2476//1697 2487//1697 2706//1697 
f 2698//1697 2489//1697 2490//1697 
f 2488//1697 2482//1697 2706//1697 
f 2706//1697 2491//1697 2492//1697 
f 1714//1697 2493//1697 2491//1697 
f 2485//1697 2489//1697 2698//1697 
f 2491//1697 2706//1697 1714//1697 
f 1714//1697 1713//1697 2494//1697 
f 2492//1697 2480//1697 2706//1697 
f 1714//1697 2495//1697 2496//1697 
f 1714//1697 2497//1697 2498//1697 
f 2494//1697 2499//1697 1714//1697 
f 2500//1697 1768//1697 1766//1697 
f 1771//1697 1770//1697 2500//1697 
f 1714//1697 2501//1697 2493//1697 
f 2498//1697 2495//1697 1714//1697 
f 2499//1697 2502//1697 1714//1697 
f 2500//1697 1769//1697 1768//1697 
f 2500//1697 2503//1697 1771//1697 
f 2504//1697 1772//1697 1771//1697 
f 2505//1697 1773//1697 1772//1697 
f 2506//1697 1774//1697 1773//1697 
f 1714//1697 2507//1697 2501//1697 
f 2502//1697 2497//1697 1714//1697 
f 2706//1697 1719//1697 1718//1697 
f 1770//1697 1769//1697 2500//1697 
f 1772//1697 2504//1697 2505//1697 
f 1773//1697 2505//1697 2506//1697 
f 2496//1697 2507//1697 1714//1697 
f 2706//1697 1717//1697 1716//1697 
f 2706//1697 1720//1697 1719//1697 
f 1771//1697 2503//1697 2504//1697 
f 2494//1697 1713//1697 1774//1697 
f 2706//1697 1715//1697 1714//1697 
f 1718//1697 1717//1697 2706//1697 
f 2506//1697 2494//1697 1774//1697 
f 1716//1697 1715//1697 2706//1697 
f 2490//1697 2209//1697 2698//1697 
f 2717//1697 1758//1697 1757//1697 
f 2717//1697 1759//1697 1758//1697 
f 2717//1697 1760//1697 1759//1697 
f 2717//1697 1762//1697 1761//1697 
f 2696//1697 1757//1697 1756//1697 
f 1761//1697 1760//1697 2717//1697 
f 1757//1697 2696//1697 2717//1697 
f 2717//1697 1764//1697 1763//1697 
f 2696//1697 1751//1697 1750//1697 
f 2696//1697 1753//1697 1752//1697 
f 2696//1697 1755//1697 1754//1697 
f 1763//1697 1762//1697 2717//1697 
f 2696//1697 1749//1697 1748//1697 
f 1752//1697 1751//1697 2696//1697 
f 1756//1697 1755//1697 2696//1697 
f 2717//1697 1767//1697 1765//1697 
f 2693//1697 1741//1697 1740//1697 
f 2693//1697 2696//1697 1746//1697 
f 1750//1697 1749//1697 2696//1697 
f 1765//1697 1764//1697 2717//1697 
f 1740//1697 1739//1697 2693//1697 
f 2693//1697 1743//1697 1742//1697 
f 2696//1697 1747//1697 1746//1697 
f 1754//1697 1753//1697 2696//1697 
f 1742//1697 1741//1697 2693//1697 
f 2693//1697 1745//1697 1744//1697 
f 1748//1697 1747//1697 2696//1697 
f 1744//1697 1743//1697 2693//1697 
f 2717//1697 1766//1697 1767//1697 
f 1746//1697 1745//1697 2693//1697 
f 2704//1697 2508//1697 2509//1697 
f 2509//1697 2510//1697 2704//1697 
f 2704//1697 2511//1697 2512//1697 
f 2512//1697 2508//1697 2704//1697 
f 2510//1697 2513//1697 2704//1697 
f 2704//1697 2514//1697 2515//1697 
f 2704//1697 2516//1697 2517//1697 
f 2704//1697 2518//1697 2519//1697 
f 2705//1697 2520//1697 2521//1697 
f 1776//1697 2522//1697 2523//1697 
f 1776//1697 2524//1697 2525//1697 
f 2515//1697 2511//1697 2704//1697 
f 2519//1697 2516//1697 2704//1697 
f 2521//1697 2704//1697 2705//1697 
f 2705//1697 2526//1697 2527//1697 
f 1776//1697 2528//1697 2529//1697 
f 2525//1697 2522//1697 1776//1697 
f 1836//1697 2530//1697 2531//1697 
f 2704//1697 2532//1697 2530//1697 
f 2517//1697 2514//1697 2704//1697 
f 2527//1697 2520//1697 2705//1697 
f 2523//1697 2528//1697 1776//1697 
f 1776//1697 2533//1697 2534//1697 
f 1779//1697 2535//1697 2219//1697 
f 2219//1697 2716//1697 1783//1697 
f 2704//1697 1833//1697 1832//1697 
f 2530//1697 1836//1697 2704//1697 
f 2521//1697 2518//1697 2704//1697 
f 2534//1697 2524//1697 1776//1697 
f 1775//1697 2531//1697 2533//1697 
f 2536//1697 2537//1697 1777//1697 
f 1776//1697 2538//1697 2539//1697 
f 2537//1697 2540//1697 1778//1697 
f 2540//1697 2535//1697 1779//1697 
f 2219//1697 1781//1697 1780//1697 
f 1783//1697 1782//1697 2219//1697 
f 1832//1697 1831//1697 2704//1697 
f 2704//1697 1835//1697 1834//1697 
f 2513//1697 2532//1697 2704//1697 
f 2533//1697 1776//1697 1775//1697 
f 2539//1697 2536//1697 1776//1697 
f 1779//1697 1778//1697 2540//1697 
f 1782//1697 1781//1697 2219//1697 
f 1834//1697 1833//1697 2704//1697 
f 2531//1697 1775//1697 1836//1697 
f 1777//1697 1776//1697 2536//1697 
f 2219//1697 1780//1697 1779//1697 
f 1836//1697 1835//1697 2704//1697 
f 1778//1697 1777//1697 2537//1697 
f 2529//1697 2538//1697 1776//1697 
f 290//1697 287//1697 286//1697 
f 287//1697 290//1697 289//1697 
f 289//1697 288//1697 287//1697 
f 1827//1697 195//1697 194//1697 
f 286//1697 254//1697 290//1697 
f 2704//1697 1830//1697 183//1697 
f 1827//1697 196//1697 195//1697 
f 254//1697 198//1697 290//1697 
f 1830//1697 184//1697 183//1697 
f 191//1697 190//1697 1829//1697 
f 1827//1697 193//1697 192//1697 
f 1827//1697 197//1697 196//1697 
f 198//1697 1827//1697 290//1697 
f 1830//1697 185//1697 184//1697 
f 1830//1697 187//1697 186//1697 
f 1830//1697 189//1697 188//1697 
f 190//1697 189//1697 1830//1697 
f 192//1697 191//1697 1827//1697 
f 198//1697 197//1697 1827//1697 
f 186//1697 185//1697 1830//1697 
f 1830//1697 1829//1697 190//1697 
f 194//1697 193//1697 1827//1697 
f 188//1697 187//1697 1830//1697 
f 183//1697 199//1697 2704//1697 
f 2541//1697 299//1697 298//1697 
f 2542//1697 291//1697 290//1697 
f 2541//1697 300//1697 299//1697 
f 2542//1697 292//1697 291//1697 
f 2542//1697 294//1697 293//1697 
f 1827//1697 2543//1697 2544//1697 
f 2541//1697 297//1697 296//1697 
f 2541//1697 301//1697 300//1697 
f 293//1697 292//1697 2542//1697 
f 2542//1697 296//1697 295//1697 
f 290//1697 2545//1697 2546//1697 
f 1827//1697 2547//1697 2543//1697 
f 298//1697 297//1697 2541//1697 
f 295//1697 294//1697 2542//1697 
f 290//1697 2548//1697 2549//1697 
f 2546//1697 2550//1697 290//1697 
f 290//1697 2544//1697 2551//1697 
f 1827//1697 2552//1697 2547//1697 
f 2553//1697 1820//1697 1819//1697 
f 290//1697 2554//1697 2542//1697 
f 290//1697 2555//1697 2556//1697 
f 2550//1697 2548//1697 290//1697 
f 2544//1697 290//1697 1827//1697 
f 2553//1697 1821//1697 1820//1697 
f 2553//1697 1823//1697 1822//1697 
f 296//1697 2542//1697 2541//1697 
f 290//1697 2557//1697 2555//1697 
f 2551//1697 2545//1697 290//1697 
f 1812//1697 2558//1697 2559//1697 
f 2553//1697 1818//1697 1817//1697 
f 1822//1697 1821//1697 2553//1697 
f 303//1697 301//1697 2560//1697 
f 2541//1697 2561//1697 301//1697 
f 2549//1697 2557//1697 290//1697 
f 2562//1697 1827//1697 1828//1697 
f 1828//1697 2553//1697 2563//1697 
f 1812//1697 2564//1697 2558//1697 
f 2701//1697 2565//1697 2566//1697 
f 2701//1697 2164//1697 2567//1697 
f 2568//1697 1815//1697 1814//1697 
f 2553//1697 1816//1697 1815//1697 
f 1819//1697 1818//1697 2553//1697 
f 2553//1697 1825//1697 1824//1697 
f 301//1697 2569//1697 2560//1697 
f 2556//1697 2554//1697 290//1697 
f 1828//1697 2570//1697 2562//1697 
f 2563//1697 2571//1697 1828//1697 
f 1812//1697 2566//1697 2564//1697 
f 2567//1697 2565//1697 2701//1697 
f 1813//1697 2572//1697 2573//1697 
f 1815//1697 2568//1697 2553//1697 
f 1824//1697 1823//1697 2553//1697 
f 2561//1697 2569//1697 301//1697 
f 1827//1697 2574//1697 2575//1697 
f 1827//1697 2576//1697 2577//1697 
f 2562//1697 2578//1697 1827//1697 
f 2571//1697 2579//1697 1828//1697 
f 2566//1697 1812//1697 2701//1697 
f 1813//1697 2559//1697 2572//1697 
f 1817//1697 1816//1697 2553//1697 
f 2553//1697 1828//1697 1826//1697 
f 1827//1697 2580//1697 2552//1697 
f 2577//1697 2574//1697 1827//1697 
f 1827//1697 2581//1697 2582//1697 
f 2579//1697 2570//1697 1828//1697 
f 2573//1697 1814//1697 1813//1697 
f 1826//1697 1825//1697 2553//1697 
f 2575//1697 2580//1697 1827//1697 
f 2578//1697 2581//1697 1827//1697 
f 1814//1697 2573//1697 2568//1697 
f 2582//1697 2576//1697 1827//1697 
f 2560//1697 2165//1697 303//1697 
f 2716//1697 2702//1697 1793//1697 
f 2716//1697 1790//1697 1789//1697 
f 1793//1697 1792//1697 2716//1697 
f 2702//1697 1795//1697 1794//1697 
f 2716//1697 1791//1697 1790//1697 
f 1794//1697 1793//1697 2702//1697 
f 2716//1697 1788//1697 1787//1697 
f 1792//1697 1791//1697 2716//1697 
f 2716//1697 1786//1697 1785//1697 
f 1789//1697 1788//1697 2716//1697 
f 2702//1697 1799//1697 1798//1697 
f 2702//1697 1801//1697 1800//1697 
f 1787//1697 1786//1697 2716//1697 
f 2702//1697 1797//1697 1796//1697 
f 1800//1697 1799//1697 2702//1697 
f 2702//1697 1803//1697 1802//1697 
f 1796//1697 1795//1697 2702//1697 
f 1802//1697 1801//1697 2702//1697 
f 2701//1697 1805//1697 1804//1697 
f 2701//1697 1811//1697 1810//1697 
f 1798//1697 1797//1697 2702//1697 
f 1804//1697 2702//1697 2701//1697 
f 2701//1697 1809//1697 1808//1697 
f 2701//1697 1812//1697 1811//1697 
f 1804//1697 1803//1697 2702//1697 
f 2701//1697 1807//1697 1806//1697 
f 1810//1697 1809//1697 2701//1697 
f 1785//1697 1784//1697 2716//1697 
f 1808//1697 1807//1697 2701//1697 
f 1806//1697 1805//1697 2701//1697 
f 2583//1697 2584//1697 1237//1697 
f 2585//1697 1223//1697 1221//1697 
f 2583//1697 1233//1697 1231//1697 
f 1237//1697 1235//1697 2583//1697 
f 1221//1697 1219//1697 2585//1697 
f 2583//1697 1229//1697 1227//1697 
f 1235//1697 1233//1697 2583//1697 
f 1219//1697 1217//1697 2585//1697 
f 2585//1697 2583//1697 1225//1697 
f 1237//1697 2586//1697 2587//1697 
f 1237//1697 2588//1697 2589//1697 
f 1237//1697 2584//1697 2590//1697 
f 1231//1697 1229//1697 2583//1697 
f 1225//1697 1223//1697 2585//1697 
f 1237//1697 2591//1697 2586//1697 
f 1237//1697 2592//1697 2593//1697 
f 1237//1697 2594//1697 2588//1697 
f 1227//1697 1225//1697 2583//1697 
f 305//1697 2595//1697 2585//1697 
f 304//1697 2166//1697 2596//1697 
f 2593//1697 2591//1697 1237//1697 
f 2590//1697 2594//1697 1237//1697 
f 305//1697 2597//1697 2595//1697 
f 2596//1697 305//1697 304//1697 
f 1883//1697 2598//1697 2599//1697 
f 1237//1697 2600//1697 2598//1697 
f 2589//1697 2592//1697 1237//1697 
f 2596//1697 2597//1697 305//1697 
f 2598//1697 1883//1697 1237//1697 
f 1217//1697 305//1697 2585//1697 
f 2601//1697 2602//1697 1889//1697 
f 1237//1697 1883//1697 1882//1697 
f 2587//1697 2600//1697 1237//1697 
f 1884//1697 2599//1697 2603//1697 
f 1888//1697 2604//1697 2601//1697 
f 1888//1697 2605//1697 2606//1697 
f 1888//1697 2607//1697 2608//1697 
f 1888//1697 2603//1697 2609//1697 
f 2599//1697 1884//1697 1883//1697 
f 2603//1697 1886//1697 1885//1697 
f 1888//1697 2610//1697 2604//1697 
f 2606//1697 2611//1697 1888//1697 
f 1888//1697 2612//1697 2607//1697 
f 2609//1697 2613//1697 1888//1697 
f 1892//1697 1891//1697 2614//1697 
f 1237//1697 1881//1697 1880//1697 
f 2603//1697 1885//1697 1884//1697 
f 1888//1697 2615//1697 2610//1697 
f 2611//1697 2616//1697 1888//1697 
f 2613//1697 2612//1697 1888//1697 
f 2614//1697 2617//1697 1892//1697 
f 1237//1697 1879//1697 1878//1697 
f 1882//1697 1881//1697 1237//1697 
f 2603//1697 1888//1697 1887//1697 
f 1888//1697 2618//1697 2615//1697 
f 2608//1697 2605//1697 1888//1697 
f 2712//1697 1892//1697 2619//1697 
f 2617//1697 2620//1697 1892//1697 
f 1878//1697 1877//1697 1237//1697 
f 1887//1697 1886//1697 2603//1697 
f 2616//1697 2618//1697 1888//1697 
f 2602//1697 2621//1697 1890//1697 
f 1891//1697 1890//1697 2621//1697 
f 2712//1697 2622//1697 2623//1697 
f 2620//1697 2619//1697 1892//1697 
f 1880//1697 1879//1697 1237//1697 
f 1890//1697 1889//1697 2602//1697 
f 2621//1697 2624//1697 1891//1697 
f 2619//1697 2622//1697 2712//1697 
f 1889//1697 1888//1697 2601//1697 
f 2623//1697 2625//1697 2712//1697 
f 2624//1697 2614//1697 1891//1697 
f 1123//1697 1116//1697 1114//1697 
f 1116//1697 1123//1697 1120//1697 
f 1242//1697 1240//1697 1239//1697 
f 1237//1697 1215//1697 1244//1697 
f 1120//1697 1118//1697 1116//1697 
f 1244//1697 1242//1697 1237//1697 
f 1114//1697 1113//1697 1123//1697 
f 1237//1697 1199//1697 1215//1697 
f 1874//1697 1211//1697 1210//1697 
f 1113//1697 1168//1697 1123//1697 
f 1237//1697 1876//1697 1199//1697 
f 1876//1697 1205//1697 1204//1697 
f 1206//1697 1876//1697 1875//1697 
f 1207//1697 1875//1697 1874//1697 
f 1210//1697 1209//1697 1874//1697 
f 1874//1697 1213//1697 1212//1697 
f 1168//1697 1874//1697 1123//1697 
f 1876//1697 1200//1697 1199//1697 
f 1876//1697 1202//1697 1201//1697 
f 1204//1697 1203//1697 1876//1697 
f 1875//1697 1207//1697 1206//1697 
f 1209//1697 1208//1697 1874//1697 
f 1168//1697 1213//1697 1874//1697 
f 1201//1697 1200//1697 1876//1697 
f 1206//1697 1205//1697 1876//1697 
f 1212//1697 1211//1697 1874//1697 
f 1203//1697 1202//1697 1876//1697 
f 1239//1697 1237//1697 1242//1697 
f 2626//1697 1139//1697 1137//1697 
f 2626//1697 1141//1697 1139//1697 
f 2627//1697 1124//1697 1123//1697 
f 1110//1697 1109//1697 2628//1697 
f 2626//1697 1135//1697 1133//1697 
f 2626//1697 1109//1697 1141//1697 
f 2627//1697 1125//1697 1124//1697 
f 2627//1697 1129//1697 1127//1697 
f 1123//1697 2629//1697 2630//1697 
f 1868//1697 2631//1697 2629//1697 
f 2628//1697 2632//1697 1110//1697 
f 1137//1697 1135//1697 2626//1697 
f 1127//1697 1125//1697 2627//1697 
f 2627//1697 1133//1697 1131//1697 
f 1123//1697 2633//1697 2634//1697 
f 1123//1697 2635//1697 2636//1697 
f 2629//1697 1123//1697 1868//1697 
f 1109//1697 2637//1697 2628//1697 
f 1133//1697 2627//1697 2626//1697 
f 1131//1697 1129//1697 2627//1697 
f 1123//1697 2638//1697 2639//1697 
f 2636//1697 2633//1697 1123//1697 
f 1123//1697 2640//1697 2641//1697 
f 2630//1697 2642//1697 1123//1697 
f 2626//1697 2637//1697 1109//1697 
f 1123//1697 2643//1697 2644//1697 
f 2634//1697 2638//1697 1123//1697 
f 2642//1697 2640//1697 1123//1697 
f 1123//1697 2644//1697 2627//1697 
f 2641//1697 2635//1697 1123//1697 
f 2639//1697 2643//1697 1123//1697 
f 1868//1697 2645//1697 2631//1697 
f 1868//1697 2646//1697 2647//1697 
f 1868//1697 2648//1697 2649//1697 
f 2650//1697 1860//1697 1858//1697 
f 1863//1697 1862//1697 2650//1697 
f 2647//1697 2645//1697 1868//1697 
f 1868//1697 2651//1697 2648//1697 
f 1868//1697 2652//1697 2653//1697 
f 1868//1697 1867//1697 2654//1697 
f 2650//1697 1861//1697 1860//1697 
f 2650//1697 2655//1697 1863//1697 
f 2656//1697 1864//1697 1863//1697 
f 2657//1697 1865//1697 1864//1697 
f 2658//1697 1866//1697 1865//1697 
f 2649//1697 2646//1697 1868//1697 
f 2654//1697 2652//1697 1868//1697 
f 1123//1697 1873//1697 1872//1697 
f 1862//1697 1861//1697 2650//1697 
f 1864//1697 2656//1697 2657//1697 
f 1865//1697 2657//1697 2658//1697 
f 2653//1697 2651//1697 1868//1697 
f 1123//1697 1871//1697 1870//1697 
f 1123//1697 1874//1697 1873//1697 
f 1863//1697 2655//1697 2656//1697 
f 2654//1697 1867//1697 1866//1697 
f 1123//1697 1869//1697 1868//1697 
f 1872//1697 1871//1697 1123//1697 
f 2658//1697 2654//1697 1866//1697 
f 1870//1697 1869//1697 1123//1697 
f 2632//1697 2167//1697 1110//1697 
f 2715//1697 1850//1697 1849//1697 
f 2715//1697 1851//1697 1850//1697 
f 2715//1697 1854//1697 1853//1697 
f 2715//1697 1856//1697 1855//1697 
f 2715//1697 1852//1697 1851//1697 
f 1855//1697 1854//1697 2715//1697 
f 2703//1697 1849//1697 1848//1697 
f 1853//1697 1852//1697 2715//1697 
f 2703//1697 1843//1697 1842//1697 
f 2703//1697 1845//1697 1844//1697 
f 2703//1697 1847//1697 1846//1697 
f 1849//1697 2703//1697 2715//1697 
f 2715//1697 1859//1697 1857//1697 
f 2712//1697 1895//1697 1894//1697 
f 2703//1697 1841//1697 1840//1697 
f 1844//1697 1843//1697 2703//1697 
f 1848//1697 1847//1697 2703//1697 
f 2715//1697 1858//1697 1859//1697 
f 1894//1697 1893//1697 2712//1697 
f 2712//1697 1897//1697 1896//1697 
f 2712//1697 2703//1697 1838//1697 
f 1842//1697 1841//1697 2703//1697 
f 1857//1697 1856//1697 2715//1697 
f 1896//1697 1895//1697 2712//1697 
f 2712//1697 1837//1697 1898//1697 
f 2703//1697 1839//1697 1838//1697 
f 1846//1697 1845//1697 2703//1697 
f 1898//1697 1897//1697 2712//1697 
f 1840//1697 1839//1697 2703//1697 
f 1838//1697 1837//1697 2712//1697 
f 2659//1697 1093//1697 1092//1697 
f 2660//1697 1096//1697 1095//1697 
f 2660//1697 1098//1697 1097//1697 
f 2660//1697 2661//1697 1100//1697 
f 1092//1697 1091//1697 2659//1697 
f 1100//1697 2662//1697 2663//1697 
f 1100//1697 2664//1697 2665//1697 
f 1097//1697 1096//1697 2660//1697 
f 1100//1697 1099//1697 2660//1697 
f 1091//1697 1090//1697 2659//1697 
f 2659//1697 2660//1697 1094//1697 
f 2663//1697 2666//1697 1100//1697 
f 1100//1697 2667//1697 2664//1697 
f 1099//1697 1098//1697 2660//1697 
f 1094//1697 1093//1697 2659//1697 
f 2665//1697 2662//1697 1100//1697 
f 1100//1697 2668//1697 2669//1697 
f 1095//1697 1094//1697 2660//1697 
f 1089//1697 2670//1697 2659//1697 
f 1106//1697 2671//1697 2672//1697 
f 1931//1697 2673//1697 2674//1697 
f 2669//1697 2667//1697 1100//1697 
f 2661//1697 2675//1697 1100//1697 
f 1089//1697 2672//1697 2670//1697 
f 1106//1697 2170//1697 2671//1697 
f 1931//1697 2676//1697 2673//1697 
f 1931//1697 2677//1697 2678//1697 
f 1931//1697 2679//1697 2680//1697 
f 1930//1697 2681//1697 2679//1697 
f 1100//1697 2682//1697 2681//1697 
f 2675//1697 2668//1697 1100//1697 
f 2672//1697 1089//1697 1106//1697 
f 2678//1697 2676//1697 1931//1697 
f 2680//1697 2683//1697 1931//1697 
f 1935//1697 2684//1697 2178//1697 
f 2178//1697 2713//1697 1939//1697 
f 1100//1697 1927//1697 1926//1697 
f 2681//1697 1930//1697 1100//1697 
f 1090//1697 1089//1697 2659//1697 
f 1931//1697 2685//1697 2686//1697 
f 2683//1697 2677//1697 1931//1697 
f 2687//1697 2688//1697 1933//1697 
f 1932//1697 2686//1697 2689//1697 
f 2688//1697 2690//1697 1934//1697 
f 2690//1697 2684//1697 1935//1697 
f 2178//1697 1937//1697 1936//1697 
f 1939//1697 1938//1697 2178//1697 
f 1926//1697 1925//1697 1100//1697 
f 1100//1697 1929//1697 1928//1697 
f 2666//1697 2682//1697 1100//1697 
f 2674//1697 2685//1697 1931//1697 
f 2689//1697 2687//1697 1932//1697 
f 1935//1697 1934//1697 2690//1697 
f 1938//1697 1937//1697 2178//1697 
f 1928//1697 1927//1697 1100//1697 
f 2679//1697 1931//1697 1930//1697 
f 1933//1697 1932//1697 2687//1697 
f 2178//1697 1936//1697 1935//1697 
f 1930//1697 1929//1697 1100//1697 
f 1934//1697 1933//1697 2688//1697 
f 2686//1697 1932//1697 1931//1697 
f 1103//1697 1102//1697 1101//1697 
f 1100//1697 920//1697 1104//1697 
f 1104//1697 1103//1697 1100//1697 
f 1100//1697 902//1697 920//1697 
f 1100//1697 1924//1697 902//1697 
f 1924//1697 903//1697 902//1697 
f 1924//1697 904//1697 903//1697 
f 1924//1697 907//1697 906//1697 
f 1924//1697 905//1697 904//1697 
f 1924//1697 908//1697 907//1697 
f 906//1697 905//1697 1924//1697 
f 1924//1697 1923//1697 909//1697 
f 909//1697 1923//1697 1921//1697 
f 909//1697 908//1697 1924//1697 
f 1101//1697 1100//1697 1103//1697 
f 2711//1697 1913//1697 1912//1697 
f 2711//1697 1914//1697 1913//1697 
f 2711//1697 1917//1697 1916//1697 
f 2711//1697 1919//1697 1918//1697 
f 2711//1697 1915//1697 1914//1697 
f 1918//1697 1917//1697 2711//1697 
f 2695//1697 1912//1697 1911//1697 
f 1916//1697 1915//1697 2711//1697 
f 2695//1697 1910//1697 1909//1697 
f 1912//1697 2695//1697 2711//1697 
f 2711//1697 1922//1697 1920//1697 
f 2695//1697 1907//1697 1906//1697 
f 1911//1697 1910//1697 2695//1697 
f 2711//1697 1921//1697 1922//1697 
f 2695//1697 1908//1697 1907//1697 
f 1920//1697 1919//1697 2711//1697 
f 1909//1697 1908//1697 2695//1697 
f 2713//1697 1946//1697 1945//1697 
f 2713//1697 2714//1697 1949//1697 
f 2713//1697 1947//1697 1946//1697 
f 1949//1697 1948//1697 2713//1697 
f 2713//1697 1944//1697 1943//1697 
f 1948//1697 1947//1697 2713//1697 
f 2713//1697 1942//1697 1941//1697 
f 1945//1697 1944//1697 2713//1697 
f 2714//1697 1951//1697 1950//1697 
f 1941//1697 1940//1697 2713//1697 
f 1950//1697 1949//1697 2714//1697 
f 2714//1697 1955//1697 1954//1697 
f 2714//1697 1957//1697 1956//1697 
f 1943//1697 1942//1697 2713//1697 
f 2714//1697 1953//1697 1952//1697 
f 1956//1697 1955//1697 2714//1697 
f 2714//1697 1959//1697 1958//1697 
f 2697//1697 1905//1697 1904//1697 
f 1952//1697 1951//1697 2714//1697 
f 1958//1697 1957//1697 2714//1697 
f 2697//1697 1899//1697 1960//1697 
f 2697//1697 1903//1697 1902//1697 
f 2697//1697 1906//1697 1905//1697 
f 1954//1697 1953//1697 2714//1697 
f 1960//1697 2714//1697 2697//1697 
f 2697//1697 1901//1697 1900//1697 
f 1904//1697 1903//1697 2697//1697 
f 1960//1697 1959//1697 2714//1697 
f 1902//1697 1901//1697 2697//1697 
f 1900//1697 1899//1697 2697//1697 
f 1940//1697 1939//1697 2713//1697 
f 1906//1697 2697//1697 2695//1697 
f 1921//1697 2711//1697 909//1697 
f 1925//1697 1924//1697 1100//1697 
f 1893//1697 1892//1697 2712//1697 
f 1858//1697 2715//1697 2650//1697 
f 1874//1697 1208//1697 1207//1697 
f 1877//1697 1876//1697 1237//1697 
f 1784//1697 1783//1697 2716//1697 
f 2559//1697 1813//1697 1812//1697 
f 1829//1697 1827//1697 191//1697 
f 1831//1697 1830//1697 2704//1697 
f 1739//1697 1738//1697 2693//1697 
f 1766//1697 2717//1697 2500//1697 
f 433//1697 1721//1697 1720//1697 
f 1723//1697 1722//1697 2708//1697 
f 2474//1697 2500//1697 2717//1697 
f 2464//1697 2466//1697 2717//1697 
f 2419//1697 2461//1697 2714//1697 
f 2019//1697 2380//1697 2379//1697 
f 2280//1697 2276//1697 2703//1697 
f 2230//1697 2232//1697 2702//1697 
f 2220//1697 2225//1697 2716//1697 
f 2211//1697 2526//1697 2705//1697 
f 2210//1697 2211//1697 2700//1697 
f 2209//1697 2210//1697 2699//1697 
f 2201//1697 2650//1697 2715//1697 
f 2196//1697 2206//1697 2715//1697 
f 2189//1697 2388//1697 2714//1697 
f 2179//1697 2184//1697 2713//1697 
f 1106//1697 1105//1697 2169//1697 
f 1105//1697 1108//1697 2168//1697 
f 1108//1697 1110//1697 2167//1697 
f 2166//1697 304//1697 303//1697 
f 2712//1697 2625//1697 2164//1697 
f 2126//1697 2691//1697 2710//1697 
f 2121//1697 2695//1697 2694//1697 
f 2117//1697 2120//1697 2694//1697 
f 2710//1697 2691//1697 2077//1697 
f 910//1697 909//1697 2711//1697 
f 717//1697 871//1697 2709//1697 
f 728//1697 727//1697 2709//1697 
f 445//1697 633//1697 2692//1697 
f 468//1697 466//1697 443//1697 
f 424//1697 442//1697 2707//1697 
f 337//1697 369//1697 2706//1697 
f 348//1697 347//1697 2706//1697 
f 232//1697 249//1697 2705//1697 
f 244//1697 243//1697 246//1697 
f 2703//1697 2712//1697 2701//1697 
f 2700//1697 2705//1697 249//1697 
f 2699//1697 2700//1697 248//1697 
f 2698//1697 2699//1697 251//1697 
f 2697//1697 2714//1697 2696//1697 
f 2695//1697 2697//1697 2693//1697 
f 632//1697 2710//1697 2692//1697 
o mesh88
f 2537//1698 2536//1699 2718//1699 
f 2536//1699 2539//1700 2719//1700 
f 2539//1700 2538//1701 2720//1701 
f 2538//1701 2529//1702 2721//1702 
f 2529//1702 2528//1703 2722//1703 
f 2528//1703 2523//1704 2723//1704 
f 2523//1704 2522//1705 2724//1705 
f 2522//1705 2525//1706 2725//1706 
f 2525//1706 2524//1707 2726//1707 
f 2524//1707 2534//1708 2727//1708 
f 2534//1708 2533//1709 2728//1709 
f 2533//1709 2531//1710 2729//1710 
f 2729//1710 2728//1709 2533//1709 
f 2728//1709 2727//1708 2534//1708 
f 2727//1708 2726//1707 2524//1707 
f 2726//1707 2725//1706 2525//1706 
f 2725//1706 2724//1705 2522//1705 
f 2724//1705 2723//1704 2523//1704 
f 2723//1704 2722//1703 2528//1703 
f 2722//1703 2721//1702 2529//1702 
f 2721//1702 2720//1701 2538//1701 
f 2720//1701 2719//1700 2539//1700 
f 2719//1700 2718//1699 2536//1699 
f 2718//1699 2730//1711 2537//1698 
o mesh89
f 2731//1712 2228//1712 2226//1713 
f 2732//1714 2733//1713 2225//1715 
f 2733//1713 2226//1713 2225//1715 
f 2732//1714 2220//1714 2216//1716 
f 2734//1716 2216//1716 2215//1717 
f 2735//1717 2215//1717 2218//1718 
f 2736//1718 2218//1718 2213//1719 
f 2737//1719 2213//1719 2212//1720 
f 2738//1720 2212//1720 2214//1721 
f 2739//1721 2214//1721 2217//1722 
f 2740//1722 2217//1722 2219//1723 
f 2219//1723 2741//1724 2740//1722 
f 2741//1724 2535//1724 2540//1725 
f 2742//1725 2540//1725 2537//1726 
f 2537//1726 2730//1726 2742//1725 
f 2540//1725 2742//1725 2741//1724 
f 2219//1723 2535//1724 2741//1724 
f 2217//1722 2740//1722 2739//1721 
f 2214//1721 2739//1721 2738//1720 
f 2212//1720 2738//1720 2737//1719 
f 2213//1719 2737//1719 2736//1718 
f 2218//1718 2736//1718 2735//1717 
f 2215//1717 2735//1717 2734//1716 
f 2216//1716 2734//1716 2732//1714 
f 2225//1715 2220//1714 2732//1714 
f 2226//1713 2733//1713 2731//1712 
o mesh90
f 2729//1727 2531//1727 2530//1728 
f 2530//1728 2743//1728 2729//1727 
o mesh91
f 2728//1729 2729//1730 2744//1730 
f 2727//1731 2728//1729 2745//1732 
f 2726//1733 2727//1731 2746//1734 
f 2725//1735 2726//1733 2747//1736 
f 2724//1737 2725//1735 2748//1738 
f 2723//1739 2724//1737 2749//1740 
f 2722//1741 2723//1739 2750//1742 
f 2721//1743 2722//1741 2751//1744 
f 2720//1745 2721//1743 2752//1746 
f 2719//1747 2720//1745 2753//1748 
f 2718//1749 2719//1747 2754//1750 
f 2730//1751 2718//1749 2755//1752 
f 2755//1752 2756//1751 2730//1751 
f 2754//1750 2755//1752 2718//1749 
f 2753//1748 2754//1750 2719//1747 
f 2752//1746 2753//1748 2720//1745 
f 2751//1744 2752//1746 2721//1743 
f 2750//1742 2751//1744 2722//1741 
f 2749//1740 2750//1742 2723//1739 
f 2748//1738 2749//1740 2724//1737 
f 2747//1736 2748//1738 2725//1735 
f 2746//1734 2747//1736 2726//1733 
f 2745//1732 2746//1734 2727//1731 
f 2744//1730 2745//1732 2728//1729 
o mesh92
f 2757//1753 2731//1753 2733//1754 
f 2758//1754 2733//1754 2732//1755 
f 2759//1755 2732//1755 2734//1756 
f 2760//1756 2734//1756 2735//1757 
f 2761//1757 2735//1757 2736//1758 
f 2762//1758 2736//1758 2737//1759 
f 2763//1759 2737//1759 2738//1760 
f 2764//1760 2738//1760 2739//1761 
f 2765//1761 2739//1761 2740//1762 
f 2766//1762 2740//1762 2741//1763 
f 2767//1763 2741//1763 2742//1764 
f 2768//1764 2742//1764 2730//1765 
f 2730//1765 2756//1765 2768//1764 
f 2742//1764 2768//1764 2767//1763 
f 2741//1763 2767//1763 2766//1762 
f 2740//1762 2766//1762 2765//1761 
f 2739//1761 2765//1761 2764//1760 
f 2738//1760 2764//1760 2763//1759 
f 2737//1759 2763//1759 2762//1758 
f 2736//1758 2762//1758 2761//1757 
f 2735//1757 2761//1757 2760//1756 
f 2734//1756 2760//1756 2759//1755 
f 2732//1755 2759//1755 2758//1754 
f 2733//1754 2758//1754 2757//1753 
o mesh93
f 2230//1766 2229//1767 2769//1767 
f 2229//1767 2224//1768 2770//1768 
f 2224//1768 2222//1769 2771//1769 
f 2222//1769 2221//1770 2772//1770 
f 2221//1770 2223//1771 2773//1771 
f 2223//1771 2227//1772 2774//1772 
f 2227//1772 2228//1773 2731//1773 
f 2731//1773 2774//1772 2227//1772 
f 2774//1772 2773//1771 2223//1771 
f 2773//1771 2772//1770 2221//1770 
f 2772//1770 2771//1769 2222//1769 
f 2771//1769 2770//1768 2224//1768 
f 2770//1768 2769//1767 2229//1767 
f 2769//1767 2775//1774 2230//1766 
o mesh94
f 2744//1775 2729//1775 2743//1776 
f 2743//1776 2776//1776 2744//1775 
o mesh95
f 2530//1777 2532//1778 2777//1778 
f 2532//1778 2513//1779 2778//1779 
f 2513//1779 2510//1780 2779//1780 
f 2510//1780 2509//1781 2780//1781 
f 2509//1781 2508//1782 2781//1782 
f 2508//1782 2512//1783 2782//1783 
f 2512//1783 2511//1784 2783//1784 
f 2511//1784 2515//1785 2784//1785 
f 2515//1785 2514//1786 2785//1786 
f 2514//1786 2517//1787 2786//1787 
f 2517//1787 2516//1788 2787//1788 
f 2516//1788 2519//1789 2788//1789 
f 2519//1789 2518//1790 2789//1790 
f 2518//1790 2521//1791 2790//1791 
f 2521//1791 2520//1792 2791//1792 
f 2520//1792 2527//1793 2792//1793 
f 2792//1793 2791//1792 2520//1792 
f 2791//1792 2790//1791 2521//1791 
f 2790//1791 2789//1790 2518//1790 
f 2789//1790 2788//1789 2519//1789 
f 2788//1789 2787//1788 2516//1788 
f 2787//1788 2786//1787 2517//1787 
f 2786//1787 2785//1786 2514//1786 
f 2785//1786 2784//1785 2515//1785 
f 2784//1785 2783//1784 2511//1784 
f 2783//1784 2782//1783 2512//1783 
f 2782//1783 2781//1782 2508//1782 
f 2781//1782 2780//1781 2509//1781 
f 2780//1781 2779//1780 2510//1780 
f 2779//1780 2778//1779 2513//1779 
f 2778//1779 2777//1778 2532//1778 
f 2777//1778 2743//1794 2530//1777 
o mesh96
f 2793//1795 2794//1796 2775//1796 
f 2795//1797 2793//1795 2769//1798 
f 2796//1799 2795//1797 2770//1800 
f 2797//1801 2796//1799 2771//1802 
f 2798//1803 2797//1801 2772//1804 
f 2799//1805 2798//1803 2773//1806 
f 2757//1807 2799//1805 2774//1808 
f 2774//1808 2731//1807 2757//1807 
f 2773//1806 2774//1808 2799//1805 
f 2772//1804 2773//1806 2798//1803 
f 2771//1802 2772//1804 2797//1801 
f 2770//1800 2771//1802 2796//1799 
f 2769//1798 2770//1800 2795//1797 
f 2775//1796 2769//1798 2793//1795 
o mesh97
f 2800//1809 2233//1809 2232//1809 
f 2232//1809 2775//1809 2800//1809 
f 2800//1809 2330//1809 2233//1809 
f 2232//1809 2230//1809 2775//1809 
o mesh98
f 2794//1810 2801//1810 2800//1810 
f 2800//1810 2775//1810 2794//1810 
o mesh99
f 2367//1811 2332//1812 2802//1812 
f 2332//1812 2331//1813 2803//1813 
f 2331//1813 2326//1814 2804//1814 
f 2326//1814 2325//1815 2805//1815 
f 2325//1815 2327//1816 2806//1816 
f 2327//1816 2320//1817 2807//1817 
f 2320//1817 2317//1818 2808//1818 
f 2317//1818 2316//1819 2809//1819 
f 2316//1819 2329//1820 2810//1820 
f 2329//1820 2349//1821 2811//1821 
f 2349//1821 2350//1822 2812//1822 
f 2350//1822 2330//1823 2800//1823 
f 2800//1823 2812//1822 2350//1822 
f 2812//1822 2811//1821 2349//1821 
f 2811//1821 2810//1820 2329//1820 
f 2810//1820 2809//1819 2316//1819 
f 2809//1819 2808//1818 2317//1818 
f 2808//1818 2807//1817 2320//1817 
f 2807//1817 2806//1816 2327//1816 
f 2806//1816 2805//1815 2325//1815 
f 2805//1815 2804//1814 2326//1814 
f 2804//1814 2803//1813 2331//1813 
f 2803//1813 2802//1812 2332//1812 
f 2802//1812 2813//1824 2367//1811 
o mesh100
f 2814//1825 2815//1826 2813//1826 
f 2816//1827 2814//1825 2802//1828 
f 2817//1829 2816//1827 2803//1830 
f 2818//1831 2817//1829 2804//1832 
f 2819//1833 2818//1831 2805//1834 
f 2820//1835 2819//1833 2806//1836 
f 2821//1837 2820//1835 2807//1838 
f 2822//1839 2821//1837 2808//1840 
f 2823//1841 2822//1839 2809//1842 
f 2824//1843 2823//1841 2810//1844 
f 2825//1845 2824//1843 2811//1846 
f 2801//1847 2825//1845 2812//1848 
f 2812//1848 2800//1847 2801//1847 
f 2811//1846 2812//1848 2825//1845 
f 2810//1844 2811//1846 2824//1843 
f 2809//1842 2810//1844 2823//1841 
f 2808//1840 2809//1842 2822//1839 
f 2807//1838 2808//1840 2821//1837 
f 2806//1836 2807//1838 2820//1835 
f 2805//1834 2806//1836 2819//1833 
f 2804//1832 2805//1834 2818//1831 
f 2803//1830 2804//1832 2817//1829 
f 2802//1828 2803//1830 2816//1827 
f 2813//1826 2802//1828 2814//1825 
o mesh101
f 2826//1849 2357//1849 2372//1850 
f 2827//1850 2372//1850 2371//1851 
f 2828//1851 2371//1851 2370//1852 
f 2829//1852 2370//1852 2378//1853 
f 2830//1853 2378//1853 2377//1854 
f 2831//1854 2377//1854 2369//1855 
f 2832//1855 2369//1855 2368//1856 
f 2833//1856 2368//1856 2367//1857 
f 2367//1857 2813//1857 2833//1856 
f 2368//1856 2833//1856 2832//1855 
f 2369//1855 2832//1855 2831//1854 
f 2377//1854 2831//1854 2830//1853 
f 2378//1853 2830//1853 2829//1852 
f 2370//1852 2829//1852 2828//1851 
f 2371//1851 2828//1851 2827//1850 
f 2372//1850 2827//1850 2826//1849 
o mesh102
f 2834//1858 2826//1858 2827//1859 
f 2835//1859 2827//1859 2828//1860 
f 2836//1860 2828//1860 2829//1861 
f 2837//1861 2829//1861 2830//1862 
f 2838//1862 2830//1862 2831//1863 
f 2839//1863 2831//1863 2832//1864 
f 2840//1864 2832//1864 2833//1865 
f 2841//1865 2833//1865 2813//1866 
f 2813//1866 2815//1866 2841//1865 
f 2833//1865 2841//1865 2840//1864 
f 2832//1864 2840//1864 2839//1863 
f 2831//1863 2839//1863 2838//1862 
f 2830//1862 2838//1862 2837//1861 
f 2829//1861 2837//1861 2836//1860 
f 2828//1860 2836//1860 2835//1859 
f 2827//1859 2835//1859 2834//1858 
o mesh103
f 2335//1867 2334//1868 2842//1868 
f 2334//1868 2358//1869 2843//1869 
f 2358//1869 2365//1870 2844//1870 
f 2365//1870 2366//1871 2845//1871 
f 2366//1871 2352//1872 2846//1872 
f 2352//1872 2351//1873 2847//1873 
f 2351//1873 2354//1874 2848//1874 
f 2354//1874 2353//1875 2849//1875 
f 2353//1875 2356//1876 2850//1876 
f 2356//1876 2355//1877 2851//1877 
f 2355//1877 2333//1878 2852//1878 
f 2333//1878 2357//1879 2826//1879 
f 2826//1879 2852//1878 2333//1878 
f 2852//1878 2851//1877 2355//1877 
f 2851//1877 2850//1876 2356//1876 
f 2850//1876 2849//1875 2353//1875 
f 2849//1875 2848//1874 2354//1874 
f 2848//1874 2847//1873 2351//1873 
f 2847//1873 2846//1872 2352//1872 
f 2846//1872 2845//1871 2366//1871 
f 2845//1871 2844//1870 2365//1870 
f 2844//1870 2843//1869 2358//1869 
f 2843//1869 2842//1868 2334//1868 
f 2842//1868 2853//1880 2335//1867 
o mesh104
f 2854//1881 2855//1882 2853//1882 
f 2856//1883 2854//1881 2842//1884 
f 2857//1885 2856//1883 2843//1886 
f 2858//1887 2857//1885 2844//1888 
f 2859//1889 2858//1887 2845//1890 
f 2860//1891 2859//1889 2846//1892 
f 2861//1893 2860//1891 2847//1894 
f 2862//1895 2861//1893 2848//1896 
f 2863//1897 2862//1895 2849//1898 
f 2864//1899 2863//1897 2850//1900 
f 2865//1901 2864//1899 2851//1902 
f 2834//1903 2865//1901 2852//1904 
f 2852//1904 2826//1903 2834//1903 
f 2851//1902 2852//1904 2865//1901 
f 2850//1900 2851//1902 2864//1899 
f 2849//1898 2850//1900 2863//1897 
f 2848//1896 2849//1898 2862//1895 
f 2847//1894 2848//1896 2861//1893 
f 2846//1892 2847//1894 2860//1891 
f 2845//1890 2846//1892 2859//1889 
f 2844//1888 2845//1890 2858//1887 
f 2843//1886 2844//1888 2857//1885 
f 2842//1884 2843//1886 2856//1883 
f 2853//1882 2842//1884 2854//1881 
o mesh105
f 2853//1905 2866//1905 2413//1905 
f 2413//1905 2336//1905 2853//1905 
f 2866//1905 2465//1905 2413//1905 
f 2336//1905 2335//1905 2853//1905 
o mesh106
f 2855//1906 2867//1906 2866//1906 
f 2866//1906 2853//1906 2855//1906 
o mesh107
f 2868//1907 2505//1907 2504//1908 
f 2869//1908 2504//1908 2503//1909 
f 2870//1910 2871//1909 2500//1911 
f 2871//1909 2503//1909 2500//1911 
f 2870//1910 2474//1910 2473//1912 
f 2872//1912 2473//1912 2469//1913 
f 2873//1913 2469//1913 2468//1914 
f 2874//1914 2468//1914 2471//1915 
f 2875//1915 2471//1915 2470//1916 
f 2876//1916 2470//1916 2472//1917 
f 2877//1917 2472//1917 2467//1918 
f 2878//1918 2467//1918 2466//1919 
f 2466//1919 2879//1920 2878//1918 
f 2879//1920 2464//1920 2463//1921 
f 2880//1921 2463//1921 2462//1922 
f 2866//1922 2462//1922 2465//1923 
f 2462//1922 2866//1922 2880//1921 
f 2463//1921 2880//1921 2879//1920 
f 2466//1919 2464//1920 2879//1920 
f 2467//1918 2878//1918 2877//1917 
f 2472//1917 2877//1917 2876//1916 
f 2470//1916 2876//1916 2875//1915 
f 2471//1915 2875//1915 2874//1914 
f 2468//1914 2874//1914 2873//1913 
f 2469//1913 2873//1913 2872//1912 
f 2473//1912 2872//1912 2870//1910 
f 2500//1911 2474//1910 2870//1910 
f 2503//1909 2871//1909 2869//1908 
f 2504//1908 2869//1908 2868//1907 
o mesh108
f 2881//1924 2868//1924 2869//1925 
f 2882//1925 2869//1925 2871//1926 
f 2883//1926 2871//1926 2870//1927 
f 2884//1927 2870//1927 2872//1928 
f 2885//1928 2872//1928 2873//1929 
f 2886//1929 2873//1929 2874//1930 
f 2887//1930 2874//1930 2875//1931 
f 2888//1931 2875//1931 2876//1932 
f 2889//1932 2876//1932 2877//1933 
f 2890//1933 2877//1933 2878//1934 
f 2891//1934 2878//1934 2879//1935 
f 2892//1935 2879//1935 2880//1936 
f 2893//1936 2880//1936 2866//1937 
f 2866//1937 2867//1937 2893//1936 
f 2880//1936 2893//1936 2892//1935 
f 2879//1935 2892//1935 2891//1934 
f 2878//1934 2891//1934 2890//1933 
f 2877//1933 2890//1933 2889//1932 
f 2876//1932 2889//1932 2888//1931 
f 2875//1931 2888//1931 2887//1930 
f 2874//1930 2887//1930 2886//1929 
f 2873//1929 2886//1929 2885//1928 
f 2872//1928 2885//1928 2884//1927 
f 2870//1927 2884//1927 2883//1926 
f 2871//1926 2883//1926 2882//1925 
f 2869//1925 2882//1925 2881//1924 
o mesh109
f 2491//1938 2493//1939 2894//1939 
f 2493//1939 2501//1940 2895//1940 
f 2501//1940 2507//1941 2896//1941 
f 2507//1941 2496//1942 2897//1942 
f 2496//1942 2495//1943 2898//1943 
f 2495//1943 2498//1944 2899//1944 
f 2498//1944 2497//1945 2900//1945 
f 2497//1945 2502//1946 2901//1946 
f 2502//1946 2499//1947 2902//1947 
f 2499//1947 2494//1948 2903//1948 
f 2494//1948 2506//1949 2904//1949 
f 2506//1949 2505//1950 2868//1950 
f 2868//1950 2904//1949 2506//1949 
f 2904//1949 2903//1948 2494//1948 
f 2903//1948 2902//1947 2499//1947 
f 2902//1947 2901//1946 2502//1946 
f 2901//1946 2900//1945 2497//1945 
f 2900//1945 2899//1944 2498//1944 
f 2899//1944 2898//1943 2495//1943 
f 2898//1943 2897//1942 2496//1942 
f 2897//1942 2896//1941 2507//1941 
f 2896//1941 2895//1940 2501//1940 
f 2895//1940 2894//1939 2493//1939 
f 2894//1939 2905//1951 2491//1938 
o mesh110
f 2904//1952 2868//1953 2881//1953 
f 2903//1954 2904//1952 2906//1955 
f 2902//1956 2903//1954 2907//1957 
f 2901//1958 2902//1956 2908//1959 
f 2900//1960 2901//1958 2909//1961 
f 2899//1962 2900//1960 2910//1963 
f 2898//1964 2899//1962 2911//1965 
f 2897//1966 2898//1964 2912//1967 
f 2896//1968 2897//1966 2913//1969 
f 2895//1970 2896//1968 2914//1971 
f 2894//1972 2895//1970 2915//1973 
f 2905//1974 2894//1972 2916//1975 
f 2916//1975 2917//1974 2905//1974 
f 2915//1973 2916//1975 2894//1972 
f 2914//1971 2915//1973 2895//1970 
f 2913//1969 2914//1971 2896//1968 
f 2912//1967 2913//1969 2897//1966 
f 2911//1965 2912//1967 2898//1964 
f 2910//1963 2911//1965 2899//1962 
f 2909//1961 2910//1963 2900//1960 
f 2908//1959 2909//1961 2901//1958 
f 2907//1957 2908//1959 2902//1956 
f 2906//1955 2907//1957 2903//1954 
f 2881//1953 2906//1955 2904//1952 
o mesh111
f 2918//1976 2492//1976 2491//1977 
f 2491//1977 2905//1977 2918//1976 
o mesh112
f 2919//1978 2918//1978 2905//1979 
f 2905//1979 2917//1979 2919//1978 
o mesh113
f 2490//1980 2489//1981 2920//1981 
f 2489//1981 2485//1982 2921//1982 
f 2485//1982 2486//1983 2922//1983 
f 2486//1983 2483//1984 2923//1984 
f 2483//1984 2482//1985 2924//1985 
f 2482//1985 2488//1986 2925//1986 
f 2488//1986 2487//1987 2926//1987 
f 2487//1987 2476//1988 2927//1988 
f 2476//1988 2475//1989 2928//1989 
f 2475//1989 2477//1990 2929//1990 
f 2477//1990 2479//1991 2930//1991 
f 2479//1991 2478//1992 2931//1992 
f 2478//1992 2484//1993 2932//1993 
f 2484//1993 2481//1994 2933//1994 
f 2481//1994 2480//1995 2934//1995 
f 2480//1995 2492//1996 2918//1996 
f 2918//1996 2934//1995 2480//1995 
f 2934//1995 2933//1994 2481//1994 
f 2933//1994 2932//1993 2484//1993 
f 2932//1993 2931//1992 2478//1992 
f 2931//1992 2930//1991 2479//1991 
f 2930//1991 2929//1990 2477//1990 
f 2929//1990 2928//1989 2475//1989 
f 2928//1989 2927//1988 2476//1988 
f 2927//1988 2926//1987 2487//1987 
f 2926//1987 2925//1986 2488//1986 
f 2925//1986 2924//1985 2482//1985 
f 2924//1985 2923//1984 2483//1984 
f 2923//1984 2922//1983 2486//1983 
f 2922//1983 2921//1982 2485//1982 
f 2921//1982 2920//1981 2489//1981 
f 2920//1981 2935//1997 2490//1980 
o mesh114
f 2864//1998 2861//1998 2862//1998 
f 2864//1998 2860//1998 2861//1998 
f 2864//1998 2858//1998 2859//1998 
f 2864//1998 2856//1998 2857//1998 
f 2864//1998 2855//1998 2854//1998 
f 2936//1998 2914//1998 2913//1998 
f 2859//1998 2860//1998 2864//1998 
f 2854//1998 2856//1998 2864//1998 
f 2936//1998 2910//1998 2909//1998 
f 2936//1998 2912//1998 2911//1998 
f 2936//1998 2915//1998 2914//1998 
f 2936//1998 2917//1998 2916//1998 
f 2937//1998 2938//1998 2939//1998 
f 2940//1998 2937//1998 2941//1998 
f 2919//1998 2942//1998 2943//1998 
f 2855//1998 2864//1998 2865//1998 
f 2857//1998 2858//1998 2864//1998 
f 2936//1998 2907//1998 2906//1998 
f 2911//1998 2910//1998 2936//1998 
f 2916//1998 2915//1998 2936//1998 
f 2937//1998 2940//1998 2938//1998 
f 2941//1998 2944//1998 2940//1998 
f 2919//1998 2945//1998 2946//1998 
f 2943//1998 2947//1998 2919//1998 
f 2862//1998 2863//1998 2864//1998 
f 2893//1998 2867//1998 2855//1998 
f 2936//1998 2908//1998 2907//1998 
f 2913//1998 2912//1998 2936//1998 
f 2944//1998 2948//1998 2940//1998 
f 2947//1998 2945//1998 2919//1998 
f 2919//1998 2949//1998 2950//1998 
f 2919//1998 2936//1998 2951//1998 
f 2855//1998 2834//1998 2893//1998 
f 2909//1998 2908//1998 2936//1998 
f 2946//1998 2937//1998 2919//1998 
f 2951//1998 2949//1998 2919//1998 
f 2815//1998 2817//1998 2818//1998 
f 2817//1998 2815//1998 2814//1998 
f 2865//1998 2834//1998 2855//1998 
f 2835//1998 2890//1998 2891//1998 
f 2936//1998 2887//1998 2888//1998 
f 2936//1998 2885//1998 2886//1998 
f 2936//1998 2919//1998 2917//1998 
f 2950//1998 2942//1998 2919//1998 
f 2952//1998 2747//1998 2746//1998 
f 2952//1998 2749//1998 2748//1998 
f 2794//1998 2798//1998 2799//1998 
f 2797//1998 2793//1998 2795//1998 
f 2815//1998 2819//1998 2820//1998 
f 2814//1998 2816//1998 2817//1998 
f 2835//1998 2892//1998 2893//1998 
f 2835//1998 2889//1998 2890//1998 
f 2888//1998 2835//1998 2936//1998 
f 2936//1998 2884//1998 2885//1998 
f 2939//1998 2919//1998 2937//1998 
f 2748//1998 2747//1998 2952//1998 
f 2794//1998 2797//1998 2798//1998 
f 2797//1998 2794//1998 2793//1998 
f 2815//1998 2824//1998 2825//1998 
f 2815//1998 2821//1998 2822//1998 
f 2818//1998 2819//1998 2815//1998 
f 2891//1998 2892//1998 2835//1998 
f 2886//1998 2887//1998 2936//1998 
f 2936//1998 2882//1998 2883//1998 
f 2906//1998 2881//1998 2936//1998 
f 2953//1998 2954//1998 2955//1998 
f 2952//1998 2750//1998 2749//1998 
f 2952//1998 2752//1998 2751//1998 
f 2795//1998 2796//1998 2797//1998 
f 2815//1998 2801//1998 2794//1998 
f 2815//1998 2823//1998 2824//1998 
f 2820//1998 2821//1998 2815//1998 
f 2888//1998 2889//1998 2835//1998 
f 2881//1998 2882//1998 2936//1998 
f 2776//1998 2956//1998 2957//1998 
f 2953//1998 2958//1998 2954//1998 
f 2956//1998 2959//1998 2960//1998 
f 2751//1998 2750//1998 2952//1998 
f 2952//1998 2754//1998 2753//1998 
f 2794//1998 2757//1998 2815//1998 
f 2822//1998 2823//1998 2815//1998 
f 2758//1998 2936//1998 2838//1998 
f 2883//1998 2884//1998 2936//1998 
f 2776//1998 2961//1998 2962//1998 
f 2957//1998 2963//1998 2776//1998 
f 2960//1998 2953//1998 2956//1998 
f 2753//1998 2752//1998 2952//1998 
f 2825//1998 2801//1998 2815//1998 
f 2758//1998 2839//1998 2840//1998 
f 2936//1998 2837//1998 2838//1998 
f 2834//1998 2835//1998 2893//1998 
f 2963//1998 2961//1998 2776//1998 
f 2956//1998 2776//1998 2959//1998 
f 2952//1998 2755//1998 2754//1998 
f 2799//1998 2757//1998 2794//1998 
f 2838//1998 2839//1998 2758//1998 
f 2835//1998 2836//1998 2936//1998 
f 2776//1998 2964//1998 2965//1998 
f 2955//1998 2956//1998 2953//1998 
f 2952//1998 2756//1998 2755//1998 
f 2936//1998 2762//1998 2763//1998 
f 2936//1998 2759//1998 2760//1998 
f 2758//1998 2841//1998 2815//1998 
f 2836//1998 2837//1998 2936//1998 
f 2776//1998 2966//1998 2967//1998 
f 2962//1998 2964//1998 2776//1998 
f 2746//1998 2745//1998 2952//1998 
f 2763//1998 2764//1998 2936//1998 
f 2936//1998 2758//1998 2759//1998 
f 2840//1998 2841//1998 2758//1998 
f 2965//1998 2966//1998 2776//1998 
f 2745//1998 2744//1998 2952//1998 
f 2952//1998 2766//1998 2767//1998 
f 2936//1998 2765//1998 2766//1998 
f 2936//1998 2761//1998 2762//1998 
f 2757//1998 2758//1998 2815//1998 
f 2744//1998 2776//1998 2952//1998 
f 2766//1998 2952//1998 2936//1998 
f 2760//1998 2761//1998 2936//1998 
f 2952//1998 2768//1998 2756//1998 
f 2764//1998 2765//1998 2936//1998 
f 2767//1998 2768//1998 2952//1998 
f 2967//1998 2952//1998 2776//1998 
o mesh115
f 2936//1999 2952//1999 2792//1999 
f 2792//1999 2935//1999 2936//1999 
o mesh116
f 2951//2000 2936//1999 2935//1999 
f 2949//2001 2951//2000 2920//2000 
f 2950//2002 2949//2001 2921//2001 
f 2942//2003 2950//2002 2922//2002 
f 2943//2004 2942//2003 2923//2003 
f 2947//2005 2943//2004 2924//2004 
f 2945//2006 2947//2005 2925//2005 
f 2946//2007 2945//2006 2926//2006 
f 2937//2008 2946//2007 2927//2007 
f 2941//2009 2937//2008 2928//2008 
f 2944//2010 2941//2009 2929//2009 
f 2948//2011 2944//2010 2930//2010 
f 2940//2012 2948//2011 2931//2011 
f 2938//2013 2940//2012 2932//2012 
f 2939//2014 2938//2013 2933//2013 
f 2919//2015 2939//2014 2934//2014 
f 2934//2014 2918//2015 2919//2015 
f 2933//2013 2934//2014 2939//2014 
f 2932//2012 2933//2013 2938//2013 
f 2931//2011 2932//2012 2940//2012 
f 2930//2010 2931//2011 2948//2011 
f 2929//2009 2930//2010 2944//2010 
f 2928//2008 2929//2009 2941//2009 
f 2927//2007 2928//2008 2937//2008 
f 2926//2006 2927//2007 2946//2007 
f 2925//2005 2926//2006 2945//2006 
f 2924//2004 2925//2005 2947//2005 
f 2923//2003 2924//2004 2943//2004 
f 2922//2002 2923//2003 2942//2003 
f 2921//2001 2922//2002 2950//2002 
f 2920//2000 2921//2001 2949//2001 
f 2935//1999 2920//2000 2951//2000 
o mesh117
f 2959//2016 2776//2017 2743//2017 
f 2960//2018 2959//2016 2777//2019 
f 2953//2020 2960//2018 2778//2021 
f 2958//2022 2953//2020 2779//2023 
f 2954//2024 2958//2022 2780//2025 
f 2955//2026 2954//2024 2781//2027 
f 2956//2028 2955//2026 2782//2029 
f 2957//2030 2956//2028 2783//2031 
f 2963//2032 2957//2030 2784//2033 
f 2961//2034 2963//2032 2785//2035 
f 2962//2036 2961//2034 2786//2037 
f 2964//2038 2962//2036 2787//2039 
f 2965//2040 2964//2038 2788//2041 
f 2966//2042 2965//2040 2789//2043 
f 2967//2044 2966//2042 2790//2045 
f 2952//2046 2967//2044 2791//2047 
f 2791//2047 2792//2046 2952//2046 
f 2790//2045 2791//2047 2967//2044 
f 2789//2043 2790//2045 2966//2042 
f 2788//2041 2789//2043 2965//2040 
f 2787//2039 2788//2041 2964//2038 
f 2786//2037 2787//2039 2962//2036 
f 2785//2035 2786//2037 2961//2034 
f 2784//2033 2785//2035 2963//2032 
f 2783//2031 2784//2033 2957//2030 
f 2782//2029 2783//2031 2956//2028 
f 2781//2027 2782//2029 2955//2026 
f 2780//2025 2781//2027 2954//2024 
f 2779//2023 2780//2025 2958//2022 
f 2778//2021 2779//2023 2953//2020 
f 2777//2019 2778//2021 2960//2018 
f 2743//2017 2777//2019 2959//2016 
o mesh118
f 2935//2048 2792//2048 2211//2048 
f 2211//2048 2210//2048 2935//2048 
f 2792//2048 2527//2048 2526//2048 
f 2526//2048 2211//2048 2792//2048 
f 2210//2048 2209//2048 2935//2048 
f 2209//2048 2490//2048 2935//2048 
o mesh119
f 2968//2049 2657//2049 2656//2050 
f 2969//2050 2656//2050 2655//2051 
f 2970//2052 2971//2051 2650//2053 
f 2971//2051 2655//2051 2650//2053 
f 2970//2052 2201//2052 2200//2054 
f 2972//2054 2200//2054 2204//2055 
f 2973//2055 2204//2055 2208//2056 
f 2974//2056 2208//2056 2203//2057 
f 2975//2057 2203//2057 2202//2058 
f 2976//2058 2202//2058 2205//2059 
f 2977//2059 2205//2059 2207//2060 
f 2978//2060 2207//2060 2206//2061 
f 2206//2061 2979//2062 2978//2060 
f 2979//2062 2196//2062 2195//2063 
f 2195//2063 2980//2063 2979//2062 
f 2206//2061 2196//2062 2979//2062 
f 2207//2060 2978//2060 2977//2059 
f 2205//2059 2977//2059 2976//2058 
f 2202//2058 2976//2058 2975//2057 
f 2203//2057 2975//2057 2974//2056 
f 2208//2056 2974//2056 2973//2055 
f 2204//2055 2973//2055 2972//2054 
f 2200//2054 2972//2054 2970//2052 
f 2650//2053 2201//2052 2970//2052 
f 2655//2051 2971//2051 2969//2050 
f 2656//2050 2969//2050 2968//2049 
o mesh120
f 2629//2064 2631//2065 2981//2065 
f 2631//2065 2645//2066 2982//2066 
f 2645//2066 2647//2067 2983//2067 
f 2647//2067 2646//2068 2984//2068 
f 2646//2068 2649//2069 2985//2069 
f 2649//2069 2648//2070 2986//2070 
f 2648//2070 2651//2071 2987//2071 
f 2651//2071 2653//2072 2988//2072 
f 2653//2072 2652//2073 2989//2073 
f 2652//2073 2654//2074 2990//2074 
f 2654//2074 2658//2075 2991//2075 
f 2658//2075 2657//2076 2968//2076 
f 2968//2076 2991//2075 2658//2075 
f 2991//2075 2990//2074 2654//2074 
f 2990//2074 2989//2073 2652//2073 
f 2989//2073 2988//2072 2653//2072 
f 2988//2072 2987//2071 2651//2071 
f 2987//2071 2986//2070 2648//2070 
f 2986//2070 2985//2069 2649//2069 
f 2985//2069 2984//2068 2646//2068 
f 2984//2068 2983//2067 2647//2067 
f 2983//2067 2982//2066 2645//2066 
f 2982//2066 2981//2065 2631//2065 
f 2981//2065 2992//2077 2629//2064 
o mesh121
f 2195//2078 2199//2079 2993//2079 
f 2199//2079 2191//2080 2994//2080 
f 2191//2080 2190//2081 2995//2081 
f 2190//2081 2192//2082 2996//2082 
f 2192//2082 2197//2083 2997//2083 
f 2197//2083 2198//2084 2998//2084 
f 2198//2084 2194//2085 2999//2085 
f 2999//2085 2998//2084 2198//2084 
f 2998//2084 2997//2083 2197//2083 
f 2997//2083 2996//2082 2192//2082 
f 2996//2082 2995//2081 2190//2081 
f 2995//2081 2994//2080 2191//2080 
f 2994//2080 2993//2079 2199//2079 
f 2993//2079 2980//2086 2195//2078 
o mesh122
f 3000//2087 2968//2087 2969//2088 
f 3001//2088 2969//2088 2971//2089 
f 3002//2089 2971//2089 2970//2090 
f 3003//2090 2970//2090 2972//2091 
f 3004//2091 2972//2091 2973//2092 
f 3005//2092 2973//2092 2974//2093 
f 3006//2093 2974//2093 2975//2094 
f 3007//2094 2975//2094 2976//2095 
f 3008//2095 2976//2095 2977//2096 
f 3009//2096 2977//2096 2978//2097 
f 3010//2097 2978//2097 2979//2098 
f 3011//2098 2979//2098 2980//2099 
f 2980//2099 3012//2099 3011//2098 
f 2979//2098 3011//2098 3010//2097 
f 2978//2097 3010//2097 3009//2096 
f 2977//2096 3009//2096 3008//2095 
f 2976//2095 3008//2095 3007//2094 
f 2975//2094 3007//2094 3006//2093 
f 2974//2093 3006//2093 3005//2092 
f 2973//2092 3005//2092 3004//2091 
f 2972//2091 3004//2091 3003//2090 
f 2970//2090 3003//2090 3002//2089 
f 2971//2089 3002//2089 3001//2088 
f 2969//2088 3001//2088 3000//2087 
o mesh123
f 3013//2100 3012//2099 2980//2099 
f 3014//2101 3013//2100 2993//2100 
f 3015//2102 3014//2101 2994//2101 
f 3016//2103 3015//2102 2995//2102 
f 3017//2104 3016//2103 2996//2103 
f 3018//2105 3017//2104 2997//2104 
f 3019//2106 3018//2105 2998//2105 
f 2998//2105 2999//2106 3019//2106 
f 2997//2104 2998//2105 3018//2105 
f 2996//2103 2997//2104 3017//2104 
f 2995//2102 2996//2103 3016//2103 
f 2994//2101 2995//2102 3015//2102 
f 2993//2100 2994//2101 3014//2101 
f 2980//2099 2993//2100 3013//2100 
o mesh124
f 3020//2107 2999//2107 2193//2107 
f 2999//2107 2194//2107 2193//2107 
f 2193//2107 2247//2107 3020//2107 
f 2247//2107 2347//2107 3020//2107 
o mesh125
f 3021//2106 3019//2106 2999//2106 
f 2999//2106 3020//2106 3021//2106 
o mesh126
f 2347//2107 2346//2108 3022//2108 
f 2346//2108 2363//2109 3023//2109 
f 2363//2109 2364//2110 3024//2110 
f 2364//2110 2348//2111 3025//2111 
f 2348//2111 2314//2112 3026//2112 
f 2314//2112 2313//2113 3027//2113 
f 2313//2113 2318//2114 3028//2114 
f 2318//2114 2323//2115 3029//2115 
f 2323//2115 2324//2116 3030//2116 
f 2324//2116 2319//2117 3031//2117 
f 2319//2117 2315//2118 3032//2118 
f 2315//2118 2345//2119 3033//2119 
f 3033//2119 3032//2118 2315//2118 
f 3032//2118 3031//2117 2319//2117 
f 3031//2117 3030//2116 2324//2116 
f 3030//2116 3029//2115 2323//2115 
f 3029//2115 3028//2114 2318//2114 
f 3028//2114 3027//2113 2313//2113 
f 3027//2113 3026//2112 2314//2112 
f 3026//2112 3025//2111 2348//2111 
f 3025//2111 3024//2110 2364//2110 
f 3024//2110 3023//2109 2363//2109 
f 3023//2109 3022//2108 2346//2108 
f 3022//2108 3020//2120 2347//2107 
o mesh127
f 3034//2121 3021//2122 3020//2122 
f 3035//2123 3034//2121 3022//2124 
f 3036//2125 3035//2123 3023//2126 
f 3037//2127 3036//2125 3024//2128 
f 3038//2129 3037//2127 3025//2130 
f 3039//2131 3038//2129 3026//2132 
f 3040//2133 3039//2131 3027//2134 
f 3041//2135 3040//2133 3028//2136 
f 3042//2137 3041//2135 3029//2138 
f 3043//2139 3042//2137 3030//2140 
f 3044//2141 3043//2139 3031//2142 
f 3045//2143 3044//2141 3032//2144 
f 3032//2144 3033//2143 3045//2143 
f 3031//2142 3032//2144 3044//2141 
f 3030//2140 3031//2142 3043//2139 
f 3029//2138 3030//2140 3042//2137 
f 3028//2136 3029//2138 3041//2135 
f 3027//2134 3028//2136 3040//2133 
f 3026//2132 3027//2134 3039//2131 
f 3025//2130 3026//2132 3038//2129 
f 3024//2128 3025//2130 3037//2127 
f 3023//2126 3024//2128 3036//2125 
f 3022//2124 3023//2126 3035//2123 
f 3020//2122 3022//2124 3034//2121 
o mesh128
f 3033//2145 2345//2145 2344//2146 
f 3046//2146 2344//2146 2343//2147 
f 3047//2147 2343//2147 2379//2148 
f 3048//2148 2379//2148 2380//2149 
f 3049//2149 2380//2149 2376//2150 
f 3050//2150 2376//2150 2375//2151 
f 3051//2151 2375//2151 2374//2152 
f 3052//2152 2374//2152 2373//2153 
f 2373//2153 3053//2153 3052//2152 
f 2374//2152 3052//2152 3051//2151 
f 2375//2151 3051//2151 3050//2150 
f 2376//2150 3050//2150 3049//2149 
f 2380//2149 3049//2149 3048//2148 
f 2379//2148 3048//2148 3047//2147 
f 2343//2147 3047//2147 3046//2146 
f 2344//2146 3046//2146 3033//2145 
o mesh129
f 3045//2154 3033//2154 3046//2155 
f 3054//2155 3046//2155 3047//2156 
f 3055//2156 3047//2156 3048//2157 
f 3056//2157 3048//2157 3049//2158 
f 3057//2158 3049//2158 3050//2159 
f 3058//2159 3050//2159 3051//2160 
f 3059//2160 3051//2160 3052//2161 
f 3060//2161 3052//2161 3053//2162 
f 3053//2162 3061//2162 3060//2161 
f 3052//2161 3060//2161 3059//2160 
f 3051//2160 3059//2160 3058//2159 
f 3050//2159 3058//2159 3057//2158 
f 3049//2158 3057//2158 3056//2157 
f 3048//2157 3056//2157 3055//2156 
f 3047//2156 3055//2156 3054//2155 
f 3046//2155 3054//2155 3045//2154 
o mesh130
f 2373//2163 2362//2164 3062//2164 
f 2362//2164 2361//2165 3063//2165 
f 2361//2165 2341//2166 3064//2166 
f 2341//2166 2340//2167 3065//2167 
f 2340//2167 2342//2168 3066//2168 
f 2342//2168 2328//2169 3067//2169 
f 2328//2169 2322//2170 3068//2170 
f 2322//2170 2321//2171 3069//2171 
f 2321//2171 2337//2172 3070//2172 
f 2337//2172 2339//2173 3071//2173 
f 2339//2173 2338//2174 3072//2174 
f 2338//2174 2360//2175 3073//2175 
f 3073//2175 3072//2174 2338//2174 
f 3072//2174 3071//2173 2339//2173 
f 3071//2173 3070//2172 2337//2172 
f 3070//2172 3069//2171 2321//2171 
f 3069//2171 3068//2170 2322//2170 
f 3068//2170 3067//2169 2328//2169 
f 3067//2169 3066//2168 2342//2168 
f 3066//2168 3065//2167 2340//2167 
f 3065//2167 3064//2166 2341//2166 
f 3064//2166 3063//2165 2361//2165 
f 3063//2165 3062//2164 2362//2164 
f 3062//2164 3053//2176 2373//2163 
o mesh131
f 3074//2177 3061//2178 3053//2178 
f 3075//2179 3074//2177 3062//2180 
f 3076//2181 3075//2179 3063//2182 
f 3077//2183 3076//2181 3064//2184 
f 3078//2185 3077//2183 3065//2186 
f 3079//2187 3078//2185 3066//2188 
f 3080//2189 3079//2187 3067//2190 
f 3081//2191 3080//2189 3068//2192 
f 3082//2193 3081//2191 3069//2194 
f 3083//2195 3082//2193 3070//2196 
f 3084//2197 3083//2195 3071//2198 
f 3085//2199 3084//2197 3072//2200 
f 3072//2200 3073//2199 3085//2199 
f 3071//2198 3072//2200 3084//2197 
f 3070//2196 3071//2198 3083//2195 
f 3069//2194 3070//2196 3082//2193 
f 3068//2192 3069//2194 3081//2191 
f 3067//2190 3068//2192 3080//2189 
f 3066//2188 3067//2190 3079//2187 
f 3065//2186 3066//2188 3078//2185 
f 3064//2184 3065//2186 3077//2183 
f 3063//2182 3064//2184 3076//2181 
f 3062//2180 3063//2182 3075//2179 
f 3053//2178 3062//2180 3074//2177 
o mesh132
f 3073//2201 2359//2201 2388//2201 
f 3073//2201 2360//2201 2359//2201 
f 2388//2201 3086//2201 3073//2201 
f 2388//2201 2189//2201 3086//2201 
o mesh133
f 3087//2202 3085//2202 3073//2202 
f 3073//2202 3086//2202 3087//2202 
o mesh134
f 2189//2201 2188//2203 3088//2203 
f 2188//2203 2186//2204 3089//2204 
f 2186//2204 2183//2205 3090//2205 
f 2183//2205 2181//2206 3091//2206 
f 2181//2206 2180//2207 3092//2207 
f 2180//2207 2182//2208 3093//2208 
f 2182//2208 2187//2209 3094//2209 
f 3094//2209 3093//2208 2182//2208 
f 3093//2208 3092//2207 2180//2207 
f 3092//2207 3091//2206 2181//2206 
f 3091//2206 3090//2205 2183//2205 
f 3090//2205 3089//2204 2186//2204 
f 3089//2204 3088//2203 2188//2203 
f 3088//2203 3086//2210 2189//2201 
o mesh135
f 3095//2211 3087//2212 3086//2212 
f 3096//2213 3095//2211 3088//2214 
f 3097//2215 3096//2213 3089//2216 
f 3098//2217 3097//2215 3090//2218 
f 3099//2219 3098//2217 3091//2220 
f 3100//2221 3099//2219 3092//2222 
f 3101//2223 3100//2221 3093//2224 
f 3093//2224 3094//2223 3101//2223 
f 3092//2222 3093//2224 3100//2221 
f 3091//2220 3092//2222 3099//2219 
f 3090//2218 3091//2220 3098//2217 
f 3089//2216 3090//2218 3097//2215 
f 3088//2214 3089//2216 3096//2213 
f 3086//2212 3088//2214 3095//2211 
o mesh136
f 3094//2225 2187//2225 2185//2226 
f 3102//2227 3103//2226 2184//2228 
f 3103//2226 2185//2226 2184//2228 
f 3102//2227 2179//2227 2177//2229 
f 3104//2229 2177//2229 2176//2230 
f 3105//2230 2176//2230 2174//2231 
f 3106//2231 2174//2231 2173//2232 
f 3107//2232 2173//2232 2172//2233 
f 3108//2233 2172//2233 2171//2234 
f 3109//2234 2171//2234 2175//2235 
f 3110//2235 2175//2235 2178//2236 
f 2178//2236 3111//2237 3110//2235 
f 3111//2237 2684//2237 2690//2238 
f 3112//2238 2690//2238 2688//2239 
f 2688//2239 3113//2239 3112//2238 
f 2690//2238 3112//2238 3111//2237 
f 2178//2236 2684//2237 3111//2237 
f 2175//2235 3110//2235 3109//2234 
f 2171//2234 3109//2234 3108//2233 
f 2172//2233 3108//2233 3107//2232 
f 2173//2232 3107//2232 3106//2231 
f 2174//2231 3106//2231 3105//2230 
f 2176//2230 3105//2230 3104//2229 
f 2177//2229 3104//2229 3102//2227 
f 2184//2228 2179//2227 3102//2227 
f 2185//2226 3103//2226 3094//2225 
o mesh137
f 3101//2240 3094//2240 3103//2241 
f 3114//2241 3103//2241 3102//2242 
f 3115//2242 3102//2242 3104//2243 
f 3116//2243 3104//2243 3105//2244 
f 3117//2244 3105//2244 3106//2245 
f 3118//2245 3106//2245 3107//2246 
f 3119//2246 3107//2246 3108//2247 
f 3120//2247 3108//2247 3109//2248 
f 3121//2248 3109//2248 3110//2249 
f 3122//2249 3110//2249 3111//2250 
f 3123//2250 3111//2250 3112//2251 
f 3124//2251 3112//2251 3113//2252 
f 3113//2252 3125//2252 3124//2251 
f 3112//2251 3124//2251 3123//2250 
f 3111//2250 3123//2250 3122//2249 
f 3110//2249 3122//2249 3121//2248 
f 3109//2248 3121//2248 3120//2247 
f 3108//2247 3120//2247 3119//2246 
f 3107//2246 3119//2246 3118//2245 
f 3106//2245 3118//2245 3117//2244 
f 3105//2244 3117//2244 3116//2243 
f 3104//2243 3116//2243 3115//2242 
f 3102//2242 3115//2242 3114//2241 
f 3103//2241 3114//2241 3101//2240 
o mesh138
f 2688//2253 2687//2254 3126//2254 
f 2687//2254 2689//2255 3127//2255 
f 2689//2255 2686//2256 3128//2256 
f 2686//2256 2685//2257 3129//2257 
f 2685//2257 2674//2258 3130//2258 
f 2674//2258 2673//2259 3131//2259 
f 2673//2259 2676//2260 3132//2260 
f 2676//2260 2678//2261 3133//2261 
f 2678//2261 2677//2262 3134//2262 
f 2677//2262 2683//2263 3135//2263 
f 2683//2263 2680//2264 3136//2264 
f 2680//2264 2679//2265 3137//2265 
f 3137//2265 3136//2264 2680//2264 
f 3136//2264 3135//2263 2683//2263 
f 3135//2263 3134//2262 2677//2262 
f 3134//2262 3133//2261 2678//2261 
f 3133//2261 3132//2260 2676//2260 
f 3132//2260 3131//2259 2673//2259 
f 3131//2259 3130//2258 2674//2258 
f 3130//2258 3129//2257 2685//2257 
f 3129//2257 3128//2256 2686//2256 
f 3128//2256 3127//2255 2689//2255 
f 3127//2255 3126//2254 2687//2254 
f 3126//2254 3113//2266 2688//2253 
o mesh139
f 3136//2267 3137//2268 3138//2268 
f 3135//2269 3136//2267 3139//2270 
f 3134//2271 3135//2269 3140//2272 
f 3133//2273 3134//2271 3141//2274 
f 3132//2275 3133//2273 3142//2276 
f 3131//2277 3132//2275 3143//2278 
f 3130//2279 3131//2277 3144//2280 
f 3129//2281 3130//2279 3145//2282 
f 3128//2283 3129//2281 3146//2284 
f 3127//2285 3128//2283 3147//2286 
f 3126//2287 3127//2285 3148//2288 
f 3113//2289 3126//2287 3149//2290 
f 3149//2290 3125//2289 3113//2289 
f 3148//2288 3149//2290 3126//2287 
f 3147//2286 3148//2288 3127//2285 
f 3146//2284 3147//2286 3128//2283 
f 3145//2282 3146//2284 3129//2281 
f 3144//2280 3145//2282 3130//2279 
f 3143//2278 3144//2280 3131//2277 
f 3142//2276 3143//2278 3132//2275 
f 3141//2274 3142//2276 3133//2273 
f 3140//2272 3141//2274 3134//2271 
f 3139//2270 3140//2272 3135//2269 
f 3138//2268 3139//2270 3136//2267 
o mesh140
f 3137//2291 2679//2291 2681//2292 
f 2681//2292 3150//2292 3137//2291 
o mesh141
f 3138//2293 3137//2293 3150//2294 
f 3150//2294 3151//2294 3138//2293 
o mesh142
f 2681//2295 2682//2296 3152//2296 
f 2682//2296 2666//2297 3153//2297 
f 2666//2297 2663//2298 3154//2298 
f 2663//2298 2662//2299 3155//2299 
f 2662//2299 2665//2300 3156//2300 
f 2665//2300 2664//2301 3157//2301 
f 2664//2301 2667//2302 3158//2302 
f 2667//2302 2669//2303 3159//2303 
f 2669//2303 2668//2304 3160//2304 
f 2668//2304 2675//2305 3161//2305 
f 2675//2305 2661//2306 3162//2306 
f 2661//2306 2660//2307 3163//2307 
f 2660//2307 2659//2308 3164//2308 
f 2659//2308 2670//2309 3165//2309 
f 2670//2309 2672//2310 3166//2310 
f 2672//2310 2671//2311 3167//2311 
f 3167//2311 3166//2310 2672//2310 
f 3166//2310 3165//2309 2670//2309 
f 3165//2309 3164//2308 2659//2308 
f 3164//2308 3163//2307 2660//2307 
f 3163//2307 3162//2306 2661//2306 
f 3162//2306 3161//2305 2675//2305 
f 3161//2305 3160//2304 2668//2304 
f 3160//2304 3159//2303 2669//2303 
f 3159//2303 3158//2302 2667//2302 
f 3158//2302 3157//2301 2664//2301 
f 3157//2301 3156//2300 2665//2300 
f 3156//2300 3155//2299 2662//2299 
f 3155//2299 3154//2298 2663//2298 
f 3154//2298 3153//2297 2666//2297 
f 3153//2297 3152//2296 2682//2296 
f 3152//2296 3150//2312 2681//2295 
o mesh143
f 2991//2313 2968//2314 3000//2314 
f 2990//2315 2991//2313 3168//2316 
f 2989//2317 2990//2315 3169//2318 
f 2988//2319 2989//2317 3170//2320 
f 2987//2321 2988//2319 3171//2322 
f 2986//2323 2987//2321 3172//2324 
f 2985//2325 2986//2323 3173//2326 
f 2984//2327 2985//2325 3174//2328 
f 2983//2329 2984//2327 3175//2330 
f 2982//2331 2983//2329 3176//2332 
f 2981//2333 2982//2331 3177//2334 
f 2992//2335 2981//2333 3178//2336 
f 3178//2336 3179//2335 2992//2335 
f 3177//2334 3178//2336 2981//2333 
f 3176//2332 3177//2334 2982//2331 
f 3175//2330 3176//2332 2983//2329 
f 3174//2328 3175//2330 2984//2327 
f 3173//2326 3174//2328 2985//2325 
f 3172//2324 3173//2326 2986//2323 
f 3171//2322 3172//2324 2987//2321 
f 3170//2320 3171//2322 2988//2319 
f 3169//2318 3170//2320 2989//2317 
f 3168//2316 3169//2318 2990//2315 
f 3000//2314 3168//2316 2991//2313 
o mesh144
f 3180//2337 2630//2337 2629//2338 
f 2629//2338 2992//2338 3180//2337 
o mesh145
f 3181//2339 3180//2339 2992//2340 
f 2992//2340 3179//2340 3181//2339 
o mesh146
f 2632//2341 2628//2342 3182//2342 
f 2628//2342 2637//2343 3183//2343 
f 2637//2343 2626//2344 3184//2344 
f 2626//2344 2627//2345 3185//2345 
f 2627//2345 2644//2346 3186//2346 
f 2644//2346 2643//2347 3187//2347 
f 2643//2347 2639//2348 3188//2348 
f 2639//2348 2638//2349 3189//2349 
f 2638//2349 2634//2350 3190//2350 
f 2634//2350 2633//2351 3191//2351 
f 2633//2351 2636//2352 3192//2352 
f 2636//2352 2635//2353 3193//2353 
f 2635//2353 2641//2354 3194//2354 
f 2641//2354 2640//2355 3195//2355 
f 2640//2355 2642//2356 3196//2356 
f 2642//2356 2630//2357 3180//2357 
f 3180//2357 3196//2356 2642//2356 
f 3196//2356 3195//2355 2640//2355 
f 3195//2355 3194//2354 2641//2354 
f 3194//2354 3193//2353 2635//2353 
f 3193//2353 3192//2352 2636//2352 
f 3192//2352 3191//2351 2633//2351 
f 3191//2351 3190//2350 2634//2350 
f 3190//2350 3189//2349 2638//2349 
f 3189//2349 3188//2348 2639//2348 
f 3188//2348 3187//2347 2643//2347 
f 3187//2347 3186//2346 2644//2346 
f 3186//2346 3185//2345 2627//2345 
f 3185//2345 3184//2344 2626//2344 
f 3184//2344 3183//2343 2637//2343 
f 3183//2343 3182//2342 2628//2342 
f 3182//2342 3197//2358 2632//2341 
o mesh147
f 3074//2359 3075//2359 3076//2359 
f 3043//2359 3040//2359 3041//2359 
f 3043//2359 3037//2359 3038//2359 
f 3019//2359 3015//2359 3016//2359 
f 3074//2359 3080//2359 3081//2359 
f 3074//2359 3078//2359 3079//2359 
f 3076//2359 3077//2359 3074//2359 
f 3043//2359 3039//2359 3040//2359 
f 3043//2359 3036//2359 3037//2359 
f 3016//2359 3017//2359 3019//2359 
f 3019//2359 3013//2359 3014//2359 
f 3087//2359 3099//2359 3100//2359 
f 3098//2359 3095//2359 3096//2359 
f 3081//2359 3082//2359 3074//2359 
f 3077//2359 3078//2359 3074//2359 
f 3036//2359 3043//2359 3044//2359 
f 3038//2359 3039//2359 3043//2359 
f 3045//2359 3034//2359 3035//2359 
f 3014//2359 3015//2359 3019//2359 
f 3087//2359 3098//2359 3099//2359 
f 3098//2359 3087//2359 3095//2359 
f 3074//2359 3083//2359 3084//2359 
f 3079//2359 3080//2359 3074//2359 
f 3114//2359 3011//2359 3057//2359 
f 3041//2359 3042//2359 3043//2359 
f 3045//2359 3021//2359 3034//2359 
f 3045//2359 3012//2359 3019//2359 
f 3019//2359 3012//2359 3013//2359 
f 3198//2359 3179//2359 3178//2359 
f 3199//2359 3200//2359 3201//2359 
f 3202//2359 3199//2359 3203//2359 
f 3181//2359 3204//2359 3205//2359 
f 3096//2359 3097//2359 3098//2359 
f 3061//2359 3085//2359 3087//2359 
f 3082//2359 3083//2359 3074//2359 
f 3057//2359 3058//2359 3114//2359 
f 3035//2359 3036//2359 3045//2359 
f 3017//2359 3018//2359 3019//2359 
f 3198//2359 3172//2359 3171//2359 
f 3198//2359 3174//2359 3173//2359 
f 3198//2359 3176//2359 3175//2359 
f 3178//2359 3177//2359 3198//2359 
f 3199//2359 3202//2359 3200//2359 
f 3203//2359 3206//2359 3202//2359 
f 3181//2359 3207//2359 3204//2359 
f 3181//2359 3208//2359 3209//2359 
f 3087//2359 3101//2359 3061//2359 
f 3085//2359 3061//2359 3074//2359 
f 3058//2359 3059//2359 3114//2359 
f 3011//2359 3055//2359 3056//2359 
f 3019//2359 3021//2359 3045//2359 
f 3198//2359 3169//2359 3168//2359 
f 3173//2359 3172//2359 3198//2359 
f 3177//2359 3176//2359 3198//2359 
f 3206//2359 3210//2359 3202//2359 
f 3209//2359 3207//2359 3181//2359 
f 3211//2359 3212//2359 3213//2359 
f 3214//2359 3140//2359 3139//2359 
f 3084//2359 3085//2359 3074//2359 
f 3056//2359 3057//2359 3011//2359 
f 3045//2359 3011//2359 3012//2359 
f 3198//2359 3170//2359 3169//2359 
f 3175//2359 3174//2359 3198//2359 
f 3205//2359 3199//2359 3181//2359 
f 3181//2359 3215//2359 3216//2359 
f 3151//2359 3217//2359 3218//2359 
f 3211//2359 3219//2359 3212//2359 
f 3217//2359 3220//2359 3221//2359 
f 3214//2359 3141//2359 3140//2359 
f 3214//2359 3143//2359 3142//2359 
f 3214//2359 3145//2359 3144//2359 
f 3214//2359 3147//2359 3146//2359 
f 3100//2359 3101//2359 3087//2359 
f 3011//2359 3054//2359 3055//2359 
f 3044//2359 3045//2359 3036//2359 
f 3171//2359 3170//2359 3198//2359 
f 3216//2359 3208//2359 3181//2359 
f 3181//2359 3198//2359 3222//2359 
f 3151//2359 3223//2359 3224//2359 
f 3151//2359 3225//2359 3226//2359 
f 3218//2359 3227//2359 3151//2359 
f 3221//2359 3211//2359 3217//2359 
f 3142//2359 3141//2359 3214//2359 
f 3146//2359 3145//2359 3214//2359 
f 3214//2359 3149//2359 3148//2359 
f 3214//2359 3011//2359 3121//2359 
f 3114//2359 3060//2359 3061//2359 
f 3045//2359 3054//2359 3011//2359 
f 3214//2359 3008//2359 3009//2359 
f 3214//2359 3198//2359 3003//2359 
f 3198//2359 3181//2359 3179//2359 
f 3222//2359 3215//2359 3181//2359 
f 3151//2359 3228//2359 3223//2359 
f 3227//2359 3225//2359 3151//2359 
f 3217//2359 3151//2359 3220//2359 
f 3144//2359 3143//2359 3214//2359 
f 3214//2359 3125//2359 3149//2359 
f 3121//2359 3122//2359 3214//2359 
f 3011//2359 3118//2359 3119//2359 
f 3011//2359 3116//2359 3117//2359 
f 3011//2359 3114//2359 3115//2359 
f 3059//2359 3060//2359 3114//2359 
f 3009//2359 3010//2359 3214//2359 
f 3214//2359 3006//2359 3007//2359 
f 3214//2359 3004//2359 3005//2359 
f 3198//2359 3002//2359 3003//2359 
f 3201//2359 3181//2359 3199//2359 
f 3224//2359 3229//2359 3151//2359 
f 3213//2359 3217//2359 3211//2359 
f 3148//2359 3147//2359 3214//2359 
f 3011//2359 3120//2359 3121//2359 
f 3117//2359 3118//2359 3011//2359 
f 3101//2359 3114//2359 3061//2359 
f 3007//2359 3008//2359 3214//2359 
f 3003//2359 3004//2359 3214//2359 
f 3168//2359 3000//2359 3198//2359 
f 3226//2359 3228//2359 3151//2359 
f 3139//2359 3138//2359 3214//2359 
f 3122//2359 3123//2359 3214//2359 
f 3115//2359 3116//2359 3011//2359 
f 3005//2359 3006//2359 3214//2359 
f 3000//2359 3001//2359 3198//2359 
f 3138//2359 3151//2359 3214//2359 
f 3119//2359 3120//2359 3011//2359 
f 3001//2359 3002//2359 3198//2359 
f 3214//2359 3124//2359 3125//2359 
f 3010//2359 3011//2359 3214//2359 
f 3123//2359 3124//2359 3214//2359 
f 3229//2359 3214//2359 3151//2359 
o mesh148
f 3198//2360 3214//2360 3167//2360 
f 3167//2360 3197//2360 3198//2360 
o mesh149
f 3220//2361 3151//2362 3150//2362 
f 3221//2363 3220//2361 3152//2364 
f 3211//2365 3221//2363 3153//2366 
f 3219//2367 3211//2365 3154//2368 
f 3212//2369 3219//2367 3155//2370 
f 3213//2371 3212//2369 3156//2372 
f 3217//2373 3213//2371 3157//2374 
f 3218//2375 3217//2373 3158//2376 
f 3227//2377 3218//2375 3159//2378 
f 3225//2379 3227//2377 3160//2380 
f 3226//2381 3225//2379 3161//2382 
f 3228//2383 3226//2381 3162//2384 
f 3223//2385 3228//2383 3163//2386 
f 3224//2387 3223//2385 3164//2388 
f 3229//2389 3224//2387 3165//2390 
f 3214//2391 3229//2389 3166//2392 
f 3166//2392 3167//2391 3214//2391 
f 3165//2390 3166//2392 3229//2389 
f 3164//2388 3165//2390 3224//2387 
f 3163//2386 3164//2388 3223//2385 
f 3162//2384 3163//2386 3228//2383 
f 3161//2382 3162//2384 3226//2381 
f 3160//2380 3161//2382 3225//2379 
f 3159//2378 3160//2380 3227//2377 
f 3158//2376 3159//2378 3218//2375 
f 3157//2374 3158//2376 3217//2373 
f 3156//2372 3157//2374 3213//2371 
f 3155//2370 3156//2372 3212//2369 
f 3154//2368 3155//2370 3219//2367 
f 3153//2366 3154//2368 3211//2365 
f 3152//2364 3153//2366 3221//2363 
f 3150//2362 3152//2364 3220//2361 
o mesh150
f 3222//2393 3198//2394 3197//2394 
f 3215//2395 3222//2393 3182//2396 
f 3216//2397 3215//2395 3183//2398 
f 3208//2399 3216//2397 3184//2400 
f 3209//2401 3208//2399 3185//2402 
f 3207//2403 3209//2401 3186//2404 
f 3204//2405 3207//2403 3187//2406 
f 3205//2407 3204//2405 3188//2408 
f 3199//2409 3205//2407 3189//2410 
f 3203//2411 3199//2409 3190//2412 
f 3206//2413 3203//2411 3191//2414 
f 3210//2415 3206//2413 3192//2416 
f 3202//2417 3210//2415 3193//2418 
f 3200//2419 3202//2417 3194//2420 
f 3201//2421 3200//2419 3195//2422 
f 3181//2423 3201//2421 3196//2424 
f 3196//2424 3180//2423 3181//2423 
f 3195//2422 3196//2424 3201//2421 
f 3194//2420 3195//2422 3200//2419 
f 3193//2418 3194//2420 3202//2417 
f 3192//2416 3193//2418 3210//2415 
f 3191//2414 3192//2416 3206//2413 
f 3190//2412 3191//2414 3203//2411 
f 3189//2410 3190//2412 3199//2409 
f 3188//2408 3189//2410 3205//2407 
f 3187//2406 3188//2408 3204//2405 
f 3186//2404 3187//2406 3207//2403 
f 3185//2402 3186//2404 3209//2401 
f 3184//2400 3185//2402 3208//2399 
f 3183//2398 3184//2400 3216//2397 
f 3182//2396 3183//2398 3215//2395 
f 3197//2394 3182//2396 3222//2393 
o mesh151
f 3197//2425 2168//2425 2167//2425 
f 3197//2425 3167//2425 2169//2425 
f 2169//2425 2168//2425 3197//2425 
f 3167//2425 2170//2425 2169//2425 
f 3167//2425 2671//2425 2170//2425 
f 2167//2425 2632//2425 3197//2425 
o mesh152
f 3230//2426 2234//2426 2268//2427 
f 3231//2427 2268//2427 2236//2428 
f 3232//2428 2236//2428 2235//2429 
f 3233//2429 2235//2429 2238//2430 
f 3234//2430 2238//2430 2237//2431 
f 3235//2431 2237//2431 2240//2432 
f 3236//2432 2240//2432 2239//2433 
f 3237//2433 2239//2433 2246//2434 
f 2246//2434 3238//2434 3237//2433 
f 2239//2433 3237//2433 3236//2432 
f 2240//2432 3236//2432 3235//2431 
f 2237//2431 3235//2431 3234//2430 
f 2238//2430 3234//2430 3233//2429 
f 2235//2429 3233//2429 3232//2428 
f 2236//2428 3232//2428 3231//2427 
f 2268//2427 3231//2427 3230//2426 
o mesh153
f 2246//2434 2243//2435 3239//2435 
f 2243//2435 2260//2436 3240//2436 
f 2260//2436 2259//2437 3241//2437 
f 2259//2437 2248//2438 3242//2438 
f 2248//2438 2250//2439 3243//2439 
f 2250//2439 2249//2440 3244//2440 
f 2249//2440 2252//2441 3245//2441 
f 2252//2441 2251//2442 3246//2442 
f 2251//2442 2261//2443 3247//2443 
f 2261//2443 2263//2444 3248//2444 
f 2263//2444 2262//2445 3249//2445 
f 2262//2445 2265//2446 3250//2446 
f 3250//2446 3249//2445 2262//2445 
f 3249//2445 3248//2444 2263//2444 
f 3248//2444 3247//2443 2261//2443 
f 3247//2443 3246//2442 2251//2442 
f 3246//2442 3245//2441 2252//2441 
f 3245//2441 3244//2440 2249//2440 
f 3244//2440 3243//2439 2250//2439 
f 3243//2439 3242//2438 2248//2438 
f 3242//2438 3241//2437 2259//2437 
f 3241//2437 3240//2436 2260//2436 
f 3240//2436 3239//2435 2243//2435 
f 3239//2435 3238//2447 2246//2434 
o mesh154
f 2242//2448 2241//2449 3251//2449 
f 2241//2449 2253//2450 3252//2450 
f 2253//2450 2255//2451 3253//2451 
f 2255//2451 2254//2452 3254//2452 
f 2254//2452 2266//2453 3255//2453 
f 2266//2453 2257//2454 3256//2454 
f 2257//2454 2256//2455 3257//2455 
f 2256//2455 2258//2456 3258//2456 
f 2258//2456 2245//2457 3259//2457 
f 2245//2457 2244//2458 3260//2458 
f 2244//2458 2267//2459 3261//2459 
f 2267//2459 2234//2460 3230//2460 
f 3230//2460 3261//2459 2267//2459 
f 3261//2459 3260//2458 2244//2458 
f 3260//2458 3259//2457 2245//2457 
f 3259//2457 3258//2456 2258//2456 
f 3258//2456 3257//2455 2256//2455 
f 3257//2455 3256//2454 2257//2454 
f 3256//2454 3255//2453 2266//2453 
f 3255//2453 3254//2452 2254//2452 
f 3254//2452 3253//2451 2255//2451 
f 3253//2451 3252//2450 2253//2450 
f 3252//2450 3251//2449 2241//2449 
f 3251//2449 3262//2461 2242//2448 
o mesh155
f 3263//2462 3230//2462 3231//2463 
f 3264//2463 3231//2463 3232//2464 
f 3265//2464 3232//2464 3233//2465 
f 3266//2465 3233//2465 3234//2466 
f 3267//2466 3234//2466 3235//2467 
f 3268//2467 3235//2467 3236//2468 
f 3269//2468 3236//2468 3237//2469 
f 3270//2469 3237//2469 3238//2470 
f 3238//2470 3271//2470 3270//2469 
f 3237//2469 3270//2469 3269//2468 
f 3236//2468 3269//2468 3268//2467 
f 3235//2467 3268//2467 3267//2466 
f 3234//2466 3267//2466 3266//2465 
f 3233//2465 3266//2465 3265//2464 
f 3232//2464 3265//2464 3264//2463 
f 3231//2463 3264//2463 3263//2462 
o mesh156
f 3272//2471 3271//2470 3238//2470 
f 3273//2472 3272//2471 3239//2471 
f 3274//2473 3273//2472 3240//2472 
f 3275//2474 3274//2473 3241//2473 
f 3276//2475 3275//2474 3242//2474 
f 3277//2476 3276//2475 3243//2475 
f 3278//2477 3277//2476 3244//2476 
f 3279//2478 3278//2477 3245//2477 
f 3280//2479 3279//2478 3246//2478 
f 3281//2480 3280//2479 3247//2479 
f 3282//2481 3281//2480 3248//2480 
f 3283//2482 3282//2481 3249//2481 
f 3249//2481 3250//2482 3283//2482 
f 3248//2480 3249//2481 3282//2481 
f 3247//2479 3248//2480 3281//2480 
f 3246//2478 3247//2479 3280//2479 
f 3245//2477 3246//2478 3279//2478 
f 3244//2476 3245//2477 3278//2477 
f 3243//2475 3244//2476 3277//2476 
f 3242//2474 3243//2475 3276//2475 
f 3241//2473 3242//2474 3275//2474 
f 3240//2472 3241//2473 3274//2473 
f 3239//2471 3240//2472 3273//2472 
f 3238//2470 3239//2471 3272//2471 
o mesh157
f 3284//2483 3250//2483 2265//2483 
f 2265//2483 2264//2483 3284//2483 
o mesh158
f 3285//2482 3283//2482 3250//2482 
f 3250//2482 3284//2482 3285//2482 
o mesh159
f 2264//2483 2269//2484 3286//2484 
f 2269//2484 2270//2485 3287//2485 
f 2270//2485 2273//2486 3288//2486 
f 2273//2486 2275//2487 3289//2487 
f 2275//2487 2274//2488 3290//2488 
f 2274//2488 2277//2489 3291//2489 
f 2277//2489 2276//2490 3292//2490 
f 2276//2490 2280//2491 3293//2491 
f 2280//2491 2279//2492 3294//2492 
f 2279//2492 2289//2493 3295//2493 
f 2289//2493 2291//2494 3296//2494 
f 2291//2494 2290//2495 3297//2495 
f 2290//2495 2304//2496 3298//2496 
f 2304//2496 2306//2497 3299//2497 
f 2306//2497 2305//2498 3300//2498 
f 2305//2498 2293//2499 3301//2499 
f 2293//2499 2292//2500 3302//2500 
f 2292//2500 2300//2501 3303//2501 
f 2300//2501 2307//2502 3304//2502 
f 2307//2502 2302//2503 3305//2503 
f 2302//2503 2301//2504 3306//2504 
f 2301//2504 2282//2505 3307//2505 
f 3307//2505 3306//2504 2301//2504 
f 3306//2504 3305//2503 2302//2503 
f 3305//2503 3304//2502 2307//2502 
f 3304//2502 3303//2501 2300//2501 
f 3303//2501 3302//2500 2292//2500 
f 3302//2500 3301//2499 2293//2499 
f 3301//2499 3300//2498 2305//2498 
f 3300//2498 3299//2497 2306//2497 
f 3299//2497 3298//2496 2304//2496 
f 3298//2496 3297//2495 2290//2495 
f 3297//2495 3296//2494 2291//2494 
f 3296//2494 3295//2493 2289//2493 
f 3295//2493 3294//2492 2279//2492 
f 3294//2492 3293//2491 2280//2491 
f 3293//2491 3292//2490 2276//2490 
f 3292//2490 3291//2489 2277//2489 
f 3291//2489 3290//2488 2274//2488 
f 3290//2488 3289//2487 2275//2487 
f 3289//2487 3288//2486 2273//2486 
f 3288//2486 3287//2485 2270//2485 
f 3287//2485 3286//2484 2269//2484 
f 3286//2484 3284//2506 2264//2483 
o mesh160
f 3306//2507 3307//2508 3308//2508 
f 3305//2509 3306//2507 3309//2510 
f 3304//2511 3305//2509 3310//2512 
f 3303//2513 3304//2511 3311//2514 
f 3302//2515 3303//2513 3312//2516 
f 3301//2517 3302//2515 3313//2518 
f 3300//2519 3301//2517 3314//2520 
f 3299//2521 3300//2519 3315//2522 
f 3298//2523 3299//2521 3316//2524 
f 3297//2525 3298//2523 3317//2526 
f 3296//2527 3297//2525 3318//2528 
f 3295//2529 3296//2527 3319//2530 
f 3294//2531 3295//2529 3320//2532 
f 3293//2533 3294//2531 3321//2534 
f 3292//2535 3293//2533 3322//2536 
f 3291//2537 3292//2535 3323//2538 
f 3290//2539 3291//2537 3324//2540 
f 3289//2541 3290//2539 3325//2542 
f 3288//2543 3289//2541 3326//2544 
f 3287//2545 3288//2543 3327//2546 
f 3286//2547 3287//2545 3328//2548 
f 3284//2549 3286//2547 3329//2550 
f 3329//2550 3285//2549 3284//2549 
f 3328//2548 3329//2550 3286//2547 
f 3327//2546 3328//2548 3287//2545 
f 3326//2544 3327//2546 3288//2543 
f 3325//2542 3326//2544 3289//2541 
f 3324//2540 3325//2542 3290//2539 
f 3323//2538 3324//2540 3291//2537 
f 3322//2536 3323//2538 3292//2535 
f 3321//2534 3322//2536 3293//2533 
f 3320//2532 3321//2534 3294//2531 
f 3319//2530 3320//2532 3295//2529 
f 3318//2528 3319//2530 3296//2527 
f 3317//2526 3318//2528 3297//2525 
f 3316//2524 3317//2526 3298//2523 
f 3315//2522 3316//2524 3299//2521 
f 3314//2520 3315//2522 3300//2519 
f 3313//2518 3314//2520 3301//2517 
f 3312//2516 3313//2518 3302//2515 
f 3311//2514 3312//2516 3303//2513 
f 3310//2512 3311//2514 3304//2511 
f 3309//2510 3310//2512 3305//2509 
f 3308//2508 3309//2510 3306//2507 
o mesh161
f 3307//2551 2282//2551 2281//2551 
f 2281//2551 3330//2551 3307//2551 
o mesh162
f 3331//2552 3308//2552 3307//2552 
f 3307//2552 3330//2552 3331//2552 
o mesh163
f 2281//2551 2294//2553 3332//2553 
f 2294//2553 2303//2554 3333//2554 
f 2303//2554 2296//2555 3334//2555 
f 2296//2555 2295//2556 3335//2556 
f 2295//2556 2308//2557 3336//2557 
f 2308//2557 2310//2558 3337//2558 
f 2310//2558 2309//2559 3338//2559 
f 2309//2559 2312//2560 3339//2560 
f 2312//2560 2311//2561 3340//2561 
f 2311//2561 2283//2562 3341//2562 
f 2283//2562 2278//2563 3342//2563 
f 2278//2563 2272//2564 3343//2564 
f 2272//2564 2271//2565 3344//2565 
f 2271//2565 2285//2566 3345//2566 
f 2285//2566 2284//2567 3346//2567 
f 2284//2567 2286//2568 3347//2568 
f 2286//2568 2297//2569 3348//2569 
f 2297//2569 2299//2570 3349//2570 
f 2299//2570 2298//2571 3350//2571 
f 2298//2571 2288//2572 3351//2572 
f 2288//2572 2287//2573 3352//2573 
f 2287//2573 2231//2574 3353//2574 
f 3353//2574 3352//2573 2287//2573 
f 3352//2573 3351//2572 2288//2572 
f 3351//2572 3350//2571 2298//2571 
f 3350//2571 3349//2570 2299//2570 
f 3349//2570 3348//2569 2297//2569 
f 3348//2569 3347//2568 2286//2568 
f 3347//2568 3346//2567 2284//2567 
f 3346//2567 3345//2566 2285//2566 
f 3345//2566 3344//2565 2271//2565 
f 3344//2565 3343//2564 2272//2564 
f 3343//2564 3342//2563 2278//2563 
f 3342//2563 3341//2562 2283//2562 
f 3341//2562 3340//2561 2311//2561 
f 3340//2561 3339//2560 2312//2560 
f 3339//2560 3338//2559 2309//2559 
f 3338//2559 3337//2558 2310//2558 
f 3337//2558 3336//2557 2308//2557 
f 3336//2557 3335//2556 2295//2556 
f 3335//2556 3334//2555 2296//2555 
f 3334//2555 3333//2554 2303//2554 
f 3333//2554 3332//2553 2294//2553 
f 3332//2553 3330//2575 2281//2551 
o mesh164
f 3354//2576 3355//2576 3356//2576 
f 3357//2576 3358//2576 3359//2576 
f 3358//2576 3357//2576 3360//2576 
f 3356//2576 3361//2576 3354//2576 
f 3362//2576 3363//2576 3364//2576 
f 3360//2576 3365//2576 3358//2576 
f 3354//2576 3366//2576 3367//2576 
f 3354//2576 3368//2576 3369//2576 
f 3361//2576 3370//2576 3354//2576 
f 3364//2576 3371//2576 3362//2576 
f 3328//2576 3317//2576 3316//2576 
f 3367//2576 3357//2576 3354//2576 
f 3370//2576 3368//2576 3354//2576 
f 3362//2576 3372//2576 3373//2576 
f 3371//2576 3374//2576 3362//2576 
f 3285//2576 3311//2576 3310//2576 
f 3328//2576 3318//2576 3317//2576 
f 3326//2576 3325//2576 3324//2576 
f 3323//2576 3328//2576 3327//2576 
f 3375//2576 3376//2576 3377//2576 
f 3375//2576 3378//2576 3379//2576 
f 3263//2576 3380//2576 3381//2576 
f 3355//2576 3354//2576 3382//2576 
f 3369//2576 3366//2576 3354//2576 
f 3374//2576 3372//2576 3362//2576 
f 3285//2576 3312//2576 3311//2576 
f 3328//2576 3319//2576 3318//2576 
f 3328//2576 3321//2576 3320//2576 
f 3328//2576 3323//2576 3322//2576 
f 3327//2576 3326//2576 3323//2576 
f 3378//2576 3375//2576 3383//2576 
f 3379//2576 3376//2576 3375//2576 
f 3381//2576 3384//2576 3263//2576 
f 3263//2576 3385//2576 3386//2576 
f 3359//2576 3354//2576 3357//2576 
f 3362//2576 3331//2576 3363//2576 
f 3285//2576 3313//2576 3312//2576 
f 3285//2576 3315//2576 3314//2576 
f 3320//2576 3319//2576 3328//2576 
f 3324//2576 3323//2576 3326//2576 
f 3278//2576 3274//2576 3275//2576 
f 3377//2576 3387//2576 3375//2576 
f 3386//2576 3380//2576 3263//2576 
f 3331//2576 3362//2576 3385//2576 
f 3373//2576 3355//2576 3362//2576 
f 3314//2576 3313//2576 3285//2576 
f 3322//2576 3321//2576 3328//2576 
f 3315//2576 3285//2576 3329//2576 
f 3271//2576 3279//2576 3280//2576 
f 3275//2576 3276//2576 3278//2576 
f 3384//2576 3378//2576 3263//2576 
f 3382//2576 3362//2576 3355//2576 
f 3310//2576 3309//2576 3285//2576 
f 3329//2576 3328//2576 3315//2576 
f 3271//2576 3281//2576 3282//2576 
f 3271//2576 3278//2576 3279//2576 
f 3278//2576 3273//2576 3274//2576 
f 3278//2576 3271//2576 3272//2576 
f 3308//2576 3331//2576 3267//2576 
f 3385//2576 3263//2576 3331//2576 
f 3316//2576 3315//2576 3328//2576 
f 3308//2576 3271//2576 3283//2576 
f 3280//2576 3281//2576 3271//2576 
f 3272//2576 3273//2576 3278//2576 
f 3267//2576 3268//2576 3308//2576 
f 3331//2576 3265//2576 3266//2576 
f 3383//2576 3263//2576 3378//2576 
f 3283//2576 3285//2576 3308//2576 
f 3276//2576 3277//2576 3278//2576 
f 3266//2576 3267//2576 3331//2576 
f 3263//2576 3264//2576 3331//2576 
f 3282//2576 3283//2576 3271//2576 
f 3264//2576 3265//2576 3331//2576 
f 3308//2576 3270//2576 3271//2576 
f 3268//2576 3269//2576 3308//2576 
f 3269//2576 3270//2576 3308//2576 
f 3309//2576 3308//2576 3285//2576 
o mesh165
f 3362//2577 3353//2577 3262//2577 
f 3262//2577 3385//2577 3362//2577 
o mesh166
f 3363//2578 3331//2579 3330//2579 
f 3364//2580 3363//2578 3332//2581 
f 3371//2582 3364//2580 3333//2583 
f 3374//2584 3371//2582 3334//2585 
f 3372//2586 3374//2584 3335//2587 
f 3373//2588 3372//2586 3336//2589 
f 3355//2590 3373//2588 3337//2591 
f 3356//2592 3355//2590 3338//2593 
f 3361//2594 3356//2592 3339//2595 
f 3370//2596 3361//2594 3340//2597 
f 3368//2598 3370//2596 3341//2599 
f 3369//2600 3368//2598 3342//2601 
f 3366//2602 3369//2600 3343//2603 
f 3367//2604 3366//2602 3344//2605 
f 3357//2606 3367//2604 3345//2607 
f 3360//2608 3357//2606 3346//2609 
f 3365//2610 3360//2608 3347//2611 
f 3358//2612 3365//2610 3348//2613 
f 3359//2614 3358//2612 3349//2615 
f 3354//2616 3359//2614 3350//2617 
f 3382//2618 3354//2616 3351//2619 
f 3362//2620 3382//2618 3352//2621 
f 3352//2621 3353//2620 3362//2620 
f 3351//2619 3352//2621 3382//2618 
f 3350//2617 3351//2619 3354//2616 
f 3349//2615 3350//2617 3359//2614 
f 3348//2613 3349//2615 3358//2612 
f 3347//2611 3348//2613 3365//2610 
f 3346//2609 3347//2611 3360//2608 
f 3345//2607 3346//2609 3357//2606 
f 3344//2605 3345//2607 3367//2604 
f 3343//2603 3344//2605 3366//2602 
f 3342//2601 3343//2603 3369//2600 
f 3341//2599 3342//2601 3368//2598 
f 3340//2597 3341//2599 3370//2596 
f 3339//2595 3340//2597 3361//2594 
f 3338//2593 3339//2595 3356//2592 
f 3337//2591 3338//2593 3355//2590 
f 3336//2589 3337//2591 3373//2588 
f 3335//2587 3336//2589 3372//2586 
f 3334//2585 3335//2587 3374//2584 
f 3333//2583 3334//2585 3371//2582 
f 3332//2581 3333//2583 3364//2580 
f 3330//2579 3332//2581 3363//2578 
o mesh167
f 3386//2622 3385//2623 3262//2623 
f 3380//2624 3386//2622 3251//2625 
f 3381//2626 3380//2624 3252//2627 
f 3384//2628 3381//2626 3253//2629 
f 3378//2630 3384//2628 3254//2631 
f 3379//2632 3378//2630 3255//2633 
f 3376//2634 3379//2632 3256//2635 
f 3377//2636 3376//2634 3257//2637 
f 3387//2638 3377//2636 3258//2639 
f 3375//2640 3387//2638 3259//2641 
f 3383//2642 3375//2640 3260//2643 
f 3263//2644 3383//2642 3261//2645 
f 3261//2645 3230//2644 3263//2644 
f 3260//2643 3261//2645 3383//2642 
f 3259//2641 3260//2643 3375//2640 
f 3258//2639 3259//2641 3387//2638 
f 3257//2637 3258//2639 3377//2636 
f 3256//2635 3257//2637 3376//2634 
f 3255//2633 3256//2635 3379//2632 
f 3254//2631 3255//2633 3378//2630 
f 3253//2629 3254//2631 3384//2628 
f 3252//2627 3253//2629 3381//2626 
f 3251//2625 3252//2627 3380//2624 
f 3262//2623 3251//2625 3386//2622 
o mesh168
f 3353//2646 2231//2646 2242//2646 
f 2242//2646 3262//2646 3353//2646 
o mesh169
f 2099//2647 2113//2648 3388//2648 
f 2113//2648 2119//2649 3389//2649 
f 2119//2649 2118//2650 3390//2650 
f 2118//2650 2115//2651 3391//2651 
f 2115//2651 2114//2652 3392//2652 
f 2114//2652 2112//2653 3393//2653 
f 2112//2653 2111//2654 3394//2654 
f 2111//2654 2101//2655 3395//2655 
f 2101//2655 2100//2656 3396//2656 
f 2100//2656 2107//2657 3397//2657 
f 2107//2657 2108//2658 3398//2658 
f 2108//2658 2080//2659 3399//2659 
f 3399//2659 3398//2658 2108//2658 
f 3398//2658 3397//2657 2107//2657 
f 3397//2657 3396//2656 2100//2656 
f 3396//2656 3395//2655 2101//2655 
f 3395//2655 3394//2654 2111//2654 
f 3394//2654 3393//2653 2112//2653 
f 3393//2653 3392//2652 2114//2652 
f 3392//2652 3391//2651 2115//2651 
f 3391//2651 3390//2650 2118//2650 
f 3390//2650 3389//2649 2119//2649 
f 3389//2649 3388//2648 2113//2648 
f 3388//2648 3400//2660 2099//2647 
o mesh170
f 3401//2661 2110//2661 2106//2662 
f 3402//2662 2106//2662 2098//2663 
f 3403//2663 2098//2663 2094//2664 
f 3404//2664 2094//2664 2093//2665 
f 3405//2665 2093//2665 2099//2666 
f 2099//2666 3400//2666 3405//2665 
f 2093//2665 3405//2665 3404//2664 
f 2094//2664 3404//2664 3403//2663 
f 2098//2663 3403//2663 3402//2662 
f 2106//2662 3402//2662 3401//2661 
o mesh171
f 3399//2667 2080//2667 2079//2668 
f 2079//2668 3406//2668 3399//2667 
o mesh172
f 3398//2669 3399//2670 3407//2670 
f 3397//2671 3398//2669 3408//2672 
f 3396//2673 3397//2671 3409//2674 
f 3395//2675 3396//2673 3410//2676 
f 3394//2677 3395//2675 3411//2678 
f 3393//2679 3394//2677 3412//2680 
f 3392//2681 3393//2679 3413//2682 
f 3391//2683 3392//2681 3414//2684 
f 3390//2685 3391//2683 3415//2686 
f 3389//2687 3390//2685 3416//2688 
f 3388//2689 3389//2687 3417//2690 
f 3400//2691 3388//2689 3418//2692 
f 3418//2692 3419//2691 3400//2691 
f 3417//2690 3418//2692 3388//2689 
f 3416//2688 3417//2690 3389//2687 
f 3415//2686 3416//2688 3390//2685 
f 3414//2684 3415//2686 3391//2683 
f 3413//2682 3414//2684 3392//2681 
f 3412//2680 3413//2682 3393//2679 
f 3411//2678 3412//2680 3394//2677 
f 3410//2676 3411//2678 3395//2675 
f 3409//2674 3410//2676 3396//2673 
f 3408//2672 3409//2674 3397//2671 
f 3407//2670 3408//2672 3398//2669 
o mesh173
f 3420//2693 3401//2693 3402//2694 
f 3421//2694 3402//2694 3403//2695 
f 3422//2695 3403//2695 3404//2696 
f 3423//2696 3404//2696 3405//2697 
f 3424//2697 3405//2697 3400//2698 
f 3400//2698 3419//2698 3424//2697 
f 3405//2697 3424//2697 3423//2696 
f 3404//2696 3423//2696 3422//2695 
f 3403//2695 3422//2695 3421//2694 
f 3402//2694 3421//2694 3420//2693 
o mesh174
f 2117//2699 2116//2700 3425//2700 
f 2116//2700 2109//2701 3426//2701 
f 2109//2701 2103//2702 3427//2702 
f 2103//2702 2102//2703 3428//2703 
f 2102//2703 2105//2704 3429//2704 
f 2105//2704 2104//2705 3430//2705 
f 2104//2705 2110//2706 3401//2706 
f 3401//2706 3430//2705 2104//2705 
f 3430//2705 3429//2704 2105//2704 
f 3429//2704 3428//2703 2102//2703 
f 3428//2703 3427//2702 2103//2702 
f 3427//2702 3426//2701 2109//2701 
f 3426//2701 3425//2700 2116//2700 
f 3425//2700 3431//2707 2117//2699 
o mesh175
f 3407//2708 3399//2708 3406//2709 
f 3406//2709 3432//2709 3407//2708 
o mesh176
f 2079//2710 2078//2711 3433//2711 
f 2078//2711 2081//2712 3434//2712 
f 2081//2712 2084//2713 3435//2713 
f 2084//2713 2087//2714 3436//2714 
f 2087//2714 2095//2715 3437//2715 
f 2095//2715 2089//2716 3438//2716 
f 2089//2716 2088//2717 3439//2717 
f 2088//2717 2096//2718 3440//2718 
f 2096//2718 2091//2719 3441//2719 
f 2091//2719 2090//2720 3442//2720 
f 2090//2720 2097//2721 3443//2721 
f 2097//2721 2092//2722 3444//2722 
f 2092//2722 2083//2723 3445//2723 
f 2083//2723 2082//2724 3446//2724 
f 2082//2724 2085//2725 3447//2725 
f 2085//2725 2086//2726 3448//2726 
f 3448//2726 3447//2725 2085//2725 
f 3447//2725 3446//2724 2082//2724 
f 3446//2724 3445//2723 2083//2723 
f 3445//2723 3444//2722 2092//2722 
f 3444//2722 3443//2721 2097//2721 
f 3443//2721 3442//2720 2090//2720 
f 3442//2720 3441//2719 2091//2719 
f 3441//2719 3440//2718 2096//2718 
f 3440//2718 3439//2717 2088//2717 
f 3439//2717 3438//2716 2089//2716 
f 3438//2716 3437//2715 2095//2715 
f 3437//2715 3436//2714 2087//2714 
f 3436//2714 3435//2713 2084//2713 
f 3435//2713 3434//2712 2081//2712 
f 3434//2712 3433//2711 2078//2711 
f 3433//2711 3406//2727 2079//2710 
o mesh177
f 3449//2728 3450//2729 3431//2729 
f 3451//2730 3449//2728 3425//2731 
f 3452//2732 3451//2730 3426//2733 
f 3453//2734 3452//2732 3427//2735 
f 3454//2736 3453//2734 3428//2737 
f 3455//2738 3454//2736 3429//2739 
f 3420//2740 3455//2738 3430//2741 
f 3430//2741 3401//2740 3420//2740 
f 3429//2739 3430//2741 3455//2738 
f 3428//2737 3429//2739 3454//2736 
f 3427//2735 3428//2737 3453//2734 
f 3426//2733 3427//2735 3452//2732 
f 3425//2731 3426//2733 3451//2730 
f 3431//2729 3425//2731 3449//2728 
o mesh178
f 3456//2742 2121//2742 2120//2742 
f 2120//2742 3431//2742 3456//2742 
f 3456//2742 2132//2742 2121//2742 
f 2120//2742 2117//2742 3431//2742 
o mesh179
f 3450//2743 3457//2743 3456//2743 
f 3456//2743 3431//2743 3450//2743 
o mesh180
f 2124//2744 2137//2745 3458//2745 
f 2137//2745 2150//2746 3459//2746 
f 2150//2746 2151//2747 3460//2747 
f 2151//2747 2138//2748 3461//2748 
f 2138//2748 2131//2749 3462//2749 
f 2131//2749 2130//2750 3463//2750 
f 2130//2750 2132//2751 3456//2751 
f 3456//2751 3463//2750 2130//2750 
f 3463//2750 3462//2749 2131//2749 
f 3462//2749 3461//2748 2138//2748 
f 3461//2748 3460//2747 2151//2747 
f 3460//2747 3459//2746 2150//2746 
f 3459//2746 3458//2745 2137//2745 
f 3458//2745 3464//2752 2124//2744 
o mesh181
f 3465//2753 3466//2754 3464//2754 
f 3467//2755 3465//2753 3458//2756 
f 3468//2757 3467//2755 3459//2758 
f 3469//2759 3468//2757 3460//2760 
f 3470//2761 3469//2759 3461//2762 
f 3471//2763 3470//2761 3462//2764 
f 3457//2765 3471//2763 3463//2766 
f 3463//2766 3456//2765 3457//2765 
f 3462//2764 3463//2766 3471//2763 
f 3461//2762 3462//2764 3470//2761 
f 3460//2760 3461//2762 3469//2759 
f 3459//2758 3460//2760 3468//2757 
f 3458//2756 3459//2758 3467//2755 
f 3464//2754 3458//2756 3465//2753 
o mesh182
f 3472//2767 2144//2767 2129//2768 
f 3473//2768 2129//2768 2125//2769 
f 3474//2769 2125//2769 2123//2770 
f 3475//2770 2123//2770 2122//2771 
f 3476//2771 2122//2771 2124//2772 
f 2124//2772 3464//2772 3476//2771 
f 2122//2771 3476//2771 3475//2770 
f 2123//2770 3475//2770 3474//2769 
f 2125//2769 3474//2769 3473//2768 
f 2129//2768 3473//2768 3472//2767 
o mesh183
f 3477//2773 3472//2773 3473//2774 
f 3478//2774 3473//2774 3474//2775 
f 3479//2775 3474//2775 3475//2776 
f 3480//2776 3475//2776 3476//2777 
f 3481//2777 3476//2777 3464//2778 
f 3464//2778 3466//2778 3481//2777 
f 3476//2777 3481//2777 3480//2776 
f 3475//2776 3480//2776 3479//2775 
f 3474//2775 3479//2775 3478//2774 
f 3473//2774 3478//2774 3477//2773 
o mesh184
f 2152//2779 2153//2780 3482//2780 
f 2153//2780 2161//2781 3483//2781 
f 2161//2781 2163//2782 3484//2782 
f 2163//2782 2162//2783 3485//2783 
f 2162//2783 2158//2784 3486//2784 
f 2158//2784 2157//2785 3487//2785 
f 2157//2785 2160//2786 3488//2786 
f 2160//2786 2159//2787 3489//2787 
f 2159//2787 2155//2788 3490//2788 
f 2155//2788 2154//2789 3491//2789 
f 2154//2789 2156//2790 3492//2790 
f 2156//2790 2144//2791 3472//2791 
f 3472//2791 3492//2790 2156//2790 
f 3492//2790 3491//2789 2154//2789 
f 3491//2789 3490//2788 2155//2788 
f 3490//2788 3489//2787 2159//2787 
f 3489//2787 3488//2786 2160//2786 
f 3488//2786 3487//2785 2157//2785 
f 3487//2785 3486//2784 2158//2784 
f 3486//2784 3485//2783 2162//2783 
f 3485//2783 3484//2782 2163//2782 
f 3484//2782 3483//2781 2161//2781 
f 3483//2781 3482//2780 2153//2780 
f 3482//2780 3493//2792 2152//2779 
o mesh185
f 3492//2793 3472//2794 3477//2794 
f 3491//2795 3492//2793 3494//2796 
f 3490//2797 3491//2795 3495//2798 
f 3489//2799 3490//2797 3496//2800 
f 3488//2801 3489//2799 3497//2802 
f 3487//2803 3488//2801 3498//2804 
f 3486//2805 3487//2803 3499//2806 
f 3485//2807 3486//2805 3500//2808 
f 3484//2809 3485//2807 3501//2810 
f 3483//2811 3484//2809 3502//2812 
f 3482//2813 3483//2811 3503//2814 
f 3493//2815 3482//2813 3504//2816 
f 3504//2816 3505//2815 3493//2815 
f 3503//2814 3504//2816 3482//2813 
f 3502//2812 3503//2814 3483//2811 
f 3501//2810 3502//2812 3484//2809 
f 3500//2808 3501//2810 3485//2807 
f 3499//2806 3500//2808 3486//2805 
f 3498//2804 3499//2806 3487//2803 
f 3497//2802 3498//2804 3488//2801 
f 3496//2800 3497//2802 3489//2799 
f 3495//2798 3496//2800 3490//2797 
f 3494//2796 3495//2798 3491//2795 
f 3477//2794 3494//2796 3492//2793 
o mesh186
f 3506//2817 2149//2817 2152//2818 
f 2152//2818 3493//2818 3506//2817 
o mesh187
f 3507//2819 3506//2819 3493//2820 
f 3493//2820 3505//2820 3507//2819 
o mesh188
f 2126//2821 2133//2822 3508//2822 
f 2133//2822 2139//2823 3509//2823 
f 2139//2823 2145//2824 3510//2824 
f 2145//2824 2147//2825 3511//2825 
f 2147//2825 2146//2826 3512//2826 
f 2146//2826 2128//2827 3513//2827 
f 2128//2827 2127//2828 3514//2828 
f 2127//2828 2134//2829 3515//2829 
f 2134//2829 2140//2830 3516//2830 
f 2140//2830 2148//2831 3517//2831 
f 2148//2831 2141//2832 3518//2832 
f 2141//2832 2136//2833 3519//2833 
f 2136//2833 2135//2834 3520//2834 
f 2135//2834 2143//2835 3521//2835 
f 2143//2835 2142//2836 3522//2836 
f 2142//2836 2149//2837 3506//2837 
f 3506//2837 3522//2836 2142//2836 
f 3522//2836 3521//2835 2143//2835 
f 3521//2835 3520//2834 2135//2834 
f 3520//2834 3519//2833 2136//2833 
f 3519//2833 3518//2832 2141//2832 
f 3518//2832 3517//2831 2148//2831 
f 3517//2831 3516//2830 2140//2830 
f 3516//2830 3515//2829 2134//2829 
f 3515//2829 3514//2828 2127//2828 
f 3514//2828 3513//2827 2128//2827 
f 3513//2827 3512//2826 2146//2826 
f 3512//2826 3511//2825 2147//2825 
f 3511//2825 3510//2824 2145//2824 
f 3510//2824 3509//2823 2139//2823 
f 3509//2823 3508//2822 2133//2822 
f 3508//2822 3523//2838 2126//2821 
o mesh189
f 3455//2839 3449//2839 3451//2839 
f 3452//2839 3453//2839 3454//2839 
f 3455//2839 3450//2839 3449//2839 
f 3451//2839 3452//2839 3455//2839 
f 3466//2839 3469//2839 3470//2839 
f 3469//2839 3465//2839 3467//2839 
f 3524//2839 3501//2839 3500//2839 
f 3525//2839 3526//2839 3527//2839 
f 3526//2839 3525//2839 3528//2839 
f 3454//2839 3455//2839 3452//2839 
f 3466//2839 3457//2839 3450//2839 
f 3470//2839 3471//2839 3466//2839 
f 3469//2839 3466//2839 3465//2839 
f 3524//2839 3495//2839 3494//2839 
f 3524//2839 3499//2839 3498//2839 
f 3524//2839 3502//2839 3501//2839 
f 3524//2839 3504//2839 3503//2839 
f 3525//2839 3529//2839 3530//2839 
f 3525//2839 3531//2839 3532//2839 
f 3525//2839 3533//2839 3534//2839 
f 3528//2839 3535//2839 3526//2839 
f 3536//2839 3537//2839 3538//2839 
f 3539//2839 3409//2839 3408//2839 
f 3539//2839 3416//2839 3415//2839 
f 3450//2839 3420//2839 3466//2839 
f 3467//2839 3468//2839 3469//2839 
f 3524//2839 3496//2839 3495//2839 
f 3498//2839 3497//2839 3524//2839 
f 3503//2839 3502//2839 3524//2839 
f 3532//2839 3529//2839 3525//2839 
f 3527//2839 3533//2839 3525//2839 
f 3507//2839 3540//2839 3541//2839 
f 3432//2839 3542//2839 3543//2839 
f 3536//2839 3544//2839 3537//2839 
f 3542//2839 3545//2839 3546//2839 
f 3539//2839 3410//2839 3409//2839 
f 3539//2839 3412//2839 3411//2839 
f 3415//2839 3414//2839 3539//2839 
f 3471//2839 3457//2839 3466//2839 
f 3497//2839 3496//2839 3524//2839 
f 3524//2839 3505//2839 3504//2839 
f 3534//2839 3531//2839 3525//2839 
f 3541//2839 3547//2839 3507//2839 
f 3432//2839 3548//2839 3549//2839 
f 3432//2839 3550//2839 3551//2839 
f 3543//2839 3552//2839 3432//2839 
f 3546//2839 3536//2839 3542//2839 
f 3411//2839 3410//2839 3539//2839 
f 3414//2839 3413//2839 3539//2839 
f 3539//2839 3418//2839 3417//2839 
f 3455//2839 3420//2839 3450//2839 
f 3500//2839 3499//2839 3524//2839 
f 3547//2839 3525//2839 3507//2839 
f 3507//2839 3524//2839 3553//2839 
f 3432//2839 3554//2839 3548//2839 
f 3552//2839 3550//2839 3432//2839 
f 3542//2839 3432//2839 3545//2839 
f 3413//2839 3412//2839 3539//2839 
f 3539//2839 3419//2839 3418//2839 
f 3539//2839 3524//2839 3421//2839 
f 3421//2839 3481//2839 3466//2839 
f 3524//2839 3480//2839 3481//2839 
f 3524//2839 3507//2839 3505//2839 
f 3553//2839 3540//2839 3507//2839 
f 3549//2839 3555//2839 3432//2839 
f 3538//2839 3542//2839 3536//2839 
f 3417//2839 3416//2839 3539//2839 
f 3421//2839 3422//2839 3539//2839 
f 3481//2839 3421//2839 3524//2839 
f 3530//2839 3507//2839 3525//2839 
f 3551//2839 3554//2839 3432//2839 
f 3408//2839 3407//2839 3539//2839 
f 3422//2839 3423//2839 3539//2839 
f 3524//2839 3479//2839 3480//2839 
f 3494//2839 3477//2839 3524//2839 
f 3407//2839 3432//2839 3539//2839 
f 3420//2839 3421//2839 3466//2839 
f 3477//2839 3478//2839 3524//2839 
f 3539//2839 3424//2839 3419//2839 
f 3478//2839 3479//2839 3524//2839 
f 3423//2839 3424//2839 3539//2839 
f 3555//2839 3539//2839 3432//2839 
o mesh190
f 3524//2840 3539//2840 3448//2840 
f 3448//2840 3523//2840 3524//2840 
o mesh191
f 3545//2841 3432//2842 3406//2842 
f 3546//2843 3545//2841 3433//2844 
f 3536//2845 3546//2843 3434//2846 
f 3544//2847 3536//2845 3435//2848 
f 3537//2849 3544//2847 3436//2850 
f 3538//2851 3537//2849 3437//2852 
f 3542//2853 3538//2851 3438//2854 
f 3543//2855 3542//2853 3439//2856 
f 3552//2857 3543//2855 3440//2858 
f 3550//2859 3552//2857 3441//2860 
f 3551//2861 3550//2859 3442//2862 
f 3554//2863 3551//2861 3443//2864 
f 3548//2865 3554//2863 3444//2866 
f 3549//2867 3548//2865 3445//2868 
f 3555//2869 3549//2867 3446//2870 
f 3539//2871 3555//2869 3447//2872 
f 3447//2872 3448//2871 3539//2871 
f 3446//2870 3447//2872 3555//2869 
f 3445//2868 3446//2870 3549//2867 
f 3444//2866 3445//2868 3548//2865 
f 3443//2864 3444//2866 3554//2863 
f 3442//2862 3443//2864 3551//2861 
f 3441//2860 3442//2862 3550//2859 
f 3440//2858 3441//2860 3552//2857 
f 3439//2856 3440//2858 3543//2855 
f 3438//2854 3439//2856 3542//2853 
f 3437//2852 3438//2854 3538//2851 
f 3436//2850 3437//2852 3537//2849 
f 3435//2848 3436//2850 3544//2847 
f 3434//2846 3435//2848 3536//2845 
f 3433//2844 3434//2846 3546//2843 
f 3406//2842 3433//2844 3545//2841 
o mesh192
f 3553//2873 3524//2874 3523//2874 
f 3540//2875 3553//2873 3508//2876 
f 3541//2877 3540//2875 3509//2878 
f 3547//2879 3541//2877 3510//2880 
f 3525//2881 3547//2879 3511//2882 
f 3528//2883 3525//2881 3512//2884 
f 3535//2885 3528//2883 3513//2886 
f 3526//2887 3535//2885 3514//2888 
f 3527//2889 3526//2887 3515//2890 
f 3533//2891 3527//2889 3516//2892 
f 3534//2893 3533//2891 3517//2894 
f 3531//2895 3534//2893 3518//2896 
f 3532//2897 3531//2895 3519//2898 
f 3529//2899 3532//2897 3520//2900 
f 3530//2901 3529//2899 3521//2902 
f 3507//2903 3530//2901 3522//2904 
f 3522//2904 3506//2903 3507//2903 
f 3521//2902 3522//2904 3530//2901 
f 3520//2900 3521//2902 3529//2899 
f 3519//2898 3520//2900 3532//2897 
f 3518//2896 3519//2898 3531//2895 
f 3517//2894 3518//2896 3534//2893 
f 3516//2892 3517//2894 3533//2891 
f 3515//2890 3516//2892 3527//2889 
f 3514//2888 3515//2890 3526//2887 
f 3513//2886 3514//2888 3535//2885 
f 3512//2884 3513//2886 3528//2883 
f 3511//2882 3512//2884 3525//2881 
f 3510//2880 3511//2882 3547//2879 
f 3509//2878 3510//2880 3541//2877 
f 3508//2876 3509//2878 3540//2875 
f 3523//2874 3508//2876 3553//2873 
o mesh193
f 3448//2905 2077//2905 2691//2905 
f 2691//2905 3523//2905 3448//2905 
f 3448//2905 2086//2905 2077//2905 
f 2691//2905 2126//2905 3523//2905 
o mesh194
f 2615//2906 2618//2907 3556//2907 
f 2618//2907 2616//2908 3557//2908 
f 2616//2908 2611//2909 3558//2909 
f 2611//2909 2606//2910 3559//2910 
f 2606//2910 2605//2911 3560//2911 
f 2605//2911 2608//2912 3561//2912 
f 2608//2912 2607//2913 3562//2913 
f 2607//2913 2612//2914 3563//2914 
f 2612//2914 2613//2915 3564//2915 
f 2613//2915 2609//2916 3565//2916 
f 2609//2916 2603//2917 3566//2917 
f 2603//2917 2599//2918 3567//2918 
f 3567//2918 3566//2917 2603//2917 
f 3566//2917 3565//2916 2609//2916 
f 3565//2916 3564//2915 2613//2915 
f 3564//2915 3563//2914 2612//2914 
f 3563//2914 3562//2913 2607//2913 
f 3562//2913 3561//2912 2608//2912 
f 3561//2912 3560//2911 2605//2911 
f 3560//2911 3559//2910 2606//2910 
f 3559//2910 3558//2909 2611//2909 
f 3558//2909 3557//2908 2616//2908 
f 3557//2908 3556//2907 2618//2907 
f 3556//2907 3568//2919 2615//2906 
o mesh195
f 3569//2920 2621//2920 2602//2921 
f 3570//2921 2602//2921 2601//2922 
f 3571//2922 2601//2922 2604//2923 
f 3572//2923 2604//2923 2610//2924 
f 3573//2924 2610//2924 2615//2925 
f 2615//2925 3568//2925 3573//2924 
f 2610//2924 3573//2924 3572//2923 
f 2604//2923 3572//2923 3571//2922 
f 2601//2922 3571//2922 3570//2921 
f 2602//2921 3570//2921 3569//2920 
o mesh196
f 3567//2926 2599//2926 2598//2927 
f 2598//2927 3574//2927 3567//2926 
o mesh197
f 3566//2928 3567//2929 3575//2929 
f 3565//2930 3566//2928 3576//2931 
f 3564//2932 3565//2930 3577//2933 
f 3563//2934 3564//2932 3578//2935 
f 3562//2936 3563//2934 3579//2937 
f 3561//2938 3562//2936 3580//2939 
f 3560//2940 3561//2938 3581//2941 
f 3559//2942 3560//2940 3582//2943 
f 3558//2944 3559//2942 3583//2945 
f 3557//2946 3558//2944 3584//2947 
f 3556//2948 3557//2946 3585//2949 
f 3568//2950 3556//2948 3586//2951 
f 3586//2951 3587//2950 3568//2950 
f 3585//2949 3586//2951 3556//2948 
f 3584//2947 3585//2949 3557//2946 
f 3583//2945 3584//2947 3558//2944 
f 3582//2943 3583//2945 3559//2942 
f 3581//2941 3582//2943 3560//2940 
f 3580//2939 3581//2941 3561//2938 
f 3579//2937 3580//2939 3562//2936 
f 3578//2935 3579//2937 3563//2934 
f 3577//2933 3578//2935 3564//2932 
f 3576//2931 3577//2933 3565//2930 
f 3575//2929 3576//2931 3566//2928 
o mesh198
f 3588//2952 3569//2952 3570//2953 
f 3589//2953 3570//2953 3571//2954 
f 3590//2954 3571//2954 3572//2955 
f 3591//2955 3572//2955 3573//2956 
f 3592//2956 3573//2956 3568//2957 
f 3568//2957 3587//2957 3592//2956 
f 3573//2956 3592//2956 3591//2955 
f 3572//2955 3591//2955 3590//2954 
f 3571//2954 3590//2954 3589//2953 
f 3570//2953 3589//2953 3588//2952 
o mesh199
f 2623//2958 2622//2959 3593//2959 
f 2622//2959 2619//2960 3594//2960 
f 2619//2960 2620//2961 3595//2961 
f 2620//2961 2617//2962 3596//2962 
f 2617//2962 2614//2963 3597//2963 
f 2614//2963 2624//2964 3598//2964 
f 2624//2964 2621//2965 3569//2965 
f 3569//2965 3598//2964 2624//2964 
f 3598//2964 3597//2963 2614//2963 
f 3597//2963 3596//2962 2617//2962 
f 3596//2962 3595//2961 2620//2961 
f 3595//2961 3594//2960 2619//2960 
f 3594//2960 3593//2959 2622//2959 
f 3593//2959 3599//2966 2623//2958 
o mesh200
f 3575//2967 3567//2967 3574//2968 
f 3574//2968 3600//2968 3575//2967 
o mesh201
f 2598//2969 2600//2970 3601//2970 
f 2600//2970 2587//2971 3602//2971 
f 2587//2971 2586//2972 3603//2972 
f 2586//2972 2591//2973 3604//2973 
f 2591//2973 2593//2974 3605//2974 
f 2593//2974 2592//2975 3606//2975 
f 2592//2975 2589//2976 3607//2976 
f 2589//2976 2588//2977 3608//2977 
f 2588//2977 2594//2978 3609//2978 
f 2594//2978 2590//2979 3610//2979 
f 2590//2979 2584//2980 3611//2980 
f 2584//2980 2583//2981 3612//2981 
f 2583//2981 2585//2982 3613//2982 
f 2585//2982 2595//2983 3614//2983 
f 2595//2983 2597//2984 3615//2984 
f 2597//2984 2596//2985 3616//2985 
f 3616//2985 3615//2984 2597//2984 
f 3615//2984 3614//2983 2595//2983 
f 3614//2983 3613//2982 2585//2982 
f 3613//2982 3612//2981 2583//2981 
f 3612//2981 3611//2980 2584//2980 
f 3611//2980 3610//2979 2590//2979 
f 3610//2979 3609//2978 2594//2978 
f 3609//2978 3608//2977 2588//2977 
f 3608//2977 3607//2976 2589//2976 
f 3607//2976 3606//2975 2592//2975 
f 3606//2975 3605//2974 2593//2974 
f 3605//2974 3604//2973 2591//2973 
f 3604//2973 3603//2972 2586//2972 
f 3603//2972 3602//2971 2587//2971 
f 3602//2971 3601//2970 2600//2970 
f 3601//2970 3574//2986 2598//2969 
o mesh202
f 3617//2987 3618//2988 3599//2988 
f 3619//2989 3617//2987 3593//2990 
f 3620//2991 3619//2989 3594//2992 
f 3621//2993 3620//2991 3595//2994 
f 3622//2995 3621//2993 3596//2996 
f 3623//2997 3622//2995 3597//2998 
f 3588//2999 3623//2997 3598//3000 
f 3598//3000 3569//2999 3588//2999 
f 3597//2998 3598//3000 3623//2997 
f 3596//2996 3597//2998 3622//2995 
f 3595//2994 3596//2996 3621//2993 
f 3594//2992 3595//2994 3620//2991 
f 3593//2990 3594//2992 3619//2989 
f 3599//2988 3593//2990 3617//2987 
o mesh203
f 3599//3001 3624//3001 2164//3001 
f 2164//3001 2625//3001 3599//3001 
f 3624//3001 2567//3001 2164//3001 
f 2625//3001 2623//3001 3599//3001 
o mesh204
f 3618//3002 3625//3002 3624//3002 
f 3624//3002 3599//3002 3618//3002 
o mesh205
f 2573//3003 2572//3004 3626//3004 
f 2572//3004 2559//3005 3627//3005 
f 2559//3005 2558//3006 3628//3006 
f 2558//3006 2564//3007 3629//3007 
f 2564//3007 2566//3008 3630//3008 
f 2566//3008 2565//3009 3631//3009 
f 2565//3009 2567//3010 3624//3010 
f 3624//3010 3631//3009 2565//3009 
f 3631//3009 3630//3008 2566//3008 
f 3630//3008 3629//3007 2564//3007 
f 3629//3007 3628//3006 2558//3006 
f 3628//3006 3627//3005 2559//3005 
f 3627//3005 3626//3004 2572//3004 
f 3626//3004 3632//3011 2573//3003 
o mesh206
f 3633//3012 3634//3013 3632//3013 
f 3635//3014 3633//3012 3626//3015 
f 3636//3016 3635//3014 3627//3017 
f 3637//3018 3636//3016 3628//3019 
f 3638//3020 3637//3018 3629//3021 
f 3639//3022 3638//3020 3630//3023 
f 3625//3024 3639//3022 3631//3025 
f 3631//3025 3624//3024 3625//3024 
f 3630//3023 3631//3025 3639//3022 
f 3629//3021 3630//3023 3638//3020 
f 3628//3019 3629//3021 3637//3018 
f 3627//3017 3628//3019 3636//3016 
f 3626//3015 3627//3017 3635//3014 
f 3632//3013 3626//3015 3633//3012 
o mesh207
f 3640//3026 2579//3026 2571//3027 
f 3641//3027 2571//3027 2563//3028 
f 3642//3028 2563//3028 2553//3029 
f 3643//3029 2553//3029 2568//3030 
f 3644//3030 2568//3030 2573//3031 
f 2573//3031 3632//3031 3644//3030 
f 2568//3030 3644//3030 3643//3029 
f 2553//3029 3643//3029 3642//3028 
f 2563//3028 3642//3028 3641//3027 
f 2571//3027 3641//3027 3640//3026 
o mesh208
f 3645//3032 3640//3032 3641//3033 
f 3646//3033 3641//3033 3642//3034 
f 3647//3034 3642//3034 3643//3035 
f 3648//3035 3643//3035 3644//3036 
f 3649//3036 3644//3036 3632//3037 
f 3632//3037 3634//3037 3649//3036 
f 3644//3036 3649//3036 3648//3035 
f 3643//3035 3648//3035 3647//3034 
f 3642//3034 3647//3034 3646//3033 
f 3641//3033 3646//3033 3645//3032 
o mesh209
f 2547//3038 2552//3039 3650//3039 
f 2552//3039 2580//3040 3651//3040 
f 2580//3040 2575//3041 3652//3041 
f 2575//3041 2574//3042 3653//3042 
f 2574//3042 2577//3043 3654//3043 
f 2577//3043 2576//3044 3655//3044 
f 2576//3044 2582//3045 3656//3045 
f 2582//3045 2581//3046 3657//3046 
f 2581//3046 2578//3047 3658//3047 
f 2578//3047 2562//3048 3659//3048 
f 2562//3048 2570//3049 3660//3049 
f 2570//3049 2579//3050 3640//3050 
f 3640//3050 3660//3049 2570//3049 
f 3660//3049 3659//3048 2562//3048 
f 3659//3048 3658//3047 2578//3047 
f 3658//3047 3657//3046 2581//3046 
f 3657//3046 3656//3045 2582//3045 
f 3656//3045 3655//3044 2576//3044 
f 3655//3044 3654//3043 2577//3043 
f 3654//3043 3653//3042 2574//3042 
f 3653//3042 3652//3041 2575//3041 
f 3652//3041 3651//3040 2580//3040 
f 3651//3040 3650//3039 2552//3039 
f 3650//3039 3661//3051 2547//3038 
o mesh210
f 3660//3052 3640//3053 3645//3053 
f 3659//3054 3660//3052 3662//3055 
f 3658//3056 3659//3054 3663//3057 
f 3657//3058 3658//3056 3664//3059 
f 3656//3060 3657//3058 3665//3061 
f 3655//3062 3656//3060 3666//3063 
f 3654//3064 3655//3062 3667//3065 
f 3653//3066 3654//3064 3668//3067 
f 3652//3068 3653//3066 3669//3069 
f 3651//3070 3652//3068 3670//3071 
f 3650//3072 3651//3070 3671//3073 
f 3661//3074 3650//3072 3672//3075 
f 3672//3075 3673//3074 3661//3074 
f 3671//3073 3672//3075 3650//3072 
f 3670//3071 3671//3073 3651//3070 
f 3669//3069 3670//3071 3652//3068 
f 3668//3067 3669//3069 3653//3066 
f 3667//3065 3668//3067 3654//3064 
f 3666//3063 3667//3065 3655//3062 
f 3665//3061 3666//3063 3656//3060 
f 3664//3059 3665//3061 3657//3058 
f 3663//3057 3664//3059 3658//3056 
f 3662//3055 3663//3057 3659//3054 
f 3645//3053 3662//3055 3660//3052 
o mesh211
f 3674//3076 2543//3076 2547//3077 
f 2547//3077 3661//3077 3674//3076 
o mesh212
f 3675//3078 3674//3078 3661//3079 
f 3661//3079 3673//3079 3675//3078 
o mesh213
f 2560//3080 2569//3081 3676//3081 
f 2569//3081 2561//3082 3677//3082 
f 2561//3082 2541//3083 3678//3083 
f 2541//3083 2542//3084 3679//3084 
f 2542//3084 2554//3085 3680//3085 
f 2554//3085 2556//3086 3681//3086 
f 2556//3086 2555//3087 3682//3087 
f 2555//3087 2557//3088 3683//3088 
f 2557//3088 2549//3089 3684//3089 
f 2549//3089 2548//3090 3685//3090 
f 2548//3090 2550//3091 3686//3091 
f 2550//3091 2546//3092 3687//3092 
f 2546//3092 2545//3093 3688//3093 
f 2545//3093 2551//3094 3689//3094 
f 2551//3094 2544//3095 3690//3095 
f 2544//3095 2543//3096 3674//3096 
f 3674//3096 3690//3095 2544//3095 
f 3690//3095 3689//3094 2551//3094 
f 3689//3094 3688//3093 2545//3093 
f 3688//3093 3687//3092 2546//3092 
f 3687//3092 3686//3091 2550//3091 
f 3686//3091 3685//3090 2548//3090 
f 3685//3090 3684//3089 2549//3089 
f 3684//3089 3683//3088 2557//3088 
f 3683//3088 3682//3087 2555//3087 
f 3682//3087 3681//3086 2556//3086 
f 3681//3086 3680//3085 2554//3085 
f 3680//3085 3679//3084 2542//3084 
f 3679//3084 3678//3083 2541//3083 
f 3678//3083 3677//3082 2561//3082 
f 3677//3082 3676//3081 2569//3081 
f 3676//3081 3691//3097 2560//3080 
o mesh214
f 3634//3098 3636//3098 3637//3098 
f 3636//3098 3634//3098 3633//3098 
f 3617//3098 3619//3098 3620//3098 
f 3633//3098 3635//3098 3636//3098 
f 3692//3098 3693//3098 3694//3098 
f 3618//3098 3621//3098 3622//3098 
f 3621//3098 3618//3098 3617//3098 
f 3637//3098 3638//3098 3634//3098 
f 3600//3098 3695//3098 3696//3098 
f 3692//3098 3697//3098 3693//3098 
f 3695//3098 3698//3098 3699//3098 
f 3700//3098 3577//3098 3576//3098 
f 3700//3098 3581//3098 3580//3098 
f 3700//3098 3583//3098 3582//3098 
f 3700//3098 3587//3098 3586//3098 
f 3620//3098 3621//3098 3617//3098 
f 3634//3098 3625//3098 3618//3098 
f 3638//3098 3639//3098 3634//3098 
f 3600//3098 3701//3098 3702//3098 
f 3696//3098 3703//3098 3600//3098 
f 3699//3098 3692//3098 3695//3098 
f 3700//3098 3578//3098 3577//3098 
f 3580//3098 3579//3098 3700//3098 
f 3700//3098 3584//3098 3583//3098 
f 3586//3098 3585//3098 3700//3098 
f 3622//3098 3623//3098 3618//3098 
f 3639//3098 3625//3098 3634//3098 
f 3704//3098 3673//3098 3672//3098 
f 3600//3098 3705//3098 3706//3098 
f 3600//3098 3707//3098 3708//3098 
f 3703//3098 3701//3098 3600//3098 
f 3695//3098 3600//3098 3698//3098 
f 3579//3098 3578//3098 3700//3098 
f 3585//3098 3584//3098 3700//3098 
f 3618//3098 3588//3098 3634//3098 
f 3704//3098 3666//3098 3665//3098 
f 3704//3098 3668//3098 3667//3098 
f 3704//3098 3670//3098 3669//3098 
f 3672//3098 3671//3098 3704//3098 
f 3709//3098 3710//3098 3711//3098 
f 3712//3098 3709//3098 3713//3098 
f 3675//3098 3714//3098 3715//3098 
f 3708//3098 3705//3098 3600//3098 
f 3694//3098 3695//3098 3692//3098 
f 3582//3098 3581//3098 3700//3098 
f 3700//3098 3649//3098 3589//3098 
f 3623//3098 3588//3098 3618//3098 
f 3704//3098 3664//3098 3663//3098 
f 3667//3098 3666//3098 3704//3098 
f 3671//3098 3670//3098 3704//3098 
f 3709//3098 3712//3098 3710//3098 
f 3713//3098 3716//3098 3712//3098 
f 3675//3098 3717//3098 3718//3098 
f 3715//3098 3719//3098 3675//3098 
f 3675//3098 3720//3098 3721//3098 
f 3702//3098 3707//3098 3600//3098 
f 3576//3098 3575//3098 3700//3098 
f 3589//3098 3590//3098 3700//3098 
f 3589//3098 3649//3098 3634//3098 
f 3663//3098 3662//3098 3704//3098 
f 3669//3098 3668//3098 3704//3098 
f 3716//3098 3722//3098 3712//3098 
f 3719//3098 3717//3098 3675//3098 
f 3721//3098 3723//3098 3675//3098 
f 3575//3098 3600//3098 3700//3098 
f 3588//3098 3589//3098 3634//3098 
f 3665//3098 3664//3098 3704//3098 
f 3718//3098 3709//3098 3675//3098 
f 3675//3098 3704//3098 3720//3098 
f 3700//3098 3592//3098 3587//3098 
f 3590//3098 3591//3098 3700//3098 
f 3704//3098 3648//3098 3649//3098 
f 3704//3098 3646//3098 3647//3098 
f 3704//3098 3675//3098 3673//3098 
f 3723//3098 3714//3098 3675//3098 
f 3591//3098 3592//3098 3700//3098 
f 3647//3098 3648//3098 3704//3098 
f 3711//3098 3675//3098 3709//3098 
f 3649//3098 3700//3098 3704//3098 
f 3662//3098 3645//3098 3704//3098 
f 3645//3098 3646//3098 3704//3098 
f 3706//3098 3700//3098 3600//3098 
o mesh215
f 3704//3099 3700//3099 3616//3099 
f 3616//3099 3691//3099 3704//3099 
o mesh216
f 3698//3100 3600//3101 3574//3101 
f 3699//3102 3698//3100 3601//3103 
f 3692//3104 3699//3102 3602//3105 
f 3697//3106 3692//3104 3603//3107 
f 3693//3108 3697//3106 3604//3109 
f 3694//3110 3693//3108 3605//3111 
f 3695//3112 3694//3110 3606//3113 
f 3696//3114 3695//3112 3607//3115 
f 3703//3116 3696//3114 3608//3117 
f 3701//3118 3703//3116 3609//3119 
f 3702//3120 3701//3118 3610//3121 
f 3707//3122 3702//3120 3611//3123 
f 3708//3124 3707//3122 3612//3125 
f 3705//3126 3708//3124 3613//3127 
f 3706//3128 3705//3126 3614//3129 
f 3700//3130 3706//3128 3615//3131 
f 3615//3131 3616//3130 3700//3130 
f 3614//3129 3615//3131 3706//3128 
f 3613//3127 3614//3129 3705//3126 
f 3612//3125 3613//3127 3708//3124 
f 3611//3123 3612//3125 3707//3122 
f 3610//3121 3611//3123 3702//3120 
f 3609//3119 3610//3121 3701//3118 
f 3608//3117 3609//3119 3703//3116 
f 3607//3115 3608//3117 3696//3114 
f 3606//3113 3607//3115 3695//3112 
f 3605//3111 3606//3113 3694//3110 
f 3604//3109 3605//3111 3693//3108 
f 3603//3107 3604//3109 3697//3106 
f 3602//3105 3603//3107 3692//3104 
f 3601//3103 3602//3105 3699//3102 
f 3574//3101 3601//3103 3698//3100 
o mesh217
f 3720//3132 3704//3133 3691//3133 
f 3721//3134 3720//3132 3676//3135 
f 3723//3136 3721//3134 3677//3137 
f 3714//3138 3723//3136 3678//3139 
f 3715//3140 3714//3138 3679//3141 
f 3719//3142 3715//3140 3680//3143 
f 3717//3144 3719//3142 3681//3145 
f 3718//3146 3717//3144 3682//3147 
f 3709//3148 3718//3146 3683//3149 
f 3713//3150 3709//3148 3684//3151 
f 3716//3152 3713//3150 3685//3153 
f 3722//3154 3716//3152 3686//3155 
f 3712//3156 3722//3154 3687//3157 
f 3710//3158 3712//3156 3688//3159 
f 3711//3160 3710//3158 3689//3161 
f 3675//3162 3711//3160 3690//3163 
f 3690//3163 3674//3162 3675//3162 
f 3689//3161 3690//3163 3711//3160 
f 3688//3159 3689//3161 3710//3158 
f 3687//3157 3688//3159 3712//3156 
f 3686//3155 3687//3157 3722//3154 
f 3685//3153 3686//3155 3716//3152 
f 3684//3151 3685//3153 3713//3150 
f 3683//3149 3684//3151 3709//3148 
f 3682//3147 3683//3149 3718//3146 
f 3681//3145 3682//3147 3717//3144 
f 3680//3143 3681//3145 3719//3142 
f 3679//3141 3680//3143 3715//3140 
f 3678//3139 3679//3141 3714//3138 
f 3677//3137 3678//3139 3723//3136 
f 3676//3135 3677//3137 3721//3134 
f 3691//3133 3676//3135 3720//3132 
o mesh218
f 3691//3164 3616//3164 2166//3164 
f 2166//3164 2165//3164 3691//3164 
f 3616//3164 2596//3164 2166//3164 
f 2165//3164 2560//3164 3691//3164 
o mesh219
f 3724//3165 2387//3165 2391//3165 
f 2391//3165 3725//3165 3724//3165 
o mesh220
f 2431//3166 2446//3167 3726//3167 
f 2446//3167 2448//3168 3727//3168 
f 2448//3168 2447//3169 3728//3169 
f 2447//3169 2449//3170 3729//3170 
f 2449//3170 2434//3171 3730//3171 
f 2434//3171 2433//3172 3731//3172 
f 2433//3172 2458//3173 3732//3173 
f 2458//3173 2451//3174 3733//3174 
f 2451//3174 2450//3175 3734//3175 
f 2450//3175 2453//3176 3735//3176 
f 2453//3176 2455//3177 3736//3177 
f 2455//3177 2454//3178 3737//3178 
f 2454//3178 2460//3179 3738//3179 
f 2460//3179 2459//3180 3739//3180 
f 2459//3180 2461//3181 3740//3181 
f 2461//3181 2419//3182 3741//3182 
f 2419//3182 2420//3183 3742//3183 
f 2420//3183 2435//3184 3743//3184 
f 2435//3184 2436//3185 3744//3185 
f 2436//3185 2422//3186 3745//3186 
f 2422//3186 2421//3187 3746//3187 
f 2421//3187 2387//3188 3724//3188 
f 3724//3188 3746//3187 2421//3187 
f 3746//3187 3745//3186 2422//3186 
f 3745//3186 3744//3185 2436//3185 
f 3744//3185 3743//3184 2435//3184 
f 3743//3184 3742//3183 2420//3183 
f 3742//3183 3741//3182 2419//3182 
f 3741//3182 3740//3181 2461//3181 
f 3740//3181 3739//3180 2459//3180 
f 3739//3180 3738//3179 2460//3179 
f 3738//3179 3737//3178 2454//3178 
f 3737//3178 3736//3177 2455//3177 
f 3736//3177 3735//3176 2453//3176 
f 3735//3176 3734//3175 2450//3175 
f 3734//3175 3733//3174 2451//3174 
f 3733//3174 3732//3173 2458//3173 
f 3732//3173 3731//3172 2433//3172 
f 3731//3172 3730//3171 2434//3171 
f 3730//3171 3729//3170 2449//3170 
f 3729//3170 3728//3169 2447//3169 
f 3728//3169 3727//3168 2448//3168 
f 3727//3168 3726//3167 2446//3167 
f 3726//3167 3747//3189 2431//3166 
o mesh221
f 2391//3188 2390//3190 3748//3190 
f 2390//3190 2404//3191 3749//3191 
f 2404//3191 2414//3192 3750//3192 
f 2414//3192 2406//3193 3751//3193 
f 2406//3193 2405//3194 3752//3194 
f 2405//3194 2397//3195 3753//3195 
f 2397//3195 2396//3196 3754//3196 
f 2396//3196 2394//3197 3755//3197 
f 2394//3197 2393//3198 3756//3198 
f 2393//3198 2417//3199 3757//3199 
f 2417//3199 2415//3200 3758//3200 
f 2415//3200 2398//3201 3759//3201 
f 3759//3201 3758//3200 2415//3200 
f 3758//3200 3757//3199 2417//3199 
f 3757//3199 3756//3198 2393//3198 
f 3756//3198 3755//3197 2394//3197 
f 3755//3197 3754//3196 2396//3196 
f 3754//3196 3753//3195 2397//3195 
f 3753//3195 3752//3194 2405//3194 
f 3752//3194 3751//3193 2406//3193 
f 3751//3193 3750//3192 2414//3192 
f 3750//3192 3749//3191 2404//3191 
f 3749//3191 3748//3190 2390//3190 
f 3748//3190 3725//3202 2391//3188 
o mesh222
f 3760//3203 3761//3203 3724//3203 
f 3724//3203 3725//3203 3760//3203 
o mesh223
f 3762//3204 3763//3205 3747//3205 
f 3764//3206 3762//3204 3726//3207 
f 3765//3208 3764//3206 3727//3209 
f 3766//3210 3765//3208 3728//3211 
f 3767//3212 3766//3210 3729//3213 
f 3768//3214 3767//3212 3730//3215 
f 3769//3216 3768//3214 3731//3217 
f 3770//3218 3769//3216 3732//3219 
f 3771//3220 3770//3218 3733//3221 
f 3772//3222 3771//3220 3734//3223 
f 3773//3224 3772//3222 3735//3225 
f 3774//3226 3773//3224 3736//3227 
f 3775//3228 3774//3226 3737//3229 
f 3776//3230 3775//3228 3738//3231 
f 3777//3232 3776//3230 3739//3233 
f 3778//3234 3777//3232 3740//3235 
f 3779//3236 3778//3234 3741//3237 
f 3780//3238 3779//3236 3742//3239 
f 3781//3240 3780//3238 3743//3241 
f 3782//3242 3781//3240 3744//3243 
f 3783//3244 3782//3242 3745//3245 
f 3761//3246 3783//3244 3746//3247 
f 3746//3247 3724//3246 3761//3246 
f 3745//3245 3746//3247 3783//3244 
f 3744//3243 3745//3245 3782//3242 
f 3743//3241 3744//3243 3781//3240 
f 3742//3239 3743//3241 3780//3238 
f 3741//3237 3742//3239 3779//3236 
f 3740//3235 3741//3237 3778//3234 
f 3739//3233 3740//3235 3777//3232 
f 3738//3231 3739//3233 3776//3230 
f 3737//3229 3738//3231 3775//3228 
f 3736//3227 3737//3229 3774//3226 
f 3735//3225 3736//3227 3773//3224 
f 3734//3223 3735//3225 3772//3222 
f 3733//3221 3734//3223 3771//3220 
f 3732//3219 3733//3221 3770//3218 
f 3731//3217 3732//3219 3769//3216 
f 3730//3215 3731//3217 3768//3214 
f 3729//3213 3730//3215 3767//3212 
f 3728//3211 3729//3213 3766//3210 
f 3727//3209 3728//3211 3765//3208 
f 3726//3207 3727//3209 3764//3206 
f 3747//3205 3726//3207 3762//3204 
o mesh224
f 3747//3248 3784//3248 2432//3248 
f 2432//3248 2431//3248 3747//3248 
o mesh225
f 3763//3249 3785//3249 3784//3249 
f 3784//3249 3747//3249 3763//3249 
o mesh226
f 2402//3250 2416//3251 3786//3251 
f 2416//3251 2423//3252 3787//3252 
f 2423//3252 2437//3253 3788//3253 
f 2437//3253 2438//3254 3789//3254 
f 2438//3254 2425//3255 3790//3255 
f 2425//3255 2424//3256 3791//3256 
f 2424//3256 2426//3257 3792//3257 
f 2426//3257 2428//3258 3793//3258 
f 2428//3258 2427//3259 3794//3259 
f 2427//3259 2440//3260 3795//3260 
f 2440//3260 2439//3261 3796//3261 
f 2439//3261 2442//3262 3797//3262 
f 2442//3262 2441//3263 3798//3263 
f 2441//3263 2443//3264 3799//3264 
f 2443//3264 2430//3265 3800//3265 
f 2430//3265 2429//3266 3801//3266 
f 2429//3266 2457//3267 3802//3267 
f 2457//3267 2456//3268 3803//3268 
f 2456//3268 2445//3269 3804//3269 
f 2445//3269 2444//3270 3805//3270 
f 2444//3270 2452//3271 3806//3271 
f 2452//3271 2432//3272 3784//3272 
f 3784//3272 3806//3271 2452//3271 
f 3806//3271 3805//3270 2444//3270 
f 3805//3270 3804//3269 2445//3269 
f 3804//3269 3803//3268 2456//3268 
f 3803//3268 3802//3267 2457//3267 
f 3802//3267 3801//3266 2429//3266 
f 3801//3266 3800//3265 2430//3265 
f 3800//3265 3799//3264 2443//3264 
f 3799//3264 3798//3263 2441//3263 
f 3798//3263 3797//3262 2442//3262 
f 3797//3262 3796//3261 2439//3261 
f 3796//3261 3795//3260 2440//3260 
f 3795//3260 3794//3259 2427//3259 
f 3794//3259 3793//3258 2428//3258 
f 3793//3258 3792//3257 2426//3257 
f 3792//3257 3791//3256 2424//3256 
f 3791//3256 3790//3255 2425//3255 
f 3790//3255 3789//3254 2438//3254 
f 3789//3254 3788//3253 2437//3253 
f 3788//3253 3787//3252 2423//3252 
f 3787//3252 3786//3251 2416//3251 
f 3786//3251 3807//3273 2402//3250 
o mesh227
f 3806//3274 3784//3275 3785//3275 
f 3805//3276 3806//3274 3808//3277 
f 3804//3278 3805//3276 3809//3279 
f 3803//3280 3804//3278 3810//3281 
f 3802//3282 3803//3280 3811//3283 
f 3801//3284 3802//3282 3812//3285 
f 3800//3286 3801//3284 3813//3287 
f 3799//3288 3800//3286 3814//3289 
f 3798//3290 3799//3288 3815//3291 
f 3797//3292 3798//3290 3816//3293 
f 3796//3294 3797//3292 3817//3295 
f 3795//3296 3796//3294 3818//3297 
f 3794//3298 3795//3296 3819//3299 
f 3793//3300 3794//3298 3820//3301 
f 3792//3302 3793//3300 3821//3303 
f 3791//3304 3792//3302 3822//3305 
f 3790//3306 3791//3304 3823//3307 
f 3789//3308 3790//3306 3824//3309 
f 3788//3310 3789//3308 3825//3311 
f 3787//3312 3788//3310 3826//3313 
f 3786//3314 3787//3312 3827//3315 
f 3807//3316 3786//3314 3828//3317 
f 3828//3317 3829//3316 3807//3316 
f 3827//3315 3828//3317 3786//3314 
f 3826//3313 3827//3315 3787//3312 
f 3825//3311 3826//3313 3788//3310 
f 3824//3309 3825//3311 3789//3308 
f 3823//3307 3824//3309 3790//3306 
f 3822//3305 3823//3307 3791//3304 
f 3821//3303 3822//3305 3792//3302 
f 3820//3301 3821//3303 3793//3300 
f 3819//3299 3820//3301 3794//3298 
f 3818//3297 3819//3299 3795//3296 
f 3817//3295 3818//3297 3796//3294 
f 3816//3293 3817//3295 3797//3292 
f 3815//3291 3816//3293 3798//3290 
f 3814//3289 3815//3291 3799//3288 
f 3813//3287 3814//3289 3800//3286 
f 3812//3285 3813//3287 3801//3284 
f 3811//3283 3812//3285 3802//3282 
f 3810//3281 3811//3283 3803//3280 
f 3809//3279 3810//3281 3804//3278 
f 3808//3277 3809//3279 3805//3276 
f 3785//3275 3808//3277 3806//3274 
o mesh228
f 2403//3318 2402//3318 3807//3318 
f 3807//3318 3830//3318 2403//3318 
o mesh229
f 3831//3319 3830//3319 3807//3319 
f 3807//3319 3829//3319 3831//3319 
o mesh230
f 2389//3320 2392//3321 3832//3321 
f 2392//3321 2408//3322 3833//3322 
f 2408//3322 2407//3323 3834//3323 
f 2407//3323 2399//3324 3835//3324 
f 2399//3324 2401//3325 3836//3325 
f 2401//3325 2400//3326 3837//3326 
f 2400//3326 2410//3327 3838//3327 
f 2410//3327 2409//3328 3839//3328 
f 2409//3328 2412//3329 3840//3329 
f 2412//3329 2411//3330 3841//3330 
f 2411//3330 2418//3331 3842//3331 
f 2418//3331 2403//3332 3830//3332 
f 3830//3332 3842//3331 2418//3331 
f 3842//3331 3841//3330 2411//3330 
f 3841//3330 3840//3329 2412//3329 
f 3840//3329 3839//3328 2409//3328 
f 3839//3328 3838//3327 2410//3327 
f 3838//3327 3837//3326 2400//3326 
f 3837//3326 3836//3325 2401//3325 
f 3836//3325 3835//3324 2399//3324 
f 3835//3324 3834//3323 2407//3323 
f 3834//3323 3833//3322 2408//3322 
f 3833//3322 3832//3321 2392//3321 
f 3832//3321 3843//3333 2389//3320 
o mesh231
f 3827//3334 3823//3334 3822//3334 
f 3827//3334 3819//3334 3818//3334 
f 3827//3334 3824//3334 3823//3334 
f 3827//3334 3826//3334 3825//3334 
f 3777//3334 3780//3334 3781//3334 
f 3780//3334 3777//3334 3778//3334 
f 3782//3334 3773//3334 3774//3334 
f 3782//3334 3769//3334 3770//3334 
f 3761//3334 3762//3334 3764//3334 
f 3818//3334 3817//3334 3827//3334 
f 3825//3334 3824//3334 3827//3334 
f 3778//3334 3779//3334 3780//3334 
f 3782//3334 3775//3334 3776//3334 
f 3782//3334 3772//3334 3773//3334 
f 3770//3334 3771//3334 3782//3334 
f 3764//3334 3765//3334 3761//3334 
f 3827//3334 3814//3334 3813//3334 
f 3827//3334 3816//3334 3815//3334 
f 3827//3334 3820//3334 3819//3334 
f 3822//3334 3821//3334 3827//3334 
f 3844//3334 3845//3334 3846//3334 
f 3776//3334 3777//3334 3782//3334 
f 3771//3334 3772//3334 3782//3334 
f 3761//3334 3767//3334 3768//3334 
f 3765//3334 3766//3334 3761//3334 
f 3815//3334 3814//3334 3827//3334 
f 3821//3334 3820//3334 3827//3334 
f 3847//3334 3848//3334 3849//3334 
f 3848//3334 3847//3334 3844//3334 
f 3850//3334 3851//3334 3852//3334 
f 3769//3334 3782//3334 3783//3334 
f 3774//3334 3775//3334 3782//3334 
f 3766//3334 3767//3334 3761//3334 
f 3827//3334 3809//3334 3808//3334 
f 3827//3334 3812//3334 3811//3334 
f 3817//3334 3816//3334 3827//3334 
f 3846//3334 3848//3334 3844//3334 
f 3850//3334 3853//3334 3854//3334 
f 3850//3334 3855//3334 3851//3334 
f 3781//3334 3782//3334 3777//3334 
f 3761//3334 3763//3334 3762//3334 
f 3827//3334 3810//3334 3809//3334 
f 3813//3334 3812//3334 3827//3334 
f 3856//3334 3857//3334 3858//3334 
f 3859//3334 3860//3334 3861//3334 
f 3860//3334 3859//3334 3862//3334 
f 3854//3334 3847//3334 3850//3334 
f 3850//3334 3760//3334 3855//3334 
f 3763//3334 3761//3334 3760//3334 
f 3768//3334 3769//3334 3761//3334 
f 3811//3334 3810//3334 3827//3334 
f 3785//3334 3829//3334 3828//3334 
f 3856//3334 3863//3334 3864//3334 
f 3856//3334 3865//3334 3857//3334 
f 3862//3334 3866//3334 3860//3334 
f 3865//3334 3856//3334 3867//3334 
f 3785//3334 3763//3334 3868//3334 
f 3852//3334 3853//3334 3850//3334 
f 3783//3334 3761//3334 3769//3334 
f 3828//3334 3827//3334 3785//3334 
f 3785//3334 3856//3334 3831//3334 
f 3858//3334 3863//3334 3856//3334 
f 3867//3334 3859//3334 3865//3334 
f 3868//3334 3869//3334 3785//3334 
f 3763//3334 3870//3334 3871//3334 
f 3760//3334 3850//3334 3763//3334 
f 3831//3334 3829//3334 3785//3334 
f 3861//3334 3865//3334 3859//3334 
f 3871//3334 3868//3334 3763//3334 
f 3849//3334 3850//3334 3847//3334 
f 3864//3334 3831//3334 3856//3334 
f 3869//3334 3872//3334 3785//3334 
f 3850//3334 3873//3334 3763//3334 
f 3785//3334 3874//3334 3856//3334 
f 3873//3334 3870//3334 3763//3334 
f 3872//3334 3874//3334 3785//3334 
f 3808//3334 3785//3334 3827//3334 
o mesh232
f 3850//3335 3759//3335 3875//3336 
f 3873//3336 3875//3336 3876//3337 
f 3870//3337 3876//3337 3877//3338 
f 3871//3338 3877//3338 3878//3339 
f 3868//3339 3878//3339 3879//3340 
f 3869//3340 3879//3340 3880//3341 
f 3872//3341 3880//3341 3881//3342 
f 3874//3342 3881//3342 3843//3343 
f 3843//3343 3856//3343 3874//3342 
f 3881//3342 3874//3342 3872//3341 
f 3880//3341 3872//3341 3869//3340 
f 3879//3340 3869//3340 3868//3339 
f 3878//3339 3868//3339 3871//3338 
f 3877//3338 3871//3338 3870//3337 
f 3876//3337 3870//3337 3873//3336 
f 3875//3336 3873//3336 3850//3335 
o mesh233
f 3867//3344 3856//3343 3843//3343 
f 3859//3345 3867//3344 3832//3344 
f 3862//3346 3859//3345 3833//3345 
f 3866//3347 3862//3346 3834//3346 
f 3860//3348 3866//3347 3835//3347 
f 3861//3349 3860//3348 3836//3348 
f 3865//3350 3861//3349 3837//3349 
f 3857//3351 3865//3350 3838//3350 
f 3858//3352 3857//3351 3839//3351 
f 3863//3353 3858//3352 3840//3352 
f 3864//3354 3863//3353 3841//3353 
f 3831//3355 3864//3354 3842//3354 
f 3842//3354 3830//3355 3831//3355 
f 3841//3353 3842//3354 3864//3354 
f 3840//3352 3841//3353 3863//3353 
f 3839//3351 3840//3352 3858//3352 
f 3838//3350 3839//3351 3857//3351 
f 3837//3349 3838//3350 3865//3350 
f 3836//3348 3837//3349 3861//3349 
f 3835//3347 3836//3348 3860//3348 
f 3834//3346 3835//3347 3866//3347 
f 3833//3345 3834//3346 3862//3346 
f 3832//3344 3833//3345 3859//3345 
f 3843//3343 3832//3344 3867//3344 
o mesh234
f 3855//3356 3760//3357 3725//3357 
f 3851//3358 3855//3356 3748//3359 
f 3852//3360 3851//3358 3749//3361 
f 3853//3362 3852//3360 3750//3363 
f 3854//3364 3853//3362 3751//3365 
f 3847//3366 3854//3364 3752//3367 
f 3844//3368 3847//3366 3753//3369 
f 3845//3370 3844//3368 3754//3371 
f 3846//3372 3845//3370 3755//3373 
f 3848//3374 3846//3372 3756//3375 
f 3849//3376 3848//3374 3757//3377 
f 3850//3378 3849//3376 3758//3379 
f 3758//3379 3759//3378 3850//3378 
f 3757//3377 3758//3379 3849//3376 
f 3756//3375 3757//3377 3848//3374 
f 3755//3373 3756//3375 3846//3372 
f 3754//3371 3755//3373 3845//3370 
f 3753//3369 3754//3371 3844//3368 
f 3752//3367 3753//3369 3847//3366 
f 3751//3365 3752//3367 3854//3364 
f 3750//3363 3751//3365 3853//3362 
f 3749//3361 3750//3363 3852//3360 
f 3748//3359 3749//3361 3851//3358 
f 3725//3357 3748//3359 3855//3356 
o mesh235
f 3759//3380 2398//3380 2381//3381 
f 3875//3381 2381//3381 2395//3382 
f 3876//3382 2395//3382 2384//3383 
f 3877//3383 2384//3383 2383//3384 
f 3878//3384 2383//3384 2382//3385 
f 3879//3385 2382//3385 2385//3386 
f 3880//3386 2385//3386 2386//3387 
f 3881//3387 2386//3387 2389//3388 
f 2389//3388 3843//3388 3881//3387 
f 2386//3387 3881//3387 3880//3386 
f 2385//3386 3880//3386 3879//3385 
f 2382//3385 3879//3385 3878//3384 
f 2383//3384 3878//3384 3877//3383 
f 2384//3383 3877//3383 3876//3382 
f 2395//3382 3876//3382 3875//3381 
f 2381//3381 3875//3381 3759//3380 
